pmid,title,author,abstract,journal,year,volume,pages,doi,url,risk_category,dataset,label,year_group,true_label,prob,pred_label
31828412,MRI targeted single fraction HDR Brachytherapy for localized Prostate Carcinoma: a feasibility study of focal radiation therapy (ProFocAL),Fischbach F,"OBJECTIVES: The aim of the study was to establish the setup and workflow for delivering focal MRI-guided high-dose-rate (HDR) brachytherapy for prostate cancer (PCA) and to assess patient comfort and safety aspects of MRI-guided single-fraction HDR. METHODS: Patients with histologically proven focal low- to intermediate-risk PCA with a single PIRADS 4/5 lesion were treated with percutaneous interstitial HDR brachytherapy in a single fraction with a minimum dose for the gross tumor volume of 20 Gy while sparing the organ at risk (OAR). Using a 3T-MRI, brachytherapy catheters were placed transgluteal in freehand technique. No antibiotic therapy or general analgesics were administered. Patient data, procedure time, patient discomfort, and complications were recorded. Quarterly PSA controls, biannual follow-up imaging, and annual re-biopsy were planned. RESULTS: So far, 9 patients were successfully treated and followed for 6 months. Mean intervention time was 34 min. Using the VAS scale, the pain reported for the intervention ranged from 2 to 3. Short-term follow-up showed no acute genitourinary or gastrointestinal toxicity so far. None of the patients displayed signs of infection. PSA levels in all patients decreased significantly. On follow up no residual PCA was detected treated region so far. PSA levels in all patients decreased significantly. On follow-up, no residual PCA was detected so far. CONCLUSIONS: MR-guided single-fraction focal HDR brachytherapy for localized PCA is feasible as well as safe for the individual patient. Catheters can be placed accurately and maximum therapeutic dose distribution can be restricted to the tumor. Countersigning the minimally invasive character of the procedure, no general anesthesia or antibiosis is necessary. KEY POINTS: • MR-guided focal HDR brachytherapy allows an accurate placement of catheters with maximum therapeutic dose distribution restricted to the tumor. • No major anesthesia or antibiosis is necessary emphasizing the minimal invasive character of the procedure. • Patients with low- and intermediate-risk prostate carcinoma in particular may benefit to halt disease progression whereas treatment-related morbidity is reduced compared with radical therapy.",Eur Radiol,2020,30.0,2072-2081,doi: 10.1007/s00330-019-06505-0. Epub 2019 Dec 11,https://www.ncbi.nlm.nih.gov/pubmed/31828412,,negative,0,2020.0,0,0.014081397093832493,0
25998747,Influence of pathological factors on oncological outcomes after robot-assisted radical prostatectomy for localized prostate cancer: Results of a prospective study,Kozal S,"PURPOSE: To assess the prognostic significance of lymphovascular invasion (LVI), maximum tumor diameter (MTD), high-grade prostatic intraepithelial neoplasia, perineural invasion, and length of positive surgical margins after robot-assisted radical prostatectomy (RARP). METHODS: A single-institution prospective analysis of all patients who underwent RARP for localized prostate cancer was performed between January 2005 and June 2013. The primary end point was biochemical recurrence-free survival (BRFS). BRFS was estimated using the Kaplan-Meier method and compared to that from the log-rank test. Cox׳s proportional hazards regression univariate and multivariate analyses were performed to define the prognostic factors. RESULTS: Overall, 742 men were included. After a median follow-up of 31.4 months, biochemical recurrence occurred in 80 patients (10.8%). BRFS was 93%, 87%, and 80.7% at 1, 3, and 5 years, respectively. Progression to local recurrence occurred in 49 patients (6.6%). During the follow-up period, 3 patients experienced progression to metastatic disease and were treated with hormonotherapy. No patient died of disease during the study period. In multivariate analyses, Gleason score was the strongest predictor of BRFS (hazard ratio [HR] = 3.4; P<0.001). There were 3 other predictive factors of BRFS were LVI (HR = 7.64; P = 0.005), MTD (HR = 4.04; P =0.009), and margin length ≥ 3 mm (HR = 1.25; P = 0.04). CONCLUSION: In the era of serum prostate-specific antigen testing maturity in conjunction with a single approach to extirpation of the prostate gland by RARP, LVI, MTD, and positive surgical margins ≥ 3 mm are prognostic factors associated with BRFS after RARP. Consideration could be given to incorporate them in the pathology report of the radical prostatectomy specimens and they could assist physicians in clinical decision making.",Urol Oncol,2015,33.0,330,doi: 10.1016/j.urolonc.2015.03.020. Epub 2015 May 18,https://www.ncbi.nlm.nih.gov/pubmed/25998747,,negative,0,2015.0,0,0.01411651261150837,0
22330999,Long-term results of an RTOG Phase II trial (00-19) of external-beam radiation therapy combined with permanent source brachytherapy for intermediate-risk clinically localized adenocarcinoma of the prostate.,Lawton CA,"PURPOSE: External-beam radiation therapy combined with low-doserate permanent brachytherapy are commonly used to treat men with localized prostate cancer. This Phase II trial was performed to document late gastrointestinal or genitourinary toxicity as well as biochemical control for this treatment in a multi-institutional cooperative group setting. This report defines the long-term results of this trial. METHODS AND MATERIALS: All eligible patients received external-beam radiation (45 Gy in 25 fractions) followed 2-6 weeks later by a permanent iodine 125 implant of 108 Gy. Late toxicity was defined by the Radiation Therapy Oncology Group/European Organization for Research and Treatment of Cancer late radiation morbidity scoring scheme. Biochemical control was defined by the American Society for Therapeutic Radiology and Oncology (ASTRO) Consensus definition and the ASTRO Phoenix definition. RESULTS: One hundred thirty-eight patients were enrolled from 20 institutions, and 131 were eligible. Median follow-up (living patients) was 8.2 years (range, 2.7-9.3 years). The 8-year estimate of late grade >3 genitourinary and/or gastrointestinal toxicity was 15%. The most common grade >3 toxicities were urinary frequency, dysuria, and proctitis. There were two grade 4 toxicities, both bladder necrosis, and no grade 5 toxicities. In addition, 42% of patients complained of grade 3 impotence (no erections) at 8 years. The 8-year estimate of biochemical failure was 18% and 21% by the Phoenix and ASTRO consensus definitions, respectively. CONCLUSION: Biochemical control for this treatment seems durable with 8 years of follow-up and is similar to high-dose external beam radiation alone or brachytherapy alone. Late toxicity in this multi-institutional trial is higher than reports from similar cohorts of patients treated with high-dose external-beam radiation alone or permanent low-doserate brachytherapy alone, perhaps suggesting further attention to strategies that limit doses to normal structures or to unimodal radiotherapy techniques.",Int J Radiat Oncol Biol Phys,2012,82.0,e795-801,10.1016/j.ijrobp.2011.11.040,https://www.ncbi.nlm.nih.gov/pubmed/22330999,INTERMEDIATE RISK,positive,1,,1,0.9821856617927551,1
20378156,"Five year biochemical recurrence free survival for intermediate risk prostate cancer after radical prostatectomy, external beam radiation therapy or permanent seed implantation.",Vassil AD,"OBJECTIVE: To compare biochemical recurrence-free survival (bRFS) for patients with intermediate-risk prostate cancer treated by retropubic radical prostatectomy (RRP), laparoscopic radical prostatectomy (LRP), external beam radiation therapy (RT), or permanent seed implantation (PI). METHODS: Patients treated for intermediate-risk prostate cancer per National Comprehensive Cancer Network guidelines from 1996 to 2005 were studied. Variables potentially affecting bRFS were examined using univariate and multivariate Cox regression analysis. Five-year bRFS rates were calculated by actuarial methods; bRFS was calculated using Kaplan-Meier analysis. Nadir +2 definition of biochemical failure was used for RT and PI patients; a PSA ≥ 0.4 ng/mL was used for radical prostatectomy (RP) patients. Time to initiation of salvage therapy was compared for each treatment group using the Kruskal-Wallis test. RESULTS: Nine-hundred seventy-nine patients were analyzed with a median follow-up of 65 months. Five years bRFS rate was 82.8% for all patients (89.5% PI, 85.7% RT, 79.9% RRP, and 60.2% LRP). Patients treated by LRP had significantly worse bRFS than RT (P < .0001), PI (P < .0001), or RRP patients (P = .0038). Treatment modality (P < .0001) and average number of PSA tests per year (P < .0001) were the only independent predictors of bRFS on multivariate analysis. Median time to initiation of salvage therapy from time of treatment was 28.6 months for all patients (26.1 RP, 21.0 LRP, 47.4 PI, 47.8 RT; P < .0001). CONCLUSIONS: Patients with intermediate-risk prostate cancer choosing PI, RT, or RRP appear to have improved 5-year bRFS and delayed salvage therapy compared with LRP.",Urology,2010,76.0,1251-7,10.1016/j.urology.2010.01.010,https://www.ncbi.nlm.nih.gov/pubmed/20378156,INTERMEDIATE RISK,positive,1,,1,0.9821584224700928,1
32044166,Single dose high-dose rate (HDR) brachytherapy (BT) as monotherapy for localised prostate cancer: Early results of a UK national cohort study,Tharmalingam H,"BACKGROUND: HDR brachytherapy alone is effective for the treatment of localised prostate cancer when given in 2-4 or more fractions. Single dose treatment has been explored in small cohort studies to date. This paper reports a large patient population with localised prostate cancer treated with single dose HDR brachytherapy delivering 19 Gy providing early outcome data from this approach. PATIENTS AND METHODS: Seven centres across the UK collaborated in this national protocol to deliver 19 Gy to the PTV defined by the prostate capsule and a 3 mm expansion with clearly defined planning constraints for the urethra and rectum. Entry criteria allowed all risk groups provided PSA ≤40 µg/L and staging investigations were negative for metastases. The primary end point was biochemical relapse free survival (bRFS) defined using the Phoenix definition. Toxicity was measured using CTCAE v4.0. RESULTS: A total of 441 patients were entered with median follow up 26 months (range 2-56). Median age was 73 (range 54-84) and 10% were low risk, 65% intermediate risk and 25% high risk. ADT was received by 37.6% overall and 90% of high risk patients for a median period of 6 months. Three year bRFS was overall 88%: this was 100% in low risk, 86% in intermediate risk and 75% in high risk. Only Gleason score was an independent predictor of bRFS. Relapse in 25 patients was assessed radiologically and occurred in the prostate in 15 of these, 11 of whom had localised prostate relapse only. Acute toxicity was low with no grade 3 or 4 events; there were two cases of late urinary stricture and two grade 3 late rectal events. CONCLUSION: This is the largest cohort of single dose HDR brachytherapy patients treated with a single dose published to date. It shows that with 19 Gy there is 100% bRFS at 3 years in low risk patients but results in intermediate and high risk groups are less encouraging falling to 86% and 75% at 3 years with relapse predominantly in the prostate. Limited by the short follow up period of this study, the long-term outcomes of this single dose HDR approach remains uncertain. It is important to have close ongoing surveillance of this cohort as the data matures.",Radiother Oncol,2020,143.0,95-100,doi: 10.1016/j.radonc.2019.12.017. Epub 2020 Feb 7,https://www.ncbi.nlm.nih.gov/pubmed/32044166,,negative,0,2020.0,0,0.014041084796190262,0
31653563,Survival outcomes of radical prostatectomy vs. external beam radiation therapy in prostate cancer patients with Gleason Score 9-10 at biopsy: A population-based analysis,Knipper S,"PURPOSE: Gleason Score (GS) 9-10 prostate cancer is associated with particularly adverse oncological outcomes and the optimal treatment is unknown. Therefore, cancer-specific mortality (CSM) rates after radical prostatectomy (RP) ± adjuvant radiation therapy (aRT) vs. external beam radiation therapy (EBRT) were tested. METHODS: Within the Surveillance, Epidemiology, and End Results database (2004-2015), 17,897 clinically localized prostate cancer patients with biopsy GS 9-10 were identified who either received RP ± aRT or EBRT. Temporal trends, cumulative incidence plots and multivariable competing-risks regression analyses were used after propensity score matching. Sensitivity analyses were performed according to primary treatment type (RP only vs. EBRT). RESULTS: Of all, 8,890 (49.7%) underwent EBRT vs. 9,007 (50.3%) underwent RP. Of those, 2,584 (28.7%) received aRT. No significant change in treatment assignment was recorded over time. In cumulative incidence smoothed plots, 10 year CSM rates were 19.9% vs. 19.6% (P = 0.3) and 10 year other-cause mortalityrates were 11.5% vs. 31.2%, respectively, in RP vs. EBRT patients (P < 0.001). In multivariable competing-risks regression analyses, RP did not reach independent predictor status of lower CSM (hazard ratio (HR): 0.93, P = 0.2). In sensitivity analyses within RP only vs. EBRT patients, RP represented an independent predictor of lower CSM (HR: 0.76, P < 0.001). CONCLUSIONS: In biopsy GS 9-10 patients, no CSM differences were observed after RP ± aRT vs. EBRT. However, in patients in whom RP did not have to be combined with aRT, RP seems to be associated with a minor improvement in cancer-specific survival compared to EBRT. This applied to the majority of GS 9-10 RP patients.",Urol Oncol,2020,38.0,79,doi: 10.1016/j.urolonc.2019.09.015. Epub 2019 Oct 23,https://www.ncbi.nlm.nih.gov/pubmed/31653563,,negative,0,2020.0,0,0.014158808626234531,0
29029889,"Brachytherapy for Intermediate-Risk Prostate Cancer, Androgen Deprivation, and the Risk of Death.",Pickles T,"PURPOSE: To determine whether the use of 6 months' adjuvant androgen deprivation therapy (ADT) combined with brachytherapy for intermediate-risk (IR) and low-risk (LR) prostate cancer is associated with an increased risk of cardiovascular death. METHODS AND MATERIALS: This is a retrospective analysis of prospectively collected data from men treated in the British Columbia Cancer Agency brachytherapy program from 1998 to 2012. Men were categorized by risk group and ADT use. Cardiac and other comorbidities were recorded and compared between groups. Biochemical control (Phoenix definition, nadir + 2 ng/mL) was ascertained. Overall, prostate, cardiac, and other-cause mortality were analyzed by the Kaplan-Meier method and Fine and Gray competing-risk analysis. RESULTS: The study included 3155 men (1142 with LR cancer and 2013 with IR cancer) who have been followed up for a median of 7.9 years. ADT was received by 47% of IR patients and 37% of LR patients for a median of 6 months. Men with IR cancer were older and had more cardiac and other comorbidities than LR cases (P<.01). Biochemical control improved from 86% to 89% at 10 years with the use of ADT (P=.006). Overall survival was inferior in patients receiving ADT (84% vs 86% at 10 years, P=.0274), and on competing-risk analysis, cardiovascular mortality in patients receiving ADT was higher in IR cases, 5.2% versus 3.6% at 10 years (P=.0493), but not in LR cases. Multivariate analysis confirmed increased cardiac mortality in IR patients receiving ADT (hazard ratio, 1.95 [95% confidence interval, 1.15-3.34]; P=.014). CONCLUSIONS: ADT adds little meaningful benefit in terms of biochemical control for IR men treated with low-dose-rate brachytherapy but likely decreases overall survival because of increased cardiac mortality. IR patients were older and had more cardiac risk factors than LR prostate cases; this may be because of a screening effect, case selection, or common etiologic cause.",Int J Radiat Oncol Biol Phys,2018,100.0,45-52,10.1016/j.ijrobp.2017.08.042,https://www.ncbi.nlm.nih.gov/pubmed/29029889,,positive,1,,1,0.9821081757545471,1
19922544,Salvage high-intensity focused ultrasound for biopsy-confirmed local recurrence of prostate cancer after radical prostatectomy,Murota-Kawano A,"OBJECTIVE: To present experience in high-intensity focused ultrasound (HIFU) used as a salvage therapy for biopsy-confirmed local recurrence at the vesico-urethral anastomosis after radical prostatectomy (RP). PATIENTS AND METHODS: From July 2006, four patients diagnosed with prostate cancer recurrence after RP were treated with HIFU, with or without salvage radiotherapy, using the Sonablate 500 (Focus Surgery, IN, USA). Biochemical failure was defined as in increase in prostate-specific antigen (PSA) level of >0.2 ng/mL. No patients received any adjuvant therapy after HIFU therapy before reporting failure. RESULTS: The mean age and initial PSA level before RP was 74 years and 10.0 ng/mL, respectively. After RP, one patient was stage T2aN0M0, two were stage T3N0M0 and the last had an unknown pathological stage. Three patients received external beam radiotherapy as salvage therapy after RP. The mean PSA level before HIFU, tumour volume at the vesico-urethral lesion and operative duration were 4.3 ng/mL, 4.6 mL and 27 min, respectively. Adenocarcinomas were confirmed by biopsy of the tumour at the vesico-urethral anastomotic lesion before HIFU. At 24 months of follow-up, patients 2 and 4 were classified a biochemically disease-free. Biopsies at the anastomotic site after HIFU in three patients showed no malignancy, with fibrosis. There were no complications. CONCLUSION: Salvage HIFU for patients with recurrence after RP is feasible, even though they received salvage radiotherapy before HIFU. More patients and a longer follow-up are needed to evaluate the safety and oncological adequacy of this new approach.",BJU Int,2010,105.0,1642-5,doi: 10.1111/j.1464-410X.2009.08990.x. Epub 2009 Nov 17,https://www.ncbi.nlm.nih.gov/pubmed/19922544,,negative,0,2010.0,0,0.014157405123114586,0
26251127,Urethra-sparing high-intensity focused ultrasound for localized prostate cancer: Functional and oncological outcomes,Shoji S,"OBJECTIVES: To evaluate longitudinal changes in urinary function and quality of life, and the oncological outcomes of patients treated with urethra-sparing high-intensity focused ultrasound for localized prostate cancer. METHODS: Patients with negative findings in the urethra and the anterior urethral zone using transrectal ultrasound-guided targeted biopsies, and magnetic resonance imaging, received urethra-sparing or whole-gland high-intensity focused ultrasound as the primary therapy for localized prostate cancer without transurethral resection of the prostate. Longitudinal changes in urinary function and quality of life, and the oncological outcomes of the patients were analyzed retrospectively. RESULTS: The median follow-up times for urethra-sparing and whole-gland high-intensity focused ultrasound were 36 and 30 months, respectively. Comparing the patients treated with urethra-sparing high-intensity focused ultrasound (n = 45) with those treated with whole-gland high-intensity focused ultrasound (n = 65), there were significant differences in the International Prostate Symptom Score (P = 0.014) at 3 months, International Prostate Symptom Score quality of life (P = 0.033) at 3 months, maximum urinary flow rate (mL/s; at 3 months, P = 0.010; at 6 months, P = 0.038) and residual urine volume (mL; at 3 months, P < 0.0001; at 6 months, P = 0.016; at 12 months, P = 0.028). For quality of life, there were significant differences in Functional Assessment of Cancer Therapy - General (at 3 months, P = 0.022) and Functional Assessment of Cancer Therapy - Prostate (at 3 months, P = 0.028; at 6 months, P = 0.034). There were no significant differences in oncological outcomes regarding negative biopsy rates on follow up (91% vs 92%; P = 0.8) or biochemical disease-free survival rates (86.7% vs 89.2%; P = 0.7). CONCLUSIONS: Urethra-sparing high-intensity focused ultrasound might prevent prolonged bladder outlet obstruction, and could be a treatment option for localized prostate cancer.",Int J Urol,2015,22.0,1043-9,doi: 10.1111/iju.12876. Epub 2015 Aug 6,https://www.ncbi.nlm.nih.gov/pubmed/26251127,,negative,0,2015.0,0,0.014082740992307663,0
26181727,Dose-Escalated Irradiation and Overall Survival in Men With Nonmetastatic Prostate Cancer,Kalbasi A,"IMPORTANCE: In 5 published randomized clinical trials, dose-escalated external-beam radiation therapy (EBRT) for prostate cancer resulted in improved biochemical and local control. However, scarce evidence addresses whether dose escalation improves overall survival. OBJECTIVE: To examine the association between dose-escalated EBRT and overall survival among men with nonmetastatic prostate cancer. DESIGN, SETTING, AND PARTICIPANTS: We conducted a retrospective, nonrandomized comparative effectiveness study of dose-escalated vs standard-dose EBRT for prostate cancer diagnosed from 2004 to 2006 using the National Cancer Database (NCDB), which includes data from patients treated at Commission on Cancer-accredited community, academic, and comprehensive cancer facilities. Three cohorts were evaluated: men with low-risk (n = 12,229), intermediate-risk (n = 16,714), or high-risk (n = 13,538) prostate cancer. EXPOSURES: We categorized patients in each risk cohort into 2 treatment groups: standard-dose (from 68.4 Gy to <75.6 Gy) or dose-escalated (≥75.6 Gy to 90 Gy) EBRT (1 Gy = 100 rad). MAIN OUTCOMES AND MEASURES: We compared overall survival between treatment groups in each analytic cohort using Cox proportional hazard models with an inverse probability weighted propensity score (IPW-PS) approach. In secondary analyses, we evaluated dose response for survival. RESULTS: Dose-escalated EBRT was associated with improved survival in the intermediate-risk (IPW-PS adjusted hazard ratio [HR], 0.84; 95% CI, 0.80-0.88; P < .001) and high-risk groups (HR, 0.82; 95% CI, 0.78-0.85; P < .001) but not the low-risk group (HR, 0.98; 95% CI, 0.92-1.05; P = .54). For every incremental increase of about 2 Gy in dose, there was a 7.8% (95% CI, 5.4%-10.2%; P < .001) and 6.3% (95% CI, 3.3%-9.1%; P < .001) reduction in the hazard of death for intermediate- and high-risk patients, respectively. CONCLUSIONS AND RELEVANCE: Dose-escalated EBRT is associated with improved overall survival in men with intermediate- and high-risk prostate cancer but not low-risk prostate cancer. These results add to the evidence questioning aggressive local treatment strategies in men with low-risk prostate cancer but supporting such treatment in men with greater disease severity.",JAMA Oncol,2015,1.0,897-906,doi: 10.1001/jamaoncol.2015.2316,https://www.ncbi.nlm.nih.gov/pubmed/26181727,,negative,0,2015.0,0,0.014002672396600246,0
20303100,"Quality of life after open or robotic prostatectomy, cryoablation or brachytherapy for localized prostate cancer",Malcolm JB,"PURPOSE: Health related quality of life concerns factor prominently in prostate cancer management. We describe health related quality of life impact and recovery profiles of 4 commonly used operative treatments for localized prostate cancer. MATERIALS AND METHODS: Beginning in February 2000 all patients treated with open radical prostatectomy, robot assisted laparoscopic prostatectomy, brachytherapy or cryotherapy were asked to complete the UCLA-PCI questionnaire before treatment, and at 3, 6, 12, 18, 24, 30 and 36 months after treatment. Outcomes were compared across treatment types with statistical analysis using univariate and multivariate models. RESULTS: A total of 785 patients treated between February 2000 and December 2008 were included in the analysis with a mean followup of 24 months. All health related quality of life domains were adversely affected by all treatments and recovery profiles varied significantly by treatment type. Overall urinary function and bother outcomes scored significantly higher after brachytherapy and cryotherapy compared to open radical prostatectomy and robotic assisted laparoscopic radical prostatectomy. Brachytherapy and cryotherapy had a 3-fold higher rate of return to baseline urinary function compared to open radical prostatectomy and robotic assisted laparoscopic radical prostatectomy. Sexual function and bother scores were highest after brachytherapy, with a 5-fold higher rate of return to baseline function compared to cryotherapy, open radical prostatectomy and robotic assisted laparoscopic radical prostatectomy. All 4 treatments were associated with relatively transient and less pronounced impact on bowel function and bother. CONCLUSIONS: In a study of sequential health related quality of life assessments brachytherapy and cryotherapy were associated with higher urinary function and bother scores compared to open radical prostatectomy and da Vinci prostatectomy. Brachytherapy was associated with higher sexual function and bother scores compared to open radical prostatectomy, robotic assisted laparoscopic radical prostatectomy and cryotherapy.",J Urol,2010,183.0,1822-8,doi: 10.1016/j.juro.2009.12.102. Epub 2010 Mar 29,https://www.ncbi.nlm.nih.gov/pubmed/20303100,,negative,0,2010.0,0,0.014097346924245358,0
32442822,A biochemical definition of cure after brachytherapy for prostate cancer,Crook JM,"BACKGROUND AND PURPOSE: To identify a PSA threshold value at an intermediate follow-up time after low dose rate (LDR) prostate brachytherapy associated with cure, defined as long-term (10-15 year) freedom from prostate cancer. MATERIALS AND METHODS: Data from 7 institutions for 14,220 patients with localized prostate cancer treated with LDR brachytherapy, either alone (8552) or with external beam radiotherapy (n = 1175), androgen deprivation (n = 3165), or both (n = 1328), were analyzed. Risk distribution was 42.4% favorable, 49.2% intermediate, and 8.4% high-risk. Patients with clinical failure before 3.5 years were excluded. Kaplan-Meier analysis was used with clinical failure (local, distant, regional or biochemical triggering salvage) as an endpoint for each of four PSA categories: PSA ≤ 0.2, >0.2 to ≤0.5, >0.5 to ≤1.0, and >1.0 ng/mL. PSA levels at 4 years (±6 months) in 8746 patients without clinical failure were correlated with disease status at 10-15 years. RESULTS: For the 77.1% of patients with 4-year PSA ≤ 0.2, the freedom-from-recurrence (FFR) rates were 98.7% (95% CI 98.3-99.0) at 10 years and 96.1% (95% CI 94.8-97.2) at 15 years. Three independent validation cohorts confirmed 97-99% 10-year FFR rates with 4-year PSA ≤ 0.2. Successive PSA categories were associated with diminished disease-free rates at 10 and 15 years. PSA category was strongly associated with treatment success (p < 0.0005). CONCLUSIONS: Since 98.7% of patients with PSA ≤ 0.2 ng/mL at 4 years after LDR prostate brachytherapy were disease-free beyond 10 years, we suggest adopting this biochemical definition of cure for patients with ≥4 years' follow-up after LDR brachytherapy.",Radiother Oncol,2020,149.0,64-69,doi: 10.1016/j.radonc.2020.04.038. Epub 2020 Apr 27,https://www.ncbi.nlm.nih.gov/pubmed/32442822,,negative,0,2020.0,0,0.01400616206228733,0
23462420,Retrospective evaluation reveals that long-term androgen deprivation therapy improves cause-specific and overall survival in the setting of dose-escalated radiation for high-risk prostate cancer.,Feng FY,"PURPOSE: To evaluate the role of androgen deprivation therapy (ADT) and duration for high-risk prostate cancer patients treated with dose-escalated radiation therapy (RT). METHODS AND MATERIALS: A retrospective analysis of high-risk prostate cancer patients treated with dose-escalated RT (minimum 75 Gy) with or without ADT was performed. The relationship between ADT use and duration with biochemical failure (BF), metastatic failure (MF), prostate cancer-specific mortality (PCSM), non-prostate cancer death (NPCD), and overall survival (OS) was assessed as a function of pretreatment characteristics, comorbid medical illness, and treatment using Fine and Gray's cumulative incidence methodology. RESULTS: The median follow-up time was 64 months. In men with National Comprehensive Cancer Network defined high-risk prostate cancer treated with dose-escalated RT, on univariate analysis, both metastasis (P<.0001; hazard ratio 0.34; 95% confidence interval 0.18-0.67; cumulative incidence at 60 months 13% vs 35%) and PCSM (P=.015; hazard ratio 0.41; 95% confidence interval 0.2-1.0; cumulative incidence at 60 months 6% vs 11%) were improved with the use of ADT. On multivariate analysis for all high-risk patients, Gleason score was the strongest negative prognostic factor, and long-term ADT (LTAD) improved MF (P=.002), PCSM (P=.034), and OS (P=.001). In men with prostate cancer and Gleason scores 8 to 10, on multivariate analysis after adjustment for other risk features, there was a duration-dependent improvement in BF, metastasis, PCSM, and OS, all favoring LTAD in comparison with STAD or RT alone. CONCLUSION: For men with high-risk prostate cancer treated with dose-escalated EBRT, this retrospective study suggests that the combination of LTAD and RT provided a significant improvement in clinical outcome, which was especially true for those with Gleason scores of 8 to 10.",Int J Radiat Oncol Biol Phys,2013,86.0,64-71,10.1016/j.ijrobp.2012.11.024,https://www.ncbi.nlm.nih.gov/pubmed/23462420,HIGH RISK,positive,1,,1,0.9821313619613647,1
21163590,Phase I trial of pelvic nodal dose escalation with hypofractionated IMRT for high-risk prostate cancer,Adkison JB,"PURPOSE: Toxicity concerns have limited pelvic nodal prescriptions to doses that may be suboptimal for controlling microscopic disease. In a prospective trial, we tested whether image-guided intensity-modulated radiation therapy (IMRT) can safely deliver escalated nodal doses while treating the prostate with hypofractionated radiotherapy in 5½ weeks. METHODS AND MATERIALS: Pelvic nodal and prostatic image-guided IMRT was delivered to 53 National Comprehensive Cancer Network (NCCN) high-risk patients to a nodal dose of 56 Gy in 2-Gy fractions with concomitant treatment of the prostate to 70 Gy in 28 fractions of 2.5 Gy, and 50 of 53 patients received androgen deprivation for a median duration of 12 months. RESULTS: The median follow-up time was 25.4 months (range, 4.2-57.2). No early Grade 3 Radiation Therapy Oncology Group or Common Terminology Criteria for Adverse Events v.3.0 genitourinary (GU) or gastrointestinal (GI) toxicities were seen. The cumulative actuarial incidence of Grade 2 early GU toxicity (primarily alpha blocker initiation) was 38%. The rate was 32% for Grade 2 early GI toxicity. None of the dose-volume descriptors correlated with GU toxicity, and only the volume of bowel receiving ≥30 Gy correlated with early GI toxicity (p = 0.029). Maximum late Grades 1, 2, and 3 GU toxicities were seen in 30%, 25%, and 2% of patients, respectively. Maximum late Grades 1 and 2 GI toxicities were seen in 30% and 8% (rectal bleeding requiring cautery) of patients, respectively. The estimated 3-year biochemical control (nadir + 2) was 81.2 ± 6.6%. No patient manifested pelvic nodal failure, whereas 2 experienced paraaortic nodal failure outside the field. The six other clinical failures were distant only. CONCLUSIONS: Pelvic IMRT nodal dose escalation to 56 Gy was delivered concurrently with 70 Gy of hypofractionated prostate radiotherapy in a convenient, resource-efficient, and well-tolerated 28-fraction schedule. Pelvic nodal dose escalation may be an option in any future exploration of potential benefits of pelvic radiation therapy in high-risk prostate cancer patients.",Int J Radiat Oncol Biol Phys,2012,1.0,,doi: 10.1016/j.ijrobp.2010.09.018. Epub 2010 Dec 14,https://www.ncbi.nlm.nih.gov/pubmed/21163590,,negative,0,2010.0,0,0.014078008010983467,0
31551125,A Phase I/II Study of Stereotactic Hypofractionated Once-weekly Radiation Therapy (SHORT) for Prostate Cancer,Mallick I,"AIMS: Stereotactic radiation therapy has been investigated predominantly in patients with low-intermediate-risk disease. We conducted a clinical trial of stereotactic hypofractionated radiation therapy delivered in once-weekly fractions on patients with all-risk non-metastatic disease to test feasibility, acute toxicities and patient-reported outcomes. MATERIALS AND METHODS: In this phase I/II study, 30 patients with prostatic adenocarcinoma, any Gleason score, T1-4N0 and prostate-specific antigen ≤60 ng/ml were treated with volumetric intensity modulated arc radiation therapy to a dose of 35 Gy in five fractions delivered once weekly. Patients with high-risk disease also received elective nodal irradiation to a dose of 25 Gy in five fractions simultaneously. Androgen deprivation was offered to intermediate- and high-risk patients. The primary outcome was acute toxicity. Secondary outcome measures included biochemical control and late toxicity. Patient-reported outcomes were measured using the International Prostate Symptom Score and European Organization for Research and Treatment of Cancer (EORTC) Quality-of-Life Questionnaire (QLQ). RESULTS: All 30 patients completed treatment per-protocol. Most patients had T3 (60%) and Gleason 7 (50%) tumours. The median prostate-specific antigen was 17 ng/ml. High-risk disease was present in 20 patients (66.7%). There was a low incidence of acute toxicities (grade 2 + urinary 3.3%, grade 2 rectal 0%). Within the EORTC QLQ framework, only the urinary symptom score showed a clinically meaningful worsening from a mean of 20/100 at baseline to 34/100 at the end of treatment (P < 0.001), but reduced to 24/100 at 6 months (P = 0.08). With a median follow-up of 41.5 months, two patients each reported grade 2 late urinary and rectal toxicity. The 3- and 4-year biochemical control rates were 96.7 and 87.9%, respectively. CONCLUSION: In a cohort of mainly high-risk cancers, stereotactic once-weekly radiation therapy was easy to implement and well tolerated, with a low incidence of acute and late toxicity and excellent biochemical control.",Clin Oncol (R Coll Radiol),2020,32.0,,doi: 10.1016/j.clon.2019.09.046. Epub 2019 Sep 21,https://www.ncbi.nlm.nih.gov/pubmed/31551125,,negative,0,2020.0,0,0.014152639545500278,0
19775807,Oncologic outcome after extraperitoneal laparoscopic radical prostatectomy: midterm follow-up of 1115 procedures,Paul A,"BACKGROUND: Although the first laparoscopic radical prostatectomy was performed in 1997, few midterm oncologic data have been published for the extraperitoneal procedure. OBJECTIVE: To determine the oncologic outcome of extraperitoneal laparoscopic radical prostatectomy (ELRP). DESIGN, SETTING, AND PARTICIPANTS: From 2000 to 2007, 1115 consecutive patients underwent ELRP for a localized prostate cancer at our department. Follow-up was scheduled and standardized for all patients and recorded into a prospective database. Median postoperative follow-up was 35.6 mo. INTERVENTION: All ELRP were performed by three surgeons at the Department of Urology, Hospital Henri Mondor, Créteil, France. MEASUREMENTS: Biochemical recurrence was defined by prostate-specific antigen level > or =0.2 ng/ml. RESULTS AND LIMITATIONS: In pN0/pNx cancers, postoperative stage was pT2 in 664 patients (59.5%), pT3 in 350 patients (31.4%), and pT4 in 77 patients (6.9%). Positive lymph nodes were reported in 24 patients (2.2%). Margins were positive in 16.1% and 34.6% of pT2 and pT3 cancers, respectively. Final Gleason score was <7 in 288 men (25.8%), =7 in 701 men (62.9%), and >7 in 126 men (11.3%). Overall prostate-specific antigen (PSA) recurrence-free survival was 83% at 5 yr. The 5-yr progression-free survival rates were 93.4% for pT2, 74.5% for pT3a, and 55.0% for pT3b tumors, respectively. Multivariate Cox model showed that PSA, Gleason score, pT category, nodal status, and surgical margins were significant independent predictors of biochemical recurrence-free survival. CONCLUSIONS: This assessment of oncologic results demonstrates that ELRP is a safe and effective procedure. On the basis of midterm follow-up data, the prognostic factors of PSA after ELRP failure are the same as those described previously in transperitoneal or open retropubic approaches. The oncologic results of ELRP also are in line with those reported with the use of the retropubic or the transperitoneal laparoscopic approaches.",Eur Urol,2010,57.0,267-72,doi: 10.1016/j.eururo.2009.09.029. Epub 2009 Sep 17,https://www.ncbi.nlm.nih.gov/pubmed/19775807,,negative,0,2010.0,0,0.014099572785198689,0
28126300,Effect of Long-Term Hormonal Therapy (vs Short-Term Hormonal Therapy): A Secondary Analysis of Intermediate-Risk Prostate Cancer Patients Treated on NRG Oncology RTOG 9202.,Mirhadi AJ,"PURPOSE: NRG Oncology RTOG 9202 was a randomized trial testing long-term adjuvant androgen deprivation (LTAD) versus initial androgen deprivation only (STAD) with external beam radiation therapy (RT) in mostly high-risk and some intermediate-risk prostate cancer patients. RTOG 9408 found an overall survival (OS) advantage in patients with cT1b-T2b disease and prostate-specific antigen (PSA) <20 ng/mL, with benefit observed mostly among intermediate-risk patients. It was still unknown whether intermediate-risk patients would experience an additional survival benefit with LTAD; thus, we performed a secondary analysis to explore whether LTAD had any incremental benefit beyond STAD among the intermediate-risk subset of RTOG 9202. The study endpoints were OS, disease-specific survival (DSS), and PSA failure (PSAF). METHODS AND MATERIALS: An analysis was performed for all patients enrolled in RTOG 9202 defined as intermediate-risk (cT2 disease, PSA<10 ng/mL, and Gleason score = 7 or cT2 disease, PSA 10-20 ng/mL, and Gleason score <7). This review yielded 133 patients: 74 (STAD) and 59 (LTAD). The Kaplan-Meier method was used to estimate OS; the cumulative incidence approach was used to estimate DSS and PSAF. A 2-sided test was used, with significance level defined to be .05. RESULTS: With over 11 years of median follow-up, 39 STAD patients were alive and 33 LTAD patients were alive. There was no difference in OS (10-year estimates, 61% STAD vs 65% LTAD; P=.53), DSS (10-year DSS, 96% vs 97%; P=.72), or PSAF (10-year PSAF, 53% vs 55%; P=.99) between groups. CONCLUSION: LTAD did not confer a benefit in terms of OS, DSS, or PSAF rates in the intermediate-risk subset in this study. Whereas the subset was relatively small, treatment assignment was randomly applied, and a trend in favor of LTAD would have been of interest. Given the small number of disease-specific deaths observed and lack of benefit with respect to our endpoints, this secondary analysis does not suggest that exploration of longer hormonal therapy is worth testing in the intermediate-risk prostate cancer subset.",Int J Radiat Oncol Biol Phys,2017,97.0,511-515,10.1016/j.ijrobp.2016.11.002,https://www.ncbi.nlm.nih.gov/pubmed/28126300,,positive,1,,1,0.9821990132331848,1
22795805,Long-term survival and toxicity in patients treated with high-dose intensity modulated radiation therapy for localized prostate cancer.,Spratt DE,"PURPOSE: To report long-term survival and toxicity outcomes with the use of high-dose intensity modulated radiation therapy (IMRT) to 86.4 Gy for patients with localized prostate cancer. METHODS AND MATERIALS: Between August 1997 and December 2008, 1002 patients were treated to a dose of 86.4 Gy using a 5-7 field IMRT technique. Patients were stratified by prognostic risk group based on National Comprehensive Cancer Network risk classification criteria. A total of 587 patients (59%) were treated with neoadjuvant and concurrent androgen deprivation therapy. The median follow-up for the entire cohort was 5.5 years (range, 1-14 years). RESULTS: For low-, intermediate-, and high-risk groups, 7-year biochemical relapse-free survival outcomes were 98.8%, 85.6%, and 67.9%, respectively (P<.001), and distant metastasis-free survival rates were 99.4%, 94.1%, and 82.0% (P<.001), respectively. On multivariate analysis, T stage (P<.001), Gleason score (P<.001), and >50% of initial biopsy positive core (P=.001) were predictive for distant mestastases. No prostate cancer-related deaths were observed in the low-risk group. The 7-year prostate cancer-specific mortality (PCSM) rates, using competing risk analysis for intermediate- and high-risk groups, were 3.3% and 8.1%, respectively (P=.008). On multivariate analysis, Gleason score (P=.004), percentage of biopsy core positivity (P=.003), and T-stage (P=.033) were predictive for PCSM. Actuarial 7-year grade 2 or higher late gastrointestinal and genitourinary toxicities were 4.4% and 21.1%, respectively. Late grade 3 gastrointestinal and genitourinary toxicity was experienced by 7 patients (0.7%) and 22 patients (2.2%), respectively. Of the 427 men with full potency at baseline, 317 men (74%) retained sexual function at time of last follow-up. CONCLUSIONS: This study represents the largest cohort of patients treated with high-dose radiation to 86.4 Gy, using IMRT for localized prostate cancer, with the longest follow-up to date. Our findings indicate that this treatment results in excellent clinical outcomes with acceptable toxicity.",Int J Radiat Oncol Biol Phys,2013,85.0,686-92,10.1016/j.ijrobp.2012.05.023,https://www.ncbi.nlm.nih.gov/pubmed/22795805,LOW RISK,positive,1,,1,0.9820990562438965,1
32418156,Salvage radiotherapy in patients affected by oligorecurrent pelvic nodal prostate cancer,Ingrosso G,"PURPOSE: Metastasis-directed therapy (MDT) is an investigational treatment option in patients with oligorecurrent prostate cancer (PCa). The aim of this retrospective study is to report oncologic outcome and toxicity of elective nodal radiotherapy (ENRT) in PCa patients affected by pelvic nodal oligorecurrence. METHODS: 41 consecutive patients were treated with salvage radiotherapy. At biochemical recurrence after primary treatment, oligorecurrent disease was detected by positron emission tomography (PET) in 94% of the patients. Image-guided intensity modulated radiation therapy (IMRT) was delivered using tomotherapy. 83% of the patients received androgen deprivation therapy (ADT) in combination with ENRT. Survival analysis was performed with Kaplan-Meier method, log-rank test was used to analyze associations between survival end-points and clinical parameters. Multivariate analysis was performed using Cox proportional hazards regression models. Toxicity was registered according to Common Terminology Criteria for Adverse Events (CTCAE) v4.0. RESULTS: The median at follow-up was 33.6 months. At 3 years, overall survival (OS), cancer-specific survival (CSS), and biochemical progression-free survival (b-PFS) were 89%, 92%, and 53%, respectively. At univariate analysis, all survival end-points were correlated with the number of positive pelvic lymph nodes at oligorecurrence (≤ 3 vs > 3). Biochemical-PFS was correlated with PSA (p = 0.034) and PSA doubling time (p = 0.004) at oligorecurrence. At multivariate analysis, no independent variable was statistically significant. No patient experienced grade ≥ 2 late toxicity after radiotherapy. CONCLUSIONS: The number of metastatic lymph nodes and PSA doubling time seems to be important prognostic factors in the pelvic oligorecurrent setting. Salvage radiotherapy combined with short-course ADT might be a valid treatment strategy.",Clin Transl Oncol,2020,22.0,2236-2243,doi: 10.1007/s12094-020-02364-0. Epub 2020 May 16,https://www.ncbi.nlm.nih.gov/pubmed/32418156,,negative,0,2020.0,0,0.01406057272106409,0
20362348,"Outcomes from Gleason 7, intermediate risk, localized prostate cancer treated with Iodine-125 monotherapy over 10 years.",Munro NP,"BACKGROUND AND PURPOSE: The effect of predominating Gleason grade (3+4 versus 4+3) in Gleason sum score (GS) 7 prostate cancer (PCa) on brachytherapy outcomes is unclear. The 10 year experience of permanent brachytherapy monotherapy at a single UK centre for GS 7, intermediate risk (Memorial Sloan-Kettering model), PSA < or = 10 ng/ml, localised PCa is reported. MATERIALS AND METHODS: Between 1995 and 2004, the outcomes of 187 patients with GS 7 PCa (PSA < or = 10 ng/ml) were analysed from a cohort of 1298 men treated with permanent Iodine-125 prostate brachytherapy, including PSA relapse-free survival (PSA-RFS). RESULTS: Median follow-up was 5.0 years (range 2.0-10.1 years). One patient has died of PCa. At 10 years, PSA-RFS was 82.4%/78% (ASTRO consensus and nadir +2 definitions). For GS 3+4, 5 year PSA-RFS was 86.7%/87.9% and for GS 4+3: 85.2%/96.6% respectively, with no significant difference between groups. Five year PSA-RFS (ASTRO) of 92.6% was seen for D(90) > or = 140 Gy (50% total), compared with 77.0% below 140 Gy (p=0.08). CONCLUSIONS: Iodine-125 brachytherapy monotherapy achieved good rates of medium term biochemical control in GS 7, intermediate risk localised PCa patients. There was a trend to improved outcomes in men with a D90 in excess of 140 Gy.",Radiother Oncol,2010,96.0,34-7,10.1016/j.radonc.2010.03.004,https://www.ncbi.nlm.nih.gov/pubmed/20362348,INTERMEDIATE RISK,positive,1,,1,0.982115626335144,1
32664981,Stereotactic body radiotherapy for localized prostate cancer - 5-year efficacy results.,Vuolukka K,"BACKGROUND: The use of stereotactic body radiotherapy (SBRT) as the primary treatment modality in clinically localized prostate cancer (PCa) is emerging. The aim of the study was to analyze the long-term results of PCa patients treated with SBRT. METHODS: This non-selected, real-life patient cohort included 213 patients with localized PCa treated with a robotic SBRT device during 2012-2015. RESULTS: The median follow-up was 64 months (range, 10-85 months), and all risk-groups were represented as 47 (22.1%), 56 (26.3%) and 110 (51.6%) patients were classified into D'Amico risk stratification of low, intermediate and high-risk groups, respectively. Androgen deprivation therapy (ADT) was administered to 64.3% of the patients. At cut-off, the biochemical relapse-free survival (bRFS) was 100, 87.5 and 80.0% for patients at low, intermediate and high-risk (p = 0.004), and 92.5, 84.2 and 66.7% for patients with Gleason score ≤ 6, 7 and ≥ 8, respectively (p = 0.001). The actuarial 5-year overall survival (OS) rates were 97.9, 96.4 and 88.6% in the low, intermediate and high-risk groups, respectively, and at the cut-off, the disease-specific survival (DSS) rate of the whole cohort was high (99.1%), as only two high-risk patients died due to PCa. CONCLUSION: Our present results of SBRT delivered with CyberKnife produced excellent long-term bRFS, OS and DSS outcomes among patients with localized PCa. We conclude that SBRT provides an efficient and convenient treatment option for patients with localized PCa, irrespective of the risk-group.",Radiat Oncol,2020,15.0,173,10.1186/s13014-020-01608-1,https://www.ncbi.nlm.nih.gov/pubmed/32664981,,positive,1,,1,0.9821396470069885,1
26458959,Focal irreversible electroporation for prostate cancer: functional outcomes and short-term oncological control,Ting F,"BACKGROUND: Current data on the use of irreversible electroporation (IRE) in the treatment of prostate cancer (PCa) is limited. We aim to evaluate the safety, short-term functional and oncological outcomes of focal IRE in low-intermediate risk PCa. METHODS: Between February 2013 and May 2014, 32 consecutive men underwent IRE at a single centre. Patients with low-intermediate risk PCa who had not received previous PCa treatment were included for analysis. The tumour was ablated using 3-6 electrodes, ensuring a minimum 5-mm safety margin around the visible magnetic resonance imaging (MRI) lesion. Follow-up included recording Clavien complications, Expanded Prostate Cancer Index Composite (EPIC) questionnaires (baseline, 1.5, 3, 6 months), 6-month multi-parametric MRI (mp-MRI) and 7-month biopsy. Findings on mp-MRI and biopsy were sub-divided into infield, adjacent or outfield of the treatment zone. RESULTS: Twenty-five men were included for final analysis. Safety follow-up revealed one Clavien Grade 3 complication and five Grade 1 complications. Functional follow-up confirmed no significant change in American Urological Association urinary symptom score, sexual or bowel function. Infield, there were no suspicious findings on mp-MRI (n=24) or biopsy (n=21) in all patients. Adjacent to the treatment zone, five (21%) had suspicious findings on mp-MRI with four (19%) proving to be significant on biopsy. Outfield, there were two (8%) with suspicious findings on mp-MRI and one (5%) significant finding on biopsy. For the five patients with significant findings on follow-up biopsy, one is awaiting repeat IRE, one had radical prostatectomy and three remained on active surveillance. CONCLUSIONS: In selected patients with low-intermediate risk PCa, focal IRE appears to be safe with minimal morbidity. There were no infield recurrences and 76% of patients were histologically free of significant cancer at 8 months. Almost all recurrences were adjacent to the treatment zone, and this was addressed by widening the treatment margins.",Prostate Cancer Prostatic Dis,2016,19.0,46-52,doi: 10.1038/pcan.2015.47. Epub 2015 Oct 13,https://www.ncbi.nlm.nih.gov/pubmed/26458959,,negative,0,2015.0,0,0.01405649445950985,0
17698095,Importance of tumor location in patients with high preoperative prostate specific antigen levels (greater than 20 ng/ml) treated with radical prostatectomy.,Magheli A,"PURPOSE: We investigated the effect of tumor location (anterior vs posterior) on pathological characteristics and biochemical-free survival in patients with a preoperative prostate specific antigen level of greater than 20 ng/ml undergoing radical prostatectomy since transition zone tumors are known to present with higher prostate specific antigen levels. MATERIALS AND METHODS: We retrospectively studied the records of 265 patients treated with radical prostatectomy between 1984 and 2005 who had preoperative prostate specific antigen levels greater than 20 ng/ml. Review of pathology reports was performed and tumor location (anterior vs posterior) was defined. Differences in clinicopathological characteristics and prostate specific antigen recurrence rates were examined. RESULTS: Of 265 patients with a preoperative prostate specific antigen level of greater than 20 ng/ml who underwent radical prostatectomy 50 (19%) had anterior tumors and 215 (81%) had posterior tumors. Patients with anterior tumors had lower clinical stage and less seminal vesicle involvement than patients with posterior tumors (p = 0.006 and <0.001, respectively). Although Kaplan-Meier analysis demonstrated significantly higher rates of 5-year biochemical recurrence-free survival for patients with anterior vs posterior tumors (63% vs 40%, p = 0.020), anterior tumor location was not an independent predictor of biochemical recurrence. CONCLUSIONS: Radical prostatectomy is a feasible treatment option in patients with a preoperative prostate specific antigen level of greater than 20 ng/ml. The 5-year biochemical-free survival rate was 47%. Although anterior tumor location was associated with favorable pathological features and improved biochemical-free survival, it was not an independent predictor of biochemical recurrence. Further studies are warranted to identify patients with high preoperative prostate specific antigen levels most likely to have recurrence.",J Urol,2007,178.0,1311-5,10.1016/j.juro.2007.05.143,https://www.ncbi.nlm.nih.gov/pubmed/17698095,HIGH RISK,positive,1,,1,0.9821180105209351,1
15888698,Radical prostatectomy versus watchful waiting in early prostate cancer,Bill-Axelson A,"BACKGROUND: In 2002, we reported the initial results of a trial comparing radical prostatectomy with watchful waiting in the management of early prostate cancer. After three more years of follow-up, we report estimated 10-year results. METHODS: From October 1989 through February 1999, 695 men with early prostate cancer (mean age, 64.7 years) were randomly assigned to radical prostatectomy (347 men) or watchful waiting (348 men). The follow-up was complete through 2003, with blinded evaluation of the causes of death. The primary end point was death due to prostate cancer; the secondary end points were death from any cause, metastasis, and local progression. RESULTS: During a median of 8.2 years of follow-up, 83 men in the surgery group and 106 men in the watchful-waiting group died (P=0.04). In 30 of the 347 men assigned to surgery (8.6 percent) and 50 of the 348 men assigned to watchful waiting (14.4 percent), death was due to prostate cancer. The difference in the cumulative incidence of death due to prostate cancer increased from 2.0 percentage points after 5 years to 5.3 percentage points after 10 years, for a relative risk of 0.56 (95 percent confidence interval, 0.36 to 0.88; P=0.01 by Gray's test). For distant metastasis, the corresponding increase was from 1.7 to 10.2 percentage points, for a relative risk in the surgery group of 0.60 (95 percent confidence interval, 0.42 to 0.86; P=0.004 by Gray's test), and for local progression, the increase was from 19.1 to 25.1 percentage points, for a relative risk of 0.33 (95 percent confidence interval, 0.25 to 0.44; P<0.001 by Gray's test). CONCLUSIONS: Radical prostatectomy reduces disease-specific mortality, overall mortality, and the risks of metastasis and local progression. The absolute reduction in the risk of death after 10 years is small, but the reductions in the risks of metastasis and local tumor progression are substantial.",N Engl J Med,2005,12.0,,doi: 10.1056/NEJMoa043739,https://www.ncbi.nlm.nih.gov/pubmed/15888698,,negative,0,2005.0,0,0.014108989387750626,0
25466361,The clinical significance of persistent cancer cells on prostate biopsy after high-dose-rate brachytherapy boost for intermediate-risk prostate cancer.,D'Alimonte L,"PURPOSE: To evaluate the association between post-treatment biopsy results and the probability of biochemical disease-free survival (bDFS). METHODS AND MATERIALS: Two sequential prospective clinical trials were undertaken in men with intermediate-risk prostate cancer (T1-T2 with either Gleason score 7 and prostate-specific antigen [PSA] level lower than 20 ng/mL or Gleason score 6 and PSA level of 10-20 ng/mL). All patients had high-dose-rate brachytherapy (two fractions of 10Gy separated by 1 week or a single 15-Gy fraction) followed by external beam radiotherapy. Both study groups were followed prospectively with regular PSA readings and prostate biopsy at 2 years. Biopsies were reported as: positive=malignant cells with no or only partial radiation effect, negative=no malignant cells seen, and indeterminate=malignant cells with marked radiation effect. Biochemical failure was defined using the nadir+2 ng/mL definition and estimated using the Kaplan-Meier curves. Fisher exact test was performed to investigate any relationships between high-dose-rate treatment and biopsy results. RESULTS: A total of 181 patients were included in this analysis. The median followup for all patients was 6.2 years (range, 0.3-10.5). Post-treatment biopsy was performed in 111 patients of which 82 (74%) were negative, 17 (15%) indeterminate, and 12 (11%) malignant. The 5-year bDFS was 97.5%, 93.8%, and 83.3% for those with benign, indeterminate, and malignant biopsies, respectively (p=0.4398). Median PSA nadir was 0.08 ng/mL (range, 0.01-3.63), with no difference in PSA change over time by treatment (p=0.9953) or biopsy result (p=0.4398) CONCLUSIONS: Routine biopsy at 2 years was not able to reliably predict which patients would ultimately fail as even those with a positive biopsy had a long-term bDFS higher than 80%.",Brachytherapy,2015,14.0,309-14,10.1016/j.brachy.2014.10.003,https://www.ncbi.nlm.nih.gov/pubmed/25466361,,positive,1,,1,0.9822483062744141,1
30389241,Ten-year survival after High-Dose-Rate Brachytherapy combined with External Beam Radiation Therapy in high-risk prostate cancer: A comparison with the Norwegian SPCG-7 cohort.,Wedde TB,"BACKGROUND: The survival benefit of dose-escalation with High-Dose-Rate brachytherapy (HDR-BT) boost combined with External Beam Radiotherapy (EBRT) for the treatment of high-risk prostate cancer (PCa) remains debatable. We investigated 10-year PCa-specific mortality (PCSM) and overall mortality (OM) in high-risk patients treated with HDR-BT/EBRT (calculated EQD2 = 102 Gy) compared to EBRT alone (70 Gy). METHODS: HDR-BT boosts (10 Gy × 2) were given 2 weeks apart followed by 50 Gy conformal EBRT (2 Gy × 25) to the prostate and seminal vesicles. The HDR-BT/EBRT group (N:325) received Androgen Deprivation Therapy for a median duration of 2 years. The historical control group (N:296), received a median dose of 70 Gy (2 Gy × 35) to the prostate and seminal vesicles with lifelong Anti-Androgen Treatment. For each treatment group PCSM and OM were established by competing-risk analyses and Kaplan-Meier analyses respectively. Differences were evaluated by the logrank test. Independent associations were established by Cox regression analyses. Significance level set to p < 0.05. RESULTS: Median follow-up was 104 and 120 months for the HDR-BT/EBRT and the EBRT group respectively. A 3.6-fold decreased risk of PCSM (p < 0.01) and a 1.6-fold decreased risk of OM (p = 0.02) in the HDR-BT/EBRT cohort compared to the EBRT-only group were revealed. Ten-year OM and PCSM rates were 16% and 2.5% in the HDR-BT/EBRT group versus 23% and 8.2% in the EBRT-only group respectively. Both treatment modality (HR = 3.59, 95%CI 1.50-8.59) and Gleason score (HR = 2.48, 95%CI 1.18-5.21) were associated with PCSM. Only treatment modality (HR = 1.63, 95%CI = 1.08-2.44) was significantly associated with OM. CONCLUSIONS: Men with high-risk PCa have a significantly reduced PCSM and OM rates when treated with dose-escalated radiotherapy achieved by HDR-BT/EBRT compared to EBRT alone (70 Gy). A Gleason score of 8-10 was independently associated with increased risk of PCSM. Randomized studies are warranted. SUMMARY: Observational study of 10-year survival in high-risk Prostate Cancer (PCa) after High-Dose-Rate brachytherapy combined with External Beam Radiation Therapy (HDR-BT/EBRT) compared to EBRT alone. The combined HDR-BT/EBRT treatment was found to give a 3.6-fold decrease in Prostate Cancer Specific Mortality (PCSM) and a 1.6-fold decrease in Overall Mortality (OM). Gleason score and type of treatment strongly influenced PCSM whereas only treatment modality was associated with OM. The observed benefits of dose-escalation warrant future randomized trials.",Radiother Oncol,2019,132.0,211-217,10.1016/j.radonc.2018.10.013,https://www.ncbi.nlm.nih.gov/pubmed/30389241,,positive,1,,1,0.9821338057518005,1
31586543,Effect of bladder neck sparing at robot-assisted laparoscopic prostatectomy on postoperative continence rates and biochemical recurrence,Preisser F,"OBJECTIVES: Previous studies reported improved continence recovery by bladder neck sparing (BNS) in prostate cancer patients treated with robot-assisted laparoscopic radical prostatectomy (RALP), without compromising biochemical recurrence (BCR). We compared the continence outcomes, surgical margin rates, and BCR risk of BNS vs. bladder neck reconstruction (BNR) patients during RALP. METHODS: Overall, 1,512 patients who underwent RALP with BNS or BNR between 2010 and 2017 in a single high-volume center, were identified. Logistic regression models tested the effect of BNS on continence and surgical margin rates. Cox regression models tested the effect of BNS on BCR. Continence was defined as the use of 0 or 1-safety pad per day. RESULTS: Three hundred and eighty-two vs. 1,130 patients underwent BNS vs. BNR. The median time to catheter removal was significantly shorter (5 vs. 8 days) in patients with BNS. Pad-free rates at 7 days after catheter removal were 60.0% vs. 54.5%, continence rates were 80.1% vs. 78.3% after 3 months and 85.3% vs. 89.6% after 1 year for BNS and BNR, respectively. Multivariable models revealed that BNS is an independent predictor to be pad-free at 7 days after catheter removal (OR: 1.39, P = 0.04), but no predictor for continence at 3 months (OR: 1.02, P = 0.9) and 1 year (OR: 0.78, P = 0.4) after RALP, as well as for positive surgical margin (OR: 0.95, P = 0.8) and BCR (Hazard ratio: 0.95, P = 0.9). CONCLUSION: Patients with BNS had a better chance to be pad-free at 7 days after catheter removal and had a significant shorter time to catheter removal. However, this beneficial effect disappeared with time and no differences in continence rates at 3 months and 1 year were recorded. Moreover, BNS did not negatively affect positive margin or BCR rates.",Urol Oncol,2020,38.0,1,doi: 10.1016/j.urolonc.2019.09.005. Epub 2019 Oct 2,https://www.ncbi.nlm.nih.gov/pubmed/31586543,,negative,0,2020.0,0,0.014175623655319214,0
25765848,Salvage radical prostatectomy after external beam radiation therapy: a systematic review of current approaches,Matei DV,"BACKGROUND: Radical external beam radiotherapy (EBRT) is a standard treatment for prostate cancer patients. Despite this, the rate of intraprostatic relapses after primary EBRT is still not negligible. There is no consensus on the most appropriate management of these patients after EBRT failure. For these patients, local salvage therapy such as radical prostatectomy, cryotherapy, and brachytherapy may be indicated. OBJECTIVE: The objectives of this review were to analyze the eligibility criteria for careful selection of appropriate patients and to evaluate the oncological results and complications for each method. METHODS: A review of the literature was performed to identify studies of local salvage therapy for patients who had failed primary EBRT for localized prostate cancer. RESULTS: Most studies demonstrated that local salvage therapy after EBRT may provide long-term local control in appropriately selected patients, although toxicity is often significant. CONCLUSIONS: Our results suggest that for localized prostate cancer recurrence after EBRT, the selection of a local treatment modality should be made on a patient-by-patient basis. An improvement in selection criteria and an integrated definition of biochemical failure for all salvage methods are required to determine which provides the best oncological outcome and least comorbidity.",Urol Int,2015,94.0,373-82,doi: 10.1159/000371893. Epub 2015 Mar 4,https://www.ncbi.nlm.nih.gov/pubmed/25765848,,negative,0,2015.0,0,0.014172018505632877,0
31897875,Castration-resistant prostate cancer without metastasis at presentation may achieve cancer-specific survival in patients who underwent prior radical prostatectomy,Kodama H,"PURPOSE: Radical prostatectomy (RP) is relatively better oncological outcomes in patients with prostate cancer (PCa). However, the incidence of castration-resistant PCa (CRPC) and PCa-specific mortality in patients with biochemical recurrence (BCR) after RP remains unclear. The aim of this study was to evaluate the cancer-specific survival (CSS) in patients with CRPC after RP, in particular those who had metastases or not. METHODS: We retrospectively reviewed the data of 1582 consecutive patients who underwent RP between July 1996 and January 2019. The enrolled patients had histologically confirmed stage T1a-T3b PCa without lymph node involvement or distant metastasis. The endpoints were oncological outcomes, including CSS and BCR, in patients with PCa with or without metastases at the time of diagnosis with CRPC. RESULTS: A total of 1474 patients were enrolled in this study. By the end of the follow-up period, 352 patients (24.6%) in the enrolled patients had BCR after RP. A total of 42 patients (2.9%) developed CRPC and 18 (1.3%) had died of PCa. With regard to metastasis in patients who diagnosed CRPC, the 5-year CSS rate was 100% for nonmetastatic CRPC (nmCRPC) patients and 53.8% for metastatic CRPC (mCRPC) patients after RP. The 5-year CSS rate was 100% for nmCRPC patients and 27.1% for mCRPC patients after the diagnosis with CRPC. CONCLUSIONS: CRPC is one of the lethal causes with PCa death. However, nmCRPC may achieve relatively good prognosis in patients with PCa after RP.",Int Urol Nephrol,2020,52.0,671-679,doi: 10.1007/s11255-019-02339-3. Epub 2020 Jan 3,https://www.ncbi.nlm.nih.gov/pubmed/31897875,,negative,0,2020.0,0,0.014001401141285896,0
29764692,Combined high dose rate brachytherapy and external beam radiotherapy for clinically localised prostate cancer.,Strouthos I,"PURPOSE: To report the clinical outcomes and treatment-related toxicities after combined high-dose-rate (HDR) brachytherapy (BRT) with external beam radiotherapy (EBRT) for patients with clinically localised high-risk prostate cancer. MATERIAL AND METHODS: Between 2008 and 2012, three hundred and three consecutive patients with organ-confined high-risk prostate cancer were treated with definitive radiotherapy consisting of HDR-BRT followed by supplemental EBRT. The transrectal 3D-ultrasound-based HDR-BRT boost consisted of two single-fraction implants of 10.5 Gy, prescribed to the 90% of the gland (D90), for a total physical dose of 21.0 Gy delivered to the prostatic gland. EBRT was delivered with conventional fractionation, prescribing 45.0 Gy to the prostatic gland and seminal vesicles. Biochemical failure was defined according to the Phoenix Consensus Criteria, genitourinary (GU)/gastrointestinal (GI) toxicity was evaluated using the Common Toxicity Criteria for Adverse Events (version 3.0). RESULTS: The median follow-up was 71.6 months. The 7-year overall survival, biochemical control and metastasis-free-survival rates for the entire cohort were 85.7%, 88.3% and 93.8%, respectively. Androgen deprivation therapy was initiated prior to treatment for 92.7% of patients with a median duration of 12 months. Toxicity was scored per event with late Grade 2, 3 and 4 GU adverse events and was found to be 15.3%, 2.2% and 0.3%, respectively. Late Grade 2 GI toxicity accounted for 0.3% with no instances of Grade 3 or higher late adverse events. CONCLUSION: HDR-BRT with supplemental EBRT results in low biochemical relapse-free survival rates associated with a very low incidence of higher-grade late adverse events.",Radiother Oncol,2018,128.0,301-307,10.1016/j.radonc.2018.04.031,https://www.ncbi.nlm.nih.gov/pubmed/29764692,,positive,1,,1,0.9822073578834534,1
21345741,Moderate dose escalation with single-fraction high-dose-rate brachytherapy boost for clinically localized intermediate- and high-risk prostate cancer: 5-year outcome of the first 100 consecutively treated patients.,Agoston P,"PURPOSE: To analyze the clinical outcome and toxicity data of the first 100 consecutive patients treated with a single-fraction high-dose-rate brachytherapy (HDR-BT) and external beam radiotherapy (EBRT). METHODS AND MATERIALS: Two-hundred eighty patients have been treated with HDR-BT boost for localized intermediate- to high-risk prostate cancer. Among these, the outcome and toxicity of the first 100 patients treated with a single HDR-BT fraction were assessed. A median dose of 60Gy EBRT was given to the prostate and vesicles. Interstitial HDR-BT of 10Gy was performed during the course of EBRT. RESULTS: Median followup time was 61.5 months. The 5-year actuarial rates of overall survival, cause-specific survival, disease-free survival, and biochemical no evidence of disease (bNED) for the entire cohort were 93.3%, 99.0%, 89.3%, and 85.5%, respectively. The 7-year actuarial rate of bNED was 84.2% for the intermediate-risk group and 81.6% for the high-risk group (p=0.8464). The 7-year actuarial rates of bNED for Grade 1, 2, and 3 tumors were 97.5%, 80.0%, and 67.1%, respectively. The 5-year probability for developing late Grade 3 gastrointestinal and genitourinary (GU) toxicity was 2.1% and 14.4%, respectively. Grade 3 GU complications occurred significantly more frequently in patients with a history of preirradiation transurethral resection (29.1% vs. 8.8%; p=0.0047). CONCLUSIONS: Five-year outcome after 60Gy EBRT plus a single fraction of 10Gy HDR-BT boost is encouraging. Preradiation transurethral resection significantly increases the risk of late severe GU complications.",Brachytherapy,2011,10.0,376-84,10.1016/j.brachy.2011.01.003,https://www.ncbi.nlm.nih.gov/pubmed/21345741,,positive,1,,1,0.9822705388069153,1
23103235,25-Year disease-free survival rate after irradiation for prostate cancer calculated with the prostate specific antigen definition of recurrence used for radical prostatectomy.,Critz FA,"PURPOSE: We addressed whether there is durable control of prostate cancer, defined as a prostate specific antigen cutoff of less than 0.2 ng/ml, greater than 20 years after irradiation for this disease. We also evaluated late recurrence, defined as recurrence after 10-year followup. MATERIALS AND METHODS: A total of 3,546 consecutive hormone naïve men were treated with a (125)I prostate implant (retropubic and later transperineal), followed by external beam irradiation, from 1984 to 2000. Recurrence was defined as a prostate specific antigen increase of greater than 0.20 ng/ml or a prostate specific antigen nadir of greater than 0.20 ng/ml. Median followup was 11 years (range 3 months to 26 years). RESULTS: In all men 10, 15, 20 and 25-year disease-free survival rates were 75%, 73%, 73% and 73%, respectively. Longest time to recurrence was at the 15.5-year followup. In 313 men with recurrence who were treated 16 to 25 years ago 5% of recurrences were late. In men implanted by the transperineal method since 1995 the 15-year disease-free survival rate was 79%. CONCLUSIONS: With this irradiation program cancer control, defined using the recurrence definition for radical prostatectomy, was durable with no further recurrence between 15.5 and 25 years of followup. This study also suggests that at least 15 years of followup are necessary to fully evaluate any prostate cancer treatment. Furthermore, if prostate specific antigen is less than 0.20 ng/ml 15 years after treatment, later recurrence should be unlikely.",J Urol,2013,189.0,878-83,10.1016/j.juro.2012.10.061,https://www.ncbi.nlm.nih.gov/pubmed/23103235,LOW RISK,positive,1,,1,0.9821257591247559,1
29166142,Effects of dose-escalated radiotherapy in combination with long-term androgen deprivation on prostate cancer.,Tomita N,"OBJECTIVE: We aimed to examine the effects of a dose escalation for prostate cancer patients receiving long-term androgen deprivation therapy (ADT). METHODS: A retrospective analysis of 605 patients treated with radiotherapy (RT) and long-term ADT (National Comprehensive Cancer Network criteria-defined intermediate-risk, minimum 10 months; high-risk and very-high-risk, minimum 20 months) was performed. The median ADT time was 31 months. Cox's proportional hazards models were used to compare biochemical disease-free survival (bDFS), clinical relapse-free survival (cRFS) and overall survival (OS) between the ≥70, <78 Gy group and 78 Gy group in a univariate analysis and to assess the effects of the dose escalation on bDFS in a multivariate analysis. RESULTS: After a median follow-up of 70 months, 5-year bDFS was significantly better in the 78 Gy group than in the ≥70, <78 Gy group [96 vs 83%; hazard ratio 3.6 (95% confidence interval 2.2-6.1); p < 0.001]. 5-year cRFS and OS were similar between the two groups. The multivariate analysis showed that RT dose was still an independent prognostic factor of bDFS (p = 0.005). CONCLUSION: The results of the present study suggest that dose escalations result in significant improvements in bDFS, even when used in combination with long-term ADT. A longer follow-up is needed to clarify the effects of dose escalations on cRFS and OS. Advances in knowledge: It remains unclear whether high-dose RT is necessary for improving the outcomes of patients receiving long-term ADT. The results suggest that dose escalations result in significant improvements in biochemical control.",Br J Radiol,2018,91.0,20170431,10.1259/bjr.20170431,https://www.ncbi.nlm.nih.gov/pubmed/29166142,,positive,1,,1,0.9821547269821167,1
20472365,"Overall survival benefit from postoperative radiation therapy for organ-confined, margin-positive prostate cancer",Dillman RO,"PURPOSE: Radical prostatectomy for invasive prostate cancer is associated with positive margin rates in 10% to 50% of resected specimens. Postoperative radiation therapy may benefit patients who have organ-confined prostate cancer with positive margins. METHODS AND MATERIALS: We performed a retrospective analysis to examine whether adjunctive radiation therapy enhanced long-term survival for prostate cancer patients who underwent prostatectomy for localized prostate cancer but with positive margins. We used the Hoag Cancer Center database to identify patients diagnosed with invasive prostate cancer. Relative and overall survival rates were calculated. RESULTS: Among 1,474 patients diagnosed with localized invasive prostate cancer during the years 1990 to 2006 and undergoing prostatectomy, 113 (7.7%) were identified who had positive margins and did not have local extension of disease, positive lymph nodes, or distant metastases. A total of 17 patients received adjunctive radiation therapy (Group A), whereas 96 did not (Group B; 3 received hormonal therapy). Both groups had a median age of 64 years and median follow-up of 7.5 years. In Group A, no patients have died as of last follow-up, but in Group B, 18 have died. Estimated 10-year and 15-year overall survival rates were both 100% for Group A compared with 85% and 57% respectively for Group B (p2=0.050, log rank). Relative 10- and 15 year survival rates were both 100% for Group A compared with 100% and 79% respectively for Group B. CONCLUSIONS: This retrospective analysis suggests that prostate cancer patients with localized disease but positive margins do derive a survival benefit from adjuvant radiation therapy.",Int J Radiat Oncol Biol Phys,2011,1.0,,doi: 10.1016/j.ijrobp.2009.11.041. Epub 2010 May 14,https://www.ncbi.nlm.nih.gov/pubmed/20472365,,negative,0,2010.0,0,0.014050059951841831,0
26648528,Intensity-modulated salvage radiotherapy with simultaneous integrated boost for local recurrence of prostate carcinoma: a pilot study on the place of PET-choline for guiding target volume delineation,Wahart A,"OBJECTIVE: The aim of this study was to report the first cases of salvage radiotherapy (RT) using the intensity-modulated radiotherapy (IMRT) with simultaneous integrated boost (SIB) targeted on choline positron emission tomography (PET) uptake in a local recurrent prostate cancer, after a radical prostatectomy. METHODS: Four patients received salvage irradiation for biochemical relapse that occurred after the initial radical prostatectomy. The relapse occurred from 10 months to 6 years with PSA levels ranging from 2.35 to 4.86 ng ml(-1). For each patient, an (18)F-choline PET-CT showed a focal choline uptake in prostatic fossa, with standardized uptake value calculated on the basis of predicted lean body mass (SUL) max of 3.3-6.8. No involved lymph node or distant metastases were diagnosed. IMRT doses were of 62.7 Gy (1.9 Gy/fraction, 33 fractions), with a SIB of 69.3 Gy (2.1 Gy/fraction, 33 fractions) to a PET-guided target volume. RESULTS: Acute toxicities were limited. We observed no gastrointestinal toxicity ≥grade 2 and only one grade 2 genitourinary toxicity. At 1-month follow-up evaluation, no complication and a decrease in PSA level (6.8-43.8% of the pre-therapeutic level) were reported. After 4 months, a decrease in PSA level was obtained for all the patients, ranging from 30% to 70%. At a median follow-up of 15 months, PSA level was controlled for all the patients, but one of them experienced a distant lymph node recurrence. CONCLUSION: Salvage irradiation to the prostate bed with SIB guided by PET-CT is feasible, with biological efficacy and no major acute toxicity. ADVANCES IN KNOWLEDGE: IMRT with PET-oriented SIB for salvage treatment of prostate cancer is possible, without major acute toxicity.",Br J Radiol,2016,89.0,20150579,doi: 10.1259/bjr.20150579. Epub 2015 Dec 9,https://www.ncbi.nlm.nih.gov/pubmed/26648528,,negative,0,2015.0,0,0.020215047523379326,0
25308767,Particle radiotherapy for prostate cancer,Shioyama Y,"Recent advances in external beam radiotherapy have allowed us to deliver higher doses to the tumors while decreasing doses to the surrounding tissues. Dose escalation using high-precision radiotherapy has improved the treatment outcomes of prostate cancer. Intensity-modulated radiation therapy has been widely used throughout the world as the most advanced form of photon radiotherapy. In contrast, particle radiotherapy has also been under development, and has been used as an effective and non-invasive radiation modality for prostate and other cancers. Among the particles used in such treatments, protons and carbon ions have the physical advantage that the dose can be focused on the tumor with only minimal exposure of the surrounding normal tissues. Furthermore, carbon ions also have radiobiological advantages that include higher killing effects on intrinsic radio-resistant tumors, hypoxic tumor cells and tumor cells in the G0 or S phase. However, the degree of clinical benefit derived from these theoretical advantages in the treatment of prostate cancer has not been adequately determined. The present article reviews the available literature on the use of particle radiotherapy for prostate cancer as well as the literature on the physical and radiobiological properties of this treatment, and discusses the role and the relative merits of particle radiotherapy compared with current photon-based radiotherapy, with a focus on proton beam therapy and carbon ion radiotherapy.",Int J Urol,2015,22.0,33-9,doi: 10.1111/iju.12640. Epub 2014 Oct 12,https://www.ncbi.nlm.nih.gov/pubmed/25308767,,negative,0,2015.0,0,0.014181395061314106,0
23664646,"Long-term outcome for prostate cancer using pseudo pulse-dosed rate brachytherapy, external beam radiotherapy, and hormones.",Izard MA,"PURPOSE: We report the long-term outcomes of pulse-dose rate (PDR) brachytherapy used in a nonstandard style (pseudo-PDR) with an high-dose rate brachytherapy technique in conjunction with external beam radiotherapy (EBRT) and hormonal manipulation on prostate cancer (PC). METHODS AND MATERIALS: We treated 253 patients with Stage T1-T3 N0M0 PC, between December 1999 and March 2006. All patients received neoadjuvant androgen deprivation for a median 6 months. Treatment consisted of three pulses of pseudo-PDR brachytherapy to a median dose of 18Gy with 50.4Gy in 28 fractions of EBRT. RESULTS: At a median 6 years followup, (range, 1-11 years), 5-year overall survival was 92%, and PC-specific survival was 96%. The 5-year biochemical control (biochemical no evidence of disease) by the Phoenix definition for low-, intermediate-, and high-risk groups was 95%, 90%, and 71%, respectively (p<0.00001). At 6 years, the incidence of Radiotherapy Oncology Group Grade 2 and 3 genitourinary toxicity was 1% and 6%; Radiotherapy Oncology Group Grade 2 and 3 gastrointestinal toxicity was 4% and 0%. Erectile preservation at 3 years was 58%. The Phoenix definition best predicted clinical failure with a high specificity (94%). CONCLUSIONS: Pseudo-PDR brachytherapy plus EBRT with limited neoadjuvant hormonal manipulation is an effective treatment option in localized PC, with minimal and tolerable morbidity and provides excellent control. This technique of a modified PDR-delivery technique appears as effective as high-dose rate therapy.",Brachytherapy,2013,12.0,608-14,10.1016/j.brachy.2013.04.004,https://www.ncbi.nlm.nih.gov/pubmed/23664646,INTERMEDIATE RISK,positive,1,,1,0.9820942282676697,1
17315165,Radical prostatectomy for clinical stage T3a disease.,Freedland SJ,"BACKGROUND: Men with clinical stage T3a disease are at high risk and are often encouraged to undergo radiation therapy with concomitant hormonal therapy. The long-term outcomes among men treated with radical prostatectomy for clinical stage T3a disease were examined. METHODS: Among 3397 men treated by radical prostatectomy by 1 surgeon between 1987 and 2003, 62 (1.8%) men were identified who had clinical stage T3a disease. Among the 56 men not treated with neoadjuvant or adjuvant therapies before prostate-specific antigen (PSA) recurrence, the long-term outcomes of PSA-free survival, metastasis-free survival, and prostate cancer specific survival were examined. Median and mean follow-up after surgery were 10.3 and 13 years, respectively (range, 1-17). RESULTS: Ninety-one percent of men in this group had pathological T3 disease. PSA-free survival at 15 years after surgery was 49%. Metastasis-free survival and cause-specific survival at 15 years after surgery were 73% and 84%, respectively. Among men with a PSA recurrence, 46% received secondary therapy before metastasis. The only preoperative or pathological feature that predicted risk of prostate cancer death was lymph node metastasis (hazard ratio [HR]: 9.22, 95% confidence interval [CI]: 1.06-80.02, P = .044). Among the 28 men with a PSA recurrence, PSA doubling time (PSADT) data were available for 23, of which 11 (48%) has a PSADT >/=9 months. No patient with a PSADT >/=9 months died of prostate cancer. A PSADT <9 months was significantly associated with increased risk of prostate cancer death (log-rank, P = .004). CONCLUSIONS: In a select cohort of men with clinical stage T3a disease, radical prostatectomy alone provides long-term cancer control in about half of the men and results in a prostate cancer-specific survival of 84%. Among men with a PSA recurrence, PSADT at the time of recurrence is a useful determinant of risk of prostate cancer death.",Cancer,2007,109.0,1273-8,10.1002/cncr.22544,https://www.ncbi.nlm.nih.gov/pubmed/17315165,HIGH RISK,positive,1,,1,0.9820647835731506,1
19913249,Robotic assisted laparoscopic salvage prostatectomy for radiation resistant prostate cancer,Eandi JA,"PURPOSE: We report on outcomes of robotic assisted laparoscopic radical prostatectomy as salvage local therapy for radiation resistant prostate cancer. MATERIALS AND METHODS: We retrospectively reviewed the charts of all patients who underwent robotic assisted laparoscopic radical prostatectomy for biopsy proven prostate cancer after primary radiation treatment. Patient characteristics, intraoperative and perioperative data, and oncological and functional outcomes were assessed. RESULTS: A total of 18 patients were identified with a median followup of 18 months (range 4.5 to 40). Primary treatment was brachytherapy in 8 patients and external beam radiation in 8, while 2 underwent proton beam therapy. Median age at salvage robotic assisted laparoscopic radical prostatectomy was 67 years (range 53 to 76). Median preoperative prostate specific antigen was 6.8 ng/ml (range 1 to 28.9) and median time to surgery after primary treatment with radiation was 79 months (range 7 to 146). Median operative parameters for estimated blood loss, surgery length and hospital stay were 150 ml, 2.6 hours and 2 days, respectively. No patient required conversion to open surgery or a blood transfusion, or experienced a rectal injury. Perioperative complications occurred in 7 patients (39%) of which the most common was urine leak identified by postoperative cystogram. Five patients (28%) had a positive surgical margin. Although some patients had limited followup, 6 (33%) were continent and 67% were free of biochemical progression. CONCLUSIONS: Robotic assisted laparoscopic radical prostatectomy can be performed safely as salvage local therapy after failed radiation therapy. Outcomes are comparable to those of large series of open salvage prostatectomy.",J Urol,2010,183.0,133-7,doi: 10.1016/j.juro.2009.08.134,https://www.ncbi.nlm.nih.gov/pubmed/19913249,,negative,0,2010.0,0,0.014219405129551888,0
32093688,The efficacy and safety of radical prostatectomy and radiotherapy in high-risk prostate cancer: a systematic review and meta-analysis,Wang Z,"BACKGROUND: The optimal treatment for patients with high-risk prostate cancer (PCa) remains a debate and selection of patients to receive proper therapy is still an unsettled question. This systematic review was conducted to compare the effectiveness of prostatectomy (RP) and radiotherapy (RT) in patients with high-risk PCa and to select candidates for optimal treatment. METHODS: PubMed, EMBASE, and Cochrane Central Register of Controlled Trials were searched for eligible studies. We extracted hazard ratios (HRs) and 95% confidence interval (CI) of all included studies. The primary outcomes were overall survival (OS) and cancer-specific survival (CSS); the secondary outcomes were biochemical recurrence-free survival (BRFS), metastasis-free survival (MFS) and clinical recurrence-free survival (CRFS). The meta-analysis was performed using Review Manager 5.3. Subgroup analyses were conducted according to Gleason score (GS), T stage and RT types. Quality of life (QoL) was compared with these two treatments. RESULTS: A total of 25 studies were included in this meta-analysis. Overall, RP showed more survival benefits than RT on CSS (P = 0.003) and OS (P = 0.002); while RT was associated with better BRFS (P = 0.002) and MFS (P = 0.004). Subgroup analyses showed RT was associated with similar or even better survival outcomes compared to RP in patients with high GS, high T stage or received external beam radiotherapy plus brachytherapy (EBRT + BT). As for QoL, RP was associated with poorer urinary and sexual function but better performance in the bowel domain. CONCLUSION: RP could prolong the survival time of patients with high-risk PCa; however, RT could delay the disease progression, and combined RT (EBRT + BT) even brought preferable CSS and similar OS compared to RP. RT might be the prior choice for patients with high T stage or high GS. RP could lead to poorer urinary and sexual function, while bringing better performance in the bowel domain.",World J Surg Oncol,2020,24.0,,doi: 10.1186/s12957-020-01824-9,https://www.ncbi.nlm.nih.gov/pubmed/32093688,,negative,0,2020.0,0,0.014090854674577713,0
19467793,Natural history of clinically staged low- and intermediate-risk prostate cancer treated with monotherapeutic permanent interstitial brachytherapy.,Taira AV,"PURPOSE: To evaluate the natural history of clinically staged low- and intermediate-risk prostate cancer treated with permanent interstitial seed implants as monotherapy. METHODS AND MATERIALS: Between April 1995 and May 2005, 463 patients with clinically localized prostate cancer underwent brachytherapy as the sole definitive treatment. Men who received supplemental external beam radiotherapy or androgen deprivation therapy were excluded. Dosimetric implant quality was determined based on the minimum dose that covered 90% of the target volume and the volume of the prostate gland receiving 100% of the prescribed dose. Multiple parameters were evaluated as predictors of treatment outcomes. RESULTS: The 12-year biochemical progression-free survival (bPFS), cause-specific survival, and overall survival rates for the entire cohort were 97.1%, 99.7%, and 75.4%, respectively. Only pretreatment prostate-specific antigen level, percent positive biopsy cores, and minimum dose that covered 90% of the target volume were significant predictors of biochemical recurrence. The bPFS, cause-specific survival, and overall survival rates were 97.4%, 99.6%, and 76.2%, respectively, for low-risk patients and 96.4%, 100%, and 74.0%, respectively, for intermediate-risk patients. The bPFS rate was 98.8% for low-risk patients with high-quality implants versus 92.1% for those with less adequate implants (p < 0.01), and it was 98.3% for intermediate-risk patients with high-quality implants versus 86.4% for those with less adequate implants (p < 0.01). CONCLUSIONS: High-quality brachytherapy implants as monotherapy can provide excellent outcomes for men with clinically staged low- and intermediate-risk prostate cancer. For these men, a high-quality implant can achieve results comparable to high-quality surgery in the most favorable pathologically staged patient subgroups.",Int J Radiat Oncol Biol Phys,2010,76.0,349-54,10.1016/j.ijrobp.2009.02.021,https://www.ncbi.nlm.nih.gov/pubmed/19467793,LOW RISK,positive,1,,1,0.9821845293045044,1
26341039,Individualization of Adjuvant Therapy After Radical Prostatectomy for Clinically Localized Prostate Cancer: Current Status and Future Directions,Mitchell DL,"Radiation therapy indications in the postprostatectomy setting are evolving. Several retrospective series have identified a number of ""high-risk"" pathologic features associated with an elevated risk of disease recurrence after radical prostatectomy. More recently, several randomized phase III trials demonstrated superior biochemical relapse-free survival for adjuvant radiation therapy after prostatectomy for patients with these high-risk pathologic features, including positive margin status, extraprostatic extension, and/or seminal vesicle invasion. These series further suggested improvement in distant metastasis control and overall survival after 15 years. However, not all patients with high-risk features experience disease recurrence after surgery alone, and some subsets of patients experience suboptimal disease control and survival despite immediate postoperative radiotherapy. Furthermore, some patients without high-risk features will develop recurrence. The present review discusses the current data and potential future directions to improve individualization of therapy after prostatectomy.",Clin Genitourin Cancer,2016,14.0,12-21,doi: 10.1016/j.clgc.2015.07.022. Epub 2015 Aug 6,https://www.ncbi.nlm.nih.gov/pubmed/26341039,,negative,0,2015.0,0,0.014022152870893478,0
29225057,Comparison of Pathological and Oncologic Outcomes of Favorable Risk Gleason Score 3 + 4 and Low Risk Gleason Score 6 Prostate Cancer: Considerations for Active Surveillance.,Gearman DJ,"PURPOSE: Recent NCCN<sup>®</sup> (National Comprehensive Cancer Network®) Guidelines® show that patients with biopsy Gleason score 3 + 4/Grade Group 2 but otherwise favorable features are active surveillance candidates. However, little is known about the long-term outcomes compared to that in men in the low risk Gleason score 6/Grade Group 1 group. We sought to clarify the risk of adverse features and oncologic outcomes in surgically treated, favorable Grade Group 2 vs 1 cases. MATERIALS AND METHODS: We queried our prospectively maintained radical prostatectomy database for all 8,095 patients with biopsy Grade Group 1 or 2 prostate cancer who otherwise fulfilled the NCCN low risk definition of prostate specific antigen less than 10 ng/ml and cT2a or less, and who underwent radical prostatectomy from 1987 to 2014. Multivariable logistic regression and Kaplan-Meier methods were used to compare pathological and oncologic outcomes. RESULTS: Organ confined disease was present in 93.9% and 82.6% of Grade Group 1 and favorable intermediate risk Grade Group 2 cases while seminal vesicle invasion was noted in 1.7% and 4.7%, and nodal disease was noted in 0.3% and 1.8%, respectively (all p <0.0001). On multivariable logistic regression biopsy proven Grade Group 2 disease was associated with a threefold greater risk of nonorgan confined disease (OR 3.1, 95% CI 1.7-5.7, p <0.001). The incidence of late treatment (more than 90 days from surgery) in Grade Group 1 vs 2 was 3.1% vs 8.5% for hormonal therapy and 6.0% vs 12.2% for radiation (p <0.001). In the Grade Group 1 vs 2 cohorts the 10-year biochemical recurrence-free survival rate was 88.9% vs 81.2% and the 10-year systemic progression-free survival rate was 99% vs 96.5% (each p <0.001). CONCLUSIONS: Men at favorable risk with Grade Group 2 disease who are considering active surveillance should be informed of the risks of harboring adverse pathological features which impact secondary therapies and an increased risk of cancer progression.",J Urol,2018,199.0,1188-1195,10.1016/j.juro.2017.11.116,https://www.ncbi.nlm.nih.gov/pubmed/29225057,,positive,1,,1,0.9821628928184509,1
21783233,Radical prostatectomy for high-risk prostate cancer defined by preoperative criteria: oncologic follow-up in national multicenter study in 813 patients and assessment of easy-to-use prognostic substratification.,Ploussard G,"OBJECTIVE: To estimate the effect of predictive factors for oncologic outcomes after radical prostatectomy (RP) for high-risk prostate cancer (PCa). METHODS: A total of 813 patients underwent RP for high-risk PCa in a national retrospective multi-institutional study. High-risk PCa was defined as follows: prostate-specific antigen (PSA) level>20 ng/mL, Gleason score 8-10, and/or clinical Stage T2c-T4 disease. The preoperative criteria of high-risk PCa were studied in a logistic regression model to assess the correlations with the pathologic findings in the RP specimens. The predictive factors isolated or combined in scores were assessed by Cox multivariate and Kaplan-Meier analyses in predicting PSA failure (recurrence-free survival [RFS]) and overall survival (OS). RESULTS: The median follow-up was 64 months. Organ-confined disease was reported in 36.5%. The 5-year RFS, metastasis-free survival, and OS rate was 74.1%, 96.1%, and 98.6%, respectively. Each preoperative criteria of high-risk PCa was an independent predictor of PSA failure. The PSA failure risk was increased by 1.5- and 2.8-fold in men with 2 and 3 criteria, respectively. The RFS, but not the OS, was significantly different according to the preoperative score (P<.001). The postoperative score was significantly predictive for RFS and OS (P<.001 and P<.035, respectively). The risk of PSA failure was significantly increased with an increasing postoperative score (2-4.6-fold). CONCLUSION: National data support evidence that RP can result in encouraging midterm oncologic outcomes for the management of high-risk PCa. At 5 years after surgery, 75% of patients remain disease free. Our easy-to-use risk stratification might help clinicians to better predict the clinical and PSA outcomes of high-risk patients after surgery.",Urology,2011,78.0,607-13,10.1016/j.urology.2011.05.021,https://www.ncbi.nlm.nih.gov/pubmed/21783233,HIGH RISK,positive,1,,1,0.9822200536727905,1
32006609,MRI-Guided Ultrafocal Salvage High-Dose-Rate Brachytherapy for Localized Radiorecurrent Prostate Cancer: Updated Results of 50 Patients,van Son MJ,"PURPOSE: Most patients with local prostate cancer recurrence after radiation therapy undergo palliative androgen deprivation therapy because whole-gland salvage treatments have a high risk of severe toxicity. Focal treatment reduces this risk while offering a second opportunity for cure. We report updated outcomes of ultrafocal salvage high-dose-rate brachytherapy (HDR-BT). METHODS AND MATERIALS: Prospectively collected data from the first 50 treated patients were analyzed. Disease status was assessed by 3T multiparametric magnetic resonance imaging (MRI), 18F-Choline or 68Ga-prostate-specific membrane antigen positron emission tomography/computed tomography, and systematic or tumor-targeted biopsies. Ultrafocal salvage HDR-BT (1 × 19 Gy) was performed by implanting the clinical target volume (CTV: gross tumor volume + 5 mm margin) under fused transrectal ultrasound/MRI guidance. Follow-up included toxicity grading (using Common Terminology Criteria for Adverse Events 4.0), quality of life assessment, and prostate-specific antigen (PSA) testing. RESULTS: Median follow-up was 31 months. Median CTV D95% was 18.8 Gy. We observed 2% grade 3 genitourinary toxicity, no grade 3 gastrointestinal toxicity, and 22% newly developed grade 3 erectile dysfunction. Five of 13 patients (38%) with self-reported pretreatment potency (International Index of Erectile Function >17) remained potent. Clinically relevant quality of life deterioration was reported for only 6 of 31 items and was not statistically significant. Biochemical failure (nadir + 2) occurred in 26 patients. Among intraprostatic recurrences, 73% were in field. After 2.5 years, biochemical disease-free survival was 51% (95% confidence interval, 37%-69%), metastases-free survival was 75% (64%-89%), androgen deprivation therapy-free survival was 90% (82%-99%), and overall survival was 98% (94%-100%). Presalvage PSA, CTV size, and stage ≥T3 were significantly associated with biochemical failure. Higher-risk patients (stage ≥T3, PSA ≥10, or PSA double time ≤9 months) had 25% biochemical disease-free survival at 2.5 years versus 71% for lower-risk patients. CONCLUSIONS: At this early stage, MRI-guided ultrafocal HDR-BT seems to be a safe salvage treatment option, with acceptable biochemical control in a well-selected group of patients and potential for effectively postponing androgen deprivation therapy.",Int J Radiat Oncol Biol Phys,2020,1.0,,doi: 10.1016/j.ijrobp.2020.01.023. Epub 2020 Jan 30,https://www.ncbi.nlm.nih.gov/pubmed/32006609,,negative,0,2020.0,0,0.014014962129294872,0
17437819,Adjuvant weekly docetaxel for patients with high risk prostate cancer after radical prostatectomy: a multi-institutional pilot study.,Kibel AS,"PURPOSE: Patients with adverse pathological features are at high risk for recurrence following radical prostatectomy. To improve outcomes in this population we performed a phase II study of adjuvant docetaxel in these high risk patients. MATERIALS AND METHODS: Patients with nonmetastatic radical prostatectomy at greater than 50% risk for recurrence by 3 years were eligible. Pathological findings were centrally reviewed and risk assessment was based on a validated multivariate Cox proportional hazards model. Treatment consisted of 6 cycles of 35 mg/m(2) docetaxel weekly given 4 to 12 weeks following surgery. Progression was defined as a prostate specific antigen of 0.4 ng/ml or greater, radiological/pathological evidence of recurrent disease or death from any cause. To screen for the potential benefit of adjuvant weekly docetaxel we used nomogram predicted progression-free survival as a historical control. RESULTS: A total of 77 patients were registered between April 2002 and January 2004. Two patients had grade IV hyperglycemia and 20 had grade III toxicity. At a median followup of 29.2 months (range 1.6 to 39.2) 46 of 76 evaluable cases (60.5%) progressed. Observed median progression-free survival was 15.7 months (95% CI 12.8-25.1). Predicted median progression-free survival in a matched population was 10 months. Seven patients died, including 4 of prostate cancer, 1 with intra-abdominal bleeding during treatment and 2 of pneumonia and sudden cardiac death, respectively, following treatment. CONCLUSIONS: Adjuvant docetaxel for prostate cancer is feasible with significant reversible but acceptable toxicity. The actual median progression-free survival of 15.7 months was longer than the nomogram predicted rate for this patient population. Adjuvant docetaxel treatment should be further evaluated in phase III trials in patients with high risk prostate cancer.",J Urol,2007,177.0,1777-81,10.1016/j.juro.2007.01.028,https://www.ncbi.nlm.nih.gov/pubmed/17437819,,positive,1,,1,0.9821293950080872,1
15629591,Impact of supplemental external beam radiotherapy and/or androgen deprivation therapy on biochemical outcome after permanent prostate brachytherapy.,Merrick GS,"PURPOSE: To evaluate the impact of supplemental external beam radiotherapy (EBRT) and/or androgen deprivation therapy (ADT) on 8-year biochemical outcome after permanent prostate brachytherapy. METHODS AND MATERIALS: Between April 1995 and January 2001, 668 consecutive patients underwent brachytherapy using either (103)Pd or (125)I for clinical Stage T1b-T3aNxM0 (2002 American Joint Committee on Cancer) adenocarcinoma of the prostate gland. No patient underwent seminal vesicle biopsy or pathologic lymph node staging. The median follow-up was 58.6 months. Biochemical progression-free survival was defined by the American Society for Therapeutic Radiology and Oncology consensus definition. The clinical, treatment, and dosimetric parameters evaluated for biochemical progression-free survival included supplemental EBRT, ADT, patient age, clinical stage, Gleason score, preimplant prostate specific antigen (PSA), risk group, percentage of positive biopsies, isotope used, prostate volume, planning volume, percentage of target volume receiving 100%, 150%, and 200% of prescribed dose, minimal percentage of dose covering 90% of target volume, tobacco status, hypertension, and diabetes. RESULTS: For the entire group, the actuarial 8-year biochemical progression-free survival rate was 98.2%, 98.4%, and 88.2% for low-, intermediate-, and high-risk patients, respectively, with a median PSA level of <0.1 ng/mL for all risk groups and ADT and EBRT subgroups. At last follow-up, only 5 patients (0.8%) had died of metastatic prostate cancer. In multivariate analysis, Gleason score, percentage of positive biopsies, and ADT predicted for biochemical outcome in high-risk patients. In low- and intermediate-risk patients, none of the evaluated variables predicted for biochemical outcome. For the entire population, pretreatment PSA level, Gleason score, ADT, and clinical stage predicted for 8-year biochemical progression-free survival, with the percentage of positive biopsies approaching statistical significance. CONCLUSION: Prostate brachytherapy results in a high probability of 8-year biochemical progression-free survival for low-, intermediate-, and high-risk patients. Although the role of supplemental EBRT could not be adequately evaluated in high-risk patients, it did not improve biochemical outcome in low- and intermediate-risk patients. However, ADT resulted in a statistically significant improvement in progression-free survival for high-risk patients.",Int J Radiat Oncol Biol Phys,2005,61.0,32-43,10.1016/j.ijrobp.2004.05.003,https://www.ncbi.nlm.nih.gov/pubmed/15629591,HIGH RISK,positive,1,,1,0.982183575630188,1
25874174,Clinical and biochemical outcomes of men undergoing radical prostatectomy or radiation therapy for localized prostate cancer.,Schreiber D,"PURPOSE: We analyzed outcomes of patients with prostate cancer undergoing either radical retropubic prostatectomy (RRP) +/- salvage radiation or definitive radiation therapy (RT) +/- androgen deprivation. MATERIALS AND METHODS: From 2003-2010 there were 251 patients who underwent RRP and 469 patients who received RT (≥7,560 cGy) for prostate cancer. Kaplan-Meier analysis was performed with the log-rank test to compare biochemical control (bCR), distant metastatic-free survival (DMPFS), and prostate cancer-specific survival (PCSS) between the two groups. RESULTS: The median follow-up was 70 months and 61.3% of the men were African American. For low risk disease the 6-year bCR were 90.3% for RT and 85.6% for RRP (p = 0.23) and the 6-year post-salvage bCR were 90.3% vs. 90.9%, respectively (p = 0.84). For intermediate risk disease the 6-year bCR were 82.6% for RT and 59.7% for RRP (p < 0.001) and 82.6% vs. 74.0%, respectively, after including those salvaged with RT (p = 0.06). For high risk disease, the 6-year bCR were 67.4% for RT and 41.3% for RRP (p < 0.001) and after including those salvaged with RT was 67.4% vs. 43.1%, respectively (p < 0.001). However, there were no significant differences between the two groups in regards to DMPFS or PCSS. CONCLUSION: Treatment approaches utilizing RRP +/- salvage radiation or RT +/- androgen deprivation yielded equivalent DMPFS and PCSS outcomes. Biochemical control rates, using their respective definitions, appeared equivalent or better in those who received treatment with RT.",Radiat Oncol J,2015,33.0,21-8,10.3857/roj.2015.33.1.21,https://www.ncbi.nlm.nih.gov/pubmed/25874174,,positive,1,,1,0.9822156429290771,1
16278474,Parameters for treatment decisions for salvage radiation therapy,Hayes SB,"Radical prostatectomy (RP) is the most common primary treatment for prostate cancer. About 40% of those with high-risk pathologic features, such as a positive margin or seminal vesicle involvement, will develop biochemical failure at some point in the future. Radiotherapy (RT), with or without concurrent androgen deprivation, has been used liberally in the management of men with a rising prostate-specific antigen (PSA) after RP, based mostly on relatively small retrospective series. Factors such as the prostatectomy Gleason score, seminal vesicle invasion, absolute pre-RT PSA level, and pre-RT PSA doubling time are emerging as important determinants of outcome after RT. These factors should be used as a guide to the options of local therapy alone (RT), local therapy plus systemic therapy (typically androgen deprivation therapy), and systemic therapy alone.",J Clin Oncol,2005,10.0,,doi: 10.1200/JCO.2005.03.1575,https://www.ncbi.nlm.nih.gov/pubmed/16278474,,negative,0,2005.0,0,0.014335344545543194,0
16216365,192Ir or 125I prostate brachytherapy as a boost to external beam radiotherapy in locally advanced prostatic cancer: a dosimetric point of view,Nickers P,"PURPOSE: This work aims at comparing the dosimetric possibilities of 125I or 192Ir prostate brachytherapy (Bt) as a boost to external beam radiotherapy in the treatment of locally advanced adenocarcinoma. METHODS AND MATERIALS: From 1/1997 to 12/2002, 260 patients were treated. Until 12/2001 a low dose rate (LDR) treatment with 192Ir wires was used, later replaced by a high dose rate (HDR) delivered with an 192Ir stepping source technology. For the present work, we selected 40 patients including the last 20 treated, respectively, by LDR and HDR. The planning CT Scans of all these 40 patients were transferred into the 3D Prowess system for 125I permanent implants design according to the Seattle method. The reference data for dosimetric comparisons were the V100 and the prescribed dose for 192Ir as well as the dose delivered with 125I techniques to the 192Ir V100. We compared V100-150 data as well as doses to the organs at risks (OR) and cold spots (CS). RESULTS: The V100 is 85.3+/-8% for 192Ir LDR and 96+/-2% for HDR techniques (P < 0.0001). In comparison with 125I, the 192Ir LDR mode induces higher hyperdosage volumes inside the CTV but also more CS, while maximal doses to urethra and rectum are, respectively, 17 and 39% less with 125I (P < 0.0001). In comparison with the 192Ir HDR mode, 125I Bt induces higher hyperdosage volumes and slightly more CS deliberately planned around the bladder neck. If delivered doses to urethra are identical, those to the 20% anterior part of the rectum are 33% less with 125I (P < 0,0001). The 125I Bt technique was only possible in 24 out of the 40 patients studied due to pelvic bone arch interference. CONCLUSIONS: At the present time, there is no evident dosimetric superiority of one Bt method when all the criteria are taken into account. However, improving Bt techniques to implant any prostatic size could found the superiority of the 125I or permanent implants. 125I indeed allows large hyperdosage volumes inside the CTV in comparison with 192Ir HDR techniques while lowering doses to OR and minimizing CS.",Radiother Oncol,2006,78.0,47-52,doi: 10.1016/j.radonc.2005.09.002. Epub 2005 Oct 10,https://www.ncbi.nlm.nih.gov/pubmed/16216365,,negative,0,2005.0,0,0.014098155312240124,0
32398040,PEACE V - Salvage Treatment of OligoRecurrent nodal prostate cancer Metastases (STORM): a study protocol for a randomized controlled phase II trial,De Bruycker A,"BACKGROUND: Pelvic nodal recurrences are being increasingly diagnosed with the introduction of new molecular imaging techniques, like choline and PSMA PET-CT, in the restaging of recurrent prostate cancer (PCa). At this moment, there are no specific treatment recommendations for patients with limited nodal recurrences and different locoregional treatment approaches are currently being used, mostly by means of metastasis-directed therapies (MDT): salvage lymph node dissection (sLND) or stereotactic body radiotherapy (SBRT). Since the majority of patients treated with MDT relapse within 2 years in adjacent lymph node regions, with an estimated median time to progression of 12-18 months, combining MDT with whole pelvic radiotherapy (WPRT) may improve oncological outcomes in these patients. The aim of this prospective multicentre randomized controlled phase II trial is to assess the impact of the addition of WPRT to MDT and short-term androgen deprivation therapy (ADT) on metastasis-free survival (MFS) in the setting of oligorecurrent pelvic nodal recurrence. METHODS & DESIGN: Patients diagnosed with PET-detected pelvic nodal oligorecurrence (≤5 nodes) following radical local treatment for PCa, will be randomized in a 1:1 ratio between arm A: MDT and 6 months of ADT, or arm B: WPRT added to MDT and 6 months of ADT. Patients will be stratified by type of PET-tracer (choline, FACBC or PSMA) and by type of MDT (sLND or SBRT). The primary endpoint is MFS and the secondary endpoints include clinical and biochemical progression-free survival (PFS), prostate cancer specific survival, quality of life (QoL), toxicity and time to castration-resistant prostate cancer (CRPC) and to palliative ADT. Estimated study completion: December 31, 2023. DISCUSSION: This is the first prospective multicentre randomized phase II trial assessing the potential of combined WPRT and MDT as compared to MDT alone on MFS for patients with nodal oligorecurrent PCa. TRIAL REGISTRATION: ClinicalTrials.gov Identifier: NCT03569241, registered June 14, 2018, ; Identifier on Swiss National Clinical Trials Portal (SNCTP): SNCTP000002947, registered June 14, 2018.",BMC Cancer,2020,12.0,,doi: 10.1186/s12885-020-06911-4,https://www.ncbi.nlm.nih.gov/pubmed/32398040,,negative,0,2020.0,0,0.014115829952061176,0
26408674,Hypofractionated Radiotherapy for Localized Prostate Cancer: A Challenging Accelerated Hypofractionated Radiotherapy,Yamazaki H,"Conventionally fractionated (CF) external-beam radiation therapy (1.8-2.0 Gy/fraction) is an established treatment modality for localized prostate cancer. Emerging evidence suggests that the α/β ratio for prostate cancer is as low as 1.5, which has prompted investigators to explore hypofractionated (HF) radiation therapy. We reviewed the current status of hypofractionation and found that the accumulated outcomes reveal that dose escalation by moderate (2.5-4 Gy/fraction) hypofractionation (mHF) results in a better early biochemical outcome with acceptable complication rates, although there exist no marked advantages, other than the convenience of short treatment periods. Recently, hypofractionated external-beam radiotherapy has been challenged by accelerated hypofractionation (AHF), i.e., stereotactic body irradiation, particle therapy, and a high-dose-rate brachytherapy, using 5-10 Gy/fraction with a precise dose distribution and shorter treatment periods. Five-year biochemical control rates improved to >90%, even for high-risk groups, with a higher dose delivery using a safer technology. The overall survival rate reached nearly 100% at 5 years and was unaffected by prostate cancer, particularly in patients aged >80 years. Therefore, if maintaining the quality of life is the main purpose, short-term treatment is an attractive option from the socioeconomic perspective. Furthermore, CF and mHF regimens use equivalent doses at 2 Gy per fraction (EQD2) of 62-84 Gy, whereas AHF uses a higher EQD2 of 85 to 135 Gy if an α/β ratio of 1.5 is applied. In the preliminary phase, AHF has theoretical advantages that not only reduce the treatment period but also potentially improve BC, particularly in high-risk groups using a higher EQD2.",Anticancer Res,2015,35.0,5167-77,,https://www.ncbi.nlm.nih.gov/pubmed/26408674,,negative,0,2015.0,0,0.014098023064434528,0
30460935,Outcomes of men aged ≤50 years treated with radical prostatectomy: a retrospective analysis.,Song B,"Previous studies investigating prostate cancer (PCa) features in younger men have reported conflicting findings. This study aimed to investigate pathologic outcomes and biochemical recurrence (BCR) status in younger men who underwent radical prostatectomy (RP) for PCa. Records of 2057 patients who underwent RP at Seoul National University Bundang Hospital (Seongnam, Korea) between 2006 and 2015 were reviewed; patients were divided according to age into the younger and older groups (men aged ≤50 and >50 years, respectively). Postoperative BCR status and functional outcomes and clinicopathologic features were compared between both groups. All analyses were repeated after propensity score matching. Younger men were more likely to have low-risk disease (P < 0.001), lower pathologic Gleason score (P < 0.001) and pathologic stages (P < 0.001) than older men. The pathologic Gleason score (P = 0.002) and rates of extracapsular extension (P = 0.004) were lower in younger men after propensity score matching. In multivariate analysis, age at RP was not an independent predictor of BCR-free survival after RP (P = 0.669). Moreover, at 1 year after RP, younger men with preoperative 5-item International Index of Erectile Function score ≥22 (n = 228) showed more favorable results for urinary continence (defined as nonuse of pads daily) (99.4% vs 95%, P = 0.009) and erections sufficient for vaginal intercourse (81.8% vs 55.5%, P = 0.001). Younger men had more favorable clinicopathologic features at RP than their older counterparts. Although age was not an independent predictor of BCR status outcome, younger men had better functional outcomes following RP.",Asian J Androl,2019,21.0,150-155,10.4103/aja.aja_92_18,https://www.ncbi.nlm.nih.gov/pubmed/30460935,,positive,1,,1,0.9820563197135925,1
17162020,High dose rate brachytherapy as a boost for the treatment of localized prostate cancer.,Phan TP,"PURPOSE: We report the outcome and toxicities of high dose rate brachytherapy as a boost for localized prostate cancer. MATERIALS AND METHODS: Between 1996 and 2003, 309 patients with prostate carcinoma were treated with external beam radiation therapy and high dose rate brachytherapy. Furthermore, 36% of the patients received neoadjuvant/concurrent or adjuvant androgen deprivation therapy. Patients were stratified into 3 groups. Group 1 of 67 patients had Gleason score 6 or less, pretreatment prostate specific antigen 10 ng/ml or less and clinical stage T2a or less. Group 2 of 109 patients had Gleason score 7 or greater, pretreatment prostate specific antigen greater than 10 ng/ml and clinical stage T2b or greater. Group 3 of 133 patients had 2 or more of these higher risk factors. RESULTS: At a median followup of 59 months the 5-year biochemical control rate, as defined by the American Society for Therapeutic Radiation and Oncology, was 86%, cause specific survival was 98% and overall survival was 91%. Biochemical control in stratified groups 1 to 3 was 98%, 90% and 78%, respectively. On univariate analysis risk group, pretreatment prostate specific antigen and Gleason score were significant predictors of biochemical control. However, on multivariate analysis only risk group and pretreatment prostate specific antigen were significant. Using the Common Toxicity Criteria scale there were 2 cases of grade 3 acute urinary toxicity. Regarding late side effects 4% of patients had grade 3 genitourinary toxicity and 1 had a grade 4 rectal complication. CONCLUSIONS: External beam radiation therapy and high dose rate brachytherapy for prostate cancer resulted in excellent biochemical control, cause specific survival and overall survival with minimal severe acute or late complications.",J Urol,2007,177.0,123-7; discussion 127,10.1016/j.juro.2006.08.109,https://www.ncbi.nlm.nih.gov/pubmed/17162020,INTERMEDIATE RISK,positive,1,,1,0.9821610450744629,1
20201830,Relationship between prostate cancer mortality and number of unfavourable risk factors in men treated with definitive brachytherapy,Taira AV,"OBJECTIVE: To explore whether the number of unfavourable pretreatment risk factors predicts cause-specific mortality in men treated with prostate brachytherapy. PATIENTS AND METHODS: Between April 1995 and March 2006, 739 patients were treated who had at least one of the following adverse risk factors: pretreatment prostate-specific antigen (PSA) level of >10 ng/mL, a Gleason score of > or =7, clinical stage > or =T2b, or a PSA velocity (PSAV) of >2 ng/mL/year. Supplemental external beam radiotherapy (EBRT) was delivered to 464 (62.8%) men and 301 (40.7%) received androgen deprivation therapy (ADT). Of men with more than two risk factors, 87% received EBRT and 62% received ADT. RESULTS: The biochemical progression-free survival (bPFS), cause-specific survival (CSS) and overall survival for all patients were 95.0%, 97.9% and 70.0% at 12 years. Men with three or four risk factors had a prostate cancer-specific mortality (PCSM) at 12 years of 5.3%, vs 1.7% for men with one or two risk factors (P= 0.006). When 'percentage of positive biopsy cores >50%' replaced PSAV as a risk factor, men with two or more risk factors had a PCSM of 8.9%, vs 1.0% for men with one or two risk factors (P= 0.001). There was no difference in all-cause mortality between the groups in either analysis. CONCLUSION: Multimodal brachytherapy results in high rates of bPFS and CSS, even for men with several unfavourable risk factors. Men with two or more unfavourable risk factors had a slightly greater risk of PCSM and no difference in all-cause mortality. The presence of three or four unfavourable intermediate-risk factors does not appear to clearly identify a group that requires further treatment intensification, although the percentage of positive cores might be more predictive than PSAV.",BJU Int,2010,106.0,809-14,doi: 10.1111/j.1464-410X.2010.09269.x. Epub 2010 Mar 1,https://www.ncbi.nlm.nih.gov/pubmed/20201830,,negative,0,2010.0,0,0.013993589207530022,0
20100637,Management of prostate cancer recurrence after definitive radiation therapy,Boukaram C,"The management of prostate cancer (PC) recurrence after definitive radiation therapy (RT) is shifting and there is no consensus regarding the optimal strategy. The major challenge is determining the anatomical site of relapse. In case of biochemical relapse (BR), androgen deprivation therapy (ADT) is a non-curative option commonly used, while patients with a local PC recurrence could be managed through a curative intent. Based on a Pubmed data search, this manuscript focused on the management of post-RT local PC recurrences. In case of BR (nadir+2 ng/ml), classical imaging work-up is not contributive for PSA levels <10 ng/ml while new imaging investigations (diffusion MRI, 11C-choline PET) are more sensitive to detect local and distant recurrences at lower PSA levels. Positive prostate biopsies are the only method for confirming local recurrence, although this technique presents limitations. Primary PC presentation as well as PSA-related features (interval to failure, PSA kinetic) and patient features (life expectancy, urinary, sexual status) are important to consider. Results of curative salvage options (radical prostatectomy, cryotherapy, brachytherapy and high-intensity focused ultrasound-HIFU) are analyzed and discussed. Each of these therapies appears feasible and has its own set of experience and toxicity profile. Other therapeutic options (photodynamic therapy, ADT, observation) are discussed. Longer follow-up and mature series are needed to evaluate the optimal strategy and prospective trials are warranted. Each clinical situation should be discussed in a multidisciplinary setting. Different options should be explained to the patient and decision should be taken after balancing treatment outcomes with life expectancy.",Cancer Treat Rev,2010,36.0,91-100,doi: 10.1016/j.ctrv.2009.06.006. Epub 2010 Jan 25,https://www.ncbi.nlm.nih.gov/pubmed/20100637,,negative,0,2010.0,0,0.014147073961794376,0
30452521,Surgery vs Radiotherapy in the Management of Biopsy Gleason Score 9-10 Prostate Cancer and the Risk of Mortality.,Tilki D,"IMPORTANCE: It is unknown how treatment with radical prostatectomy (RP) and adjuvant external beam radiotherapy (EBRT), androgen deprivation therapy (ADT), or both (termed MaxRP) compares with treatment with EBRT, brachytherapy, and ADT (termed MaxRT). OBJECTIVE: To investigate whether treatment of Gleason score 9-10 prostate cancer with MaxRP vs MaxRT was associated with prostate cancer-specific mortality (PCSM) and all-cause mortality (ACM) risk. DESIGN, SETTING, AND PARTICIPANTS: The study cohort comprised 639 men with clinical T1-4,N0M0 biopsy Gleason score 9-10 prostate cancer. Between February 6, 1992, and April 26, 2013, a total of 80 men were consecutively treated with MaxRT at the Chicago Prostate Cancer Center, and 559 men were consecutively treated with RP and pelvic lymph node dissection at the Martini-Klinik Prostate Cancer Center. Follow-up started on the day of prostate EBRT or RP and concluded on October 27, 2017. EXPOSURES: Of the 559 men managed with RP and pelvic lymph node dissection, 88 (15.7%) received adjuvant EBRT, 49 (8.8%) received ADT, and 50 (8.9%) received both. MAIN OUTCOMES AND MEASURES: Treatment propensity score-adjusted risk of PCSM and ACM and the likelihood of equivalence of these risks between treatments using a plausibility index. RESULTS: The cohort included 639 men, with a mean (SD) age of 65.83 (6.52) years. After median follow-ups of 5.51 years (interquartile range, 2.19-6.95 years) among 80 men treated with MaxRT and 4.78 years (interquartile range, 4.01-6.05 years) among 559 men treated with RP-containing treatments, 161 men had died, 106 (65.8%) from prostate cancer. There was no significant difference in the risk of PCSM (adjusted hazard ratio, 1.33; 95% CI, 0.49-3.64; P = .58) and ACM (adjusted hazard ratio, 0.80; 95% CI, 0.36-1.81; P = .60) when comparing men who underwent MaxRP vs MaxRT, with plausibility indexes for equivalence of 76.75% for the end point of the risk of PCSM and 77.97% for the end point of the risk of ACM. Plausibility indexes for all other treatment comparisons were less than 63%. CONCLUSIONS AND RELEVANCE: Results of this study suggest that it is plausible that treatment with MaxRP or MaxRT for men with biopsy Gleason score 9-10 prostate cancer can lead to equivalent risk of PCSM and ACM.",JAMA Oncol,2019,5.0,213-220,10.1001/jamaoncol.2018.4836,https://www.ncbi.nlm.nih.gov/pubmed/30452521,,positive,1,,1,0.9820523858070374,1
20005453,Outcomes following iodine-125 monotherapy for localized prostate cancer: the results of leeds 10-year single-center brachytherapy experience,Henry AM,"PURPOSE: This study reports the 10-year experience of permanent brachytherapy monotherapy at a single UK center. METHODS AND MATERIALS: Between March 1995 and September 2004, 1,298 patients underwent trans-rectal ultrasound (TRUS) planned transperineal brachytherapy delivering 145 Gy using I-125. No patient received supplemental external beam; 44.2% received neoadjuvant hormones. In 688, CT postimplant dosimetry was available. Outcome data were analyzed in terms of overall survival (OS), disease specific survival (DSS), and PSA relapse-free survival (PSA-RFS). RESULTS: The mean age was 62.9 (range, 34-83) years. Median follow-up was 4.9 years (range, 2.03-11.7 years). OS and DSS were 85% and 95%, respectively, at 10 years. Twenty-one patients died from prostate cancer (1.6%) and 34 (2.5%) from unrelated causes. Seventy-four (5.7%) developed evidence of clinical failure. Overall PSA-RFS was 79.9% and 72.1% at 10 years (American Society for Therapeutic Radiology and Oncology [ASTRO] and Nadir+2 definitions, respectively). Higher presenting PSA or Gleason score and use of neoadjuvant hormones were associated with an increased risk of biochemical failure (p <0.01). Biochemical control was achieved in 86.4%, 76.7%, and 60.6% (ASTRO) and 72.3%, 73.5%, and 57.6% (Nadir+2) of patients in low-, intermediate-, and high-risk groups, respectively. Biochemical control was achieved in 88% of patients with D(90) > or =140 Gy and in 78% of patients with D(90) <140 Gy (p <0.01). CONCLUSIONS: I-125 brachytherapy alone achieved excellent rates of medium-term biochemical control in both low- and selected intermediate-risk localized prostate cancer patients. Postimplant dosimetry improved with experience and longer follow-up, confirming the relationship of D(90) with biochemical control.",Int J Radiat Oncol Biol Phys,2010,1.0,,doi: 10.1016/j.ijrobp.2009.01.050,https://www.ncbi.nlm.nih.gov/pubmed/20005453,,negative,0,2010.0,0,0.01395006850361824,0
25711672,Salvage radical prostatectomy for recurrent prostate cancer: verification of European Association of Urology guideline criteria,Mandel P,"OBJECTIVE: To analyse oncological and functional outcomes of salvage radical prostatectomy (SRP) in patients with recurrent prostate cancer and to compare outcomes of patients within and outside the European Association of Urology (EAU) guideline criteria (organ-confined prostate cancer ≤T2b, Gleason score ≤7 and preoperative PSA level <10 ng/mL) for SRP. PATIENTS AND METHODS: In all, 55 patients who underwent SRP from January 2007 to December 2012 were retrospectively analysed. Kaplan-Meier curves assessed time to biochemical recurrence (BCR), metastasis-free survival (MFS) and cancer-specific survival. Cox regressions addressed factors influencing BCR and MFS. BCR was defined as a PSA level of >0.2 ng/mL and rising, continence as the use of 0-1 safety pad/day, and potency as a five-item version of the International Index of Erectile Function score of ≥18. RESULTS: The median follow-up was 36 months. After SRP, 42.0% of the patients experienced BCR, 15.9% developed metastasis, and 5.5% died from prostate cancer. Patients fulfilling the EAU guideline criteria were less likely to have positive lymph nodes (LNs) and had significantly better BCR-free survival (5-year BCR-free survival 73.9% vs 11.6%; P = 0.001). In multivariate analysis, low-dose-rate brachytherapy as primary treatment (P = 0.03) and presence of positive LNs at SRP (P = 0.02) were significantly associated with worse BCR-free survival. The presence of positive LNs or Gleason score >7 at SRP were independently associated with metastasis. The urinary continence rate at 1 year after SRP was 74%. Seven patients (12.7%) had complications ≥III (Clavien grade). CONCLUSION: SRP is a safe procedure providing good cancer control and reasonable urinary continence. Oncological outcomes are significantly better in patients who met the EAU guideline recommendations.",BJU Int,2016,117.0,55-61,doi: 10.1111/bju.13103. Epub 2015 May 11,https://www.ncbi.nlm.nih.gov/pubmed/25711672,,negative,0,2015.0,0,0.014210068620741367,0
29496280,Two decades of high dose rate brachytherapy with external beam radiotherapy for prostate cancer.,Åström L,"BACKGROUND: High-dose-rate brachytherapy (HDR-BT) has optimal prerequisites in radiotherapy of prostate cancer (PC) with a conformal dose distribution and high doses per fraction giving a biological dose escalation. We report the outcome after HDR-BT and external beam radiotherapy (EBRT) after 20 years of experience. MATERIAL AND METHODS: The study includes 623 patients, median age of 66 years, treated from 1995 to 2008 and a median follow up of 11 years (range 2-266 months). Androgen deprivation therapy was given to 429 patients (69%). The HDR-BT was given with two 10 Gy fractions and the EBRT with 2 Gy fractions to 50 Gy. RESULTS: The 10-year PC-specific survival was 100%, 92%, 91%, and 75% for low-, intermediate-, high- and very high-risk patients respectively, and the 10-year probability of PSA relapse was 0%, 21%, 33%, and 65% respectively. The 10-year actuarial prevalence for ≥grade 2 GU- and GI-toxicities were 28% and 12% respectively and for ≥grade 3, 4% and 1% respectively. Urethral stricture was the most frequent GU complication with a 10-year actuarial incidence of 10%. Treatment without dose constraints for the urethra conferred a higher incidence 18%, compared to 5% after 2003 (p < 0.001). Sixteen patients experienced grade 4 GU toxicity, of which 13 were treated before 2003. No grade 4 rectal toxicity was seen. CONCLUSION: The combination of EBRT and HDR-BT with adequate dose constraints to risk organs provides satisfactory long-term tumour control even in high-risk patients. GI toxicity stabilised but GU toxicity progressed during the 10-year follow up.",Radiother Oncol,2018,127.0,81-87,10.1016/j.radonc.2017.12.025,https://www.ncbi.nlm.nih.gov/pubmed/29496280,,positive,1,,1,0.9821889996528625,1
32034540,The effect of age on cancer-specific mortality in patients with prostate cancer: a population-based study across all stages,Knipper S,"PURPOSE: To test the effect of age on cancer-specific mortality (CSM) in most contemporary prostate cancer (PCa) patients of all stages and across all treatment modalities. METHODS: Within the Surveillance, Epidemiology, and End Results database (2004-2016), we identified 579,369 PCa patients. Cumulative incidence plots and multivariable competing-risks regression analyses (MCR) were used. Subgroup analyses were performed according to ethnicity (African-Americans), clinical stage (T1-2N0M0, T3-4N0M0, TanyN1M0, and TanyNanyM1), as well as treatment modalities. RESULTS: Patient distribution was as follows: 142,338 (24.6%) < 60 years; 113,064 (19.5%) 60-64 years; 127,158 (21.9%) 65-69 years; 94,782 (16.4%) 70-74 years; and 102,027 (17.6%) ≥ 75 years. Older patients harbored worse tumor characteristics and more frequently received no local treatment. Overall, 10-year CSM rates were 4.8, 5.3, 5.9, 7.6, and 14.6%, respectively, in patients aged < 60, 60-64, 65-69, 70-74 ,and ≥ 75 years (p < 0.001). In MCR focusing on the overall cohort and T1-2N0M0 patients, older age independently predicted higher CSM, but not in T3-4N0-1M0-1 patients. CONCLUSIONS: Older age was associated with higher grade and stage and independently predicted higher CSM in T1-2N0M0 patients, but not in higher stages. Differences in diagnostics and therapeutics seem to affect elderly patients within T1-2N0M0 PCa and should be avoided if possible.",Cancer Causes Control,2020,31.0,283-290,doi: 10.1007/s10552-020-01273-5. Epub 2020 Feb 7,https://www.ncbi.nlm.nih.gov/pubmed/32034540,,negative,0,2020.0,0,0.014134888537228107,0
27458572,Predicting Biochemical Disease-Free Survival after Prostate Stereotactic Body Radiotherapy: Risk-Stratification and Patterns of Failure.,Katz A,"BACKGROUND AND PURPOSE: To determine appropriate risk-stratification factors for prostate cancer patients undergoing stereotactic body radiotherapy (SBRT). MATERIALS AND METHODS: Between 2006 and 2010, 515 patients with organ-confined prostate cancer were treated with a regimen of five-fraction SBRT to dose of 35-36.25 Gy. By NCCN criteria, 324 patients were low risk, 153 were intermediate risk, and 38 were high risk. Patients were defined as unfavorable intermediate risk if Gleason 4 + 3 = 7 or >1 intermediate-risk factors (cT2b, c, PSA 10-20, Gleason 3 + 4 = 7). Cox regression analysis was used to determine risk factors significantly associated biochemical failure, and patterns of failure analyzed. RESULTS: With median follow-up of 84 months, the 8-year disease-free survival was 93.6, 84.3, and 65.0% for low, intermediate, and high-risk group patients, respectively. Based on the above definition, 106 favorable intermediate-risk patients had excellent outcomes, with no significant difference compared to low-risk patients (7-year DFS 95.2 vs. 93.2%, respectively). The 47 unfavorable intermediate-risk patients had worse outcomes, similar to high-risk patients (7-year DFS 68.2 vs. 65.0%, respectively). Gleason score was the only significant factor associated with biochemical failure on multivariate analysis (p = 0.0003). CONCLUSION: Patients with favorable intermediate-risk disease have excellent outcomes, comparable to low-risk patients. Patients with unfavorable intermediate-risk disease have significantly worse outcomes after SBRT, and should be considered for clinical trials or treatment intensification.",Front Oncol,2016,6.0,168,10.3389/fonc.2016.00168,https://www.ncbi.nlm.nih.gov/pubmed/27458572,,positive,1,,1,0.9821924567222595,1
30937571,"Tumor characteristics, oncological and functional outcomes after radical prostatectomy in very young men ≤ 45 years of age",Tilki D,"PURPOSE: Age is an important prognostic factor for functional and oncological outcomes after radical prostatectomy (RP). Considering the long life-expectancy of young patients (≤ 45 years), it remains important to examine their outcomes. METHODS: Of 16.049 patients who underwent RP between 01/2006 and 12/2014 at the Martini-Klinik Prostate Cancer Center, 119 (0.7%) were ≤ 45. Known prognosticators were compared according to patient age at RP (categorical as ≤ 45, > 45 and ≤ 65, > 65 years). Kaplan-Meier plots and Cox-regressions analyzed oncological outcomes [biochemical recurrence (BCR)-free survival and metastasis-free survival (MFS)]. Logistic regressions were used for functional outcome. Urinary continence (UC) was defined as the use of 0 or 1 safety pad/day and potency as an IIEF-5 score of ≥ 18. RESULTS: Compared to their older counterparts, patients ≤ 45 years had more favorable tumor characteristics. Of all patients aged ≤ 45 years, 89% underwent bilateral and 9.3% unilateral nerve-sparing procedure. Five year BCR-free survival and MFS were 80.2% and 98.7% for patients ≤ 45 years, 72.8% and 95.0% for patients > 45 and ≤ 65 years and 70.5% and 94.9% for patients > 65 years. For the same groups, 1-year UC-rates were 97.4%, 89.4%, and 84.7% while 1.3%, 8.2%, and 11.6% used 1-2 pads/24 h. At 1-year, 75.6%, 58.6%, and 45.3% of preoperatively potent patients who underwent bilateral nerve-sparing were considered potent. Younger age was an independent predictor of favorable functional outcome also in multivariable analysis. CONCLUSIONS: Patients aged ≤ 45 years had more favorable tumor characteristics and oncological outcomes. Moreover, younger patients should be counseled about the excellent postoperative continence and potency rates.",World J Urol,2020,38.0,95-101,doi: 10.1007/s00345-019-02740-8. Epub 2019 Apr 2,https://www.ncbi.nlm.nih.gov/pubmed/30937571,,negative,0,2020.0,0,0.014089157804846764,0
23551568,Favourable long-term outcomes with brachytherapy-based regimens in men ≤60 years with clinically localized prostate cancer.,Kollmeier MA,"OBJECTIVE: To report long-term outcomes of men ≤60 years treated with brachytherapy (BT) for low- and intermediate-risk prostate cancer. PATIENTS AND METHODS: Of 1655 patients treated with BT for clinically localized prostate cancer between January 1998 and May 2008 at Memorial Sloan-Kettering Cancer Center, 236 patients with National Comprehensive Cancer Network low- (n = 178) or intermediate-risk (n = 58) prostate cancer were ≤60 years old with a 3-year minimum follow-up, and represent the subjects of this report. Brachytherapy was given either as monotherapy (n = 169) or with external beam radiation therapy (EBRT; n = 67). Forty-four patients (19%) received neoadjuvant cytoreductive hormone therapy. The 'nadir+2' definition was used for prostate-specific antigen (PSA) recurrence. Common Terminology Criteria for Acute Events (CTCAE) v 3.0 was used to grade genitourinary (GU) and gastrointestinal (GI) toxicity. Potency was defined as the ability to obtain an erection suitable for intercourse or an International Index of Erectile Function score ≥ 22. The Kaplan-Meier method and Cox regression were used for statistical analysis. The median follow-up was 83 months. RESULTS: The 8-year PSA relapse-free survival (RFS), cancer-specific and overall survival rates for the entire cohort were 96, 99 and 96%, respectively. For patients with low-risk disease, the 8-year PSA RFS rate was 97% and for intermediate-risk patients it was 94% (P = 0.34). There was no difference in PSA RFS between BT alone and combined therapy (P = 0.17). Late grade ≥ 2 GU and GI toxicity was 14 and 3%, respectively. Of 150 patients potent before treatment, 76 (51%) were potent at last follow-up, with 50/76 (66%) using no medication. There was no significant difference in post-treatment potency between BT alone and BT with EBRT (P = 0.74). CONCLUSIONS: Brachytherapy provides patients aged ≤ 60 years with low- and intermediate-risk prostate cancer with excellent outcomes and has a low risk of significant long-term GU or GI morbidity. Erectile function is preserved in >50% of patients and the majority do not require erectile dysfunction medication.",BJU Int,2013,111.0,1231-6,10.1111/j.1464-410X.2012.11663.x,https://www.ncbi.nlm.nih.gov/pubmed/23551568,,positive,1,,1,0.9821873903274536,1
21665379,Redefining high-risk prostate cancer based on distant metastases and mortality after high-dose radiotherapy with androgen deprivation therapy.,Tendulkar RD,"PURPOSE: Modern outcomes of high-dose external beam radiotherapy (EBRT) with androgen deprivation therapy (ADT) for high-risk (HR) prostate cancer are not well described. METHODS AND MATERIALS: We identified 585 patients who met HR criteria by 2010 National Comprehensive Cancer Network guidelines, who were treated with EBRT consisting of ≥74 Gy from 1996 to 2008 at Cleveland Clinic, of whom 95% received ADT. We analyzed biochemical relapse-free survival (bRFS), distant metastases-free survival (DMFS), and prostate cancer-specific mortality (PCSM). RESULTS: The median EBRT dose was 78 Gy, and median ADT duration was 6 months. At 10 years, the bRFS was 50.2%, the DMFS was 71.6%, and the PCSM was 14.4%. On multivariate analysis, significant predictors of bRFS were biopsy Gleason score (bGS) of 8 to 10, stage T3, and prostate-specific antigen (PSA) concentration; predictors of DMFS were bGS of 8 to 10 and stage T3; the only predictor of PCSM was bGS of 8 to 10. The duration of ADT was not predictive of any endpoint. We identified an unfavorable high-risk (UHR) group of stage T1-T2 tumors consisting of bGS of 8 with PSA of >10 ng/ml or bGS of 9 to 10 with any PSA level; the remaining clinically localized cancers comprised the favorable high-risk (FHR) group. Comparing FHR, UHR, and stage T3 groups, the DMFS rates were 81.4%, 57.8%, and 59.1% (p < 0.0001), and the PCSM rates were 7.5%, 28.4%, and 20.6% at 10 years, respectively (p = 0.006). CONCLUSION: A bGS of 8 to 10 is the strongest predictor of bRFS, DMFS, and PCSM after high-dose EBRT with ADT. The duration of ADT did not correlate with outcome. Future studies should account for the heterogeneity in HR prostate cancer.",Int J Radiat Oncol Biol Phys,2012,82.0,1397-404,10.1016/j.ijrobp.2011.04.042,https://www.ncbi.nlm.nih.gov/pubmed/21665379,HIGH RISK,positive,1,,1,0.982244074344635,1
25736733,High-dose-rate brachytherapy as a monotherapy for prostate cancer--Single-institution results of the extreme fractionation regimen,Kukiełka AM,"PURPOSE: We report a single-institution retrospective analysis of the outcomes, disease control, and toxicity of high-dose-rate (HDR) brachytherapy used as the only treatment modality (monotherapy) for localized prostate cancer. METHODS: Between 2006 and 2012, 77 patients with diagnosed prostate cancer were treated with HDR brachytherapy as a monotherapy. The prescribed dose was 45 Gy in three separate implants 21 days apart, with single fraction per implant. Of the 77 patients, 67 (87%) received hormonal therapy. Prostate-specific antigen failure was defined according to Phoenix consensus, as nadir + 2 ng/mL. Toxicity was scored according to Common Terminology Criteria for Adverse Events, version 4.03. RESULTS: The median followup time was 57 months (4.75 years). The 5-year actuarial overall survival was 98.7%, biochemical control 96.7%, local control 96.9%, and metastasis-free survival 98.4%. Younger age at the beginning of brachytherapy predicted the onset of bounce phenomenon. There were no Grade 3 or higher acute toxicities detected, and Grade 2 genitourinary acute toxicity developed in 19 patients (24.6%). There were no Grade 2 gastrointestinal complications. No Grade 4 or 5 late toxicity was detected. There were also no Grade 3 gastrointestinal toxicities detected. One patient (1.3%) underwent transurethral resection of the prostate because of Grade 3 urethral stenosis and urinary retention. A total of 26 patients (33.8%) developed Grade 2 late toxicity. CONCLUSIONS: HDR brachytherapy as monotherapy for localized prostate cancer was feasible, effective, and had acceptable toxicity profile.",Brachytherapy,2015,,-,doi: 10.1016/j.brachy.2015.01.004. Epub 2015 Feb 28,https://www.ncbi.nlm.nih.gov/pubmed/25736733,,negative,0,2015.0,0,0.014033963903784752,0
32367438,Oncologic outcomes of patients with incidental prostate cancer who underwent RARC: a comparison between nerve sparing and non-nerve sparing approach,Chessa F,"BACKGROUND: Incidental Prostate cancer (iPCa) is a relatively common finding during histopathological evaluation of radical cystectomy (RC) specimens. To reduce the high impact of RC on erectile function, several sexual-preserving techniques have been proposed. The aim of this study was to evaluate and compare the oncologic outcomes of patients with iPCa who underwent nerve spring and no-nerve sparing robot-assisted radical cystectomy (RARC). METHODS: The clinicopathologic data of male patients who underwent RARC at our institution between 2006 and 2016 were retrospectively analysed. Patients with iPCa at definitive pathological examinations were stratified in two groups, according to the preservation of the neurovascular bundles (nerve sparing vs no nerve sparing). Significant PCa was defined as any Gleason score ≥ 3 + 4. Biochemical recurrence (BR) was defined as a sustained PSA level > 0.2 ng/mL on two or more consecutive appraisals. BR rate was assessed only in patients with incidental prostate cancer and at least 2 years of follow-up. Differences in categorical and continuous variables were analysed using the chi-squared test and the Mann-Withney U test, respectively. Biochemical recurrence curves were generated using the Kaplan-Meier method and compared with the Log-rank test. RESULTS: Overall, 343 male patients underwent RARC for bladder cancer within the study period. Nerve-sparing surgery was performed in 143 patients (41%), of these 110 had at least 2 years of follow up after surgery. Patients who underwent nerve-sparing surgery were significantly younger (p < 0.001). Clinically significant PCa was found in 24% of patients. No significant differences regarding preoperative PSA value (p = 0.3), PCa pathological stage (p = 0.5), Gleason score (p = 0.3) and positive surgical margin rates (p = 0.3) were found between the two groups. After a median follow-up of 51 months only one patient, in the no-nerve-sparing group had developed a biochemical recurrence (p = 0.4). CONCLUSIONS: In our series most of the iPca detected in RC specimens can be considered as insignificant with a low rate of BR (0.9%). Nerve-sparing RARC is a safe procedure which did not affect oncological outcomes of patients with iPCa.",J Robot Surg,2021,15.0,105-114,doi: 10.1007/s11701-020-01081-8. Epub 2020 May 4,https://www.ncbi.nlm.nih.gov/pubmed/32367438,,negative,0,2020.0,0,0.014190757647156715,0
24222312,High-dose-rate brachytherapy and hypofractionated external beam radiotherapy combined with long-term hormonal therapy for high-risk and very high-risk prostate cancer: outcomes after 5-year follow-up.,Ishiyama H,"The purpose of this study was to report the outcomes of high-dose-rate (HDR) brachytherapy and hypofractionated external beam radiotherapy (EBRT) combined with long-term androgen deprivation therapy (ADT) for National Comprehensive Cancer Network (NCCN) criteria-defined high-risk (HR) and very high-risk (VHR) prostate cancer. Data from 178 HR (n = 96, 54%) and VHR (n = 82, 46%) prostate cancer patients who underwent (192)Ir-HDR brachytherapy and hypofractionated EBRT with long-term ADT between 2003 and 2008 were retrospectively analyzed. The mean dose to 90% of the planning target volume was 6.3 Gy/fraction of HDR brachytherapy. After five fractions of HDR treatment, EBRT with 10 fractions of 3 Gy was administered. All patients initially underwent ≥ 6 months of neoadjuvant ADT, and adjuvant ADT was continued for 36 months after EBRT. The median follow-up was 61 months (range, 25-94 months) from the start of radiotherapy. The 5-year biochemical non-evidence of disease, freedom from clinical failure and overall survival rates were 90.6% (HR, 97.8%; VHR, 81.9%), 95.2% (HR, 97.7%; VHR, 92.1%), and 96.9% (HR, 100%; VHR, 93.3%), respectively. The highest Radiation Therapy Oncology Group-defined late genitourinary toxicities were Grade 2 in 7.3% of patients and Grade 3 in 9.6%. The highest late gastrointestinal toxicities were Grade 2 in 2.8% of patients and Grade 3 in 0%. Although the 5-year outcome of this tri-modality approach seems favorable, further follow-up is necessary to validate clinical and survival advantages of this intensive approach compared with the standard EBRT approach.",J Radiat Res,2014,55.0,509-17,10.1093/jrr/rrt128,https://www.ncbi.nlm.nih.gov/pubmed/24222312,HIGH RISK,positive,1,,1,0.9821460843086243,1
32001198,The impact of very high initial PSA on oncological outcomes after radical prostatectomy for clinically localized prostate cancer,Tilki D,"BACKGROUND: To analyze oncological outcomes of very high-risk patients with initial PSA 50-99.9 and ≥100 ng/ml who underwent radical prostatectomy (RP) for clinically localized prostate cancer. METHODS: Overall, 2,811 RP patients (1992-2018) with negative preoperative CT-scan and bone scintigraphy were included. The impact of preoperative PSA level, categorized as 20-49.9 (n = 2,195) vs. 50-99.9 (n = 454) vs. ≥100 ng/ml (n = 162) on biochemical recurrence (BCR)-free survival, metastasis-free survival (MFS) and cancer-specific survival (CSS) was assessed using Kaplan-Meier and multivariable Cox regression models. RESULTS: Median follow-up was 47.5 months. Ten-year BCR-free survival rates were 46.9 vs. 32.1 vs. 29.0% within PSA-categories 20-49.9 vs. 50-99.9 vs. ≥100 ng/ml, respectively (P < 0.001). Ten-year MFS rates were 78.4 vs. 67.2 vs. 37.3% within PSA-categories 20-49.9 vs. 50-99.9 vs. ≥100 ng/ml (P < 0.001). 10-year CSS rates were 93.7 vs. 85.5 vs. 66.7% within PSA-categories 20-49.9 vs. 50-99.9 vs. ≥100 ng/ml (P < 0.001). In multivariable analyses, PSA-categories 50-99.9 ng/ml and ≥100 ng/ml were independently predicting higher risk of BCR (hazard ratio [HR]: 1.3 and 1.4), metastatic progression (HR: 1.4 and 2.3), and cancer-specific mortality (CSM, HR: 1.9 and 3.4) compared with PSA-category 20-49.9 ng/ml. CONCLUSION: Initial PSA levels ≥50 ng/ml are associated with higher risk of BCR, metastatic progression, and CSM compared with high-risk patients with PSA of 20-49.9 ng/ml. In consequence, these patients may be counseled about a potentially increased risk of undetected metastases prior to RP possibly necessitating intensified multimodal treatments in the future.",Urol Oncol,2020,38.0,379-385,doi: 10.1016/j.urolonc.2019.12.027. Epub 2020 Jan 27,https://www.ncbi.nlm.nih.gov/pubmed/32001198,,negative,0,2020.0,0,0.014073971658945084,0
26209502,A Phase 3 Trial of 2 Years of Androgen Suppression and Radiation Therapy With or Without Adjuvant Chemotherapy for High-Risk Prostate Cancer: Final Results of Radiation Therapy Oncology Group Phase 3 Randomized Trial NRG Oncology RTOG 9902.,Rosenthal SA,"PURPOSE: Long-term (LT) androgen suppression (AS) with radiation therapy (RT) is a standard treatment of high-risk, localized prostate cancer (PCa). Radiation Therapy Oncology Group 9902 was a randomized trial testing the hypothesis that adjuvant combination chemotherapy (CT) with paclitaxel, estramustine, and oral etoposide plus LT AS plus RT would improve overall survival (OS). METHODS AND MATERIALS: Patients with high-risk PCa (prostate-specific antigen 20-100 ng/mL and Gleason score [GS] ≥ 7 or clinical stage ≥ T2 and GS ≥ 8) were randomized to RT and AS (AS + RT) alone or with adjuvant CT (AS + RT + CT). CT was given as four 21-day cycles, delivered beginning 28 days after 70.2 Gy of RT. AS was given as luteinizing hormone-releasing hormone for 24 months, beginning 2 months before RT plus an oral antiandrogen for 4 months before and during RT. The study was designed based on a 6% improvement in OS from 79% to 85% at 5 years, with 90% power and a 2-sided alpha of 0.05. RESULTS: A total of 397 patients (380 eligible) were randomized. The patients had high-risk PCa, 68% with GS 8 to 10 and 34% T3 to T4 tumors, and median prostate-specific antigen of 22.6 ng/mL. The median follow-up period was 9.2 years. The trial closed early because of excess thromboembolic toxicity in the CT arm. The 10-year results for all randomized patients revealed no significant difference between the AS + RT and AS + RT + CT arms in OS (65% vs 63%; P=.81), biochemical failure (58% vs 54%; P=.82), local progression (11% vs 7%; P=.09), distant metastases (16% vs 14%; P=.42), or disease-free survival (22% vs 26%; P=.61). CONCLUSIONS: NRG Oncology RTOG 9902 showed no significant differences in OS, biochemical failure, local progression, distant metastases, or disease-free survival with the addition of adjuvant CT to LT AS + RT. The trial results provide valuable data regarding the natural history of high-risk PCa treated with LT AS + RT and have implications for the feasibility of clinical trial accrual and tolerability using CT for PCa.",Int J Radiat Oncol Biol Phys,2015,93.0,294-302,10.1016/j.ijrobp.2015.05.024,https://www.ncbi.nlm.nih.gov/pubmed/26209502,,positive,1,,1,0.9821996688842773,1
25911994,Combination therapy improves prostate cancer survival for patients with potentially lethal prostate cancer: The impact of Gleason pattern 5.,Liss AL,"PURPOSE: To investigate the impact of Gleason pattern 5 (GP5) prostate cancer after either external beam radiotherapy (EBRT) or the combination of EBRT with low-dose rate brachytherapy boost (combo). METHODS AND MATERIALS: Between 1998 and 2008, 467 patients with National Comprehensive Cancer Network high-risk prostate cancer were treated with EBRT (n = 326) or combo (low-dose rate to 90-108 Gy using I-125 followed by EBRT) (n = 141). Freedom from biochemical failure, freedom from metastasis (FFM), cancer-specific survival (CSS), and overall survival were evaluated. RESULTS: Combo patients were younger (66 vs. 72 years, p < 0.001) and had fewer comorbidities (Charlson comorbidity index 3.7 vs. 4.4, p < 0.001). EBRT patients had higher tumor stages (T3-4: 30% vs. 21%, p = 0.03) and lower Gleason scores (8-10: 61% vs. 75%, p = 0.01). Androgen deprivation therapy use was similar between cohorts (85% vs. 87%, p = 0.5), but EBRT patients had longer androgen deprivation therapy use (median 14 vs. 12 months, p = 0.05). GP5 predicted worse FFM (p < 0.001, hazard ratio [HR] 3.3, 95% confidence interval [CI]1.8-6.2]) and CSS (p < 0.001, HR 5.9, 95% CI 2.7-12.9) for the EBRT group, but not for the combo group (p = 0.86, HR 0.48, 95% CI 0.1-2.4 for metastasis and p = 0.5, HR 1.6, 95% CI 0.33-8.0 for CSS). In those with GP5 (n = 143), combo was associated with improved outcomes in all endpoints. On univariate analysis, 5-year outcomes for combo vs. EBRT were as follows: freedom from biochemical failure 89% vs. 65%, FFM 89% vs. 67%, CSS 93% vs. 78%, and overall survival 88% vs. 67% (p < 0.05 for all). CONCLUSION: Combo was associated with improved outcomes for men with GP5 prostate cancer. This highlights the importance of local therapy, especially in patients with the highest pathologic grade disease.",Brachytherapy,2015,14.0,502-10,10.1016/j.brachy.2015.02.389,https://www.ncbi.nlm.nih.gov/pubmed/25911994,,positive,1,,1,0.9821620583534241,1
29032014,High-intermediate prostate cancer treated with low-dose-rate brachytherapy with or without androgen deprivation therapy.,Pickles T,"PURPOSE: To describe outcomes of men with unfavorable (high-tier) intermediate risk prostate cancer (H-IR) treated with low-dose-rate (LDR) brachytherapy, with or without 6 months of androgen deprivation therapy (ADT). METHODS AND MATERIALS: Patients with H-IR prostate cancer, treated before 2012 with LDR brachytherapy without external radiation are included. Baseline tumor characteristics are described. Outcomes between groups receiving ADT are measured by Phoenix (nadir +2 ng/mL), and threshold 0.4 ng/mL biochemical relapse definitions (bNEDs), as well as clinical end points. Standard descriptive and actuarial statistics are used. RESULTS: Two hundred sixty men were eligible, 139 (53%) did not receive ADT and 121 (47%) did. Median follow-up was 5 years. Men treated with ADT had higher T stage and percent positive cores but lower pathologic grade group. bNED rates with and without ADT at 5 years are 86% and 85% (p = 0.52) with the Phoenix definition, and 83% and 78% (p = 0.13) with the threshold definition. Local recurrence or metastasis were rare in both groups (<5%, p = not significant). Death from prostate cancer only occurred in 4 patients, 2 in each group. Overall survival was 85% in those treated with ADT and 93% without at 8 years, p = 0.15. CONCLUSIONS: The addition of 6 months of ADT to LDR brachytherapy for H-IR prostate cancer does not improve 5 year prostate specific antigen control, and we no longer routinely recommended it.",Brachytherapy,2017,16.0,1101-1105,10.1016/j.brachy.2017.08.003,https://www.ncbi.nlm.nih.gov/pubmed/29032014,,positive,1,,1,0.9821458458900452,1
22792470,Dose-escalated hypofractionated intensity-modulated radiotherapy in high-risk carcinoma of the prostate: outcome and late toxicity.,Thomson D,"Background. The benefit of dose-escalated hypofractionated radiotherapy using intensity-modulated radiotherapy (IMRT) in prostate cancer is not established. We report 5-year outcome and long-term toxicity data within a phase II clinical trial. Materials and Methods. 60 men with predominantly high-risk prostate cancer were treated. All patients received neoadjuvant hormone therapy, completing up to 6 months in total. Thirty patients were treated with 57 Gy in 19 fractions and 30 patients with 60 Gy in 20 fractions. Acute and 2-year toxicities were reported and patients followed longitudinally to assess 5 year outcomes and long-term toxicity. Toxicity was measured using RTOG criteria and LENT/SOMA questionnaire. Results. Median followup was 84 months. Five-year overall survival (OS) was 83% and biochemical progression-free survival (bPFS) was 50% for 57 Gy. Five-year OS was 75% and bPFS 58% for 60 Gy. At 7 years, toxicity by RTOG criteria was acceptable with no grade 3 or above toxicity. Compared with baseline, there was no significant change in urinary symptoms at 2 or 7 years. Bowel symptoms were stable between 2 and 7 years. All patients continued to have significant sexual dysfunction. Conclusion. In high-risk prostate cancer, dose-escalated hypofractionated radiotherapy using IMRT results in encouraging outcomes and acceptable late toxicity.",Prostate Cancer,2012,2012.0,450246,10.1155/2012/450246,https://www.ncbi.nlm.nih.gov/pubmed/22792470,,positive,1,,1,0.9822372794151306,1
20122161,Stereotactic body radiotherapy for organ-confined prostate cancer,Katz AJ,"BACKGROUND: Improved understanding of prostate cancer radiobiology combined with advances in delivery of radiation to the moving prostate offer the potential to reduce treatment-related morbidity and maintain quality of life (QOL) following prostate cancer treatment. We present preliminary results following stereotactic body radiotherapy (SBRT) treatment for organ-confined prostate cancer. METHODS: SBRT was performed on 304 patients with clinically localized prostate cancer: 50 received 5 fractions of 7 Gy (total dose 35 Gy) and 254 received 5 fractions of 7.25 Gy (total dose 36.25 Gy). Acute and late toxicity was assessed using the Radiation Therapy Oncology Group scale. The Expanded Prostate Cancer Index Composite questionnaire was used to assess QOL. Prostate-specific antigen response was monitored. RESULTS: At a median 30-month (26 - 37 month, range) follow-up there were no biochemical failures for the 35-Gy dose level. Acute Grade II urinary and rectal toxicities occurred in 4% of patients with no higher Grade acute toxicities. One Grade II late urinary toxicity occurred with no other Grade II or higher late toxicities. At a median 17-month (8 - 27 month, range) follow-up the 36.25 Gy dose level had 2 low- and 2 high-risk patients fail biochemically (biopsy showed 2 low- and 1 high-risk patients were disease-free in the gland). Acute Grade II urinary and rectal toxicities occurred in 4.7% (12/253) and 3.6% (9/253) of patients, respectively. For those patients with a minimum of 12 months follow-up, 5.8% (12/206) had late Grade II urinary toxicity and 2.9% (6/206) had late Grade II rectal toxicities. One late Grade III urinary toxicity occurred; no Grade IV toxicities occurred. For both dose levels at 17 months, bowel and urinary QOL returned to baseline values; sexual QOL decreased by 10%. CONCLUSIONS: The low toxicity and maintained QOL are highly encouraging. Additional follow-up is needed to determine long-term biochemical control and maintenance of low toxicity and QOL.",BMC Urol,2010,1.0,,doi: 10.1186/1471-2490-10-1,https://www.ncbi.nlm.nih.gov/pubmed/20122161,,negative,0,2010.0,0,0.014022080227732658,0
19168203,Population-based study of biochemical and survival outcomes after permanent 125I brachytherapy for low- and intermediate-risk prostate cancer.,Morris WJ,"OBJECTIVES: To analyze the biochemical and survival outcomes after permanent low-dose-rate prostate brachytherapy in a large, consecutive, population-based cohort of patients. METHODS: A total of 1006 consecutive implants were performed from July 20, 1998 to October 23, 2003 for men with low-risk and ""low-tier"" intermediate-risk prostate cancer. The prescribed minimal peripheral dose was 144 Gy, using 0.33 mCi (125)I sources and a preplan technique with a strong posterior-peripheral dose bias. Most patients (65%) had received 6 months of androgen deprivation therapy. Supplemental external beam radiotherapy was not used. The prognostic features, dose metrics, and follow-up data were prospectively collected. Kaplan-Meier and Cox regression analyses were used to assess the factors associated with freedom from biochemical recurrence and survival. RESULTS: The median patient age at treatment was 66 years. The median follow-up was 54 months for biochemical outcomes and 66 months for survival. The actuarial freedom from biochemical recurrence rate was 95.6% +/- 1.6% at 5 years and 94.0% +/- 2.2% at 7 years. On multivariate analysis, the pretreatment prostate-specific antigen level (P = .03) and androgen deprivation therapy use (P = .04) were predictive of the freedom from biochemical recurrence. The actuarial rates of distant metastasis and disease-specific death at 5 years were both <1%. The overall survival rate at 5 years was 95.2% +/- 1.4% and was 93.4% +/- 1.8% at 7 years. On multivariate analysis, only age was predictive of overall survival (P = .011). CONCLUSIONS: When consistently planned and delivered, low-dose-rate brachytherapy, without supplemental external beam radiotherapy or intraoperative planning, can produce cancer-specific outcomes for men with low- and ""low-tier"" intermediate-risk prostate cancer at least equal to that produced by dose-escalated external beam radiotherapy or surgical prostatectomy.",Urology,2009,73.0,860-5; discussion 865-7,10.1016/j.urology.2008.07.064,https://www.ncbi.nlm.nih.gov/pubmed/19168203,LOW RISK,positive,1,,1,0.9821934700012207,1
28762283,The risk of biochemical recurrence for intermediate-risk prostate cancer after radical prostatectomy.,Kurbegovic S,"OBJECTIVES: To report oncological outcomes including biochemical recurrence (BR) following radical prostatectomy (RP) from a large consecutive cohort operated in an 18-year period. Additionally, an in-depth analysis of outcomes among D'Amico intermediate-risk patients is presented. MATERIALS AND METHODS: A total of 2,091 patients with PCa who underwent RP at Department of Urology, Rigshospitalet, Copenhagen, Denmark between 1995 and 2013 were included. Univariate and multiple cause-specific Cox regression analyses for BR were applied using competing risk models. Death prior to BR was considered a competing event. BR was defined as the first PSA ≥0.2 ng/ml. No patient received adjuvant therapy prior to BR. RESULTS: Overall, the 5- and 10-years cumulative incidence of BR was 21.9% and 32.0%. The 10-year cumulative incidence of BR was 17.9%, 31.9% and 47.9% for D'Amico low-, intermediate- and high-risk patients, respectively. Among intermediate-risk patients, the 10-year cumulative incidence of BR was 24.0%, 39.9%, and 47.9% for patients harboring one, two or three risk factors, respectively (Gray test: p < 0.0001). In multivariate analysis, PSA, RP GS, pT category, and positive surgical margins were significantly associated with an increased risk of BR. CONCLUSIONS: The risk of BR among patients with intermediate-risk disease is not uniform and is highly dependent on the number of risk factors per patient. Intermediate-risk patients have a comparable risk of recurrence as high-risk patients, and this should be taken into consideration when counseling patients prior to RP.",Scand J Urol,2017,51.0,450-456,10.1080/21681805.2017.1356369,https://www.ncbi.nlm.nih.gov/pubmed/28762283,,positive,1,,1,0.9821813702583313,1
30245170,Selection of patients who would not require long-term prostate-specific antigen monitoring after low-dose-rate brachytherapy.,Niwa N,"PURPOSE: To identify patients at extremely low risk of biochemical recurrence (BCR) of prostate cancer after low-dose-rate brachytherapy (LDR-BT) to determine when prostate-specific antigen (PSA) monitoring can be stopped. METHODS AND MATERIALS: We retrospectively reviewed clinicopathologic data of patients with prostate cancer who underwent LDR-BT between 2003 and 2011. Of 1569 patients reviewed, 689 (43.9%) received combination external beam radiotherapy, and 970 (61.8%) had neoadjuvant hormonal therapy. We stratified patients according to risk factors identified by multivariate analysis and assessed the factors for an association with BCR (defined as ≥2 ng/mL higher than the nadir). RESULTS: The median followup was 96 months. Of 1531 patients who were BCR-free at 3 years after treatment, 76 subsequently developed BCR; of 1500 who were BCR-free at 5 years, 45 eventually had BCR. On multivariate analysis, independent risk factors for BCR were the National Comprehensive Cancer Network risk group at diagnosis and PSA levels at 3 or 5 years after radiotherapy. In the low-risk group, no patient with a PSA level ≤0.2 ng/mL at 3 years after radiotherapy subsequently developed BCR. In the intermediate-risk group, no patients with a PSA level ≤0.2 ng/mL at 5 years subsequently developed BCR. CONCLUSIONS: The National Comprehensive Cancer Network risk group at diagnosis and PSA values at 3 and 5 years after LDR-BT are independently associated with a risk of later BCR. Using these two factors may help to select patients for whom PSA monitoring could be stopped because they have an extremely low risk of later BCR.",Brachytherapy,2018,17.0,899-905,10.1016/j.brachy.2018.08.018,https://www.ncbi.nlm.nih.gov/pubmed/30245170,,positive,1,,1,0.9821017384529114,1
20124169,Randomized trial comparing conventional-dose with high-dose conformal radiation therapy in early-stage adenocarcinoma of the prostate: long-term results from proton radiation oncology group/american college of radiology 95-09.,Zietman AL,"PURPOSE To test the hypothesis that increasing radiation dose delivered to men with early-stage prostate cancer improves clinical outcomes. PATIENTS AND METHODS Men with T1b-T2b prostate cancer and prostate-specific antigen </= 15 ng/mL were randomly assigned to a total dose of either 70.2 Gray equivalents (GyE; conventional) or 79.2 GyE (high). No patient received androgen suppression therapy with radiation. Local failure (LF), biochemical failure (BF), and overall survival (OS) were outcomes. Results A total of 393 men were randomly assigned, and median follow-up was 8.9 years. Men receiving high-dose radiation therapy were significantly less likely to have LF, with a hazard ratio of 0.57. The 10-year American Society for Therapeutic Radiology and Oncology BF rates were 32.4% for conventional-dose and 16.7% for high-dose radiation therapy (P < .0001). This difference held when only those with low-risk disease (n = 227; 58% of total) were examined: 28.2% for conventional and 7.1% for high dose (P < .0001). There was a strong trend in the same direction for the intermediate-risk patients (n = 144; 37% of total; 42.1% v 30.4%, P = .06). Eleven percent of patients subsequently required androgen deprivation for recurrence after conventional dose compared with 6% after high dose (P = .047). There remains no difference in OS rates between the treatment arms (78.4% v 83.4%; P = .41). Two percent of patients in both arms experienced late grade >/= 3 genitourinary toxicity, and 1% of patients in the high-dose arm experienced late grade >/= 3 GI toxicity. CONCLUSION This randomized controlled trial shows superior long-term cancer control for men with localized prostate cancer receiving high-dose versus conventional-dose radiation. This was achieved without an increase in grade >/= 3 late urinary or rectal morbidity.",J Clin Oncol,2010,28.0,1106-11,10.1200/JCO.2009.25.8475,https://www.ncbi.nlm.nih.gov/pubmed/20124169,LOW RISK,positive,1,,1,0.9821106791496277,1
19875340,Factors impacting all-cause mortality in prostate cancer brachytherapy patients with or without androgen deprivation therapy.,Taira AV,"PURPOSE: Certain subsets of patients have an increased risk of all-cause mortality when androgen deprivation therapy (ADT) is used with definitive radiotherapy. We evaluated the relationship between pretreatment serum testosterone, age, and comorbidities on survival after prostate brachytherapy in men treated with and without ADT. METHODS AND MATERIALS: From October 2001 to September 2005, 803 patients underwent brachytherapy and 720 had a pretreatment serum testosterone. Comorbidities were prospectively recorded for each patient (body mass index>30, hypertension, diabetes, current smoker). Median followup was 5.0 years. 34.2% of the patients received ADT. Focus was on subset of men who might be expected to have more significant side effects associated with ADT. RESULTS: ADT did not significantly impact overall survival (OS) in men <65 years, >65 years, with one or no comorbidities, with more than one comorbidity, or with normal/high testosterone level. ADT use in men with low testosterone level was associated with decreased OS (83.6% vs. 93.1%, p=0.01). The adverse impact of ADT in men with low testosterone level was restricted to men with low testosterone level and more than one comorbidity (OS of 71.3% vs. 92.8%, p<0.01), with death from cardiovascular diseases accounting for almost all of the excess mortality. The subset of men with multiple comorbidities and normal/high testosterone level did not experience adverse OS with ADT. CONCLUSIONS: Low pretreatment testosterone level may be a marker for men at increased risk of premature death with ADT. The combination of low pretreatment serum testosterone level and multiple preexisting comorbidities is associated with decreased OS when ADT is incorporated into treatment.",Brachytherapy,2010,9.0,42-9,10.1016/j.brachy.2009.06.008,https://www.ncbi.nlm.nih.gov/pubmed/19875340,,positive,1,,1,0.9822124242782593,1
24053230,Five-year outcomes after iodine-125 seed brachytherapy for low-risk prostate cancer at three cancer centres in the UK.,Dickinson PD,"OBJECTIVE: To report the outcomes of >1000 men with low-risk prostate cancer treated with low-dose-rate (LDR) brachytherapy at three large UK cancer centres. PATIENTS AND METHODS: A total of 1038 patients with low-risk prostate cancer (prostate-specific antigen [PSA] ≤10 ng/mL, Gleason score 6, ≤T2b disease) were treated with LDR iodine 125 (I-125) brachytherapy between 2002 and 2007. Patients were treated at three UK centres. PSA and clinical follow-up was performed at each centre. Biochemical recurrence-free survival was reported for the cohort. RESULTS: The median (range) PSA follow-up for the whole group was 5 years (4 months to 9 years). A total of 79 patients had biochemical failure, defined by a rise in PSA level: 16 patients fulfilled the ASTRO definition of biochemical failure, 25 patients fulfilled the Phoenix definition and 38 patients fulfilled both definitions. The 5-year biochemical relapse-free survival (bRFS) rate was 94.1% by the ASTRO definition and 94.2% by the Phoenix definition. The absence of neoadjuvant hormone therapy was predictive of inferior biochemical control as defined by the Phoenix definition (P = 0.033). CONCLUSIONS: Our prospective multicentre series showed excellent bRFS with LDR I-125 brachytherapy for patients with low-risk prostate cancer. Further work is necessary to define the role of neoadjuvant androgen deprivation therapy in combination with brachytherapy.",BJU Int,2014,113.0,748-53,10.1111/bju.12358,https://www.ncbi.nlm.nih.gov/pubmed/24053230,LOW RISK,positive,1,,1,0.9820756316184998,1
25229051,"Stereotactic body radiotherapy as treatment for organ confined low- and intermediate-risk prostate carcinoma, a 7-year study.",Katz AJ,"OBJECTIVES: Stereotactic body radiation therapy (SBRT) takes advantage of the prostate's low α/β ratio to deliver a large radiation dose in few fractions. Initial studies on small groups of low-risk patients support SBRT's potential for clinical efficacy while limiting treatment-related morbidity and maintained quality of life. This prospective study expands upon prior studies to further evaluate SBRT efficacy for a large patient population with organ confined, low- and intermediate-risk prostate cancer patients. METHODS: Four hundred seventy-seven patients with prostate cancer received CyberKnife SBRT. The median age was 68.6 years and the median PSA was 5.3 ng/mL. Three hundred twenty-four patients were low-risk (PSA <10 ng/mL and Gleason <7), 153 were intermediate-risk (PSA 10-20 ng/mL or Gleason = 7). Androgen deprivation therapy was administered to 51 patients for up to 6 months. One hundred fifty-four patients received 35 Gy delivered in five daily fractions; the remaining patients received a total dose of 36.25 Gy in five daily fractions. Biochemical failure was assessed using the phoenix criterion. RESULTS: Median follow-up was 72 months. The median PSA at 7 years was 0.11 ng/mL. Biochemical failures occurred for 11 low-risk patients (2 locally), 14 intermediate-risk patients (3 locally). The actuarial 7-year freedom from biochemical failure was 95.6 and 89.6% for low- and intermediate-risk groups, respectively (p < 0.012). Among patients with intermediate-risk disease, those considered to have low intermediate-risk (Gleason 6 with PSA >10, or Gleason 3 + 4 with PSA <10; n = 106) had a significantly higher bDFS than patients with high intermediate-risk (Gleason 3 + 4 with PSA 10-20 or Gleason 4 + 3; n = 47), with bDFS of 93.5 vs. 79.3%, respectively. For the low-risk and low intermediate-risk groups, there was no difference in median PSA nadir or biochemical disease control between doses of 35 and 36.25 Gy. CONCLUSION: CyberKnife SBRT produces excellent biochemical control rates. Median PSA levels compare favorably with other radiation modalities and strongly suggest durability of response. These results also strongly suggest that 35 Gy is as effective as 36.25 Gy for low- and intermediate-risk patients.",Front Oncol,2014,4.0,240,10.3389/fonc.2014.00240,https://www.ncbi.nlm.nih.gov/pubmed/25229051,,positive,1,,1,0.9820895195007324,1
17094781,Comparing results after surgery in patients with clinical unilateral T3a prostate cancer treated with or without neoadjuvant androgen-deprivation therapy.,Hsu CY,"OBJECTIVE: To compare the results in patients with unilateral cT3 prostate cancer treated with or with no neoadjuvant androgen-deprivation therapy (nADT), as nADT might have benefit in cT2 prostate cancer, but for cT3 tumours its use remains controversial, and it is unclear whether it can prevent or delay progression after surgery. PATIENTS AND METHODS: Between 1987 and 2004, 235 patients were assessed as having unilateral cT3 disease by a digital rectal examination; before surgery, 200 patients were not treated with nADT and 35 were. The Kaplan-Meier method was used to calculate survival rates. RESULTS: With no nADT the biochemical progression-free survival (PFS) was 59.5%, the clinical PFS was 95.9%, the cancer-specific survival (CSS) was 98.7%, and overall survival was 95.9% at 5 years. With nADT, the biochemical PFS was 43.4%, clinical PFS was 77.6%, CSS was 88.7%, and overall survival was 79.8% at 5 years. The positive surgical margin rate with no nADT and with nADT was 33.5% and 57.1%, respectively, and the respective mean cancer volume was 6.6 mL and 4.0 mL. CONCLUSION: nADT can decrease tumour size but does not reduce the positive surgical margin rate, nor improve the survival rate in unilateral cT3a disease. Because of side-effects and treatment costs, we do not advise nADT in patients with unilateral cT3a prostate cancer.",BJU Int,2007,99.0,311-4,10.1111/j.1464-410X.2006.06559.x,https://www.ncbi.nlm.nih.gov/pubmed/17094781,HIGH RISK,positive,1,,1,0.9820815920829773,1
25702876,"High-dose radiotherapy with short-term or long-term androgen deprivation in localised prostate cancer (DART01/05 GICOR): a randomised, controlled, phase 3 trial.",Zapatero A,"BACKGROUND: The optimum duration of androgen deprivation combined with high-dose radiotherapy in prostate cancer remains undefined. We aimed to determine whether long-term androgen deprivation was superior to short-term androgen deprivation when combined with high-dose radiotherapy. METHODS: In this open-label, multicentre, phase 3 randomised controlled trial, patients were recruited from ten university hospitals throughout Spain. Eligible patients had clinical stage T1c-T3b N0M0 prostate adenocarcinoma with intermediate-risk and high-risk factors according to 2005 National Comprehensive Cancer Network criteria. Patients were randomly assigned (1:1) using a computer-generated randomisation schedule to receive either 4 months of androgen deprivation combined with three-dimensional conformal radiotherapy at a minimum dose of 76 Gy (range 76-82 Gy; short-term androgen deprivation group) or the same treatment followed by 24 months of adjuvant androgen deprivation (long-term androgen deprivation group), stratified by prostate cancer risk group (intermediate risk vs high risk) and participating centre. Patients assigned to the short-term androgen deprivation group received 4 months of neoadjuvant and concomitant androgen deprivation with subcutaneous goserelin (2 months before and 2 months combined with high-dose radiotherapy). Anti-androgen therapy (flutamide 750 mg per day or bicalutamide 50 mg per day) was added during the first 2 months of treatment. Patients assigned to long-term suppression continued with the same luteinising hormone-releasing hormone analogue every 3 months for another 24 months. The primary endpoint was biochemical disease-free survival. Analysis was by intention to treat. This study is registered with ClinicalTrials.gov, number NCT02175212. FINDINGS: Between Nov 7, 2005, and Dec 20, 2010, 178 patients were randomly assigned to receive short-term androgen deprivation and 177 to receive long-term androgen deprivation. After a median follow-up of 63 months (IQR 50-82), 5-year biochemical disease-free survival was significantly better among patients receiving long-term androgen deprivation than among those receiving short-term treatment (90% [95% CI 87-92] vs 81% [78-85]; hazard ratio [HR] 1·88 [95% CI 1·12-3·15]; p=0·01). 5-year overall survival (95% [95% CI 93-97] vs 86% [83-89]; HR 2·48 [95% CI 1·31-4·68]; p=0·009) and 5-year metastasis-free survival (94% [95% CI 92-96] vs 83% [80-86]; HR 2·31 [95% CI 1·23-3·85]; p=0·01) were also significantly better in the long-term androgen deprivation group than in the short-term androgen deprivation group. The effect of long-term androgen deprivation on biochemical disease-free survival, metastasis-free survival, and overall survival was more evident in patients with high-risk disease than in those with low-risk disease. Grade 3 late rectal toxicity was noted in three (2%) of 177 patients in the long-term androgen deprivation group and two (1%) of 178 in the short-term androgen deprivation group; grade 3-4 late urinary toxicity was noted in five (3%) patients in each group. No deaths related to treatment were reported. INTERPRETATION: Compared with short-term androgen deprivation, 2 years of adjuvant androgen deprivation combined with high-dose radiotherapy improved biochemical control and overall survival in patients with prostate cancer, particularly those with high-risk disease, with no increase in late radiation toxicity. Longer follow-up is needed to determine whether men with intermediate-risk disease benefit from more than 4 months of androgen deprivation. FUNDING: Spanish National Health Investigation Fund, AstraZeneca.",Lancet Oncol,2015,16.0,320-7,10.1016/S1470-2045(15)70045-8,https://www.ncbi.nlm.nih.gov/pubmed/25702876,,positive,1,,1,0.9821111559867859,1
25976294,High-dose-rate brachytherapy boost for prostate cancer: Outcomes and genitourinary toxicity.,Bece A,"AIMS: To report disease outcomes and late urinary toxicity profile. To assess the impact of changing technique and evolving quality assurance on genitourinary toxicity rates. METHODS AND MATERIALS: One hundred eighty patients were treated with external beam radiation therapy and high-dose-rate brachytherapy (HDRB) for localized intermediate- and high-risk prostate cancer, between December 2002 and February 2012. The HDRB technique evolved over the period of this study, from 19.5 Gy/3 (n = 68), to 17 Gy/2 (n = 40), 18 Gy/2 (n = 39), and most recently 19 Gy/2 (n = 33). In the two fraction cohort, 68 patients underwent additional correction for catheter displacement before each fraction. RESULTS: With a median followup of 5.2 years, 5-year freedom from failure was 93.7% for intermediate, and 76.0% for high risk patients. The 3- and 6-year cumulative stricture incidence for all patients was 7.8% and 15.3%, respectively. There was no statistically significant difference in stricture rate for the four dose levels used nor between the three fractions and the two fraction technique overall. The 19 Gy/2 fractionation group had the lowest 3-year stricture rate (3.0%). The addition of correction for intrafraction catheter displacement did not result in a statistically significant difference in stricture rates, although the severity of strictures has been reduced. CONCLUSIONS: Our biochemical control is consistent with other similar series. We found no increase in late urinary toxicity with a two fraction, two implant HDRB technique compared with three fractions. The HDRB dose did not correlate with stricture rates in our series. Correction of intra-fraction catheter displacement did not lead to a statistically significant reduction in stricture rates, although may have mitigated the effects of dose escalation.",Brachytherapy,2015,14.0,670-6,10.1016/j.brachy.2015.04.004,https://www.ncbi.nlm.nih.gov/pubmed/25976294,,positive,1,,1,0.9822946786880493,1
26531200,Oncological outcomes following robotic-assisted radical prostatectomy in a multiracial Asian population,Alvin LW,"This study evaluates the oncological outcomes of RARP in a multiracial Asian population from a single institution. All suitable patients from 1st January 2003-30th June 2013 were identified from a prospectively maintained cancer registry. Peri-operative and oncological outcomes were analysed. Significance was defined as p < 0.05. There were n = 725 patients identified with a mean follow-up duration 28 months. The mean operative time, EBL and LOS were 186 min, 215 ml and 3 days, respectively. The pathological stage was pT2 in 68.6% (n = 497/725), pT3 in 31.3% (n = 227/725) and n = 1 patient with pT4 disease. The pathological Gleason scores (GS) were 6 in 27.9% (n = 202/725), GS 7 in 63.6% (n = 461/725) and GS ≥ 8 in 8.0 % (n = 58/725). The node positivity rate was 5.8% (n = 21/360). The positive margin rates were 31.0% (n = 154/497) and 70.9% (n = 161/227) for pT2 and pT3, respectively, and decreasing PSM rates are observed with surgical maturity. The biochemical recurrence rates were 9.7% (n = 48/497) and 34.2% (n = 78/228) for pT2 and pT3/T4, respectively. On multivariate analysis, independent predictors of BCR were pathological T stage and pathological Gleason score. Post-operatively, 78.5% (n = 569/725) of patients had no complications and 17.7% (n = 128/725) had minor (Clavien grade I-II) complications. This series, representing the largest from Southeast Asia, suggests that RARP can be a safe and oncologically feasible treatment for localised prostate cancer in an institution with moderate workload.",J Robot Surg,2015,9.0,201-9,doi: 10.1007/s11701-015-0516-1. Epub 2015 Jul 7,https://www.ncbi.nlm.nih.gov/pubmed/26531200,,negative,0,2015.0,0,0.014241665601730347,0
26241816,Patient-reported sexual toxicity after radiation therapy in long-term prostate cancer survivors,Olsson CE,"BACKGROUND: To present an overview of patient-reported sexual toxicity in sexually active long-term prostate cancer survivors treated with radiation therapy. METHODS: We used patient-reported outcomes from a study-specific questionnaire surveying symptoms after prostate cancer radiation therapy. Data from 518 men treated at the Sahlgrenska University Hospital in Sweden from 1993 to 2006 were analysed. The men had undergone primary or salvage external beam radiation therapy (EBRT) or EBRT combined with high-dose rate brachytherapy (BT). We also used information from 155 non-treated reference men from the general population with no history of prostate cancer, matched for age and residency. RESULTS: Median time from treatment to follow-up was 5 years (range: 1-14 years). Among the 16 investigated symptoms on erectile function, libido, orgasm, and seminal fluid, 9 symptoms in the primary EBRT group and 10 in both the salvage EBRT and the EBRT+BT groups were statistically significantly more prevalent in survivors than in reference men. Erectile dysfunction was influenced by both age and time to follow-up, whereas symptoms relating to orgasm and seminal fluid were influenced by time to follow-up only. Not being sexually active was almost one and a half times as common in survivors as in reference men. CONCLUSIONS: The presented symptom profiles can help to develop personalized therapy for prostate cancer through a better understanding of which radiation-induced toxicities to be addressed in the clinic and can also assist in identifying suitable interventions for existing symptoms.",Br J Cancer,2015,1.0,,doi: 10.1038/bjc.2015.275. Epub 2015 Aug 4,https://www.ncbi.nlm.nih.gov/pubmed/26241816,,negative,0,2015.0,0,0.014034796506166458,0
12074814,High dose rate brachytherapy of localized prostate cancer.,Deger S,"OBJECTIVE: We evaluated the safety and efficacy of high dose rate (HDR) brachytherapy using Iridium-192 (Ir 192) and 3D conformal external beam radiotherapy in patients with localized prostate cancer. METHODS: A total of 444 patients with localized prostate cancer underwent combined radiotherapy with interstitial Ir 192 and 3D conformal external beam radiotherapy between December 1992 and March 2001. The 230 patients, treated between December 1992 and December 1997 were analyzed. All patients underwent laparoscopic pelvic lymph node dissection to exclude patients with lymphatic involvement. Ir 192 was delivered twice with a 1-week interval in HDR remote control technique. The interstitial dose from December 1992 to December 1993 was 10Gy, after December 1993 the dose was reduced to 9Gy per treatment session. The interstitial application was followed by external beam radiation of 45Gy for cT1-cT2 and 50.4Gy for cT3 tumor (40Gy from December 1992 to December 1993). Progression was defined as biochemical failure according to ASTRO criteria, e.g. three consecutive PSA rises following the PSA nadir. RESULTS: The median PSA value decreased from 12.8 to 0.93ng/ml 12 months after treatment. Median PSA value was 0.47 after 24 months, 0.30ng/ml after 36 months and 0.18ng/ml after 60 months. 68% of the biopsies were negative 24 months after therapy. Progression-free rate was 100% for cT1 tumors, 75% for cT2 and 60% for stage-cT3 on 5-year follow-up. Five-year overall survival was 93%, 5-year disease-specific survival was 98%. Initial PSA value <10ng/ml, low stage and low grade were significantly related to 5-year progression-free survival. CONCLUSIONS: Combined HDR brachytherapy with Ir 192 is an alternative treatment option especially for patients with cT3 prostate cancer. Initial PSA value, stage and grade, are important prognostic factors.",Eur Urol,2002,41.0,420-6,10.1016/s0302-2838(02)00016-7,https://www.ncbi.nlm.nih.gov/pubmed/12074814,HIGH RISK,positive,1,,1,0.982180118560791,1
16520907,Hypofractionated conformal HDR brachytherapy in hormone naïve men with localized prostate cancer. Is escalation to very high biologically equivalent dose beneficial in all prognostic risk groups?,Galalae RM,"PURPOSE: To analyze the long-term effect of local dose escalation using conformal hypofractionated high-dose-rate brachytherapy (HDR-BT) boost and pelvic external-beam radiation therapy (EBRT) in hormone-naïve men with localized prostate cancer. PATIENTS AND METHODS: A total of 579 men were consecutively treated with pelvic EBRT and dose escalating HDR-BT since 1986 in two prospective trials: 378 patients at William Beaumont Hospital (1991-2002), and 201 patients at Kiel University (1986-1999). BT optimization was done modulating both, the dwell times and spatial source positions. A short course of neoadjuvant/concurrent androgen deprivation therapy was given to 222 patients. Hormone-naïve patients only (n = 324) with a follow-up > or = 18 months were analyzed. All patients had at least one poor prognostic factor (stage > or = T2b, Gleason Score > or = 7, pretreatment prostate-specific antigen [PSA] > or = 10 ng/ml): any one factor 122 patients, any two factors 122 patients, and three factors 80 patients. This cohort was stratified by equivalent dose (ED): dose level 1, < or = 94 Gy, n = 58, and dose level 2, > 94 Gy, n = 266, assuming an alpha/beta ratio of 1.2. The ASTRO definition for biochemical failure was used. RESULTS: Mean follow-up was 5.3 years (1.5-13.9 years). For all 324 patients, the 5-year biochemical control (BC) rate was 79%. Cancer-specific survival was 98%, and overall survival 90%. Similar analysis by institution demonstrated no difference in outcomes. For the entire cohort of hormone-naïve men, dose escalation to > 94 Gy resulted in a better 5-year BC of 59% versus 85% (p < 0.001). Discriminating by risk group a striking dose escalation effect was seen in the groups with two or three poor prognostic factors (p = 0.022 and < 0.001, respectively). In the group with only one poor prognostic factor, no statistical difference could be detected questioning the need for ED > 94 Gy. CONCLUSION: The results demonstrate that conformal HDR-BT is a successful method for delivering very high radiation dose to the prostate. The ability to escalate dose to ED > 94 Gy was reflected in improved long-term outcomes in terms of BC, significantly for those patients with two or three poor prognostic factors reaching BC rates of 85%.",Strahlenther Onkol,2006,182.0,135-41,10.1007/s00066-006-1448-5,https://www.ncbi.nlm.nih.gov/pubmed/16520907,INTERMEDIATE RISK,positive,1,,1,0.9821333289146423,1
29276060,Brachytherapy monotherapy may be sufficient for a subset of patients with unfavorable intermediate risk prostate cancer.,King MT,"PURPOSE/OBJECTIVE(S): Brachytherapy (BT) monotherapy is a well-established treatment modality for favorable intermediate risk (FIR) prostate cancer. However, patients with unfavorable intermediate risk (UIR) disease are often recommended trimodality therapy involving BT, androgen deprivation therapy (ADT), and external beam radiation therapy (EBRT). We sought to investigate the relative benefit of supplemental therapies (ADT and/or EBRT) for FIR and UIR prostate cancer in a large dataset. MATERIALS/METHODS: We identified 3,723 patients with intermediate risk prostate cancer treated with BT between 1997 and 2013, including 1,989 and 1,734 patients with FIR and UIR disease, respectively. For the FIR cohort, Fine and Gray's competing risks regression model was used to evaluate whether there was a difference in prostate cancer specific mortality (PCSM) between BT vs. BT + supplemental therapy (ADT, EBRT, or both). For the UIR cohort, this regression model was used to evaluate whether supplemental ADT, EBRT, or both decreased PCSM beyond BT alone. Both regression models were adjusted for clinical and treatment-related factors. RESULTS: The median follow-up periods were 7.7 years (interquartile range: 5.4-10.5) for the FIR cohort and 7.8 years (interquartile range: 5.3-10.6) for the UIR cohort. For the FIR cohort, there was no difference in PCSM between BT monotherapy vs. BT + supplemental therapy (adjusted hazard ratio [AHR] = 1.70; 95% CI: 0.46-6.29; P = 0.43). For the UIR cohort, supplemental EBRT (AHR = 2.66; 95% CI: 1.12-6.34; P = 0.03), ADT (AHR = 0.96; 95% CI: 0.38-2.43; P = 0.93), or both (AHR = 1.46; 95% CI: 0.42-5.01; P = 0.55) were not associated with improved PCSM compared with BT alone. CONCLUSION: In our analysis, supplemental therapies did not offer an improvement in PCSM compared with BT alone for FIR or UIR prostate cancers. Further prospective clinical trials are required to determine whether BT monotherapy may be sufficient for a subset of patients with UIR disease.",Urol Oncol,2018,36.0,157.e15-157.e20,10.1016/j.urolonc.2017.11.022,https://www.ncbi.nlm.nih.gov/pubmed/29276060,,positive,1,,1,0.9820666313171387,1
10758314,"Comparison of biochemical disease-free survival of patients with localized carcinoma of the prostate undergoing radical prostatectomy, transperineal ultrasound-guided radioactive seed implantation, or definitive external beam irradiation.",Stokes SH,"PURPOSE: This retrospective study compares the long-term biochemical disease-free survival for patients undergoing radical prostatectomy, transperineal ultrasound-guided (125)Iodine implantation, or external beam irradiation alone in a tertiary referral community-based hospital. METHODS AND MATERIALS: Five hundred forty patients were available for evaluation, which included: external beam, 132; (125)I, 186; and radical prostatectomy, 222. For the 318 patients referred to the Department of Radiation Oncology, those with T3 disease underwent external beam irradiation while patients with T1 or T2 underwent (125) 0.2 ng/mL or if they had three consecutive increases in their PSA or an increase in their postoperative PSA warranting intervention with androgen ablation or external beam irradiation to the pelvis. RESULTS: Patients were stratified by pretreatment risk groups predicting for post-treatment PSA recurrence. Patients were considered to be at a low or intermediate risk for recurrence if their clinical stage was T1c, T2a, T2b, pretreatment PSA level was </= 20 or their biopsy. Gleason score was </= 6, Patients were considered to be at high risk for failure if they were clinically stage T2c, T3, PSA at diagnosis > 20, or Gleason score was >/= 7. For 132 patients undergoing external beam irradiation, 28 of 37 low or intermediate risk obtained a 1 year nadir PSA of < 1 (76%) while 40% of high risk patients obtained nadir < 1. Of 186 patients undergoing (125)I, 112 of 147 low or intermediate risk (76%) obtained a nadir PSA < 1. Twenty of 39 (51%) high risk obtained a nadir PSA < 1. Of the 222 patients undergoing prostatectomy, 83 of 88 (94%) low or intermediate risk had undetectable levels of PSA at 1 year. One hundred seventeen of 134 (86%) were high risk and had undetectable levels of PSA at 1 year. The biochemical disease-free survival for patients with low or intermediate risk at 5 years is approximately 70% with no significant difference between those patients treated with radical prostatectomy, external beam, or (125)I. For those patients with high risk factors for recurrence, there is no significant difference between ultrasound-guided implant or external beam, but there is a significant improvement in biochemical disease-free survival with radical prostatectomy. CONCLUSION: For patients with low or intermediate risk disease, external beam, ultrasound-guided (125)I, or a radical prostatectomy give comparable long-term biochemical disease-free survival. For patients with high risk disease, a radical prostatectomy provides a significantly improved biochemical disease-free survival. Our current protocols utilize androgen ablation in combination with conformal three-dimensional external beam irradiation or androgen ablation in conjunction with external beam irradiation and (103)Pd seed implantation for patients at high risk for extra capsular disease. It is too early to determine if this combination therapy will give results comparable to radical prostatectomy. For patients who obtain a 1 year nadir PSA of < 1, the biochemical disease-free survival is durable with little risk of subsequent recurrence.",Int J Radiat Oncol Biol Phys,2000,47.0,129-36,10.1016/s0360-3016(99)00526-x,https://www.ncbi.nlm.nih.gov/pubmed/10758314,HIGH RISK,positive,1,,1,0.9822028875350952,1
27174603,Low-dose rate brachytherapy with I-125 seeds has an excellent 5-year outcome with few side effects in patients with low-risk prostate cancer.,Rasmusson E,"BACKGROUND: Low-dose rate brachytherapy (LDR-BT) has been used in Sweden for more than a decade for treatment of low-risk prostate cancer. This study presents the outcome for patients treated with LDR-BT at a single institution with focus on the association between dose and biochemical failure-free survival (BFFS). METHODS: In total 195 patients were treated with LDR-BT between 2004 and 2008. The patients were followed systematically for side effects for at least one year. PSA levels were followed regularly from three months and for at least five years. Outcome was analyzed in relation to clinical variables at baseline and to radiotherapy data. RESULTS: Kaplan-Meier estimated BFFS at five years was 95.7%. Dose to the prostate in terms of D90% was significantly associated with BFFS [HR 0.90 (95%CI 0.83-0.96), p = 0.002]. CONCLUSION: Out data confirmed that absorbed dose is a predictive factor for BFFS for low-risk patients without androgen deprivation therapy. With our treatment routines and dosimetry, a D90% in the range of 170-180 Gy gives excellent outcomes with acceptable toxicity for patients with low-risk prostate cancer.",Acta Oncol,2016,55.0,1016-21,10.1080/0284186X.2016.1175659,https://www.ncbi.nlm.nih.gov/pubmed/27174603,,positive,1,,1,0.9820228219032288,1
30992160,Prostate-only Versus Whole-pelvis Radiation with or Without a Brachytherapy Boost for Gleason Grade Group 5 Prostate Cancer: A Retrospective Analysis.,Sandler KA,"BACKGROUND: The role of elective whole-pelvis radiotherapy (WPRT) remains controversial. Few studies have investigated it in Gleason grade group (GG) 5 prostate cancer (PCa), known to have a high risk of nodal metastases. OBJECTIVE: To assess the impact of WPRT on patients with GG 5 PCa treated with external-beam radiotherapy (EBRT) or EBRT with a brachytherapy boost (EBRT+BT). DESIGN, SETTING, AND PARTICIPANTS: We identified 1170 patients with biopsy-proven GG 5 PCa from 11 centers in the United States and one in Norway treated between 2000 and 2013 (734 with EBRT and 436 with EBRT+BT). OUTCOME MEASUREMENTS AND STATISTICAL ANALYSIS: Biochemical recurrence-free survival (bRFS), distant metastasis-free survival (DMFS), and prostate cancer-specific survival (PCSS) were compared using Cox proportional hazards models with propensity score adjustment. RESULTS AND LIMITATIONS: A total of 299 EBRT patients (41%) and 320 EBRT+BT patients (73%) received WPRT. The adjusted 5-yr bRFS rates with WPRT in the EBRT and EBRT+BT groups were 66% and 88%, respectively. Without WPRT, these rates for the EBRT and EBRT+BT groups were 58% and 78%, respectively. The median follow-up was 5.6yr. WPRT was associated with improved bRFS among patients treated with EBRT+BT (hazard ratio [HR] 0.5, 95% confidence interval [CI] 0.2-0.9, p=0.02), but no evidence for improvement was found in those treated with EBRT (HR 0.8, 95% CI 0.6-1.2, p=0.4). WPRT was not significantly associated with improved DMFS or PCSS in the EBRT group (HR 1.1, 95% CI 0.7-1.7, p=0.8 for DMFS and HR 0.7, 95% CI 0.4-1.1, p=0.1 for PCSS), or in the EBRT+BT group (HR 0.6, 95% CI 0.3-1.4, p=0.2 for DMFS and HR 0.5 95% CI 0.2-1.2, p=0.1 for PCSS). CONCLUSIONS: WPRT was not associated with improved PCSS or DMFS in patients with GG 5 PCa who received either EBRT or EBRT+BT. However, WPRT was associated with a significant improvement in bRFS among patients receiving EBRT+BT. Strategies to optimize WPRT, potentially with the use of advanced imaging techniques to identify occult nodal disease, are warranted. PATIENT SUMMARY: When men with a high Gleason grade prostate cancer receive radiation with external radiation and brachytherapy, the addition of radiation to the pelvis results in a longer duration of prostate-specific antigen control. However, we did not find a difference in their survival from prostate cancer or in their survival without metastatic disease. We also did not find a benefit for radiation to the pelvis in men who received radiation without brachytherapy.",Eur Urol,2020,77.0,3-10,10.1016/j.eururo.2019.03.022,https://www.ncbi.nlm.nih.gov/pubmed/30992160,,positive,1,,1,0.9821497797966003,1
32320130,"Pelvic exenteration surgery in patients with locally advanced castration-naïve and castration-resistant, symptomatic prostate cancer",Heidenreich A,"OBJECTIVES: To evaluate retrospectively the surgical, symptomatic and oncological outcomes of pelvic exenteration surgery (PES) in men with significant intrapelvic complications of locally advanced castration-sensitive (CSPC) and castration-resistant prostate cancer (CRPC). PATIENTS AND METHODS: A total of 103 patients with locally advanced progressive and symptomatic CSPC or CRPC underwent PES (radical cystoprostatectomy, n = 71 [68.9%]; radical prostatectomy with continent vesicostomy, n = 9 [8.7%]; total exenteration, n = 23 [22.3%]). All patients underwent local staging via magnetic resonance imaging, cystoscopy and rectoscopy. Systemic staging was carried out with chest, abdominal and pelvic computed tomography scans and bone scans. Peri-operative complications were assessed according to Clavien-Dindo classification. Symptom-free and overall survival were evaluated using the Kaplan-Meier method. Statistical tests were two-tailed with a P value <0.05 taken to indicate statistical significance. RESULTS: After a median (range) follow-up of 36.5 (3-123) months, the symptom-free survival rate at 1 and 3 years was 89.2% (n = 89) and 64.1% (n = 66), respectively. The median symptom-free survival was 27.9 months. A total of 78.6% of the patients were symptom-free during their remaining lifetime. The overall survival rate at 1 and 3 years was 92.2% and 43.7%, respectively, and the median overall survival was 33.6 months. Clavien-Dindo grades 2, 3 and 4 complications developed in 31 (30.6%), 12 (11.6%) and eight patients (8.1%), respectively. CONCLUSION: Pelvic exenteration surgery is technically feasible in well-selected patients, resulting in symptom relief in >90% of patients, covering 80% of their remaining lifetime.",BJU Int,2020,126.0,342-349,doi: 10.1111/bju.15088. Epub 2020 May 16,https://www.ncbi.nlm.nih.gov/pubmed/32320130,,negative,0,2020.0,0,0.01409784983843565,0
20869162,Biochemical recurrence following robot-assisted radical prostatectomy: analysis of 1384 patients with a median 5-year follow-up.,Menon M,"BACKGROUND: There is a paucity of data on long-term oncologic outcomes for patients undergoing robot-assisted radical prostatectomy (RARP) for prostate cancer (PCa). OBJECTIVE: To evaluate oncologic outcomes in patients undergoing RARP at a high-volume tertiary center, with a focus on 5-yr biochemical recurrence-free survival (BCRFS). DESIGN, SETTING, AND PARTICIPANTS: The study cohort consisted of 1384 consecutive patients with localized PCa who underwent RARP between September 2001 and May 2005 and had a median follow-up of 60.2 mo. No patient had secondary therapy until documented biochemical recurrence (BCR). BCR was defined as a serum prostate-specific antigen ≥ 0.2 ng/ml with a confirmatory value. BCRFS was estimated using the Kaplan-Meier method. Event-time distributions for the time to failure were compared using the log-rank test. Univariable and multivariable Cox proportional hazards regression models were used to determine variables predictive of BCR. INTERVENTION: All patients underwent RARP. MEASUREMENTS: BCRFS rates were measured. RESULTS AND LIMITATIONS: This cohort of patients had moderately aggressive PCa: 49.0% were D'Amico intermediate or high risk on biopsy; however, 60.9% had Gleason 7-10 disease, and 25.5% had ≥ T3 disease on final pathology. There were 189 incidences of BCR (31 per 1,000 person years of follow-up) at a median follow-up of 60.2 mo (interquartile range [IQR]: 37.2-69.7). The actuarial BCRFS was 95.1%, 90.6%, 86.6%, and 81.0% at 1, 3, 5, and 7 yr, respectively. In the patients who recurred, median time to BCR was 20.4 mo; 65% of BCR incidences occurred within 3 yr and 86.2% within 5 yr. On multivariable analysis, the strongest predictors of BCR were pathologic Gleason grade 8-10 (hazard ratio [HR]: 5.37; 95% confidence interval [CI], 2.99-9.65; p < 0.0001) and pathologic stage T3b/T4 (HR: 2.71; 95% CI, 1.67-4.40; p < 0.0001). CONCLUSIONS: In a contemporary cohort of patients with localized PCa, RARP confers effective 5-yr biochemical control.",Eur Urol,2010,58.0,838-46,10.1016/j.eururo.2010.09.010,https://www.ncbi.nlm.nih.gov/pubmed/20869162,LOW RISK,positive,1,,1,0.982090413570404,1
31612318,Postoperative biochemical recurrence of pathologically localized high-grade prostate cancer in adjuvant treatment-naïve patients,Heo JE,"PURPOSE: To evaluate biochemical recurrence (BCR) risk in men with localized prostate cancer (PC) of pathological Gleason score (pGS) 8-10. Although such patients have low BCR-free survival (BCRFS) following radical prostatectomy (RP), they are not recommended for adjuvant radiation therapy (ART) as per current guidelines. METHODS: Among an adjuvant treatment-naïve cohort between 1995 and 2015, 1272 men were identified and categorized into group 1 [pGS7 (3 + 4) and pT3; n = 654], group 2 [pGS7 (4 + 3) and pT3; n = 408], and group 3 (pGS 8-10 and pT2; n = 210). The BCR risk of group 3 was compared with that of groups 1 and 2 who are the candidates for ART. RESULTS: At a median follow-up of 60 months (interquartile range: 39-86), 432 men experienced BCR. BCRFS was lower in group 3 than in groups 1 and 2 (p < 0.001 and p = 0.021, respectively). In multivariate analysis, this association persisted and surgical margin (SM) was found to be a significant BCR predictor. Although statistically not significant, BCRFS was lower in group 3 with positive SM (PSM) than in group 2 with PSM (p = 0.101). BCRFS was significantly worse in group 3 with negative SM (NSM) than in group 1 with PSM (p = 0.038), while it was better in group 2 with PSM (p = 0.297). CONCLUSION: Localized high-grade PC with PSM showed lower BCRFS and that with NSM showed better BCRFS without statistical significance than locally advanced GS 7 PC with PSM that are eligible for ART.",J Cancer Res Clin Oncol,2020,146.0,221-227,doi: 10.1007/s00432-019-03049-0. Epub 2019 Oct 14,https://www.ncbi.nlm.nih.gov/pubmed/31612318,,negative,0,2020.0,0,0.014052940532565117,0
19307949,High dose rate and external beam radiotherapy in locally advanced prostate cancer.,Viani GA,"PURPOSE: To report the outcomes and toxicity of high dose rate brachytherapy as a boost for localized prostate cancer. MATERIALS AND METHODS: Between 1997 and 2000, the medical records of 131 patients with prostate adenocarcinoma who were treated with external beam radiation therapy and high dose rate brachytherapy, were retrospectively analyzed. Furthermore, 55% of the patients received neoadjuvant/concurrent or adjuvant androgen deprivation therapy. Patients were stratified into 2 groups. Group 1 included 65 patients with Gleason score 7, pretreatment prostate specific antigen (PSA) between 10 and 20 ng/mL, and clinical stage T2b. Group 2 included 66 patients with Gleason score between 8 and 10, PSA greater than 20 ng/mL, and clinical stage greater than T2b. RESULTS: At a median follow-up of 62.8 months, the 5-year biochemical control (BC) rate, as defined by the American Society for Therapeutic Radiology and Oncology Phoenix Consensus panel statement, was 81% and overall survival was 91%. BC in Groups 1 and 2 were 87% and 71%, respectively. On univariate analysis risk group, pretreatment PSA and age were significant predictors of BC. However, on multivariate analysis only pretreatment PSA was significant. Using the Radiation therapist oncology group criteria, there were 2 (1.5%) cases of grade 3 acute urinary toxicity. Regarding late side effects (n = 5), 4% of patients had grade 3 genitourinary toxicity and no grade 4 complication was observed. CONCLUSIONS: External beam radiation therapy and high dose rate brachytherapy for prostate cancer resulted in excellent BC, and overall survival with minimal severe, acute, or late complications.",Am J Clin Oncol,2009,32.0,187-90,10.1097/COC.0b013e3181841f78,https://www.ncbi.nlm.nih.gov/pubmed/19307949,,positive,1,,1,0.9820820689201355,1
17296379,13-year outcomes following treatment for clinically localized prostate cancer in a population based cohort.,Albertsen PC,"PURPOSE: Because data from randomized trials initiated after the introduction of prostate specific antigen testing are unavailable, we performed a retrospective, population based study to estimate prostate cancer specific survival and overall survival after surgery, radiation or observation to manage clinically localized prostate cancer. MATERIALS AND METHODS: From the Connecticut Tumor Registry we identified Connecticut residents 75 years or younger diagnosed with clinically localized prostate cancer between January 1, 1990 and December 31, 1992. We obtained information from physician offices concerning treatments received by 1,618 patients who underwent surgery (802), external beam radiation therapy (702) or no initial therapy (114) and subsequent medical outcomes. Treatment comparisons were adjusted for pretreatment Gleason score, prostate specific antigen and clinical stage along with age at diagnosis and comorbidities using 3 methods, including categorization by risk, a proportional hazards model and a propensity score. RESULTS: At an average followup of 13.3 years 13% of patients had died of prostate cancer, 5% had died of other cancers and 24% had died other noncancer causes. Patients undergoing surgery were younger, and had more favorable histology and lower pretreatment prostate specific antigen compared to patients undergoing radiation. Patients who elected observation had significantly worse cause specific survival than those who elected surgery. They also fared worse than men who received radiation therapy but the difference was not statistically significant, possibly because of the small number of prostate cancer deaths to date. CONCLUSIONS: Our findings suggest that patients undergoing surgery for clinically localized prostate cancer may have a cancer specific survival advantage compared to those electing radiation or observation. However, only a randomized trial can control for the many known and unknown confounding factors that can affect long-term outcomes.",J Urol,2007,177.0,932-6,10.1016/j.juro.2006.10.051,https://www.ncbi.nlm.nih.gov/pubmed/17296379,,positive,1,,1,0.9820913672447205,1
15815194,Update on laparoscopic and robotic radical prostatectomy,Hoznek A,"PURPOSE OF REVIEW: Laparoscopic and robotic-assisted prostatectomy have been proposed as alternatives to traditional open retropubic prostatectomy. In this review, we update the more recent data concerning the results, technical trends and controversies regarding these novel, minimally invasive procedures. RECENT FINDINGS: As a result of improved patient selection, a better understanding of surgical anatomy, and refinements in surgical techniques, traditional retropubic prostatectomy set the standards very high, leaving little room for improvement. In this review, the results of laparoscopic prostatectomy are compared with contemporary in addition to historical series. Besides the transperitoneal laparoscopic approach, which was almost exclusively used in the initial series, the introduction and development of the extraperitoneal laparoscopic approach meant a significant change in the surgical strategy of a number of teams worldwide. The relative merits of the transperitoneal and extraperitoneal approaches are discussed. Robotic radical prostatectomy is a promising technical innovation that allows us to overcome many of the inherent limitations of laparoscopic surgery. As a result of financial constraints, the experience has been limited to a few centres worldwide. SUMMARY: Although long-term results are still lacking, novel minimally invasive techniques seem to fulfil the highest standards of radical prostatectomy in terms of early oncological cure, functional results and morbidity. A standardization of data collection and evaluation methodology will be indispensable for a better comparison of the different series.",Curr Opin Urol,2005,15.0,173-80,doi: 10.1097/01.mou.0000165551.71792.b9,https://www.ncbi.nlm.nih.gov/pubmed/15815194,,negative,0,2005.0,0,0.014214732684195042,0
26004800,Duration of Androgen Deprivation Therapy Influences Outcomes for Patients Receiving Radiation Therapy Following Radical Prostatectomy,Jackson WC,"BACKGROUND: Limited data exist to guide the use of androgen deprivation therapy (ADT) for men treated with radiation therapy (RT) after radical prostatectomy (RP). The optimal duration of ADT in this setting is unknown. OBJECTIVE: To determine if the duration of ADT influences clinical outcomes for men receiving post-RP RT. DESIGN, SETTING, AND PARTICIPANTS: A total of 680 men who received adjuvant radiation therapy (n=105) or salvage radiation therapy (n=575) between 1986 and 2010 at a single tertiary care institution were reviewed retrospectively. Median follow-up post-RT was 57.8 mo. INTERVENTION: RT was delivered using three-dimensional conformal or intensity-modulated RT in 1.8-Gy fractions. For patients treated with ADT, >80% were treated with a gonadotropin-releasing hormone agonist with or without a nonsteroidal antiandrogen. OUTCOME MEASUREMENTS AND STATISTICAL ANALYSIS: Biochemical failure (BF), distant metastasis (DM), prostate cancer-specific mortality (PCSM), and overall mortality were assessed using Kaplan-Meier analysis and propensity score analysis. RESULTS AND LIMITATIONS: Overall, 144 patients (21%) received ADT with post-RP RT, most of whom had high-risk disease features such as Gleason score 8-10, seminal vesicle invasion, or pre-RT prostate-specific antigen >1 ng/ml. Median ADT duration was 12 mo (interquartile range: 6.0-23.7). Patients who received <12 mo of ADT had an association with increased BF (hazard ratio [HR]: 2.27; p=0.003) and DM (HR: 2.48; p=0.03) compared with patients receiving ≥12 mo of ADT. The 5-yr rates of DM were 6.0% and 23% for ≥12 and <12 mo of ADT, respectively. On propensity score analysis controlling for pretreatment and treatment-related factors, each month of ADT was associated with a decreased risk for BF (HR: 0.95; p=0.0004), DM (HR: 0.88; p=0.0004), and PCSM (HR: 0.90; p=0.037). These findings are limited by the retrospective nature of our analysis. CONCLUSIONS: For men with high-risk disease features receiving ADT with post-RP RT, the duration of ADT is associated with clinical outcomes. Our findings suggest that for these men an extended course of ADT ≥12 mo may be preferable. Validation of our findings is needed. PATIENT SUMMARY: We evaluated outcomes for men with high-risk disease features treated with androgen deprivation therapy (ADT) and radiotherapy after radical prostatectomy. Longer durations of ADT resulted in improved patient outcomes.",Eur Urol,2016,69.0,50-7,doi: 10.1016/j.eururo.2015.05.009. Epub 2015 May 21,https://www.ncbi.nlm.nih.gov/pubmed/26004800,,negative,0,2015.0,0,0.014020517468452454,0
33085712,68Ga-PSMA-PET/CT-based radiosurgery and stereotactic body radiotherapy for oligometastatic prostate cancer,Kalinauskaite G,"BACKGROUND: Androgen deprivation therapy (ADT) remains the standard therapy for patients with oligometastatic prostate cancer (OMPC). Prostate-specific membrane antigen positron emission tomography/computed tomography (PSMA-PET/CT)-based stereotactic body radiotherapy (SBRT) is emerging as an alternative option to postpone starting ADT and its associated side effects including the development of drug resistance. The aim of this study was to determine progression free-survival (PFS) and treatment failure free-survival (TFFS) after PSMA-PET/CT-based SBRT in OMPC patients. The efficacy and safety of single fraction radiosurgery (SFRS) and ADT delay were investigated. METHODS: Patients with ≤5 metastases from OMPC, with/without ADT treated with PSMA-PET/CT-based SBRT were retrospectively analyzed. PFS and TFFS were primary endpoints. Secondary endpoints were local control (LC), overall survival (OS) and ADT-free survival (ADTFS). RESULTS: Fifty patients with a total of 75 metastases detected by PSMA-PET/CT were analyzed. At the time of SBRT, 70% of patients were castration-sensitive. Overall, 80% of metastases were treated with SFRS (median dose 20 Gy, range: 16-25). After median follow-up of 34 months (range: 5-70) median PFS and TFFS were 12 months (range: 2-63) and 14 months (range: 2-70), respectively. Thirty-two (64%) patients had repeat oligometastatic disease. Twenty-four (48%) patients with progression underwent second SBRT course. Two-year LC after SFRS was 96%. Grade 1 and 2 toxicity occurred in 3 (6%) and 1 (2%) patients, respectively. ADTFS and OS rates at 2-years were 60.5% and 100%, respectively. In multivariate analysis, TFFS significantly improved in patients with time to first metastasis (TTM) >36 months (p = 0.01) and PSA before SBRT ≤1 ng/ml (p = 0.03). CONCLUSION: For patients with OMPC, SBRT might be used as an alternative to ADT. This way, the start/escalation of palliative ADT and its side effects can be deferred. Metastases treated with PSMA-PET/CT-based SFRS reached excellent LC with minimal toxicity. Low PSA levels and longer TTM predict elongated TFFS.",PLoS One,2020,21.0,,doi: 10.1371/journal.pone.0240892. eCollection 2020,https://www.ncbi.nlm.nih.gov/pubmed/33085712,,negative,0,2020.0,0,0.014132402837276459,0
14511029,Outcome after radical prostatectomy with a pretreatment prostate biopsy Gleason score of >/=8.,Manoharan M,"OBJECTIVE: To determine the outcome and predictors of recurrence in patients with a pretreatment prostate biopsy Gleason score (GS) of >/= 8 and treated with radical prostatectomy (RP). PATIENTS AND METHODS: We retrospectively reviewed 1048 consecutive patients who underwent RP by one surgeon (M.S.S.); patients who had a pretreatment biopsy GS of >/= 8 were identified. Information was recorded on patient age, initial prostate specific antigen (PSA) level, clinical stage, biopsy GS, pathology GS, extraprostatic extension (EPE), tumour volume, surgical margin status, seminal vesicle invasion (SVI), and lymph node involvement. The results were assessed statistically using the Kaplan-Meier method, univariate log-rank tests and multivariate analysis using Cox's proportional hazards regression. RESULTS: In all, 123 patients met the initial selection criteria; 44 were excluded from further analyses (five salvage RP, 23 < 1 year follow-up and 16 adjuvant treatment). Thus 79 patients were included in the uni- and multivariate analyses; 25 (31%) patients had a GS of </= 7 in the RP specimen and 54 (69%) remained at GS >/= 8. The mean follow-up was 55 months, the age of the patients 63 years and the mean (sd) initial PSA level 13 (12) ng/mL. The overall biochemical failure rate was 38% (41% if the final GS was >/= 8 and 32% if it was </= 7). For those with a GS of >/= 8 in the RP specimen, 20% (11/54) were organ-confined; two patients (2.5%) in this group developed local recurrence. If the final GS was </= 7, 52% (13/25) were organ-confined. In the univariate analysis, significant risk factors for recurrence were PSA >/= 20 ng/mL, EPE, SVI, a positive surgical margin and tumour volume. Cox's proportional regression indicated that a PSA of >/= 20 ng/mL (hazard ratio 7.9, 95% confidence interval 2.6-24.2, P < 0.001), the presence of EPE (4.2, 1.6-10.9, P = 0.004) and a positive surgical margin (3.8, 1.5-9.7, P = 0.005) were significant independent predictors in a multivariate analysis. CONCLUSION: RP is a reasonable treatment option for patients with a prostate biopsy GS of >/=8 and clinical stage T1-2. These patients have a high chance of remaining disease-free if their PSA level is </= 20 ng/mL. Patients with a pretreatment biopsy GS of >/= 8 should be counselled about the potential differences between the biopsy and the RP specimen GS.",BJU Int,2003,92.0,539-44,10.1046/j.1464-410x.2003.04419.x,https://www.ncbi.nlm.nih.gov/pubmed/14511029,,positive,1,,1,0.9821557402610779,1
25413406,Permanent prostate brachytherapy using high V150,Serrano NA,"PURPOSE: Prostate brachytherapy sometimes requires the volume receiving >150% of the prescribed dose (V150) to be >50% to obtain satisfactory coverage. There has been concern expressed that high V150 may be associated with higher rates of urinary retention and morbidity. METHODS AND MATERIALS: We reviewed 207 consecutive cases of prostate brachytherapy treated with palladium 103 ((103)Pd; n = 140) or iodine 125 ((125)I; n = 67). Prescribed doses for (103)Pd monotherapy and boost were 124 and 90 Gy, respectively; for (125)I, the corresponding doses were 160 and 120 Gy. Patients were evaluated at baseline, 1 month, 3 months, and every 6 months thereafter. RESULTS: Median follow-up at the time of analysis was 18 months. For (103)Pd, the mean intraoperative volume and V150 were 30.3 cm(3) and 72%, respectively; corresponding values for (125)I were 38.3 cm(3) and 59%, respectively. Two of the patients treated with iodine and 9 treated with palladium experienced acute urinary retention, which was not statistically significant (P = .48). The rectal V100 for (103)Pd was significantly less than that for (125)I (P < .001). The mean baseline, 1-month, and 12-month American Urologic Association (AUA) scores for (103)Pd were 8.5, 19.7, and 8.2, respectively; for (125)I, the values were 7.4, 17.1, and 13.4, respectively. At 12 months, the AUA scores returned to baseline in the (103)Pd-treated patients, whereas scores in (125)I-treated patients remained elevated (P = .005). High V150 did not appear to cause undue risk of urinary retention or morbidity based on logistic regression analysis of patients treated with monotherapy performed with either isotope. CONCLUSIONS: The risk of urinary retention was low, despite high V150 values for both isotopes. In patients treated with brachytherapy alone, no significant increase in urinary morbidity was seen in relation to V150. AUA scores returned to baseline in (103)Pd-treated patients at 1 year, whereas (125)I-treated patients demonstrated continued elevation.",Pract Radiat Oncol,2015,,-,doi: 10.1016/j.prro.2014.06.008. Epub 2014 Aug 7,https://www.ncbi.nlm.nih.gov/pubmed/25413406,,negative,0,2015.0,0,0.014098129235208035,0
27138879,High-dose radiotherapy with helical tomotherapy and long-term androgen deprivation therapy for prostate cancer: 5-year outcomes.,Tomita N,"PURPOSE: We aimed to examine outcomes of high-dose radiotherapy with helical tomotherapy (HT) and long-term androgen deprivation therapy (ADT) for T1-4N0M0 prostate cancer. METHODS: A total of 391 patients treated with HT between June 2006 and December 2013 were included in this retrospective study. All patients received neoadjuvant ADT for a median duration of 10 months followed by HT at a median dose of 78 Gy [interquartile range (IQR) 78-78]. The times of median adjuvant and total ADT were 19 and 27 months (IQR 20-31), respectively. The risk stratification followed the 2015 National Comprehensive Cancer Network criteria. Biochemical disease-free survival (bDFS) followed the Phoenix definition. Toxicity was scored according to the Radiation Therapy Oncology Group morbidity grading scale. RESULTS: Median follow-up from HT start was 60 months (IQR 42-81). Five-year bDFS rates for low-, intermediate-, high-, and very-high-risk groups were 100, 98.2, 97.7, and 87.9 %, respectively. We observed clinical relapse in nine very-high-risk patients and one high-risk patient, resulting in a 5-year clinical relapse-free survival of 100, 100, 99.4, and 91.7 %, respectively, for each risk group. Three patients died of prostate cancer, resulting in a 5-year prostate cancer-specific survival of 99.6 %. The late grade 2 or higher gastrointestinal and genitourinary toxicities were 9.7 and 10.7 %. No cardiovascular fatal events were observed. CONCLUSIONS: This report confirmed the excellent outcomes with acceptable late toxicities with the combination of HT and long-term ADT. Longer follow-up is crucial to further determine the treatment effect and toxicity.",J Cancer Res Clin Oncol,2016,142.0,1609-19,10.1007/s00432-016-2173-9,https://www.ncbi.nlm.nih.gov/pubmed/27138879,,positive,1,,1,0.9821627736091614,1
16053358,Transrectal high-intensity focused ultrasound in the treatment of localized prostate cancer,Rebillard X,"The literature concerning the efficacy and safety of transrectal high-intensity focused ultrasound (HIFU) for the treatment of localized prostate cancer still comprises a relatively small number of articles. The main studies have been published by four teams using an apparatus available in Europe for several years. The recently presented results of the European Multicentre Study and the study by Gelet and associates based on 242 patients with a follow-up of more than 1 year show that HIFU is a valid alternative for the management of welldifferentiated and moderately differentiated localized prostate cancer with an initial PSA </=15 ng/mL in men with a life expectancy >10 years. In two studies, the combination of transurethral resection of the prostate and HIFU limited the risk of postoperative urinary retention without inducing a higher complication rate. In a series of patients presenting recurrence after external-beam radiotherapy, HIFU was found to be a useful therapy, with >80% negative biopsies. The best indications for HIFU are men over the age of 65, those who are not candidates for radical prostatectomy, obese patients, or patients with comorbidities likely to make surgery more difficult. The learning curve for this technique is relatively short, between 10 and 15 patients, for urologists experienced in transrectal ultrasonography. One of the advantages of HIFU is that it can be repeated in the case of recurrence or to re-treat a prostatic site, it involves no radiation, and patients do not suffer from long-term irritative urinary symptoms.",J Endourol,2005,,-,doi: 10.1089/end.2005.19.693,https://www.ncbi.nlm.nih.gov/pubmed/16053358,,negative,0,2005.0,0,0.014201848767697811,0
20835257,The 5-year functional outcomes after radical prostatectomy: a real-life experience in Korea,Hong SK,"We investigated the functional outcomes regarding erectile function and urinary continence up to 5 years following radical prostatectomy (RP) in a cohort of Korean men. We retrospectively analyzed the clinicopathologic data of 85 Korean men who received open uni- or bilateral nerve-sparing RP for clinically localized prostate cancer and were followed up for at least 5 years postoperatively. From medical records, patients' status regarding urinary and erectile function at baseline and postoperative followups after RP was assessed. At 24 and 60 months after RP, proportions of subjects continent (no pads used) were 89.4% and 97.6%, respectively (P = 0.007). Excluding subjects (n = 24) who preoperatively reported having severe erectile dysfunction or lacked relevant informations, proportions of subjects capable of having vaginal intercourse regardless of erectile aid usage were 47.5% and 37.7% at 24 and 60 months from RP, respectively (P = 0.022). Patient's age at surgery (P = 0.047) and salvage radiation therapy (P = 0.026) were observed to be significant predictors of having erections sufficient for intercourse at 60 months from RP in multivariate analysis. Our results showed that while patients' postoperative status regarding urinary continence at 2 years from RP is generally maintained or improved at 5 year point, erectile function was observed to significantly declined from 2 years to 5 years following RP. Such decline in erectile function following RP may be more significant among men who were relatively older at surgery or those who received salvage therapy during postoperative follow-ups.",Asian J Androl,2010,12.0,835-40,doi: 10.1038/aja.2010.81. Epub 2010 Sep 13,https://www.ncbi.nlm.nih.gov/pubmed/20835257,,negative,0,2010.0,0,0.014125652611255646,0
