pmid,title,author,abstract,journal,year,volume,pages,doi,url,risk_category,dataset,label,year_group,true_label,prob,pred_label
25707911,Stereotactic body radiotherapy for prostate cancer,Henderson DR,"The use of stereotactic body radiotherapy (SBRT) for localised prostate cancer is now supported by a substantial body of non-randomised data, with medium-term outcomes consistent with current standard radiotherapy. The ability to deliver profoundly hypofractionated treatment, combined with the relatively low α/β ratio of prostate cancer, may result in a more favourable therapeutic ratio, presenting an opportunity for isotoxic dose escalation. Furthermore, as treatment can be given in five attendances, SBRT has the potential both to reduce costs and improve patient quality of life. However, in a treatment landscape with many competing options of broadly similar efficacy, randomised trials are essential to define the relative benefits of this approach. SBRT also has an emerging application in oligometastatic prostate cancer, with promising early outcomes for delaying disease progression and deferring the need for androgen deprivation therapy.",Clin Oncol (R Coll Radiol),2015,27,270-9,doi: 10.1016/j.clon.2015.01.011. Epub 2015 Feb 21,https://www.ncbi.nlm.nih.gov/pubmed/25707911,,negative,0,2015.0,0,0.03190901130437851,0
25339310,Radical prostatectomy versus external beam radiotherapy for localized prostate cancer: Comparison of treatment outcomes,Kim YJ,"PURPOSE: We retrospectively compared the treatment outcomes of localized prostate cancer between radical prostatectomy (RP) and external beam radiotherapy (EBRT). MATERIALS AND METHODS: We retrospectively analyzed 738 patients with localized prostate cancer who underwent either RP (n = 549) or EBRT (n = 189) with curative intent at our institution between March 2001 and December 2011. Biochemical failure was defined as a prostate-specific antigen (PSA)  level of ≥ 0.2 ng/ml in the RP group and the nadir of + ≥ 2 ng/ml in the EBRT group. RESULTS: The median (range) follow-up duration was 48.8 months (0.7-133.2 months) and 48.7 months (1.0-134.8 months) and the median age was 66 years (45-89 years) and 71 years (51-84 years; p < 0.001) in the RP and EBRT groups, respectively. Overall, 21, 42, and 36 % of patients in the RP group, and 15, 27, and 58 % of patients in the EBRT group were classified as low, intermediate, and high risk, respectively (p < 0.001). Androgen-deprivation therapy was more common in the EBRT group (59 vs. 27 %, respectively; p < 0.001). The 8-year biochemical failure-free survival rates were 44 and 72 % (p < 0.001) and the disease-specific survival rates were 98 % and 97 % (p = 0.543) in the RP and EBRT groups, respectively. CONCLUSIONS: Although the EBRT group included more high-risk patients than did the RP group, the outcomes of EBRT were not inferior to those of RP. Our data suggest that EBRT is a viable alternative to RP for treating localized prostate cancer.",Strahlenther Onkol,2015,191,321-9,doi: 10.1007/s00066-014-0765-3. Epub 2014 Oct 23,https://www.ncbi.nlm.nih.gov/pubmed/25339310,,negative,0,2015.0,0,0.03128344565629959,0
31897875,Castration-resistant prostate cancer without metastasis at presentation may achieve cancer-specific survival in patients who underwent prior radical prostatectomy,Kodama H,"PURPOSE: Radical prostatectomy (RP) is relatively better oncological outcomes in patients with prostate cancer (PCa). However, the incidence of castration-resistant PCa (CRPC) and PCa-specific mortality in patients with biochemical recurrence (BCR) after RP remains unclear. The aim of this study was to evaluate the cancer-specific survival (CSS) in patients with CRPC after RP, in particular those who had metastases or not. METHODS: We retrospectively reviewed the data of 1582 consecutive patients who underwent RP between July 1996 and January 2019. The enrolled patients had histologically confirmed stage T1a-T3b PCa without lymph node involvement or distant metastasis. The endpoints were oncological outcomes, including CSS and BCR, in patients with PCa with or without metastases at the time of diagnosis with CRPC. RESULTS: A total of 1474 patients were enrolled in this study. By the end of the follow-up period, 352 patients (24.6%) in the enrolled patients had BCR after RP. A total of 42 patients (2.9%) developed CRPC and 18 (1.3%) had died of PCa. With regard to metastasis in patients who diagnosed CRPC, the 5-year CSS rate was 100% for nonmetastatic CRPC (nmCRPC) patients and 53.8% for metastatic CRPC (mCRPC) patients after RP. The 5-year CSS rate was 100% for nmCRPC patients and 27.1% for mCRPC patients after the diagnosis with CRPC. CONCLUSIONS: CRPC is one of the lethal causes with PCa death. However, nmCRPC may achieve relatively good prognosis in patients with PCa after RP.",Int Urol Nephrol,2020,52,671-679,doi: 10.1007/s11255-019-02339-3. Epub 2020 Jan 3,https://www.ncbi.nlm.nih.gov/pubmed/31897875,,negative,0,2020.0,0,0.031606629490852356,0
31735483,Focal Salvage MR Imaging-Guided Cryoablation for Localized Prostate Cancer Recurrence after Radiotherapy: 12-Month Follow-up,Bomers JGR,"PURPOSE: To evaluate safety, quality of life (QoL), and local cancer control after focal salvage MR imaging-guided cryoablation in patients with local recurrence of prostate cancer (PCa) after radiotherapy. MATERIALS AND METHODS: A retrospective, single-center study was performed in 62 patients with radiorecurrent PCa who underwent MR imaging-guided cryoablation since May 2011 with a follow-up ≥12 months in December 2017. Rates and descriptions of adverse events were reported. Ablation complications were classified according to the Clavien and SIR systems. Validated questionnaires were used to observe functional outcomes and QoL before therapy and 6 and 12 months after therapy. Cancer control was defined as no biochemical failure according to Phoenix criteria and no other clinical evidence for local or metastatic disease. RESULTS: All procedures were technically feasible. The number of complications requiring major therapy (Clavien grade 3b/4 or SIR grade D/E/F) was low (2 [3.2%] and 1 [1.6%], respectively). After 12 months, the International Consultation of Incontinence Questionnaire-Short Form (P < .001) and 5-item International Index of Erectile Function (P = .001) scores became significantly worse, indicating increased symptoms of incontinence and diminished erectile function, without compromising QoL. Six patients developed metastases within 6 months. After 12 months, 36 patients (63%) were disease-free. CONCLUSIONS: Focal salvage MR imaging-guided cryoablation is safe and is associated with a high technical success rate, preservation of QoL, and local PCa control. This treatment can be a reasonable alternative to salvage radical prostatectomy in properly selected patients with low morbidity and preservation of QoL; however, longer follow-up is needed.",J Vasc Interv Radiol,2020,31,35-41,doi: 10.1016/j.jvir.2019.07.001. Epub 2019 Nov 15,https://www.ncbi.nlm.nih.gov/pubmed/31735483,,negative,0,2020.0,0,0.031422264873981476,0
17084558,Multi-institutional analysis of long-term outcome for stages T1-T2 prostate cancer treated with permanent seed implantation.,Zelefsky MJ,"PURPOSE: To assess long-term prostate-specific antigen (PSA) outcome after permanent prostate brachytherapy (BT) and identify predictors of improved disease-free survival. METHODS AND MATERIALS: Eleven institutions combined data on 2,693 patients treated with permanent interstitial BT monotherapy for T1-T2 prostate cancer. Of these patients, 1,831 (68%) were treated with I-125 (median dose, 144 Gy) and 862 (32%) were treated with Pd-103 (median dose, 130 Gy). Criteria for inclusion were: available pre-BT PSA, BT > or =5 years before data submission, BT between 1988-1998, and no androgen deprivation before failure. The median follow-up was 63 months. RESULTS: Among patients where the I-125 dose to 90% of the prostate (D90) was > or =130 Gy, the 8-year PSA relapse-free survival (PRFS) was 93% compared with 76% for those with lower D90 dose levels (p < 0.001). A multivariable analysis identified tumor stage (p = 0.002), Gleason score (p < 0.001), pretreatment PSA level (p < 0.001), treatment year (p = 0.001), and the isotope used (p = 0.004) as pretreatment and treatment variables associated with PRFS. When restricted to patients with available postimplantation dosimetric information, D90 emerged as a significant predictor of biochemical outcome (p = 0.01), and isotope was not significant. The 8-year PRFS was 92%, 86%, 79%, and 67%, respectively, for patients with PSA nadir values of 0-0.49, 0.5-0.99, 1.0-1.99, and >2.0 ng/mL (p < 0.001). Among patients free of biochemical relapse at 8 years, the median nadir level was 0.1 ng/mL, and 90% of these patients achieved a nadir PSA level <0.6 ng/mL. CONCLUSIONS: Outcome after permanent BT for prostatic cancer relates to tumor stage, Gleason score, pretreatment PSA, BT year, and post-BT dosimetric quality. PSA nadir < or =0.5 ng/mL was particularly associated with durable long-term PSA disease-free survival. The only controllable factor to impact on long-term outcome was the D90 which is a reflection of implant quality.",Int J Radiat Oncol Biol Phys,2007,67,327-33,10.1016/j.ijrobp.2006.08.056,https://www.ncbi.nlm.nih.gov/pubmed/17084558,INTERMEDIATE RISK,positive,1,,1,0.9711142182350159,1
31912470,Factors Predicting Prostate Specific Antigen Failure Following Radical Prostatectomy: Experience with 961 Patients,Simforoosh N,"OBJECTIVE: To determine disease-related predictors for the occurrence of prostate specific antigen (PSA) failure in Iranian prostate cancer patients who underwent radical prostatectomy. METHODS: In this cohort study, we enrolled eligible patients with prostate cancer who underwent radical prostatectomy at our center between 2001 and 2018. The primary endpoint was the incidence of postoperative biochemical failure, defined as two consecutive PSA levels >= 0.2 ng/dl. Patients with TNM stage >= III, Gleason score >=8, or baseline PSA above our calculated cut-off level were considered as high risk. Kaplan-Meier survival method and Cox proportional hazards regression analysis were used for determining the biochemical relapse-free survival and its predictors. RESULTS: Data of 959 patients (age=61.2 ± 6.4 years) were analyzed with a median follow up of 36 months (range 6 months to 18 years). A total of 97 patients (10.1%) developed biochemical failure at the time of analysis who had a significantly older age and longer follow-up duration (P=0.024 and P<0.001, respectively). Preoperative PSA level of 8.85 mg/dl could predict the occurrence biochemical failure with a sensitivity of 83.2% and specificity of 39.2% (Area under the curve=0.601, 95% CI: 0.541-0.662; P=0.001). In the multivariate analysis, higher preoperative PSA, Gleason score?8, and high-risk TNM stage were independent predictors for biochemical relapse (P=0.029, P=0.001, and P=0.008, respectively). CONCLUSION: Preoperative PSA, Gleason score, and TNM stage were independent predictors for biochemical failure following radical prostatectomy in prostate cancer patients. We also determined a lower cut-point for PSA that could predict biochemical failure.",Urol J,2020,4,,doi: 10.22037/uj.v0i0.5670,https://www.ncbi.nlm.nih.gov/pubmed/31912470,,negative,0,2020.0,0,0.03171038255095482,0
20171805,PSA decrease during combined-modality radiotherapy predicts for treatment outcome,Kubicek GJ,"PURPOSE: Prostate-specific antigen (PSA) is the well-used marker in the diagnosis, prognosis, and follow-up for prostate cancer patients. Although reports have focused on the importance of pretreatment PSA levels, doubling time, and posttreatment nadirs, there is little information on the value of PSA during the course of radiotherapy. METHODS AND MATERIALS: Retrospective review of PSA values obtained midway through a course of radiotherapy treatment for prostate cancer. Patients had a PSA (midPSA) measured after a course of external beam radiation (EBRT) before planned transperineal low-dose-rate brachytherapy implant (LDR). RESULTS: A total of 717 patients were analyzed with a median follow-up of 5.8 years, all censored patients had a minimum follow-up of 2 years. A total of 277 patients had low-risk disease, 267 patients had intermediate risk, and 173 patients had high-risk disease. Androgen blockade was used in 512 patients. A total of 653 patients had a midPSA decrease after EBRT, the median decrease was 6.2 ng/mL. Patients who had a midPSA decrease ≥25% compared with pretreatment PSA had improved overall survival of 10.0 vs. 7.4 years (p < 0.0004) and improved disease-free survival of 9.8 vs. 7.3 years (p < 0.01). When stratified by use of androgen blockade, midPSA remained significant for both androgen and non-androgen patients. CONCLUSIONS: PSA response after EBRT before brachytherapy predicts for long-term outcome; this may allow for risk stratification and intervention with higher LDR doses to improve outcomes.",Int J Radiat Oncol Biol Phys,2010,1,,doi: 10.1016/j.ijrobp.2009.08.064. Epub 2010 Feb 18,https://www.ncbi.nlm.nih.gov/pubmed/20171805,,negative,0,2010.0,0,0.03214756026864052,0
15001244,Long-term outcome by risk factors using conformal high-dose-rate brachytherapy (HDR-BT) boost with or without neoadjuvant androgen suppression for localized prostate cancer.,Galalae RM,"PURPOSE: The aim of this study is to analyze, during the prostate-specific antigen (PSA) era, the long-term outcome of patients treated with conformal high-dose-rate (HDR) brachytherapy boost to the prostate with or without androgen deprivation therapy (ADT) when patients are stratified by risk factors for failure. METHODS AND MATERIALS: Between 1986 and 2000, 611 patients were treated for clinically localized prostate cancer in three prospective trials of external beam radiation therapy (EBRT) and dose-escalating HDR brachytherapy (BT) boost. There were 104 patients treated at Seattle, 198 at Kiel University, and 309 at William Beaumont Hospital. Of the 611 patients, 177 received a short course of neoadjuvant/concurrent ADT. The patients were divided into three risk groups. Group I, comprised of 46 patients, had stage < or =T2a, Gleason score (GS) < or = 6, and initial PSA (iPSA) < or = 10 ng/mL. Group II comprised 188 patients with stage > or =T2b, GS > or = 7, and iPSA > or = 10, with any one factor higher. Group III included 359 patients with any two risk factors higher. The American Society for Therapeutic Radiology and Oncology definition for biochemical failure was used. RESULTS: The mean follow-up was 5 years (range, 0.2-15.3). For the 611 patients, the 5-year and 10-year biochemical control (BC) rates were 77% and 73%, disease-free survival (DFS) was 67% and 49%, and cause-specific survival (CSS) was 96% and 92%, respectively. BC at 5 years for Group I patients was 96%, for Group II 88%, and for Group III patients 69%. CSS at 5 years was 100% in Group I, 99% in Group II, and 95% in Group III patients. In univariate and multiple regression analyses for BC, risk group, stage, iPSA, and GS were significant in predicting failure. However, age, follow-up interval, and ADT did not. CONCLUSIONS: EBRT with HDR-BT produced excellent long-term outcomes in terms of BC, DFS, and CSS in patients with prostate cancer even for those at highest risk. Conformal HDR-BT is both a precise dose delivery system and an effective treatment for both favorable and unfavorable prostate cancer. The addition of a short course of neoadjuvant/concurrent ADT failed to improve outcome. The results were similar at all three institutions, giving credence to the reproducibility of the brachytherapy treatment.",Int J Radiat Oncol Biol Phys,2004,58,1048-55,10.1016/j.ijrobp.2003.08.003,https://www.ncbi.nlm.nih.gov/pubmed/15001244,INTERMEDIATE RISK,positive,1,,1,0.971185028553009,1
16194714,Laparoscopic radical prostatectomy: conventional and robotic,Menon M,"By 2015, prostate cancer will become the most commonly diagnosed cancer in men. Radical prostatectomy reduces disease-specific mortality in patients with localized prostate cancer; however, the invasiveness of surgery and its resultant side effects cause many men to seek other treatments. In 2000, laparoscopic radical prostatectomy emerged as a minimally invasive alternative to open surgery; it has been refined recently by the addition of robotic technology. To examine the outcomes of robotic radical prostatectomy and compare them with those from open and conventional laparoscopic radical prostatectomy, we prospectively collected baseline demographic data on all patients undergoing surgery for prostate cancer over a 4-year period at our center. Urinary function and sexual function were evaluated using standardized criteria as well as a questionnaire preoperatively and at 1, 3, 6, 12, and 18 months after their procedure. Operative and postoperative outcomes were compared using values for open radical prostatectomy as the reference standard. A total of 100 men underwent open radical prostatectomy with conventional laparoscopic radical prostatectomy (n = 50) and robotic radical prostatectomy (n = 500). The odds ratios for operative times, blood loss, postoperative pain, complications, and median times to urinary continence and resumption of sexual activity all were lower for robotic than for open or laparoscopic radical prostatectomy. It appears safe to conclude that conventional laparoscopic radical prostatectomy is a reasonable alternative to open radical prostatectomy in the surgical treatment of patients with clinically localized prostate cancer. The incorporation of robotics may result in even better surgical outcomes than conventional laparoscopy. However, the surgical robot is expensive; few centers have access to the technology and even fewer have expertise in the technique. For robotic radical prostatectomy to become the standard of care for the treatment of localized prostate cancer will require economies of cost, dissemination of surgical expertise, and data from randomized trials.",Urology,2005,66,101-4,doi: 10.1016/j.urology.2005.06.008,https://www.ncbi.nlm.nih.gov/pubmed/16194714,,negative,0,2005.0,0,0.03243327885866165,0
19775833,Dosimetric comparison of high-dose-rate brachytherapy and intensity-modulated radiation therapy as a boost to the prostate,Hermesse J,"PURPOSE: We compared the dose conformity of two radiation modalities: high-dose-rate brachytherapy (HDR BT) and intensity-modulated radiation therapy (IMRT) to deliver a boost to the prostate after external beam radiotherapy (EBRT). METHODS AND MATERIALS: Ten successive patients with prostate adenocarcinoma treated with a single 10-Gy HDR BT boost after EBRT were investigated. Four theoretical IMRT plans were computed: (a) 32.85 Gy IMRT and (b) 26 Gy IMRT with CTV-PTV expansions, doses corresponding to the equivalent dose in 2-Gy fractions (EQD2) of one 10-Gy fraction calculated with a prostate alpha/beta ratio of respectively 1.5 and 3 Gy; and (c) 32.85 Gy IMRT and (d) 26 Gy IMRT without CTV-PTV expansions. The dose-volume histogram values converted in EQD2 with an alpha/beta ratio of 3 Gy for the organs at risk were compared. RESULTS: The HDR BT plan delivered higher mean doses to the PTV compared with IMRT plans. In all, 33% of the rectal volume received a mean dose of 5.32 +/- 0.65 Gy and 20% of bladder volume received 4.61 +/- 1.24 Gy with HDR BT. In comparison, doses delivered with IMRT were respectively 13.4 +/- 1.49 Gy and 10.81 +/- 4 Gy, even if only 26 Gy was prescribed to the PTV with no CTV-PTV expansion (p < 0.0001). The hot spots inside the urethra were greater with HDR BT but acceptable. CONCLUSIONS: Use of HDR BT produced a more conformal plan for the boost to the prostate than IMRT even without CTV-PTV expansions.",Int J Radiat Oncol Biol Phys,2010,1,,doi: 10.1016/j.ijrobp.2009.05.046,https://www.ncbi.nlm.nih.gov/pubmed/19775833,,negative,0,2010.0,0,0.03202097490429878,0
32416376,Accelerating prostate stereotactic ablative body radiotherapy: Efficacy and toxicity of a randomized phase II study of 11 versus 29 days overall treatment time (PATRIOT),Alayed Y,"BACKGROUND: Prostate stereotactic ablative radiotherapy (SABR) regimens differ in time, dose, and fractionation. We report an update of a multicentre, Canadian randomized phase II study to investigate the impact of overall treatment time on quality of life (QOL), efficacy, and toxicity. METHODS: Men with intermediate risk prostate cancer were randomized to 40 Gy in 5 fractions delivered every other day (EOD) versus once per week (QW). Primary outcome was proportion of patients experiencing a minimally clinically important change (MCIC) in acute bowel QOL using EPIC. Secondary outcomes were toxicity, biochemical failure (BF), other QOL domains, and the rate of salvage therapy. FINDINGS: 152 men from 3 centers were randomized; the median follow-up was 62 months. Results are described for EOD versus QW. Acute bowel and urinary QOL was reported previously. Late changes in QOL were not significantly different between the two arms. There were 1 (1.3%) vs 3 (2.7%) late grade 3 + GI toxicities (p = 0.36) and 5 (6.7%) vs 2 (2.7%) late grade 3 GU toxicities (p = 0.44). Two and 5 patients had BF (5-year failure rate 3.0 vs 7.2%, p = 0.22); 0 and 4 patients received salvage therapy (p = 0.04). 5-Year OS and CSS was 95.8% and 98.6% with no difference between arms (p = 0.49, p = 0.15). 3 patients in the QW arm developed metastases. INTERPRETATION: Although we previously reported that weekly prostate SABR had better bowel and urinary QOL compared to EOD, the updated results show no difference in late toxicity, QOL, BF, or PSA kinetics. Patients should be counseled that QW SABR reduces short-term toxicity compared to QW SABR.",Radiother Oncol,2020,149,8-13,doi: 10.1016/j.radonc.2020.04.039. Epub 2020 Apr 27,https://www.ncbi.nlm.nih.gov/pubmed/32416376,,negative,0,2020.0,0,0.031826771795749664,0
23551568,Favourable long-term outcomes with brachytherapy-based regimens in men ≤60 years with clinically localized prostate cancer.,Kollmeier MA,"OBJECTIVE: To report long-term outcomes of men ≤60 years treated with brachytherapy (BT) for low- and intermediate-risk prostate cancer. PATIENTS AND METHODS: Of 1655 patients treated with BT for clinically localized prostate cancer between January 1998 and May 2008 at Memorial Sloan-Kettering Cancer Center, 236 patients with National Comprehensive Cancer Network low- (n = 178) or intermediate-risk (n = 58) prostate cancer were ≤60 years old with a 3-year minimum follow-up, and represent the subjects of this report. Brachytherapy was given either as monotherapy (n = 169) or with external beam radiation therapy (EBRT; n = 67). Forty-four patients (19%) received neoadjuvant cytoreductive hormone therapy. The 'nadir+2' definition was used for prostate-specific antigen (PSA) recurrence. Common Terminology Criteria for Acute Events (CTCAE) v 3.0 was used to grade genitourinary (GU) and gastrointestinal (GI) toxicity. Potency was defined as the ability to obtain an erection suitable for intercourse or an International Index of Erectile Function score ≥ 22. The Kaplan-Meier method and Cox regression were used for statistical analysis. The median follow-up was 83 months. RESULTS: The 8-year PSA relapse-free survival (RFS), cancer-specific and overall survival rates for the entire cohort were 96, 99 and 96%, respectively. For patients with low-risk disease, the 8-year PSA RFS rate was 97% and for intermediate-risk patients it was 94% (P = 0.34). There was no difference in PSA RFS between BT alone and combined therapy (P = 0.17). Late grade ≥ 2 GU and GI toxicity was 14 and 3%, respectively. Of 150 patients potent before treatment, 76 (51%) were potent at last follow-up, with 50/76 (66%) using no medication. There was no significant difference in post-treatment potency between BT alone and BT with EBRT (P = 0.74). CONCLUSIONS: Brachytherapy provides patients aged ≤ 60 years with low- and intermediate-risk prostate cancer with excellent outcomes and has a low risk of significant long-term GU or GI morbidity. Erectile function is preserved in >50% of patients and the majority do not require erectile dysfunction medication.",BJU Int,2013,111,1231-6,10.1111/j.1464-410X.2012.11663.x,https://www.ncbi.nlm.nih.gov/pubmed/23551568,,positive,1,,1,0.9711325764656067,1
25976294,High-dose-rate brachytherapy boost for prostate cancer: Outcomes and genitourinary toxicity.,Bece A,"AIMS: To report disease outcomes and late urinary toxicity profile. To assess the impact of changing technique and evolving quality assurance on genitourinary toxicity rates. METHODS AND MATERIALS: One hundred eighty patients were treated with external beam radiation therapy and high-dose-rate brachytherapy (HDRB) for localized intermediate- and high-risk prostate cancer, between December 2002 and February 2012. The HDRB technique evolved over the period of this study, from 19.5 Gy/3 (n = 68), to 17 Gy/2 (n = 40), 18 Gy/2 (n = 39), and most recently 19 Gy/2 (n = 33). In the two fraction cohort, 68 patients underwent additional correction for catheter displacement before each fraction. RESULTS: With a median followup of 5.2 years, 5-year freedom from failure was 93.7% for intermediate, and 76.0% for high risk patients. The 3- and 6-year cumulative stricture incidence for all patients was 7.8% and 15.3%, respectively. There was no statistically significant difference in stricture rate for the four dose levels used nor between the three fractions and the two fraction technique overall. The 19 Gy/2 fractionation group had the lowest 3-year stricture rate (3.0%). The addition of correction for intrafraction catheter displacement did not result in a statistically significant difference in stricture rates, although the severity of strictures has been reduced. CONCLUSIONS: Our biochemical control is consistent with other similar series. We found no increase in late urinary toxicity with a two fraction, two implant HDRB technique compared with three fractions. The HDRB dose did not correlate with stricture rates in our series. Correction of intra-fraction catheter displacement did not lead to a statistically significant reduction in stricture rates, although may have mitigated the effects of dose escalation.",Brachytherapy,2015,14,670-6,10.1016/j.brachy.2015.04.004,https://www.ncbi.nlm.nih.gov/pubmed/25976294,,positive,1,,1,0.9709876775741577,1
21163590,Phase I trial of pelvic nodal dose escalation with hypofractionated IMRT for high-risk prostate cancer,Adkison JB,"PURPOSE: Toxicity concerns have limited pelvic nodal prescriptions to doses that may be suboptimal for controlling microscopic disease. In a prospective trial, we tested whether image-guided intensity-modulated radiation therapy (IMRT) can safely deliver escalated nodal doses while treating the prostate with hypofractionated radiotherapy in 5½ weeks. METHODS AND MATERIALS: Pelvic nodal and prostatic image-guided IMRT was delivered to 53 National Comprehensive Cancer Network (NCCN) high-risk patients to a nodal dose of 56 Gy in 2-Gy fractions with concomitant treatment of the prostate to 70 Gy in 28 fractions of 2.5 Gy, and 50 of 53 patients received androgen deprivation for a median duration of 12 months. RESULTS: The median follow-up time was 25.4 months (range, 4.2-57.2). No early Grade 3 Radiation Therapy Oncology Group or Common Terminology Criteria for Adverse Events v.3.0 genitourinary (GU) or gastrointestinal (GI) toxicities were seen. The cumulative actuarial incidence of Grade 2 early GU toxicity (primarily alpha blocker initiation) was 38%. The rate was 32% for Grade 2 early GI toxicity. None of the dose-volume descriptors correlated with GU toxicity, and only the volume of bowel receiving ≥30 Gy correlated with early GI toxicity (p = 0.029). Maximum late Grades 1, 2, and 3 GU toxicities were seen in 30%, 25%, and 2% of patients, respectively. Maximum late Grades 1 and 2 GI toxicities were seen in 30% and 8% (rectal bleeding requiring cautery) of patients, respectively. The estimated 3-year biochemical control (nadir + 2) was 81.2 ± 6.6%. No patient manifested pelvic nodal failure, whereas 2 experienced paraaortic nodal failure outside the field. The six other clinical failures were distant only. CONCLUSIONS: Pelvic IMRT nodal dose escalation to 56 Gy was delivered concurrently with 70 Gy of hypofractionated prostate radiotherapy in a convenient, resource-efficient, and well-tolerated 28-fraction schedule. Pelvic nodal dose escalation may be an option in any future exploration of potential benefits of pelvic radiation therapy in high-risk prostate cancer patients.",Int J Radiat Oncol Biol Phys,2012,1,,doi: 10.1016/j.ijrobp.2010.09.018. Epub 2010 Dec 14,https://www.ncbi.nlm.nih.gov/pubmed/21163590,,negative,0,2010.0,0,0.03115568868815899,0
16053667,The impact of primary Gleason grade on biochemical outcome following brachytherapy for hormone-naive Gleason score 7 prostate cancer,Merrick GS,"PURPOSE: Although the perception exists that biochemical outcome in patients with a Gleason score of 7 with dominant pattern 4 histology is inferior to that of patients with a Gleason score of 7 with a primary Gleason grade of 3, conflicting conclusions have been reported for radical prostatectomy and brachytherapy. In this study, we evaluate the effect of the dominant histologic pattern in Gleason score 7 prostate cancer on biochemical progression-free survival after brachytherapy. MATERIAL AND METHODS: Between April 1995 and October 2001, 273 consecutive patients underwent permanent interstitial brachytherapy without androgen deprivation therapy for clinical T1c-T3a NxM0 (2002 American Joint Committee on Cancer) prostate cancer. No patient underwent seminal vesicle biopsy or pathological lymph node staging. All patients underwent brachytherapy more than 3 years before analysis. Biochemical progression-free survival was defined by a prostate specific antigen (PSA) cut point < or = 0.4 ng/mL after nadir or by the American Society for Therapeutic Radiology and Oncology (ASTRO) consensus definition. The median follow-up was 4.7 years. Clinical, treatment, and dosimetric parameters evaluated for biochemical progression-free survival included primary Gleason grade; clinical T stage; pretreatment PSA level; risk group; percent positive biopsy results; perineural invasion; patient age; isotope; supplemental external-beam radiation therapy; prostate volume; brachytherapy planning volume; percent of the target volume receiving 100%, 150%, and 200% of the prescribed dose (V100/150/200); minimum percent of the prescribed dose covering 90% of the target volume (D90); tobacco consumption; hypertension; and diabetes. RESULTS: For the entire cohort, the actuarial 8-year biochemical progression-free survival rate was 94.5% and 94.8% using a PSA cut point < or = 0.4 ng/mL after nadir and the ASTRO consensus definition, respectively. For biochemically disease free patients, the median posttreatment PSA level was < 0.1 ng/mL. When the group was stratified by the dominant histologic pattern, no statistical difference in outcome was noted for any of the evaluated parameters. In forward conditional Cox regression analysis, pretreatment PSA level and percent positive biopsy results were statistically significant predictors of biochemical outcome. CONCLUSIONS: In hormone-naive patients with a Gleason score of 7, prostate brachytherapy results in a high probability of 8-year biochemical progression-free survival and is independent of Gleason 3 + 4 versus 4 + 3 histology.",Cancer J,2005,,-,doi: 10.1097/00130404-200505000-00010,https://www.ncbi.nlm.nih.gov/pubmed/16053667,,negative,0,2005.0,0,0.03141568973660469,0
29496280,Two decades of high dose rate brachytherapy with external beam radiotherapy for prostate cancer.,Åström L,"BACKGROUND: High-dose-rate brachytherapy (HDR-BT) has optimal prerequisites in radiotherapy of prostate cancer (PC) with a conformal dose distribution and high doses per fraction giving a biological dose escalation. We report the outcome after HDR-BT and external beam radiotherapy (EBRT) after 20 years of experience. MATERIAL AND METHODS: The study includes 623 patients, median age of 66 years, treated from 1995 to 2008 and a median follow up of 11 years (range 2-266 months). Androgen deprivation therapy was given to 429 patients (69%). The HDR-BT was given with two 10 Gy fractions and the EBRT with 2 Gy fractions to 50 Gy. RESULTS: The 10-year PC-specific survival was 100%, 92%, 91%, and 75% for low-, intermediate-, high- and very high-risk patients respectively, and the 10-year probability of PSA relapse was 0%, 21%, 33%, and 65% respectively. The 10-year actuarial prevalence for ≥grade 2 GU- and GI-toxicities were 28% and 12% respectively and for ≥grade 3, 4% and 1% respectively. Urethral stricture was the most frequent GU complication with a 10-year actuarial incidence of 10%. Treatment without dose constraints for the urethra conferred a higher incidence 18%, compared to 5% after 2003 (p < 0.001). Sixteen patients experienced grade 4 GU toxicity, of which 13 were treated before 2003. No grade 4 rectal toxicity was seen. CONCLUSION: The combination of EBRT and HDR-BT with adequate dose constraints to risk organs provides satisfactory long-term tumour control even in high-risk patients. GI toxicity stabilised but GU toxicity progressed during the 10-year follow up.",Radiother Oncol,2018,127,81-87,10.1016/j.radonc.2017.12.025,https://www.ncbi.nlm.nih.gov/pubmed/29496280,,positive,1,,1,0.9711735844612122,1
22330999,Long-term results of an RTOG Phase II trial (00-19) of external-beam radiation therapy combined with permanent source brachytherapy for intermediate-risk clinically localized adenocarcinoma of the prostate.,Lawton CA,"PURPOSE: External-beam radiation therapy combined with low-doserate permanent brachytherapy are commonly used to treat men with localized prostate cancer. This Phase II trial was performed to document late gastrointestinal or genitourinary toxicity as well as biochemical control for this treatment in a multi-institutional cooperative group setting. This report defines the long-term results of this trial. METHODS AND MATERIALS: All eligible patients received external-beam radiation (45 Gy in 25 fractions) followed 2-6 weeks later by a permanent iodine 125 implant of 108 Gy. Late toxicity was defined by the Radiation Therapy Oncology Group/European Organization for Research and Treatment of Cancer late radiation morbidity scoring scheme. Biochemical control was defined by the American Society for Therapeutic Radiology and Oncology (ASTRO) Consensus definition and the ASTRO Phoenix definition. RESULTS: One hundred thirty-eight patients were enrolled from 20 institutions, and 131 were eligible. Median follow-up (living patients) was 8.2 years (range, 2.7-9.3 years). The 8-year estimate of late grade >3 genitourinary and/or gastrointestinal toxicity was 15%. The most common grade >3 toxicities were urinary frequency, dysuria, and proctitis. There were two grade 4 toxicities, both bladder necrosis, and no grade 5 toxicities. In addition, 42% of patients complained of grade 3 impotence (no erections) at 8 years. The 8-year estimate of biochemical failure was 18% and 21% by the Phoenix and ASTRO consensus definitions, respectively. CONCLUSION: Biochemical control for this treatment seems durable with 8 years of follow-up and is similar to high-dose external beam radiation alone or brachytherapy alone. Late toxicity in this multi-institutional trial is higher than reports from similar cohorts of patients treated with high-dose external-beam radiation alone or permanent low-doserate brachytherapy alone, perhaps suggesting further attention to strategies that limit doses to normal structures or to unimodal radiotherapy techniques.",Int J Radiat Oncol Biol Phys,2012,82,e795-801,10.1016/j.ijrobp.2011.11.040,https://www.ncbi.nlm.nih.gov/pubmed/22330999,INTERMEDIATE RISK,positive,1,,1,0.9711435437202454,1
15310996,"Cancer progression and survival rates following anatomical radical retropubic prostatectomy in 3,478 consecutive patients: long-term results.",Roehl KA,"PURPOSE: We updated a long-term cancer control outcome in a large anatomical radical retropubic prostatectomy (RRP) series. We also evaluated the perioperative parameters that predict cancer specific outcomes following surgery. MATERIALS AND METHODS: From May 1983 to February 2003, 1 surgeon (WJC) performed RRP in 3,478 consecutive men. Patients were followed with semiannual serum prostate specific antigen (PSA) tests and annual digital rectal examinations. We used Kaplan-Meier product limit estimates to calculate actuarial 10-year probabilities of biochemical progression-free survival, cancer specific survival and overall survival. Multivariate Cox proportional hazards models were used to determine independent perioperative predictors of cancer progression. RESULTS: At a mean followup of 65 months (range 0 to 233) actuarial 10-year biochemical progression-free, cancer specific and overall survival probabilities were 68%, 97% and 83%, respectively. On multivariate analysis biochemical progression-free survival probability was significantly associated with preoperative PSA, clinical tumor stage, Gleason sum, pathological stage and treatment era. Cancer specific survival and overall survival rates were also significantly associated with clinicopathological parameters. CONCLUSIONS: RRP can be performed with excellent survival outcomes. Favorable clinicopathological parameters and treatment in the PSA era are associated with improved cancer control.",J Urol,2004,172,910-4,10.1097/01.ju.0000134888.22332.bb,https://www.ncbi.nlm.nih.gov/pubmed/15310996,HIGH RISK,positive,1,,1,0.9708662629127502,1
26408674,Hypofractionated Radiotherapy for Localized Prostate Cancer: A Challenging Accelerated Hypofractionated Radiotherapy,Yamazaki H,"Conventionally fractionated (CF) external-beam radiation therapy (1.8-2.0 Gy/fraction) is an established treatment modality for localized prostate cancer. Emerging evidence suggests that the α/β ratio for prostate cancer is as low as 1.5, which has prompted investigators to explore hypofractionated (HF) radiation therapy. We reviewed the current status of hypofractionation and found that the accumulated outcomes reveal that dose escalation by moderate (2.5-4 Gy/fraction) hypofractionation (mHF) results in a better early biochemical outcome with acceptable complication rates, although there exist no marked advantages, other than the convenience of short treatment periods. Recently, hypofractionated external-beam radiotherapy has been challenged by accelerated hypofractionation (AHF), i.e., stereotactic body irradiation, particle therapy, and a high-dose-rate brachytherapy, using 5-10 Gy/fraction with a precise dose distribution and shorter treatment periods. Five-year biochemical control rates improved to >90%, even for high-risk groups, with a higher dose delivery using a safer technology. The overall survival rate reached nearly 100% at 5 years and was unaffected by prostate cancer, particularly in patients aged >80 years. Therefore, if maintaining the quality of life is the main purpose, short-term treatment is an attractive option from the socioeconomic perspective. Furthermore, CF and mHF regimens use equivalent doses at 2 Gy per fraction (EQD2) of 62-84 Gy, whereas AHF uses a higher EQD2 of 85 to 135 Gy if an α/β ratio of 1.5 is applied. In the preliminary phase, AHF has theoretical advantages that not only reduce the treatment period but also potentially improve BC, particularly in high-risk groups using a higher EQD2.",Anticancer Res,2015,35,5167-77,,https://www.ncbi.nlm.nih.gov/pubmed/26408674,,negative,0,2015.0,0,0.032967597246170044,0
16314345,Phase II feasibility study of high-dose radiotherapy for prostate cancer using proton boost therapy: first clinical trial of proton beam therapy for prostate cancer in Japan,Nihei K,"OBJECTIVE: To assess the feasibility of high-dose radiotherapy for prostate cancer using proton boost therapy following photon radiotherapy. METHODS: The primary endpoint was acute grade 3 or greater genitourinary (GU) and gastrointestinal (GI) toxicities. The study included patients with clinical stage T1-3N0M0 prostate cancer. Radiotherapy consisted of 50 Gy/25 fx photon irradiation to the prostate and the bilateral seminal vesicles followed by proton boost of 26 Gy(E)/13 fx to the prostate alone. Hormonal therapy was allowed before and during the radiation therapy. RESULTS: Between January 2001 and January 2003, 30 patients were enrolled in this study. Acute grade 1/2 GU and GI toxicities were observed in 20/4 and 17/0 patients, respectively. With the median follow-up period of 30 months (range 20-45), late grade 1/2 GU and GI toxicities occurred in 2/3 and 8/3 patients, respectively. No grade 3 or greater acute or late toxicities were observed. All patients were alive, but six patients relapsed biochemically after 7-24 months. CONCLUSIONS: Proton boost therapy following photon radiotherapy for prostate cancer is feasible. To evaluate the efficacy and safety of proton beam therapy, a multi-institutional phase II trial is in progress in Japan.",Jpn J Clin Oncol,2005,35,745-52,doi: 10.1093/jjco/hyi193. Epub 2005 Nov 28,https://www.ncbi.nlm.nih.gov/pubmed/16314345,,negative,0,2005.0,0,0.032187532633543015,0
29032014,High-intermediate prostate cancer treated with low-dose-rate brachytherapy with or without androgen deprivation therapy.,Pickles T,"PURPOSE: To describe outcomes of men with unfavorable (high-tier) intermediate risk prostate cancer (H-IR) treated with low-dose-rate (LDR) brachytherapy, with or without 6 months of androgen deprivation therapy (ADT). METHODS AND MATERIALS: Patients with H-IR prostate cancer, treated before 2012 with LDR brachytherapy without external radiation are included. Baseline tumor characteristics are described. Outcomes between groups receiving ADT are measured by Phoenix (nadir +2 ng/mL), and threshold 0.4 ng/mL biochemical relapse definitions (bNEDs), as well as clinical end points. Standard descriptive and actuarial statistics are used. RESULTS: Two hundred sixty men were eligible, 139 (53%) did not receive ADT and 121 (47%) did. Median follow-up was 5 years. Men treated with ADT had higher T stage and percent positive cores but lower pathologic grade group. bNED rates with and without ADT at 5 years are 86% and 85% (p = 0.52) with the Phoenix definition, and 83% and 78% (p = 0.13) with the threshold definition. Local recurrence or metastasis were rare in both groups (<5%, p = not significant). Death from prostate cancer only occurred in 4 patients, 2 in each group. Overall survival was 85% in those treated with ADT and 93% without at 8 years, p = 0.15. CONCLUSIONS: The addition of 6 months of ADT to LDR brachytherapy for H-IR prostate cancer does not improve 5 year prostate specific antigen control, and we no longer routinely recommended it.",Brachytherapy,2017,16,1101-1105,10.1016/j.brachy.2017.08.003,https://www.ncbi.nlm.nih.gov/pubmed/29032014,,positive,1,,1,0.9709528088569641,1
23664646,"Long-term outcome for prostate cancer using pseudo pulse-dosed rate brachytherapy, external beam radiotherapy, and hormones.",Izard MA,"PURPOSE: We report the long-term outcomes of pulse-dose rate (PDR) brachytherapy used in a nonstandard style (pseudo-PDR) with an high-dose rate brachytherapy technique in conjunction with external beam radiotherapy (EBRT) and hormonal manipulation on prostate cancer (PC). METHODS AND MATERIALS: We treated 253 patients with Stage T1-T3 N0M0 PC, between December 1999 and March 2006. All patients received neoadjuvant androgen deprivation for a median 6 months. Treatment consisted of three pulses of pseudo-PDR brachytherapy to a median dose of 18Gy with 50.4Gy in 28 fractions of EBRT. RESULTS: At a median 6 years followup, (range, 1-11 years), 5-year overall survival was 92%, and PC-specific survival was 96%. The 5-year biochemical control (biochemical no evidence of disease) by the Phoenix definition for low-, intermediate-, and high-risk groups was 95%, 90%, and 71%, respectively (p<0.00001). At 6 years, the incidence of Radiotherapy Oncology Group Grade 2 and 3 genitourinary toxicity was 1% and 6%; Radiotherapy Oncology Group Grade 2 and 3 gastrointestinal toxicity was 4% and 0%. Erectile preservation at 3 years was 58%. The Phoenix definition best predicted clinical failure with a high specificity (94%). CONCLUSIONS: Pseudo-PDR brachytherapy plus EBRT with limited neoadjuvant hormonal manipulation is an effective treatment option in localized PC, with minimal and tolerable morbidity and provides excellent control. This technique of a modified PDR-delivery technique appears as effective as high-dose rate therapy.",Brachytherapy,2013,12,608-14,10.1016/j.brachy.2013.04.004,https://www.ncbi.nlm.nih.gov/pubmed/23664646,INTERMEDIATE RISK,positive,1,,1,0.9711214303970337,1
32089359,Radical Prostatectomy or Observation for Clinically Localized Prostate Cancer: Extended Follow-up of the Prostate Cancer Intervention Versus Observation Trial (PIVOT),Wilt TJ,"BACKGROUND: Very long-term mortality in men with early prostate cancer treated with surgery versus observation is uncertain. OBJECTIVE: To determine long-term effects of surgery versus observation on all-cause mortality for men with early prostate cancer. DESIGN, SETTING, AND PARTICIPANTS: This study evaluated long-term follow-up of a randomized trial conducted at the US Department of Veterans Affairs and National Cancer Institute sites. The participants were men (n=731) ≤75yr of age with localized prostate cancer, prostate-specific antigen (PSA) <50ng/ml, life expectancy ≥10yr, and medically fit for surgery. INTERVENTION: Radical prostatectomy versus observation. OUTCOME MEASUREMENTS AND STATISTICAL ANALYSIS: All-cause mortality was assessed in the entire cohort and patient and tumor subgroups. Intention-to-treat analysis was conducted using Kaplan-Meier methods with log-rank tests and Cox proportional hazard models; cumulative mortality incidence, between-group differences, and relative risks were also assessed at predefined time periods. RESULTS AND LIMITATIONS: During 22.1yr (median follow-up for survivors=18.6yr; interquartile range: 16.6-20.0), 515 men died; 246 of 346 men (68%) were assigned to surgery versus 269 of 367 (73%) assigned to observation (hazard ratio 0.84 [95% confidence interval {CI}: 0.70-1.00]; p= 0.044 [absolute risk reduction = 5.7 percentage points, 95% CI: -0.89 to 12%]; relative risk: 0.92 [95% CI: 0.84-1.01]). The restricted mean survival in the surgical group was 13.6 yr (95% CI: 12.9-14.3) versus 12.6 yr (95% CI: 11.8-13.3) in the observation group; a mean of 1 life-year was gained with surgery. Results did not significantly vary by patient or tumor characteristics, although differences were larger favoring surgery among men aged <65 yr, of white race, and having better health status, fewer comorbidities, ≥34% positive prostate biopsy cores, and intermediate-risk disease. Results were not adjusted for multiple comparisons, and we could not assess outcomes other than all-cause mortality. CONCLUSIONS: Surgery was associated with small very long-term reductions in all-cause mortality and increases in years of life gained. Absolute effects did not vary markedly by patient characteristics. Absolute effects and mean survival were much smaller in men with low-risk disease, but were greater in men with intermediate-risk disease although not in men with high-risk disease. PATIENT SUMMARY: In this randomized study, we evaluated death from any cause in men with early prostate cancer treated with either surgery or observation. Overall, surgery may provide small very long-term reductions in death from any cause and increases in years of life gained. Absolute effects were much smaller in men with low-risk disease, but were greater in men with intermediate-risk disease although not in men with high-risk disease. Strategies are needed to identify men needing and benefitting from surgery while reducing ineffective treatment and overtreatment.",Eur Urol,2020,77,713-724,doi: 10.1016/j.eururo.2020.02.009. Epub 2020 Feb 21,https://www.ncbi.nlm.nih.gov/pubmed/32089359,,negative,0,2020.0,0,0.03134459629654884,0
31227400,Long-term efficacy and urological toxicity of low-dose-rate brachytherapy (LDR-BT) as monotherapy in localized prostate cancer.,Vuolukka K,"PURPOSE: The purpose of this study was to evaluate the incidence of late severe (≥Grade 3) urinary toxicity and the long-term efficacy after low-dose-rate brachytherapy (LDR-BT) in patients with localized prostate cancer (PCa). METHODS AND MATERIALS: During the years 1999-2008, 241 patients with PCa who underwent LDR-BT with I<sup>125</sup> and were followed up in Kuopio University Hospital were included to this analysis. The incidence of late severe (Grade 3) urinary toxicity and the long-term efficacy results were analyzed. RESULTS: All D'Amico risk groups were represented, as 58.9%, 35.3%, and 5.8% of the patients were classified as low-, intermediate-, and high-risk patients, respectively. With a median followup of 11.4 years after implantation, the incidence of severe urinary toxicity increased throughout the followup period. The risk of Grade 3 urinary toxicity was highest among patients with higher Gleason scores (p = 0.016) and higher initial urine residual volumes (p = 0.017) and the cumulative incidence of severe urinary toxicity was 10.0%. The crude rate for transurethral prostatic resection was 5.8%. The relapse-free survival, the cause-specific survival, and the overall survival were 79.3%, 95.0%, and 66.4%, respectively. CONCLUSIONS: The treatment was well tolerated as 90% of patients avoided any Grade 3 urinary toxicity. LDR-BT for localized PCa achieved high and durable efficacy. These results support the role of LDR-BT monotherapy as one of the valid primary treatment options for low-risk and favorable intermediate-risk patients.",Brachytherapy,2019,18,583-588,10.1016/j.brachy.2019.05.005,https://www.ncbi.nlm.nih.gov/pubmed/31227400,,positive,1,,1,0.970775842666626,1
19540066,Total androgen blockade versus a luteinizing hormone-releasing hormone agonist alone in men with high-risk prostate cancer treated with radiotherapy.,Nanda A,"PURPOSE: To assess whether short-course total androgen blockade vs. a luteinizing hormone-releasing hormone (LHRH) agonist alone affects the risk of prostate cancer-specific mortality (PCSM) in men with localized but high-risk disease treated with radiotherapy. METHODS AND MATERIALS: The study cohort comprised 628 men with T1-T4, N0, M0 prostate cancer with high-risk disease (prostate-specific antigen level >20 ng/mL, Gleason score >or=8, or clinical category >or=T3) treated with 45 Gy of external beam radiotherapy followed by a brachytherapy boost in addition to receiving a median of 4.3 (interquartile range [IQR], 3.6-6.4) months of hormonal blockade with an LHRH agonist plus an antiandrogen or monotherapy with an LHRH agonist. Fine and Gray's multivariable regression analysis was used to determine whether combination androgen suppression therapy (AST) vs. monotherapy affected the risk of PCSM, adjusting for treatment year, duration of AST, age, and known prognostic factors. RESULTS: After a median follow-up of 4.9 (IQR, 3.5-6.5) years, men receiving combination AST had a lower risk of PCSM than those treated with monotherapy (adjusted hazard ratio [AHR], 0.18; 95% confidence interval [CI], 0.04-0.90; p = 0.04). An increasing prostate-specific antigen level (AHR, 2.70; 95% CI, 1.64-4.45; p < 0.001) and clinical category T3/4 disease (AHR, 29.6; 95% CI, 2.88-303.5; p = 0.004) were also associated with an increased risk of PCSM. CONCLUSIONS: In men with localized but high-risk prostate cancer treated with external beam radiotherapy and brachytherapy, short-course AST with an LHRH agonist plus an antiandrogen is associated with a decreased risk of PCSM when compared with monotherapy with an LHRH agonist.",Int J Radiat Oncol Biol Phys,2010,76,1439-44,10.1016/j.ijrobp.2009.03.034,https://www.ncbi.nlm.nih.gov/pubmed/19540066,,positive,1,,1,0.9712382555007935,1
23871661,"Comparison of dose-escalated, image-guided radiotherapy vs. dose-escalated, high-dose-rate brachytherapy boost in a modern cohort of intermediate-risk prostate cancer patients.",Marina O,"PURPOSE: We compared outcomes in intermediate-risk prostate cancer patients treated with dose-escalated adaptive image-guided radiation therapy (IGRT) or dose-escalated high-dose-rate brachytherapy boost (HDR-B). METHODS AND MATERIALS: Patients with intermediate-risk prostate cancer by National Comprehensive Cancer Network criteria were treated with either CT-based off-line adaptive IGRT (n = 734) or HDR-B (n = 282). IGRT was delivered with 3D-conformal or intensity-modulated radiation therapy with a median dose of 77.4 Gy. For HDR-B, the whole pelvis received a median 46 Gy, and the prostate 2 implants of 9.5 Gy (n = 71), 10.5 Gy (n = 155), or 11.5 Gy (n = 56). RESULTS: Median followup was 3.7 years for IGRT and 8.0 years for HDR-B (p < 0.001). Eight-year biochemical control was 86% for IGRT and 91% for HDR-B (p = 0.22), disease-free survival 67% for IGRT and 79% for HDR-B (p = 0.006), and overall survival 75% for IGRT and 86% for HDR-B (p = 0.009). Cause-specific survival (8-year, 100% vs. 99%), freedom from distant metastases (98% vs. 97%), and freedom from local recurrence (98% vs. 98%) did not differ (p > 0.50 each). A worse prognosis group was defined by percent positive prostate biopsy cores >50%, perineural invasion, or stage T2b-c, encompassing 260 (35%) IGRT and 171 (61%) HDR-B patients. These patients evidenced a 5-year biochemical control of 96% for HDR-B and 87% for IGRT (p = 0.002). CONCLUSIONS: Dose-escalated IGRT and HDR-B both yield excellent clinical outcomes for patients with intermediate-risk prostate cancer. Improved biochemical control with HDR-B for patients with worse pretreatment characteristics suggests that a subgroup of intermediate-risk prostate cancer patients may benefit from dual-modality treatment.",Brachytherapy,2014,13,59-67,10.1016/j.brachy.2013.05.004,https://www.ncbi.nlm.nih.gov/pubmed/23871661,INTERMEDIATE RISK,positive,1,,1,0.9714075922966003,1
23356910,Fourteen-year oncological and functional outcomes of high-intensity focused ultrasound in localized prostate cancer.,Ganzer R,"UNLABELLED: WHAT'S KNOWN ON THE SUBJECT? AND WHAT DOES THE STUDY ADD?: High-intensity focused ultrasound (HIFU) is an alternative treatment option for localized prostate cancer (PCa), which is applied for over 15 years. There are conflicting recommendations for HIFU among urological societies, which can be explained by the lack of prospective controlled studies, reports on preselected patient populations and limited follow-up providing little information on overall and cancer-specific survival. We report on a large, unselected consecutive patient series of patients who have undergone primary HIFU for clinically localized PCa with the longest follow-up in current literature. Our results improve the understanding of the oncological efficacy, morbidity and side effects of primary HIFU. OBJECTIVE: To assess the safety, functional and oncological long-term outcomes of high-intensity focused ultrasound (HIFU) as a primary treatment option for localized prostate cancer (PCa). PATIENTS AND METHODS: We conducted a retrospective single-centre study on 538 consecutive patients who underwent primary HIFU for clinically localized PCa between November 1997 and September 2009. Factors assessed were: biochemical disease-free survival (BDFS) according to Phoenix criteria (prostate-specific antigen nadir + 2 ng/mL); metastatic-free, overall and PCa-specific survival; salvage treatment; side effects; potency; and continence status. RESULTS: The mean (sd; range) follow-up was 8.1 (2.9; 2.1-14.0) years. The actuarial BDFS rates at 5 and 10 years were 81 and 61%, respectively. The 5-year BDFS rates for low-, intermediate- and high-risk patients were 88, 83 and 48%, while the 10-year BDFS rates were 71, 63 and 32%, respectively. Metastatic disease was reported in 0.4, 5.7 and 15.4% of low-, intermediate- and high-risk patients, respectively. The salvage treatment rate was 18%. Seventy-five (13.9%) patients died. PCa-specific death was registered in 18 (3.3%) patients (0, 3.8 and 11% in the low-, intermediate- and high-risk groups, respectively). Side effects included bladder outlet obstruction (28.3%), Grade I, II and III stress urinary incontinence (13.8, 2.4 and 0.7%, respectively) and recto-urethral fistula (0.7%). Preserved potency was 25.4% (in previously potent patients). CONCLUSIONS: The study demonstrates the efficacy and safety of HIFU for localized PCa. HIFU is a therapeutic option for patients of advanced age, in the low- or intermediate-risk groups, and with a life expectancy of ∼10 years.",BJU Int,2013,112,322-9,10.1111/j.1464-410X.2012.11715.x,https://www.ncbi.nlm.nih.gov/pubmed/23356910,LOW RISK,positive,1,,1,0.9706878662109375,1
25682339,Focal Ablation Targeted to the Index Lesion in Multifocal Localised Prostate Cancer: a Prospective Development Study,Ahmed HU,"BACKGROUND: Although localised prostate cancer is multifocal in most instances, the index lesion might be responsible for disease progression. OBJECTIVE: To determine the early genitourinary functional and cancer control outcomes of index lesion ablation. DESIGN, SETTING, AND PARTICIPANTS: This was a single-centre prospective development study in which 56 men were treated (July 2009-January 2011). The mean age was 63.9 yr (standard deviation 5.8) and median prostate-specific antigen (PSA) was 7.4 ng/ml (interquartile range [IQR] 5.6-9.5). There were seven (12.5%) low-risk, 47 (83.9%) intermediate-risk, and two (3.6%) high-risk cancers. INTERVENTION: Multiparametric magnetic resonance imaging (mpMRI) and prostate biopsies to localise disease, followed by index lesion ablation using high-intensity focused ultrasound. OUTCOME MEASUREMENTS AND STATISTICAL ANALYSIS: Primary outcomes were genitourinary side effects measured using validated questionnaires. Secondary outcomes included absence of clinically significant disease at 12 mo. RESULTS AND LIMITATIONS: The composite of leak-free, pad-free continence, and erections sufficient for penetration decreased from a baseline frequency of 40/56 (71.4%) to 33/56 (58.9%) at 12 mo. Pad-free and leak-free, pad-free continence was preserved in 48/52 (92.3%) and 46/50 (92.0%) patients, respectively. Erections sufficient for intercourse were preserved in 30/39 (76.9%) patients. The median PSA nadir decreased to 2.4 ng/ml (IQR 1.6-4.1). At 12 mo, 42/52 (80.8%) patients had histological absence of clinically significant cancer and 85.7% (48/56) had no measurable prostate cancer (biopsy and/or mpMRI). Two (3.6%) patients had clinically significant disease in untreated areas not detected at baseline. The main study limitation is the short follow-up duration. CONCLUSIONS: Index lesion ablation had low rates of genitourinary side effects and acceptable short-term absence of clinically significant cancer. Comparative effectiveness trials are required to assess cancer control outcomes against radical therapy. PATIENT SUMMARY: In this study we looked at whether it is possible to treat the largest and highest-grade tumour in men who have more than one known prostate tumour. We show that the side effects of targeted ablation were low, with acceptable rates of early cancer control. Larger studies with longer follow-up are needed. TRIAL REGISTRATION: NCT00988130.",Eur Urol,2015,68,927-36,doi: 10.1016/j.eururo.2015.01.030. Epub 2015 Feb 11,https://www.ncbi.nlm.nih.gov/pubmed/25682339,,negative,0,2015.0,0,0.031629521399736404,0
32220567,Outcomes for Young Men With Localized Intermediate-Risk Prostate Cancer: An Analysis of the NCDB,Chua S,"BACKGROUND: Primary management of localized, intermediate-risk prostate cancer consists of radical prostatectomy (RP), radiotherapy (RT) with short-course androgen deprivation therapy (ADT), or RT alone. The purpose of this study was to determine if these treatment strategies have equivalent overall survival (OS) in patients < 55 years old with intermediate-risk prostate cancer. PATIENTS AND METHODS: We identified 35,134 patients in the National Cancer Data Base with localized intermediate-risk prostate cancer treated with RP, RT + ADT, or RT from 2004 to 2013. Ten-year OS rates were estimated by the Kaplan-Meier method. Adjusted hazard ratios (HR) with 95% confidence intervals (CI) were computed by multivariate Cox regression. RESULTS: A total of 29,920 patients (85.2%) underwent RP, 1393 (4.0%) RT + ADT, and 3821 (10.9%) RT. Median patient age was 51 years old, and median follow-up was 59.9 months. Ten-year OS was estimated to be 94.2% for RP, 80.7% for RT + ADT, and 85.2% for RT (P < .0001). On multivariate analysis, treatment with RT + ADT or RT was associated with significantly worse OS compared to treatment with RP (RT + ADT HR = 2.06, 95% CI 1.67-2.54, P < .0001; RT HR = 2.0, 95% CI 1.71-2.33, P < .0001). Patients who met all 3 of the intermediate-risk criteria showed worse OS compared to patients who met only one criterion (HR = 1.80; 95% CI, 1.32-2.44; P = .0002). CONCLUSION: RP is significantly more likely than RT + ADT or RT to be used as a primary treatment for young men with localized intermediate prostate cancer. RP was also associated with improved OS compared to RT + ADT and RT.",Clin Genitourin Cancer,2020,18,,doi: 10.1016/j.clgc.2020.02.002. Epub 2020 Feb 22,https://www.ncbi.nlm.nih.gov/pubmed/32220567,,negative,0,2020.0,0,0.03158750757575035,0
20835257,The 5-year functional outcomes after radical prostatectomy: a real-life experience in Korea,Hong SK,"We investigated the functional outcomes regarding erectile function and urinary continence up to 5 years following radical prostatectomy (RP) in a cohort of Korean men. We retrospectively analyzed the clinicopathologic data of 85 Korean men who received open uni- or bilateral nerve-sparing RP for clinically localized prostate cancer and were followed up for at least 5 years postoperatively. From medical records, patients' status regarding urinary and erectile function at baseline and postoperative followups after RP was assessed. At 24 and 60 months after RP, proportions of subjects continent (no pads used) were 89.4% and 97.6%, respectively (P = 0.007). Excluding subjects (n = 24) who preoperatively reported having severe erectile dysfunction or lacked relevant informations, proportions of subjects capable of having vaginal intercourse regardless of erectile aid usage were 47.5% and 37.7% at 24 and 60 months from RP, respectively (P = 0.022). Patient's age at surgery (P = 0.047) and salvage radiation therapy (P = 0.026) were observed to be significant predictors of having erections sufficient for intercourse at 60 months from RP in multivariate analysis. Our results showed that while patients' postoperative status regarding urinary continence at 2 years from RP is generally maintained or improved at 5 year point, erectile function was observed to significantly declined from 2 years to 5 years following RP. Such decline in erectile function following RP may be more significant among men who were relatively older at surgery or those who received salvage therapy during postoperative follow-ups.",Asian J Androl,2010,12,835-40,doi: 10.1038/aja.2010.81. Epub 2010 Sep 13,https://www.ncbi.nlm.nih.gov/pubmed/20835257,,negative,0,2010.0,0,0.032694000750780106,0
22425079,Radical prostatectomy outcome in men 65 years old or older with low risk prostate cancer.,Mullins JK,"PURPOSE: A recent update of the Scandinavian Prostate Cancer Group Study-4 concluded that men older than 65 years treated with radical prostatectomy had no survival advantage compared to men treated with watchful waiting. We examined the proportion and outcomes of men 65 years old or older with low risk disease who underwent radical prostatectomy at our institution. MATERIALS AND METHODS: Our institutional radical prostatectomy database with more than 19,000 patients was queried for men 65 years old or older with low risk prostate cancer. Pathological and survival outcomes were assessed. Subanalysis was done on men 70 years old or older to determine whether outcomes among older men differed by age. RESULTS: A total of 1,560 men (8.1%) 65 years old or older with low risk prostate cancer underwent radical prostatectomy between 1983 and 2010. After radical prostatectomy 38.3% of the men had evidence of more aggressive cancer, including Gleason score 7 or greater, or extraprostatic extension. After radical prostatectomy actuarial 5, 10 and 15-year biochemical recurrence-free survival was 93.2%, 89.2% and 82.2%, prostate cancer specific survival was 99.7%, 98.4% and 97.2%, and overall survival was 96.1%, 83.5% and 60.2%, respectively. CONCLUSIONS: Fewer than 10% of men treated with radical prostatectomy at our institution were 65 years old or older with low risk prostate cancer. Despite a high prevalence of aggressive disease discovered at surgery these men experienced excellent long-term survival. Treatment recommendations in older men with low risk prostate cancer should be made after careful consideration of life expectancy based on comorbidities and potential adverse outcomes of treatment.",J Urol,2012,187,1620-5,10.1016/j.juro.2011.12.072,https://www.ncbi.nlm.nih.gov/pubmed/22425079,LOW RISK,positive,1,,1,0.9708839058876038,1
26632846,Role of Focal Therapy with High-Intensity Focused Ultrasound in the Management of Clinically Localized Prostate Cancer,Kuru TH,"Overtreatment of prostate cancer (PC) remains one of the main burdens in uro-oncology. Focal therapy may be a reasonable alternative with less side effects and morbidity. Application of high-intensity focused ultrasound (HIFU) induces immediate and irreversible coagulation. The treatment leads to consecutive necrosis with sharply delineated margins, making HIFU a promising tool for the focal therapy of localized PC. Unlike radiation, the treatment leaves no collateral damage outside of the heated tissue, allowing repeated use of HIFU, if necessary. In case of non-organ-confined relapse, additional radical salvage therapy can be performed. This review gives an overview of the existing evidence on focal HIFU. Today, 3 HIFU devices are approved for the treatment of localized PC: Sonablate™, Ablatherm™ and the FocalOne™ device. In summary, the first published results of focal HIFU are promising. The quality of life and potency of the patients are well preserved. Therefore, HIFU treatment, and especially focal ablation of tumor foci, seems to be a safe alternative to standard treatment, with low side effects. The oncologic results seem satisfactory but need further follow-up to validate this practice of PC control.",Oncol Res Treat,2015,38,634-8,doi: 10.1159/000441600. Epub 2015 Nov 9,https://www.ncbi.nlm.nih.gov/pubmed/26632846,,negative,0,2015.0,0,0.03167901933193207,0
16111581,Outcome of salvage radiotherapy for biochemical failure after radical prostatectomy with or without hormonal therapy,Cheung R,"BACKGROUND: This study analyzed the outcome of salvage radiotherapy for biochemical failure after radical prostatectomy (RP). By comparing the outcomes for patients who received RT alone and for those who received combined RT and hormonal therapy, we assessed the potential benefits of hormonal therapy. PATIENTS AND METHODS: This cohort was comprised of 101 patients who received salvage RT between 1990 and 2001 for biochemical failure after RP. Fifty-nine of these patients also received hormone. Margin status (positive vs. negative), extracapsular extension (yes vs. no), seminal vesicle involvement (yes vs. no), pathologic stage, Gleason score, pre-RP PSA, post-RP PSA, pre-RT PSA, hormonal use, radiotherapy dose and technique, RP at M. D. Anderson Cancer Center, and time from RP to salvage RT were analyzed. Statistically significant variables were used to construct prognostic groups. RESULTS: Independent prognostic factors for the RT-alone group were margin status and pre-RT PSA. RP at M. D. Anderson Cancer Center was marginally significant (p = 0.06) in multivariate analysis. Pre-RT PSA was the only significant prognostic factor for the combined-therapy group. We used a combination of margin status and pre-RT PSA to construct a prognostic model for response to the salvage treatment based on the RT group. We identified the favorable group as those patients with positive margin and pre-RT PSA < or = 0.5 ng/mL vs. the unfavorable group as otherwise. This stratification separates patients into clinically meaningful groups. The 5-year PSA control probabilities for the favorable vs. the unfavorable group were 83.7% vs. 61.7% with radiotherapy alone (p = 0.03). Androgen ablation seemed to be most beneficial in the unfavorable group. CONCLUSION: After prostatectomy, favorable-group patients may fare well with salvage radiotherapy alone. These patients may be spared the toxicity of androgen ablation. The other patients may benefit most from a combined approach with hormonal treatment. We further suggest that salvage radiotherapy should be given early when the PSA is still low.",Int J Radiat Oncol Biol Phys,2005,1,,doi: 10.1016/j.ijrobp.2005.01.020,https://www.ncbi.nlm.nih.gov/pubmed/16111581,,negative,0,2005.0,0,0.03154381737112999,0
21656740,Early hypofractionated salvage radiotherapy for postprostatectomy biochemical recurrence,Kruser TJ,"BACKGROUND: Postprostatectomy adjuvant or salvage radiotherapy, when using standard fractionation, requires 6.5 to 8 weeks of treatment. The authors report on the safety and efficacy of an expedited radiotherapy course for salvage prostate radiotherapy. METHODS: A total of 108 consecutive patients were treated with salvage radiation therapy to 65 grays (Gy) in 26 fractions of 2.5 Gy. Median follow-up was 32.4 months. Median presalvage prostate-specific antigen (PSA) was 0.44 (range, 0.05-9.50). Eighteen (17%) patients received androgen deprivation after surgery or concurrently with radiation. RESULTS: The actuarial freedom from biochemical failure for the entire group at 4 years was 67% ± 5.3%. An identical 67% control rate was seen at 5 years for the first 50 enrolled patients, whose median follow-up was longer at 43 months. One acute grade 3 genitourinary toxicity occurred, with no acute grade 3 gastrointestinal and no late grade 3 toxicities observed. On univariate analysis, higher Gleason score (P = .006), PSA doubling time ≤12 months (P = .03), perineural invasion (P = .06), and negative margins (P = .06) showed association with unsuccessful salvage. On multivariate analysis, higher Gleason score (P = .057) and negative margins (P = .088) retained an association with biochemical failure. CONCLUSIONS: Hypofractionated radiotherapy (65 Gy in 2.5 Gy fractions in about 5 weeks) reduces the length of treatment by from 1-½ to 3 weeks relative to other treatment schedules commonly used, produces low rates of toxicity, and demonstrates encouraging efficacy at 4 to 5 years. Hypofractionation may provide a convenient, resource-efficient, and well-tolerated salvage approach for the estimated 20,000 to 35,000 US men per year experiencing biochemical recurrence after prostatectomy.",Cancer,2011,15,,doi: 10.1002/cncr.25824. Epub 2010 Dec 14,https://www.ncbi.nlm.nih.gov/pubmed/21656740,,negative,0,2010.0,0,0.03167104348540306,0
27390578,Oncologic Outcome of Radical Prostatectomy as Monotherapy for Men with High-risk Prostate Cancer.,Furukawa J,"BACKGROUND: The objective of this study was to review our experience with radical prostatectomy (RP) as monotherapy for men with high-risk prostate cancer (PCa). PATIENTS AND METHODS: This study included 382 consecutive patients who were diagnosed with high-risk PCa according to the D'Amico definition and subsequently underwent RP without neoadjuvant therapy. Biochemical recurrence (BR) was defined as a serum prostate-specific antigen (PSA) level ≥ 0.2 ng/ml on two consecutive measurements, and none of the patients received any adjuvant therapies until their serum PSA levels reached ≥ 0.4 ng/ml. RESULTS: The median preoperative serum PSA level in these 382 patients was 15.9 ng/ml. Pathological stages ≥ pT2c and Gleason scores ≥ 8 were observed in 288 and 194 patients, respectively. During the observation period (median, 48.0 months), BR occurred in 134 patients, and the 5-year BR-free survival rate was 60.1%; however, no patient died of cancer progression. Multivariate analysis identified capsular invasion, seminal vesicle invasion, and surgical margin status as independent predictors of BR. CONCLUSIONS: Comparatively favorable cancer control could be achieved using RP as monotherapy for men with high-risk PCa; however, RP alone may be insufficient for patients with capsular invasion, seminal vesicle invasion, and/or surgical margin positivity.",Curr Urol,2016,9,67-72,10.1159/000442856,https://www.ncbi.nlm.nih.gov/pubmed/27390578,,positive,1,,1,0.970884382724762,1
26112477,Salvage brachytherapy for locally recurrent prostate cancer after external beam radiotherapy,Yamada Y,"External beam radiotherapy (EBRT) is a standard treatment for prostate cancer. Despite the development of novel radiotherapy techniques such as intensity-modulated conformal radiotherapy, the risk of local recurrence after EBRT has not been obviated. Various local treatment options (including salvage prostatectomy, brachytherapy, cryotherapy, and high-intensity focused ultrasound [HIFU]) have been employed in cases of local recurrence after primary EBRT. Brachytherapy is the first-line treatment for low-risk and selected intermediate-risk prostate tumors. However, few studies have examined the use of brachytherapy to treat post-EBRT recurrent prostate cancer. The purpose of this paper is to analyze the current state of our knowledge about the effects of salvage brachytherapy in patients who develop locally recurrent prostate cancer after primary EBRT. This article also introduces our novel permanent brachytherapy salvage method.",Asian J Androl,2015,,-,doi: 10.4103/1008-682X.151391,https://www.ncbi.nlm.nih.gov/pubmed/26112477,,negative,0,2015.0,0,0.0322040393948555,0
20598436,Salvage radiotherapy after high-intensity focussed ultrasound for recurrent localised prostate cancer,Riviere J,"BACKGROUND: Radiotherapy is a treatment option in the case of local failure following treatment for localised prostate cancer with high-intensity focussed ultrasound (HIFU). OBJECTIVE: Our aim was to evaluate tolerance and oncologic control with salvage radiotherapy (SRT) after HIFU failure and to identify predictive factors of success. DESIGN, SETTING, AND PARTICIPANTS: From March 1995 to March 2008, all patients who presented with histologically proven persistent local disease following HIFU and were treated with curative intent SRT (with or without hormonal treatment) were included in this single-centre retrospective study. INTERVENTION: Patients underwent conformal radiotherapy. The median dose of conformal treatment was 72 Gy (65-78 Gy). MEASUREMENTS: The primary outcome measure was progression-free survival (PFS) defined as no biochemical relapse (three consecutive rises in prostate-specific antigen [PSA] with a velocity >0.4 ng/ml per year or PSA >1.5 ng/ml) and no additional treatment. Predictive factors of failure were examined in univariate and multivariate analyses. Adverse events in terms of urinary and digestive toxicity, urine incontinence, and erectile dysfunction (ED) were reported. RESULTS AND LIMITATIONS: The median (range) and mean (standard deviation) follow-up of the 100 patients analysed was 33 mo (5-164 mo) and 37.2 mo (23.6 mo), respectively. Eighty-three patients received SRT alone, and 17 received SRT and androgen-deprivation therapy. For the 83 patients treated with exclusive radiation therapy, PFS was 72.5% at 5 yr and 93%, 67%, and 55% for the low-, intermediate-, and high-risk groups, respectively. In the univariate analysis, PSA level prior to SRT, risk status, PSA nadir after SRT, PSA nadir after SRT >0.2 ng/ml, and time to achieve this nadir were all predictive of failure. In the multivariate analysis, PSA nadir post-SRT with a threshold at 0.2 ng/ml and time to achieve this nadir were the significant predictive factors of failure. Gastrointestinal toxicity was low; urinary toxicity grade < or =2 was 34.5%. Four were grade 3 (4.7%), one was grade 4 (1.2%), and one was grade 5 (1.2%). The incidence of severe ED (International Index of Erectile Dysfunction-5 score 5-10) was 14% pre-HIFU, and 51.9% and 82.3% pre- and post-SRT, respectively. Because our study was retrospective, results have to be interpreted cautiously. CONCLUSIONS: SRT provides satisfactory oncologic control after HIFU failure with little (or mild) additional toxicity. These results warrant further investigation.",Eur Urol,2010,58,567-73,doi: 10.1016/j.eururo.2010.06.003. Epub 2010 Jun 11,https://www.ncbi.nlm.nih.gov/pubmed/20598436,,negative,0,2010.0,0,0.031476423144340515,0
23062705,Long-term outcomes and prognostic factors in patients treated with intraoperatively planned prostate brachytherapy.,Vargas C,"PURPOSE: Evaluate outcomes and prognostic factors in men with localized prostate cancer. METHODS AND MATERIALS: A total of 3760 patients have undergone prostate seed implantation at our institution. This review is of our initial 304 consecutive patients treated before January 30, 2001. A total of 124 patients were treated with (125)I implant monotherapy and 180 with (103)Pd implant combined with 45-Gy external beam radiation therapy. RESULTS: The median followup was 10.3 years. A 10-year biochemical control for low risk (LR) was 98% , intermediate risk (IR) 94%, high risk (HR) 78%, and HR with one HR factor 88% (p < 0.001); cause-specific survival was 99%, 98%, and 84% for LR, IR, and HR, respectively (p < 0.001); No significant difference in outcome was seen for LR and IR patients (p > 0.3). On multivariate analysis, only pretreatment PSA, Gleason score, and T-stage were significant for biochemical control. Most biochemical failures occurred within 5 years (93%). CONCLUSIONS: With a minimum followup of 10 years, results are excellent and do not differ for LR or IR prostate cancer patients. HR patients are a very heterogeneous group, and excellent results can still be achieved for HR patients with only one HR feature.",Brachytherapy,2013,12,120-5,10.1016/j.brachy.2012.08.002,https://www.ncbi.nlm.nih.gov/pubmed/23062705,LOW RISK,positive,1,,1,0.9710902571678162,1
20832665,Biochemical disease-free rate and toxicity for men treated with iodine-125 prostate brachytherapy with d(90) ≥180 Gy,Gómez-Iturriaga Piña A,"PURPOSE: Iodine-125 ((125)I) prostate brachytherapy is planned with a prescribed dose of 145 Gy and minimal dose received by 90% of the prostate (D(90)) of 120-125% (174-181 Gy). We examined the clinical outcomes and toxicity profile of men receiving a D(90) (isodose enclosing 90% of the prostate) of ≥180 Gy. METHODS AND MATERIALS: Between March 1999 and May 2006, 129 men (17% of our total brachytherapy population) treated with (125)I monotherapy for Stage T1-T2 prostate cancer received a D(90) ≥180 Gy. Implants were performed using transrectal ultrasonography and fluoroscopic guidance. The 1-month postplan dosimetry used magnetic resonance imaging-computed tomography fusion. The minimal follow-up was 2 years. Toxicity was scored according to the National Cancer Institute Common Terminology Criteria for Adverse Events toxicity scale, version 3. RESULTS: The median patient age was 63 years (range, 50-76), and the pretreatment prostate-specific antigen level was 5.5 ng/mL (range, 0.6-13.5). The Gleason score was ≤6 in 125 patients and was 7 in 4 patients. The median follow-up period was 40 months (range, 24-111), and the median D(90) was 186 Gy. The median minimal dose received by 30% of the urethra was 203 Gy, and the median rectal volume receiving a minimum of 100% of the prescribed dose was 0.81 cm(3). Acute Grade 2 genitourinary toxicity was seen in 5.4% and late Grade 2 in 7%. Late urinary retention (Grade 3) was seen in 2 patients (1.5%). Grade 1 rectal bleeding occurred in 9.3% and Grade 2 in 2.3%. On univariate logistic regression analysis, none of the clinical and dosimetric parameters predicted for rectal bleeding. Of 110 men who were potent before treatment, 81% remained potent 5 years after treatment. Three biochemical failures and only one local failure developed. The 5-year biochemical no evidence of disease rate using the ""nadir plus 2"" definition was 96.8%. CONCLUSION: A D(90) of ≥180 Gy is associated with excellent biochemical disease-free survival and acceptable toxicity.",Int J Radiat Oncol Biol Phys,2010,1,,doi: 10.1016/j.ijrobp.2009.07.1723,https://www.ncbi.nlm.nih.gov/pubmed/20832665,,negative,0,2010.0,0,0.03157668560743332,0
12206842,Targeted cryoablation of the prostate: 7-year outcomes in the primary treatment of prostate cancer.,Bahn DK,"The efficacy and safety of the long-term experience with targeted cryoablation of prostate cancer (TCAP) at a community hospital is retrospectively reviewed. A series of 590 consecutive patients who underwent TCAP as primary therapy with curative intent for localized or locally advanced prostate cancer from March 1993 to September 2001 were identified. Patients were stratified into 3 risk groups according to clinical characteristics. Biochemical disease-free survival (bDFS), post-TCAP biopsy results, and post-TCAP morbidity were calculated and presented. The mean follow-up time for all patients was 5.43 years. The percentages of patients in the low-, medium-, and high-risk groups were 15.9%, 30.3%, and 53.7%, respectively. Using a prostate-specific antigen (PSA)-based definition of biochemical failure of 0.5 ng/mL, results were as follows: (1) the 7-year actuarial bDFS for low-, medium-, and high-risk patients were 61%, 68%, and 61%, respectively; (2) the bDFS probabilities for a PSA cutoff of 1.0 ng/mL for low-, medium-, and high-risk patients were 87%, 79%, and 71%, respectively; and (3) the bDFS probabilities for low-, medium-, and high-risk patients using the American Society for Therapeutic Radiology and Oncology (ASTRO) definition of biochemical failure (3 successive increases of PSA level) were 92%, 89%, and 89%, respectively. The rate of positive biopsy was 13%. After a positive biopsy, 32 patients underwent repeat cryoablation. For those patients who underwent repeat cryoablation, 68%, 72%, and 91% remain bDFS using definitions of 0.5 ng/mL, 1.0 ng/mL, and the ASTRO criteria, respectively, after a mean follow-up time since repeat cryoablation of 63 months. The rates of morbidity were modest, and no serious complications were observed. TCAP was shown to equal or surpass the outcome data of external-beam radiation, 3-dimensional conformal radiation, and brachytherapy. These 7-year outcome data provide compelling validation of TCAP as an efficacious treatment modality for locally confined and locally advanced prostatic carcinoma.",Urology,2002,60,3-11,10.1016/s0090-4295(02)01678-3,https://www.ncbi.nlm.nih.gov/pubmed/12206842,INTERMEDIATE RISK,positive,1,,1,0.9709073901176453,1
21045780,Salvage radical prostatectomy,Heidenreich A,"Radical salvage prostatectomy represents a secondary local treatment with curative intent in patients with organ confined PCA recurrences following radiation therapy. Preoperative risk factors predicting organ confined disease are initial LDR brachytherapy, preoperative Gleason biopsy score ≤6, ≤50% biopsy cores involved with cancer, and a PSA doubling time > 12 months. Metastatic disease should be ruled out preoperatively by skeletal scintigraphy, abdominal computed tomography or magnetic resonance imaging, and/or choline - PET/CT. Functionality of the lower urinary tract is evaluated by urethrocystosocopy and urodynamics. Most appropriate candidates for radical salvage prostatectomy are patients with organ confined disease or those with symptomatic local recurrences. In experienced hands, morbidity is low with a continence rate of 83-96% depending on the type of previous radiation therapy. Long-term oncological control can be achieved in more than 80% of the patients.",Panminerva Med,2010,52,231-8,,https://www.ncbi.nlm.nih.gov/pubmed/21045780,,negative,0,2010.0,0,0.034421369433403015,0
20045267,External beam radiation therapy after transurethral resection of the prostate: a report on acute and late genitourinary toxicity,Devisetty K,"PURPOSE: To describe genitourinary (GU) toxicity in men with a history of transurethral resection of the prostate (TURP) treated with external beam radiation therapy (EBRT) for prostate cancer. METHODS AND MATERIALS: Seventy-one men with a history of TURP were treated with EBRT for prostate cancer. The median time from TURP to EBRT was 15 months. The median EBRT dose was 70 Gy, and 21 men (30%) received androgen deprivation therapy (ADT). Acute GU toxicity and late GU toxicity were scored by Radiation Therapy Oncology Group criteria and compared with a cohort of 538 men without prior TURP. The median follow-up for men with TURP and men without TURP was 40 months and 50 months, respectively (p = 0.7605). RESULTS: The rate of acute Grade 2 GU toxicity or higher was 41%, and was increased with a history of more than 1 TURP (73% vs. 31%, p = 0.0036). The 4-year rate of freedom from late Grade 3 GU toxicity or higher was 84%, and was decreased with ADT (45% vs. 95% without ADT, p = 0.0024). By last follow-up, maximal GU toxicity tended to resolve (p < 0.0001) and there was no worsening of urinary symptom scores (p = 0.6911). Compared to men without a prior TURP, TURP patients had a lower rate of freedom from late Grade 3 toxicity or higher (84% vs. 96%, p = 0.0483). Multivariate analysis suggested a higher rate of late Grade 3 toxicity or higher with TURP (risk ratio, 2.87; p = 0.0612) and EBRT dose of 74 Gy or greater (risk ratio, 2.26; p = 0.0521). CONCLUSIONS: Men treated for prostate cancer with EBRT after TURP have a higher risk of severe GU toxicity; however, the overall incidence is low, and toxicity tends not to persist.",Int J Radiat Oncol Biol Phys,2010,15,,doi: 10.1016/j.ijrobp.2009.06.078. Epub 2010 Jan 4,https://www.ncbi.nlm.nih.gov/pubmed/20045267,,negative,0,2010.0,0,0.031760651618242264,0
24401540,Combined brachytherapy and external beam radiotherapy without adjuvant androgen deprivation therapy for high-risk prostate cancer.,Ohashi T,"BACKGROUND: To report the outcomes of patients treated with combined iodine-125 (I-125) brachytherapy and external beam radiotherapy (EBRT) for high-risk prostate cancer. METHODS: Between 2003 and 2009, I-125 permanent prostate brachytherapy plus EBRT was performed for 206 patients with high-risk prostate cancer. High-risk patients had prostate-specific antigen ≥ 20 ng/mL, and/or Gleason score ≥ 8, and/or Stage ≥ T3. One hundred and one patients (49.0%) received neoadjuvant androgen deprivation therapy (ADT) but none were given adjuvant ADT. Biochemical failure-free survival (BFFS) was determined using the Phoenix definition. RESULTS: The 5-year actuarial BFFS rate was 84.8%. The 5-year cause-specific survival and overall survival rates were 98.7% and 97.6%, respectively. There were 8 deaths (3.9%), of which 2 were due to prostate cancer. On multivariate analysis, positive biopsy core rates and the number of high-risk factors were independent predictors of BFFS. The 5-year BFFS rates for patients in the positive biopsy core rate <50% and ≥ 50% groups were 89.3% and 78.2%, respectively (p = 0.03). The 5-year BFFS rate for patients with the any single high-risk factor was 86.1%, compared with 73.6% for those with any 2 or all 3 high-risk factors (p = 0.03). Neoadjuvant ADT did not impact the 5-year BFFS. CONCLUSIONS: At a median follow-up of 60 months, high-risk prostate cancer patients undergoing combined I-125 brachytherapy and EBRT without adjuvant ADT have a high probability of achieving 5-year BFFS.",Radiat Oncol,2014,9,13,10.1186/1748-717X-9-13,https://www.ncbi.nlm.nih.gov/pubmed/24401540,,positive,1,,1,0.9710029363632202,1
25736733,High-dose-rate brachytherapy as a monotherapy for prostate cancer--Single-institution results of the extreme fractionation regimen,Kukiełka AM,"PURPOSE: We report a single-institution retrospective analysis of the outcomes, disease control, and toxicity of high-dose-rate (HDR) brachytherapy used as the only treatment modality (monotherapy) for localized prostate cancer. METHODS: Between 2006 and 2012, 77 patients with diagnosed prostate cancer were treated with HDR brachytherapy as a monotherapy. The prescribed dose was 45 Gy in three separate implants 21 days apart, with single fraction per implant. Of the 77 patients, 67 (87%) received hormonal therapy. Prostate-specific antigen failure was defined according to Phoenix consensus, as nadir + 2 ng/mL. Toxicity was scored according to Common Terminology Criteria for Adverse Events, version 4.03. RESULTS: The median followup time was 57 months (4.75 years). The 5-year actuarial overall survival was 98.7%, biochemical control 96.7%, local control 96.9%, and metastasis-free survival 98.4%. Younger age at the beginning of brachytherapy predicted the onset of bounce phenomenon. There were no Grade 3 or higher acute toxicities detected, and Grade 2 genitourinary acute toxicity developed in 19 patients (24.6%). There were no Grade 2 gastrointestinal complications. No Grade 4 or 5 late toxicity was detected. There were also no Grade 3 gastrointestinal toxicities detected. One patient (1.3%) underwent transurethral resection of the prostate because of Grade 3 urethral stenosis and urinary retention. A total of 26 patients (33.8%) developed Grade 2 late toxicity. CONCLUSIONS: HDR brachytherapy as monotherapy for localized prostate cancer was feasible, effective, and had acceptable toxicity profile.",Brachytherapy,2015,,-,doi: 10.1016/j.brachy.2015.01.004. Epub 2015 Feb 28,https://www.ncbi.nlm.nih.gov/pubmed/25736733,,negative,0,2015.0,0,0.031736716628074646,0
32215577,Outcomes of Observation vs Stereotactic Ablative Radiation for Oligometastatic Prostate Cancer: The ORIOLE Phase 2 Randomized Clinical Trial,Phillips R,"IMPORTANCE: Complete metastatic ablation of oligometastatic prostate cancer may provide an alternative to early initiation of androgen deprivation therapy (ADT). OBJECTIVE: To determine if stereotactic ablative radiotherapy (SABR) improves oncologic outcomes in men with oligometastatic prostate cancer. DESIGN, SETTING, AND PARTICIPANTS: The Observation vs Stereotactic Ablative Radiation for Oligometastatic Prostate Cancer (ORIOLE) phase 2 randomized study accrued participants from 3 US radiation treatment facilities affiliated with a university hospital from May 2016 to March 2018 with a data cutoff date of May 20, 2019, for analysis. Of 80 men screened, 54 men with recurrent hormone-sensitive prostate cancer and 1 to 3 metastases detectable by conventional imaging who had not received ADT within 6 months of enrollment or 3 or more years total were randomized. INTERVENTIONS: Patients were randomized in a 2:1 ratio to receive SABR or observation. MAIN OUTCOMES AND MEASURES: The primary outcome was progression at 6 months by prostate-specific antigen level increase, progression detected by conventional imaging, symptomatic progression, ADT initiation for any reason, or death. Predefined secondary outcomes were toxic effects of SABR, local control at 6 months with SABR, progression-free survival, Brief Pain Inventory (Short Form)-measured quality of life, and concordance between conventional imaging and prostate-specific membrane antigen (PSMA)-targeted positron emission tomography in the identification of metastatic disease. RESULTS: In the 54 men randomized, the median (range) age was 68 (61-70) years for patients allocated to SABR and 68 (64-76) years for those allocated to observation. Progression at 6 months occurred in 7 of 36 patients (19%) receiving SABR and 11 of 18 patients (61%) undergoing observation (P = .005). Treatment with SABR improved median progression-free survival (not reached vs 5.8 months; hazard ratio, 0.30; 95% CI, 0.11-0.81; P = .002). Total consolidation of PSMA radiotracer-avid disease decreased the risk of new lesions at 6 months (16% vs 63%; P = .006). No toxic effects of grade 3 or greater were observed. T-cell receptor sequencing identified significant increased clonotypic expansion following SABR and correlation between baseline clonality and progression with SABR only (0.082085 vs 0.026051; P = .03). CONCLUSIONS AND RELEVANCE: Treatment with SABR for oligometastatic prostate cancer improved outcomes and was enhanced by total consolidation of disease identified by PSMA-targeted positron emission tomography. SABR induced a systemic immune response, and baseline immune phenotype and tumor mutation status may predict the benefit from SABR. These results underline the importance of prospective randomized investigation of the oligometastatic state with integrated imaging and biological correlates. TRIAL REGISTRATION: ClinicalTrials.gov Identifier: NCT02680587.",JAMA Oncol,2020,1,,doi: 10.1001/jamaoncol.2020.0147,https://www.ncbi.nlm.nih.gov/pubmed/32215577,,negative,0,2020.0,0,0.031851738691329956,0
25687401,A review of rectal toxicity following permanent low dose-rate prostate brachytherapy and the potential value of biodegradable rectal spacers,Schutzer ME,"Permanent radioactive seed implantation provides highly effective treatment for prostate cancer that typically includes multidisciplinary collaboration between urologists and radiation oncologists. Low dose-rate (LDR) prostate brachytherapy offers excellent tumor control rates and has equivalent rates of rectal toxicity when compared with external beam radiotherapy. Owing to its proximity to the anterior rectal wall, a small portion of the rectum is often exposed to high doses of ionizing radiation from this procedure. Although rare, some patients develop transfusion-dependent rectal bleeding, ulcers or fistulas. These complications occasionally require permanent colostomy and thus can significantly impact a patient's quality of life. Aside from proper technique, a promising strategy has emerged that can help avoid these complications. By injecting biodegradable materials behind Denonviller's fascia, brachytherpists can increase the distance between the rectum and the radioactive sources to significantly decrease the rectal dose. This review summarizes the progress in this area and its applicability for use in combination with permanent LDR brachytherapy.",Prostate Cancer Prostatic Dis,2015,18,96-103,doi: 10.1038/pcan.2015.4. Epub 2015 Feb 17,https://www.ncbi.nlm.nih.gov/pubmed/25687401,,negative,0,2015.0,0,0.03246300294995308,0
31721011,Influence of the technique and comorbidities in hypofractionated radiotherapy for prostate cancer,Correa R,"PURPOSE: To analyze the differences in toxicity and biochemical relapse-free survival with hypofractionated radiotherapy with three-dimensional radiotherapy (3D-CRT) or volumetric arc therapy (VMAT) for prostate cancer taking into account comorbidity measured using the Charlson Comorbidity Index (CCI). METHODS: From January 2011 to June 2016, 451 patients with prostate cancer were treated with 60 Gy (20 daily fractions). VMAT or 3D-CRT was used. Distribution by stage: 17% low-risk, 27.2% intermediate-risk; 39.2% high-risk, 16.6% very high-risk. Mean CCI was 3.4. RESULTS: With a median follow up of 51 months, most patients did not experience any degree of acute GI toxicity (80.9%) compared to 19.1%, who experienced some degree, mainly G-I /II. In the multivariate analysis, only technique was associated with acute GI toxicity ≥ G2. Patients treated with VMAT had greater acute GI toxicity compared with those who received 3D-CRT (23.9% vs. 13.5%, p = 0.005). With respect to acute GU toxicity, 72.7% of patients experienced some degree, fundamentally G-I/II. Neither age, CCI, nor androgen deprivation therapy (ADT) were associated with greater toxicity. Overall survival at 2, 5 and 7 years was 97%, 88% and 83% respectively. The only factor with statistical significance was CCI, with a greater number of events in individuals with a CCI ≥ 4 (p < 0.03). CONCLUSIONS: Hypofractionated radiotherapy for prostate cancer is an effective, well-tolerated treatment even for elderly patients with no associated comorbidity. Longer follow up is needed in order to report data on late toxicity.",Clin Transl Oncol,2020,22,311-318,doi: 10.1007/s12094-019-02224-6. Epub 2019 Nov 12,https://www.ncbi.nlm.nih.gov/pubmed/31721011,,negative,0,2020.0,0,0.031996533274650574,0
16813890,Long-term outcome following radical prostatectomy in men with clinical stage T3 prostate cancer.,Carver BS,"PURPOSE: We evaluated patients at our institution who underwent radical prostatectomy for clinical stage T3 prostate cancer to determine their long-term clinical outcomes. MATERIALS AND METHODS: We reviewed our prospective surgical database and identified 176 men who underwent radical retropubic prostatectomy for clinical stage T3 prostate cancer from 1983 to 2003. Clinical and pathological data were reviewed and evaluated in a Cox proportional hazards model to determine preoperative predictors of biochemical recurrence. Clinical progression following biochemical recurrence was evaluated and clinical failure was defined as the development of clinical metastases or progression to hormone refractory prostate cancer. RESULTS: Of the 176 patients with cT3 prostate cancer 64 (36%) received neoadjuvant hormonal therapy. At a mean followup of 6.4 years 84 (48%) patients had disease recurrence with a median time to biochemical recurrence of 4.6 years. The actuarial 10-year probability of freedom from recurrence was 44%. On multivariate analysis biopsy Gleason score, pretreatment serum prostate specific antigen and year of surgery were independent predictors of biochemical recurrence. Neoadjuvant hormonal therapy was not a significant predictor of biochemical recurrence. Following biochemical recurrence clinical failure developed in 30 of 84 (36%) men with a median time of 11 years. Overall the 5, 10 and 15-year probabilities of death from prostate cancer were 6%, 15% and 24%, respectively. CONCLUSIONS: More than half (52%) of our patients remained free of disease recurrence following radical prostatectomy. In our series neoadjuvant hormonal therapy offered no advantage with respect to disease recurrence. Radical prostatectomy remains an integral component in the treatment of select patients with clinical stage T3 prostate cancer.",J Urol,2006,176,564-8,10.1016/j.juro.2006.03.093,https://www.ncbi.nlm.nih.gov/pubmed/16813890,HIGH RISK,positive,1,,1,0.9709789156913757,1
20961696,Ten-year outcomes: the clinical utility of single photon emission computed tomography/computed tomography capromab pendetide (Prostascint) in a cohort diagnosed with localized prostate cancer.,Ellis RJ,"PURPOSE: To evaluate the clinical utility of capromab pendetide imaging with single photon emission computed tomography coregistration with computed tomography (SPECT/CT) in primary prostate cancer (CaP) for pretreatment prognostic staging and localization of biologic target volumes (BTV) for individualized image-guided radiotherapy dose escalation (IGRT-DE). METHODS AND MATERIALS: Patients consecutively presenting for primary radiotherapy (February 1997 to December 2002), having a clinical diagnosis of localized CaP, were evaluated for tumor stage using conventional staging and SPECT/CT (N=239). Distant metastatic uptake (mets) were identified by SPECT/CT in 22 (9.2%). None of the suspected mets could be clinically confirmed. Thus, all subjects were followed without alteration in disease management. The SPECT/CT pelvic images defined BTV for IGRT-DE (+150% brachytherapy dose) without (n=150) or with (n=89) external radiation of 45 Gy. The National Comprehensive Cancer Network criteria defined risk groups (RG). The median survivor follow-up was 7 years. Biochemical disease-free survival (bDFS) was reported by clinical nadir +2 ng/mL (CN+2) criteria. Statistical analyses included Kaplan-Meier, multivariate analysis, and Concordance-index models. RESULTS: At 10-year analyses, overall survival was 84.8% and bDFS was 84.6%. With stratification by RG, CN+2 bDFS was 93.5% for the low-RG (n=116), 78.7% for the intermediate-RG (n=94), and 68.8% for the high-RG (n=29), p=0.0002. With stratification by pretreatment SPECT/CT findings, bDFS was 65.5% in patients with suspected mets (n=22) vs. 86.6% in patients with only localized uptake (n=217), p=0.0014. CaP disease-specific survival (DSS) was 97.7% for the cohort. With stratification by SPECT/CT findings, DSS was 86.4% (with suspected mets) vs. 99.0% (localized only), p=0.0001. Using multivariate analysis, the DSS hazard ratio for SPECT/CT findings (mets vs. localized) was 3.58 (p=0.0026). Concordance-index tests, based on all data, by CN+2 bDFS criteria were 0.710 for RG alone and 0.773 for SPECT/CT + RG. CONCLUSIONS: Through long-term outcomes we demonstrate statistically significant bDFS and DSS predictive value for pretreatment capromab pendetide SPECT/CT imaging in primary CaP. Dual clinical utility is demonstrated, using SPECT/CT to define BTV for individualized IGRT-DE.",Int J Radiat Oncol Biol Phys,2011,81,29-34,10.1016/j.ijrobp.2010.05.053,https://www.ncbi.nlm.nih.gov/pubmed/20961696,LOW RISK,positive,1,,1,0.9709092378616333,1
19168203,Population-based study of biochemical and survival outcomes after permanent 125I brachytherapy for low- and intermediate-risk prostate cancer.,Morris WJ,"OBJECTIVES: To analyze the biochemical and survival outcomes after permanent low-dose-rate prostate brachytherapy in a large, consecutive, population-based cohort of patients. METHODS: A total of 1006 consecutive implants were performed from July 20, 1998 to October 23, 2003 for men with low-risk and ""low-tier"" intermediate-risk prostate cancer. The prescribed minimal peripheral dose was 144 Gy, using 0.33 mCi (125)I sources and a preplan technique with a strong posterior-peripheral dose bias. Most patients (65%) had received 6 months of androgen deprivation therapy. Supplemental external beam radiotherapy was not used. The prognostic features, dose metrics, and follow-up data were prospectively collected. Kaplan-Meier and Cox regression analyses were used to assess the factors associated with freedom from biochemical recurrence and survival. RESULTS: The median patient age at treatment was 66 years. The median follow-up was 54 months for biochemical outcomes and 66 months for survival. The actuarial freedom from biochemical recurrence rate was 95.6% +/- 1.6% at 5 years and 94.0% +/- 2.2% at 7 years. On multivariate analysis, the pretreatment prostate-specific antigen level (P = .03) and androgen deprivation therapy use (P = .04) were predictive of the freedom from biochemical recurrence. The actuarial rates of distant metastasis and disease-specific death at 5 years were both <1%. The overall survival rate at 5 years was 95.2% +/- 1.4% and was 93.4% +/- 1.8% at 7 years. On multivariate analysis, only age was predictive of overall survival (P = .011). CONCLUSIONS: When consistently planned and delivered, low-dose-rate brachytherapy, without supplemental external beam radiotherapy or intraoperative planning, can produce cancer-specific outcomes for men with low- and ""low-tier"" intermediate-risk prostate cancer at least equal to that produced by dose-escalated external beam radiotherapy or surgical prostatectomy.",Urology,2009,73,860-5; discussion 865-7,10.1016/j.urology.2008.07.064,https://www.ncbi.nlm.nih.gov/pubmed/19168203,LOW RISK,positive,1,,1,0.9706652164459229,1
27138879,High-dose radiotherapy with helical tomotherapy and long-term androgen deprivation therapy for prostate cancer: 5-year outcomes.,Tomita N,"PURPOSE: We aimed to examine outcomes of high-dose radiotherapy with helical tomotherapy (HT) and long-term androgen deprivation therapy (ADT) for T1-4N0M0 prostate cancer. METHODS: A total of 391 patients treated with HT between June 2006 and December 2013 were included in this retrospective study. All patients received neoadjuvant ADT for a median duration of 10 months followed by HT at a median dose of 78 Gy [interquartile range (IQR) 78-78]. The times of median adjuvant and total ADT were 19 and 27 months (IQR 20-31), respectively. The risk stratification followed the 2015 National Comprehensive Cancer Network criteria. Biochemical disease-free survival (bDFS) followed the Phoenix definition. Toxicity was scored according to the Radiation Therapy Oncology Group morbidity grading scale. RESULTS: Median follow-up from HT start was 60 months (IQR 42-81). Five-year bDFS rates for low-, intermediate-, high-, and very-high-risk groups were 100, 98.2, 97.7, and 87.9 %, respectively. We observed clinical relapse in nine very-high-risk patients and one high-risk patient, resulting in a 5-year clinical relapse-free survival of 100, 100, 99.4, and 91.7 %, respectively, for each risk group. Three patients died of prostate cancer, resulting in a 5-year prostate cancer-specific survival of 99.6 %. The late grade 2 or higher gastrointestinal and genitourinary toxicities were 9.7 and 10.7 %. No cardiovascular fatal events were observed. CONCLUSIONS: This report confirmed the excellent outcomes with acceptable late toxicities with the combination of HT and long-term ADT. Longer follow-up is crucial to further determine the treatment effect and toxicity.",J Cancer Res Clin Oncol,2016,142,1609-19,10.1007/s00432-016-2173-9,https://www.ncbi.nlm.nih.gov/pubmed/27138879,,positive,1,,1,0.9710418581962585,1
17094781,Comparing results after surgery in patients with clinical unilateral T3a prostate cancer treated with or without neoadjuvant androgen-deprivation therapy.,Hsu CY,"OBJECTIVE: To compare the results in patients with unilateral cT3 prostate cancer treated with or with no neoadjuvant androgen-deprivation therapy (nADT), as nADT might have benefit in cT2 prostate cancer, but for cT3 tumours its use remains controversial, and it is unclear whether it can prevent or delay progression after surgery. PATIENTS AND METHODS: Between 1987 and 2004, 235 patients were assessed as having unilateral cT3 disease by a digital rectal examination; before surgery, 200 patients were not treated with nADT and 35 were. The Kaplan-Meier method was used to calculate survival rates. RESULTS: With no nADT the biochemical progression-free survival (PFS) was 59.5%, the clinical PFS was 95.9%, the cancer-specific survival (CSS) was 98.7%, and overall survival was 95.9% at 5 years. With nADT, the biochemical PFS was 43.4%, clinical PFS was 77.6%, CSS was 88.7%, and overall survival was 79.8% at 5 years. The positive surgical margin rate with no nADT and with nADT was 33.5% and 57.1%, respectively, and the respective mean cancer volume was 6.6 mL and 4.0 mL. CONCLUSION: nADT can decrease tumour size but does not reduce the positive surgical margin rate, nor improve the survival rate in unilateral cT3a disease. Because of side-effects and treatment costs, we do not advise nADT in patients with unilateral cT3a prostate cancer.",BJU Int,2007,99,311-4,10.1111/j.1464-410X.2006.06559.x,https://www.ncbi.nlm.nih.gov/pubmed/17094781,HIGH RISK,positive,1,,1,0.9710866808891296,1
25925789,Androgen deprivation therapy and the risk of death from prostate cancer among men with favorable or unfavorable intermediate-risk disease.,Keane FK,"BACKGROUND: Radiotherapy (RT), short-course androgen deprivation therapy (ADT), and brachytherapy in various combinations are treatment options for patients with intermediate-risk prostate cancer (PC), but the question of which combination if any is necessary to minimize PC-specific mortality (PCSM) risk in patients with favorable or unfavorable intermediate-risk PC is unknown. The authors assessed PCSM risk after commonly used treatments. METHODS: The cohort consisted of 2510 men with favorable (1902 men; 75.78%) or unfavorable (608 men; 24.22%) intermediate-risk PC who were treated from 1997 to 2013. Treatment included brachytherapy with or without neoadjuvant ADT among men with favorable disease and brachytherapy with neoadjuvant RT or ADT among men with unfavorable disease. Fine and Gray's competing-risks regression model was used to assess whether ADT among men with favorable disease or RT or ADT among men with unfavorable disease decreased PCSM risk after adjusting for treatment propensity score, year of brachytherapy, and PC prognostic factors. RESULTS: After a median follow-up of 7.78 years, 366 deaths (14.58%) were observed, 29 of which (7.92%) were from PC. There was a significant reduction in PCSM risk in men with unfavorable disease who were treated with ADT versus RT (adjusted hazard ratio, 0.34; 95% confidence interval, 0.13-0.91 [P = .03]), but no significant difference in PCSM risk in men with favorable disease who received ADT and brachytherapy versus brachytherapy (adjusted hazard ratio, 0.67; 95% confidence interval, 0.18-2.57 [P =.56]). CONCLUSIONS: Neoadjuvant ADT does not appear to reduce PCSM risk in men undergoing brachytherapy for favorable intermediate-risk PC and should not be considered a standard; however, it appears superior to neoadjuvant RT in men with unfavorable intermediate-risk PC undergoing brachytherapy, making neoadjuvant ADT and brachytherapy a preferred option in these men.",Cancer,2015,121,2713-9,10.1002/cncr.29420,https://www.ncbi.nlm.nih.gov/pubmed/25925789,,positive,1,,1,0.9709206819534302,1
20815417,CyberKnife radiosurgery for prostate cancer,Katz AJ,"Treatment of prostate cancer with SBRT is an area of significant controversy for many in the radiation oncology community despite radiobiologic data that strongly suggest the prostate would be an excellent SBRT target. Recently, new data have emerged that show promising outcomes with minimal toxicity for CyberKnife SBRT of prostate cancer. In the following we present the motivating factors for prostate cancer SBRT followed by a critical evaluation of the current literature and discussion of the future of prostate cancer treatment with SBRT.",Technol Cancer Res Treat,2010,9,463-72,doi: 10.1177/153303461000900504,https://www.ncbi.nlm.nih.gov/pubmed/20815417,,negative,0,2010.0,0,0.03267122805118561,0
20202991,Clinical results of iridium-192 high dose rate brachytherapy with external beam radiotherapy,Nohara T,"OBJECTIVE: Here, we report the clinical results of iridium-192 high dose rate brachytherapy at Kanazawa University Hospital. METHODS: The study population consisted of 166 patients diagnosed with T1c-T3bN0M0 prostate cancer treated with high dose rate brachytherapy and external beam radiotherapy and followed up for 6 months or longer. Treatment consisted of external beam radiotherapy to the prostate at 44 Gy/22 fractions and high dose rate brachytherapy at 18 Gy/3 fractions. RESULTS: Median follow-up interval was 31.5 months (range 6.2-88.7). The overall 5-year biological recurrence-free survival rate was 93.0%. The 5-year biological recurrence-free survival rates for the patients in low-, intermediate- and high-risk groups according to the D'Amico risk classification criteria were 96.1%, 89.0% and 91.6%, respectively. When limited to the group that did not receive adjuvant hormonal therapy, the 5-year biological recurrence-free survival rates for the patients in low-, intermediate- and high-risk groups were 96.0%, 96.3% and 82.9%, respectively. Grade 3 or greater adverse effects were rare. Urethral stricture was observed in only 1.0% of the patients. Eighty percent of patients retained erectile function after high dose rate brachytherapy and reported satisfaction with sexual function. CONCLUSIONS: High dose rate brachytherapy is considered a good form of treatment for localized prostate cancer, although longer follow-up is necessary.",Jpn J Clin Oncol,2010,40,677-83,doi: 10.1093/jjco/hyq016. Epub 2010 Mar 4,https://www.ncbi.nlm.nih.gov/pubmed/20202991,,negative,0,2010.0,0,0.031902264803647995,0
19863521,Radical prostatectomy as initial monotherapy for patients with pathologically confirmed high-grade prostate cancer,Bahler CD,"OBJECTIVE: To report the long-term outcome of high-grade prostate cancer treated with radical prostatectomy (RP) as initial monotherapy, analyse the effect of clinical and pathological variables on survival, and report cancer-related symptoms. PATIENTS AND METHODS: A retrospective chart review was conducted to identify patients with Gleason 8-10 prostate cancer found on pathological review in men undergoing RP as initial therapy for clinically localized disease between 1988 and 2005. Kaplan-Meier analysis was used to calculate event-free survival. Univariable and multivariable analyses were used to assess the effects of clinical and pathological variables on prostate-specific antigen (PSA) recurrence. RESULTS: After excluding 20 patients, 119 were identified with pathologically confirmed high-grade cancers at the time of RP. The overall median (interquartile range) follow-up was 73 (41-113) months. Twenty-four (20%) patients had organ-confined cancer, 60 (50%) had specimen-confined cancer, and 14 (12%) had nodal metastasis. Kaplan-Meier analysis showed overall survival rates at 5 and 10 years, respectively, of 90% and 75%, cancer-specific survival of 92% and 82%, and a PSA recurrence-free follow-up at 5 years of 31%. Using univariable analysis, preoperative PSA level, pathological Gleason score, pathological stage, surgical margin status and tumour volume were found to significantly affect the PSA recurrence-free follow-up. No variables were significant on multivariable analysis. Cancer-related symptoms were reported by only 14 patients, with a median time from surgery to first symptom of 43 months. CONCLUSION: High-grade prostate cancer can be treated with RP as initial monotherapy with an acceptable 10-year cancer-specific survival (82%). The PSA recurrence-free follow-up is poor (31% at 5 years). However, few patients progress to symptomatic recurrence after PSA relapse within the first 5 years.",BJU Int,2010,105,1372-6,doi: 10.1111/j.1464-410X.2009.08979.x. Epub 2009 Oct 26,https://www.ncbi.nlm.nih.gov/pubmed/19863521,,negative,0,2010.0,0,0.031212082132697105,0
17084544,15-Year biochemical relapse free survival in clinical Stage T1-T3 prostate cancer following combined external beam radiotherapy and brachytherapy; Seattle experience.,Sylvester JE,"PURPOSE: Long-term biochemical relapse-free survival (BRFS) rates in patients with clinical Stages T1-T3 prostate cancer continue to be scrutinized after treatment with external beam radiation therapy and brachytherapy. METHODS AND MATERIALS: We report 15-year BRFS rates on 223 patients with clinically localized prostate cancer that were consecutively treated with I(125) or Pd (103) brachytherapy after 45-Gy neoadjuvant EBRT. Multivariate regression analysis was used to create a pretreatment clinical prognostic risk model using a modified American Society for Therapeutic Radiology and Oncology consensus definition (two consecutive serum prostate-specific antigen rises) as the outcome. Gleason scoring was performed by the pathologists at a community hospital. Time to biochemical failure was calculated and compared by using Kaplan-Meier plots. RESULTS: Fifteen-year BRFS for the entire treatment group was 74%. BRFS using the Memorial Sloan-Kettering risk cohort analysis (95% confidence interval): low risk, 88%, intermediate risk 80%, and high risk 53%. Grouping by the risk classification described by D'Amico, the BRFS was: low risk 85.8%, intermediate risk 80.3%, and high risk 67.8% (p = 0.002). CONCLUSIONS: I(125) or Pd(103) brachytherapy combined with supplemental EBRT results in excellent 15-year biochemical control. Different risk group classification schemes lead to different BRFS results in the high-risk group cohorts.",Int J Radiat Oncol Biol Phys,2007,67,57-64,10.1016/j.ijrobp.2006.07.1382,https://www.ncbi.nlm.nih.gov/pubmed/17084544,,positive,1,,1,0.9711487293243408,1
18222596,Long-term outcome following three-dimensional conformal/intensity-modulated external-beam radiotherapy for clinical stage T3 prostate cancer.,Zelefsky MJ,"OBJECTIVE: To report the long-term tumor control and survival outcomes after conformal external-beam radiotherapy for patients with clinical stage T3 prostate cancer. METHODS: Between 1988 and 2000, 296 patients with clinical stage T3 prostate cancer were treated with three-dimensional conformal radiotherapy and intensity-modulated radiotherapy. Of these, 130 patients (44%) had stage T3a (extracapsular extension without seminal vesicle involvement [SVI]) and 166 patients (56%) had stage T3b disease (SVI). Prior to radiotherapy, 189 patients (43%) were treated with short-course androgen-deprivation therapy (ADT). The median follow-up time was 8 yr. RESULTS: The 5- and 10-yr prostate-specific antigen (PSA) relapse-free survival (PRFS) outcomes for stage T3a tumors were 69% and 44%, respectively. The corresponding PRFS outcomes for T3b tumors were 49% and 32% (p=0.005). Despite the presence of locally advanced disease, the 5- and 10-yr local progression-free survival (LPFS) outcomes for all patients were 87% and 83%. Among patients who received > or =8100 cGy and ADT, the 5- and 10-yr local control rates were 96% and 88%. The 5- and 10-yr distant metastases-free survival (DMFS) outcomes for stage T3a tumors were 85% and 73%. The corresponding DMFS outcomes for T3b tumors were 49% and 32% (p=0.005). Multivariate analysis demonstrated that ADT conferred a 7-fold risk reduction for local failure. Pretreatment PSA levels and the presence of SVI on clinical staging were important predictors of distant metastases. CONCLUSIONS: Conformal radiotherapy for T3 prostate cancer is associated with excellent tumor control and survival outcomes. These results are at least comparable to reported outcomes from surgical series for T3 disease and substantiate the role of radiotherapy as the standard management option for locally advanced stage prostate cancer.",Eur Urol,2008,53,1172-9,10.1016/j.eururo.2007.12.030,https://www.ncbi.nlm.nih.gov/pubmed/18222596,HIGH RISK,positive,1,,1,0.9712197780609131,1
28279064,Cancer-Specific Mortality Among Korean Men with Localized or Locally Advanced Prostate Cancer Treated with Radical Prostatectomy Versus Radiotherapy: A Multi-Center Study Using Propensity Scoring and Competing Risk Regression Analyses.,Koo KC,"PURPOSE: Studies comparing radical prostatectomy (RP) outcomes with those of radiotherapy with or without androgen deprivation therapy (RT±ADT) for prostate cancer (PCa) have yielded conflicting results. Therefore, we used propensity score-matched analysis and competing risk regression analysis to compare cancer-specific mortality (CSM) and other-cause mortality (OCM) between these two treatments. MATERIALS AND METHODS: The multi-center, Severance Urological Oncology Group registry was utilized to identify 3,028 patients with clinically localized or locally advanced PCa treated by RP (n=2,521) or RT±ADT (n=507) between 2000 and 2016. RT±ADT cases (n=339) were matched with an equal number of RP cases by propensity scoring based on age, preoperative prostate-specific antigen, clinical tumor stage, biopsy Gleason score, and Charlson Comorbidity Index (CCI). CSM and OCM were co-primary endpoints. RESULTS: Median follow-up was 65.0 months. Five-year overall survival rates for patients treated with RP and RT±ADT were 94.7% and 92.0%, respectively (p=0.105). Cumulative incidence estimates revealed comparable CSM rates following both treatments within all National Comprehensive Cancer Network risk groups. Gleason score ≥ 8 was associated with higher risk of CSM (p=0.009). OCM rates were comparable between both groups in the low- and intermediate-risk categories (p=0.354 and p=0.643, respectively). For high-risk patients, RT±ADT resulted in higher OCM rates than RP (p=0.011). Predictors of OCM were age ≥ 75 years (p=0.002) and CCI ≥ 2 (p < 0.001). CONCLUSION: RP and RT±ADT provide comparable CSM outcomes in patients with localized or locally advanced PCa. The risk of OCM may be higher for older high-risk patients with significant comorbidities.",Cancer Res Treat,2018,50,129-137,10.4143/crt.2017.004,https://www.ncbi.nlm.nih.gov/pubmed/28279064,,positive,1,,1,0.9710455536842346,1
20562373,Outcomes in localized prostate cancer: National Prostate Cancer Register of Sweden follow-up study.,Stattin P,"BACKGROUND: Treatment for localized prostate cancer remains controversial. To our knowledge, there are no outcome studies from contemporary population-based cohorts that include data on stage, Gleason score, and serum levels of prostate-specific antigen (PSA). METHODS: In the National Prostate Cancer Register of Sweden Follow-up Study, a nationwide cohort, we identified 6849 patients aged 70 years or younger. Inclusion criteria were diagnosis with local clinical stage T1-2 prostate cancer from January 1, 1997, through December 31, 2002, a Gleason score of 7 or less, a serum PSA level of less than 20 ng/mL, and treatment with surveillance (including active surveillance and watchful waiting, n = 2021) or curative intent (including radical prostatectomy, n = 3399, and radiation therapy, n = 1429). Among the 6849 patients, 2686 had low-risk prostate cancer (ie, clinical stage T1, Gleason score 2-6, and serum PSA level of <10 ng/mL). The study cohort was linked to the Cause of Death Register, and cumulative incidence of death from prostate cancer and competing causes was calculated. RESULTS: For the combination of low- and intermediate-risk prostate cancers, calculated cumulative 10-year prostate cancer-specific mortality was 3.6% (95% confidence interval [CI] = 2.7% to 4.8%) in the surveillance group and 2.7% (95% CI = 2.1% to 3.45) in the curative intent group. For those with low-risk disease, the corresponding values were 2.4% (95% CI = 1.2% to 4.1%) among the 1085 patients in the surveillance group and 0.7% (95% CI = 0.3% to 1.4%) among the 1601 patients in the curative intent group. The 10-year risk of dying from competing causes was 19.2% (95% CI = 17.2% to 21.3%) in the surveillance group and 10.2% (95% CI = 9.0% to 11.4%) in the curative intent group. CONCLUSION: A 10-year prostate cancer-specific mortality of 2.4% among patients with low-risk prostate cancer in the surveillance group indicates that surveillance may be a suitable treatment option for many patients with low-risk disease.",J Natl Cancer Inst,2010,102,950-8,10.1093/jnci/djq154,https://www.ncbi.nlm.nih.gov/pubmed/20562373,,positive,1,,1,0.9709169864654541,1
25466361,The clinical significance of persistent cancer cells on prostate biopsy after high-dose-rate brachytherapy boost for intermediate-risk prostate cancer.,D'Alimonte L,"PURPOSE: To evaluate the association between post-treatment biopsy results and the probability of biochemical disease-free survival (bDFS). METHODS AND MATERIALS: Two sequential prospective clinical trials were undertaken in men with intermediate-risk prostate cancer (T1-T2 with either Gleason score 7 and prostate-specific antigen [PSA] level lower than 20 ng/mL or Gleason score 6 and PSA level of 10-20 ng/mL). All patients had high-dose-rate brachytherapy (two fractions of 10Gy separated by 1 week or a single 15-Gy fraction) followed by external beam radiotherapy. Both study groups were followed prospectively with regular PSA readings and prostate biopsy at 2 years. Biopsies were reported as: positive=malignant cells with no or only partial radiation effect, negative=no malignant cells seen, and indeterminate=malignant cells with marked radiation effect. Biochemical failure was defined using the nadir+2 ng/mL definition and estimated using the Kaplan-Meier curves. Fisher exact test was performed to investigate any relationships between high-dose-rate treatment and biopsy results. RESULTS: A total of 181 patients were included in this analysis. The median followup for all patients was 6.2 years (range, 0.3-10.5). Post-treatment biopsy was performed in 111 patients of which 82 (74%) were negative, 17 (15%) indeterminate, and 12 (11%) malignant. The 5-year bDFS was 97.5%, 93.8%, and 83.3% for those with benign, indeterminate, and malignant biopsies, respectively (p=0.4398). Median PSA nadir was 0.08 ng/mL (range, 0.01-3.63), with no difference in PSA change over time by treatment (p=0.9953) or biopsy result (p=0.4398) CONCLUSIONS: Routine biopsy at 2 years was not able to reliably predict which patients would ultimately fail as even those with a positive biopsy had a long-term bDFS higher than 80%.",Brachytherapy,2015,14,309-14,10.1016/j.brachy.2014.10.003,https://www.ncbi.nlm.nih.gov/pubmed/25466361,,positive,1,,1,0.9709790945053101,1
15758704,Laparoscopic radical prostatectomy,Trabulsi EJ,"PURPOSE: After the pioneering period when only few teams were performing the procedure, the laparoscopic approach to radical prostatectomy has become widespread with several technical variations. A comprehensive review of the published literature on laparoscopic radical prostatectomy was performed to determine the current state of the art of this surgical innovation in terms of perioperative parameters, functional results and cancer control. MATERIALS AND METHODS: English language, peer reviewed articles published before June 2004 concerning laparoscopic radical prostatectomy were found by MEDLINE query. All articles were analyzed and none were a priori excluded. Conclusions were drawn from series of 50 or more patients. RESULTS: Laparoscopic radical prostatectomy is being performed at multiple centers worldwide using various surgical approaches and technologies. Analysis of perioperative parameters, including surgical blood loss, operative time, complications and convalescence, demonstrated low morbidity and showed a clear trend toward improvement with increased experience. The reported positive surgical margin rates were lower in more recent series. As measured by prostate specific antigen recurrence and disease-free intervals, oncological results and cancer control rates are difficult to ascertain in the immature series published to date. Functional results in terms of postoperative urinary and sexual function appear encouraging. CONCLUSIONS: Overall the current operative, oncological and functional results of laparoscopic radical prostatectomy appear to approximate those of open radical retropubic prostatectomy. These results justify the considerable interest of the urological community in laparoscopy, as evidenced by its widespread application. Nevertheless, longer followup and more mature data are needed definitively to establish laparoscopic radical prostatectomy as an alternative to the retropubic approach.",J Urol,2005,173,1072-9,doi: 10.1097/01.ju.0000154970.63147.90,https://www.ncbi.nlm.nih.gov/pubmed/15758704,,negative,0,2005.0,0,0.03293134644627571,0
23914263,Oncologic outcomes following radical prostatectomy in the active surveillance era.,Louis AS,"OBJECTIVE: In this study, we examine the oncologic outcomes of men with low, intermediate and high preoperative risk for prostate cancer treated with radical prostatectomy prior to and during the active surveillance era. METHODS: We analyzed records from patients who underwent radical prostatectomy at our Canadian tertiary care facility from 2000 to 2012. Patients were stratified by D'Amico preoperative risk category and by year of treatment. Biochemical recurrence-free survival was estimated using the Kaplan-Meier method. RESULTS: We included 2643 consecutive patients in our analysis. The proportion of men with low-risk disease undergoing radical prostatectomy decreased from 2007 onwards coincident with the implementation of an active surveillance strategy in our institution. Men with low-risk and high-risk disease showed significantly worse biochemical outcomes from 2007 to 2012 compared to 2000 to 2006 (p < 0.05), while men with intermediate-risk prostate cancer showed no significant differences (p = 0.27). Within the low-risk cohort, the later treatment group displayed significantly lower age, pre-treatment prostate specific antigen and tumour volume and significantly higher testosterone and body mass index. CONCLUSIONS: The time period corresponding with the implementation of active surveillance at our institution corresponded with significant deterioration of biochemical outcomes in the low- and high-risk groups. This suggests that the men with most favourable disease deferred treatment, whereas men with worse preoperative disease characteristics were increasingly treated with radical prostatectomy in the past 6 years perhaps to their benefit.",Can Urol Assoc J,2013,7,E475-80,10.5489/cuaj.1404,https://www.ncbi.nlm.nih.gov/pubmed/23914263,LOW RISK,positive,1,,1,0.971077024936676,1
27910728,Predictive factors associated with biochemical recurrence following radical prostatectomy for pathological T2 prostate cancer with negative surgical margins.,Aoun F,"OBJECTIVE: The aim of this study was to determine factors associated with the development of biochemical recurrence (BCR) following radical prostatectomy in patients with pathological T2 prostate cancer and negative surgical margins. MATERIALS AND METHODS: This retrospective multicentre cohort study included 1252 consecutive patients with pT2 pN0/Nx and negative surgical margins on radical prostatectomy and without any adjuvant treatment, performed in three Belgian centres. BCR-free survival curves were estimated using the Kaplan-Meier method. Univariate and multivariate analyses using the Cox proportional hazards model were performed to determine clinical and pathological predictive factors of BCR in this group of patients. RESULTS: In total, 910 patients were included. BCR occurred in 107 patients (11.8%) at a median follow-up of 108 months. Overall 5 and 10 year BCR-free survival rates were 90% and 87%, respectively. On the multivariate analyses, serum prostate-specific antigen (PSA) level (p = .001) and surgical Gleason score of 7 or above (p = .001) were significantly associated with BCR in men with pathological T2 prostate cancer with negative surgical margins. Perineural invasion and capsular infiltration were not risk factors for recurrence. CONCLUSIONS: This study identified unfavourable risk factors in patients with pathological T2 and negative surgical margins following radical prostatectomy. The results suggest that patients with a surgical Gleason score of 7 or higher, unknown lymph-node status and high PSA values are at increased risk of recurrence.",Scand J Urol,2017,51,20-26,10.1080/21681805.2016.1263237,https://www.ncbi.nlm.nih.gov/pubmed/27910728,,positive,1,,1,0.9712057709693909,1
23462420,Retrospective evaluation reveals that long-term androgen deprivation therapy improves cause-specific and overall survival in the setting of dose-escalated radiation for high-risk prostate cancer.,Feng FY,"PURPOSE: To evaluate the role of androgen deprivation therapy (ADT) and duration for high-risk prostate cancer patients treated with dose-escalated radiation therapy (RT). METHODS AND MATERIALS: A retrospective analysis of high-risk prostate cancer patients treated with dose-escalated RT (minimum 75 Gy) with or without ADT was performed. The relationship between ADT use and duration with biochemical failure (BF), metastatic failure (MF), prostate cancer-specific mortality (PCSM), non-prostate cancer death (NPCD), and overall survival (OS) was assessed as a function of pretreatment characteristics, comorbid medical illness, and treatment using Fine and Gray's cumulative incidence methodology. RESULTS: The median follow-up time was 64 months. In men with National Comprehensive Cancer Network defined high-risk prostate cancer treated with dose-escalated RT, on univariate analysis, both metastasis (P<.0001; hazard ratio 0.34; 95% confidence interval 0.18-0.67; cumulative incidence at 60 months 13% vs 35%) and PCSM (P=.015; hazard ratio 0.41; 95% confidence interval 0.2-1.0; cumulative incidence at 60 months 6% vs 11%) were improved with the use of ADT. On multivariate analysis for all high-risk patients, Gleason score was the strongest negative prognostic factor, and long-term ADT (LTAD) improved MF (P=.002), PCSM (P=.034), and OS (P=.001). In men with prostate cancer and Gleason scores 8 to 10, on multivariate analysis after adjustment for other risk features, there was a duration-dependent improvement in BF, metastasis, PCSM, and OS, all favoring LTAD in comparison with STAD or RT alone. CONCLUSION: For men with high-risk prostate cancer treated with dose-escalated EBRT, this retrospective study suggests that the combination of LTAD and RT provided a significant improvement in clinical outcome, which was especially true for those with Gleason scores of 8 to 10.",Int J Radiat Oncol Biol Phys,2013,86,64-71,10.1016/j.ijrobp.2012.11.024,https://www.ncbi.nlm.nih.gov/pubmed/23462420,HIGH RISK,positive,1,,1,0.9712448716163635,1
15629591,Impact of supplemental external beam radiotherapy and/or androgen deprivation therapy on biochemical outcome after permanent prostate brachytherapy.,Merrick GS,"PURPOSE: To evaluate the impact of supplemental external beam radiotherapy (EBRT) and/or androgen deprivation therapy (ADT) on 8-year biochemical outcome after permanent prostate brachytherapy. METHODS AND MATERIALS: Between April 1995 and January 2001, 668 consecutive patients underwent brachytherapy using either (103)Pd or (125)I for clinical Stage T1b-T3aNxM0 (2002 American Joint Committee on Cancer) adenocarcinoma of the prostate gland. No patient underwent seminal vesicle biopsy or pathologic lymph node staging. The median follow-up was 58.6 months. Biochemical progression-free survival was defined by the American Society for Therapeutic Radiology and Oncology consensus definition. The clinical, treatment, and dosimetric parameters evaluated for biochemical progression-free survival included supplemental EBRT, ADT, patient age, clinical stage, Gleason score, preimplant prostate specific antigen (PSA), risk group, percentage of positive biopsies, isotope used, prostate volume, planning volume, percentage of target volume receiving 100%, 150%, and 200% of prescribed dose, minimal percentage of dose covering 90% of target volume, tobacco status, hypertension, and diabetes. RESULTS: For the entire group, the actuarial 8-year biochemical progression-free survival rate was 98.2%, 98.4%, and 88.2% for low-, intermediate-, and high-risk patients, respectively, with a median PSA level of <0.1 ng/mL for all risk groups and ADT and EBRT subgroups. At last follow-up, only 5 patients (0.8%) had died of metastatic prostate cancer. In multivariate analysis, Gleason score, percentage of positive biopsies, and ADT predicted for biochemical outcome in high-risk patients. In low- and intermediate-risk patients, none of the evaluated variables predicted for biochemical outcome. For the entire population, pretreatment PSA level, Gleason score, ADT, and clinical stage predicted for 8-year biochemical progression-free survival, with the percentage of positive biopsies approaching statistical significance. CONCLUSION: Prostate brachytherapy results in a high probability of 8-year biochemical progression-free survival for low-, intermediate-, and high-risk patients. Although the role of supplemental EBRT could not be adequately evaluated in high-risk patients, it did not improve biochemical outcome in low- and intermediate-risk patients. However, ADT resulted in a statistically significant improvement in progression-free survival for high-risk patients.",Int J Radiat Oncol Biol Phys,2005,61,32-43,10.1016/j.ijrobp.2004.05.003,https://www.ncbi.nlm.nih.gov/pubmed/15629591,HIGH RISK,positive,1,,1,0.9709731340408325,1
22672442,Long-term oncological and continence outcomes after laparoscopic radical prostatectomy: a single-centre experience.,Busch J,"UNLABELLED: Study Type--Therapy (case series) Level of Evidence 4. What's known on the subject? and What does the study add? Over the past decade, minimally invasive laparoscopic radical prostatectomy and more recently robot-assisted laparoscopic prostatectomy have been introduced and have proven equally effective compared with open surgery in terms of mid-term cancer control and complication rates. Because long-term data is lacking, open prostatectomy is still considered the 'gold standard' by some authors, who argue that minimally invasive approaches have to measure up to the excellent long-term results of open surgery. This study represents one of the largest series (1845 patients) of minimally invasive radical prostatectomy with extended follow-up (11.3 years) and detailed data on oncological outcome and postoperative incontinence. It therefore supplies previously lacking information on these details for minimally invasive prostate surgery and provides important information for patient counselling. OBJECTIVE: • To investigate biochemical recurrence (BCR) rates and data on postoperative incontinence in a large laparoscopic radical prostatectomy (LRP) cohort with extended follow-up. MATERIALS AND METHODS: • BCR and independent predictors of BCR were identified using Kaplan-Meier and Cox regression analysis of 1845 patients who underwent LRP from 1999 to 2007. • Urinary incontinence was evaluated by pads per day and stratified as follows: 0-1 pad: no incontinence; 2-3 pads: mild incontinence; and ≥ 3 pads: severe incontinence. RESULTS: • Organ-confined disease, extraprostatic extension, seminal vesicle invasion and lymph node metastasis were present in 71.3%, 20.5%, 6.7% and 3.2% of patients, respectively. The positive surgical margin rate was 29.2%. • Postoperatively, 74.9% of the patients were continent, while 9.2% had mild and 15.9% severe incontinence. • The mean follow-up was 5 years with a maximum follow-up of 11.3 years. • There were 51 overall deaths and six deaths from prostate cancer. The 5-year, 8-year and 10-year BCR-free survival rates were 83.9%, 78.6% and 75.6%, respectively. • On univariate analyses preoperative D'Amico risk classification, pathological tumour stage, postoperative Gleason sum and surgical margin status were predictors of BCR (P < 0.001). • On multivariable analysis, D'Amico classification, Gleason sum (P < 0.001), postoperative tumour stage (P < 0.001), nodal status (P < 0.001) and surgical margin status (P = 0.002) were independent predictors of BCR. CONCLUSIONS: • LRP offers excellent long-term functional and oncological results with a low incidence of BCR for patients with localized disease. • These results could be used for patient counselling before robot-assisted laparascopic prostatectomy (RALP) until long-term follow-up data for RALP is available.",BJU Int,2012,110,E985-90,10.1111/j.1464-410X.2012.11279.x,https://www.ncbi.nlm.nih.gov/pubmed/22672442,LOW RISK,positive,1,,1,0.9699744582176208,1
17572209,"Intermediate-term potency, continence, and survival outcomes of radical prostatectomy for clinically high-risk or locally advanced prostate cancer.",Loeb S,"OBJECTIVES: Controversy exists about the preferred treatment of patients with high-risk or locally advanced prostate cancer. We examined the intermediate-term cancer control and quality-of-life outcomes after radical retropubic prostatectomy (RRP) in selected patients. METHODS: From 1984 to 2003, 288 men with Stage cT2b (Gleason score 8 to 10 or a prostate-specific antigen level greater than 15 ng/mL) or T3 disease underwent RRP by a single surgeon. The 7 and 10-year actuarial progression-free survival (PFS), cancer-specific survival (CSS), overall survival (OS), potency, and continence rates were recorded. RESULTS: The actuarial 7-year PFS, CSS, and OS rate after surgery was 39%, 92%, and 91%, respectively. The corresponding actuarial 10-year rates were 35%, 88%, and 74%. Only OS differed significantly by age group. On multivariate analysis, the pathologic stage was a significant independent predictor of progression. Ultimately, 31 men (11%) required hormonal therapy, 58 (20%) underwent postoperative radiotherapy, and 67 (23%) received both. Potency and continence were preserved in 64% and 92%, respectively. CONCLUSIONS: Overall, RRP offers excellent intermediate-term cancer control for selected men of all ages who present with high-risk or locally advanced disease. The PFS was significantly greater for men with high-risk Stage cT2b than for those with cT3 disease, but the CSS and OS were similar. Both continence and potency were preserved in most patients, although the potency rates were significantly greater for the younger men. RRP with appropriate postoperative radiotherapy and/or hormonal therapy is a reasonable treatment option for selected men with high-risk or locally advanced disease.",Urology,2007,69,1170-5,10.1016/j.urology.2007.02.054,https://www.ncbi.nlm.nih.gov/pubmed/17572209,HIGH RISK,positive,1,,1,0.9710384607315063,1
25268067,Late Toxicity and Outcomes in High-risk Prostate Cancer Patients Treated With Hypofractionated IMRT and Long-term Androgen Suppression Treatment.,Pervez N,"OBJECTIVE: To assess late toxicity and outcomes in high-risk prostate cancer patients treated with hypofractionated radiation treatment with androgen suppression therapy. METHODS: Sixty high-risk prostate cancer patients were enrolled. IMRT prescription was 68 Gy/25 fractions (2.7 Gy/fraction) to the prostate and proximal seminal vesicles (SV). The pelvic lymph nodes (PLN) and distal SV concurrently received 45 Gy/25 fractions (1.8 Gy/fraction). The patients were treated with helical TomoTherapy-based IMRT and underwent daily megavoltage CT image-guided verification before each treatment. RTOG Toxicity scores were recorded for a 5-year period. RESULTS: Sixty patients completed RT with median follow-up of 63 months (range, 7 to 80 mo).At 5 years follow-up timepoint: Grade (G)2 and G3 late genitourinary toxicity was experienced in 7 (17.0%) and 1 (2.44%), respectively; gastrointestinal G2 as highest toxicity recorded in only 1 (2.44%) patient. There was no G3 gastrointestinal toxicity recorded at this timepoint.With 63-month median follow-up (mean of 65.41±1.72 mo), the 5-year overall survival was 86.67%; 5 years freedom from biochemical failure was 91.67% and freedom from clinical failure was 96.67%. CONCLUSIONS: Dose escalation and hypofractionated radiation treatment with IMRT treating the prostate and proximal SV concurrently with the pelvic lymph nodes and distal SV and long-term androgen suppression therapy is well tolerated with respect to acute and late toxicity with 5-year actuarial overall survival 86.67%, freedom from biochemical failure 91.38%, and freedom from clinical failure 96.67%. Longer follow-up will provide more information on 10-year survival outcomes.",Am J Clin Oncol,2017,40,200-206,10.1097/COC.0000000000000133,https://www.ncbi.nlm.nih.gov/pubmed/25268067,,positive,1,,1,0.9710088968276978,1
32001198,The impact of very high initial PSA on oncological outcomes after radical prostatectomy for clinically localized prostate cancer,Tilki D,"BACKGROUND: To analyze oncological outcomes of very high-risk patients with initial PSA 50-99.9 and ≥100 ng/ml who underwent radical prostatectomy (RP) for clinically localized prostate cancer. METHODS: Overall, 2,811 RP patients (1992-2018) with negative preoperative CT-scan and bone scintigraphy were included. The impact of preoperative PSA level, categorized as 20-49.9 (n = 2,195) vs. 50-99.9 (n = 454) vs. ≥100 ng/ml (n = 162) on biochemical recurrence (BCR)-free survival, metastasis-free survival (MFS) and cancer-specific survival (CSS) was assessed using Kaplan-Meier and multivariable Cox regression models. RESULTS: Median follow-up was 47.5 months. Ten-year BCR-free survival rates were 46.9 vs. 32.1 vs. 29.0% within PSA-categories 20-49.9 vs. 50-99.9 vs. ≥100 ng/ml, respectively (P < 0.001). Ten-year MFS rates were 78.4 vs. 67.2 vs. 37.3% within PSA-categories 20-49.9 vs. 50-99.9 vs. ≥100 ng/ml (P < 0.001). 10-year CSS rates were 93.7 vs. 85.5 vs. 66.7% within PSA-categories 20-49.9 vs. 50-99.9 vs. ≥100 ng/ml (P < 0.001). In multivariable analyses, PSA-categories 50-99.9 ng/ml and ≥100 ng/ml were independently predicting higher risk of BCR (hazard ratio [HR]: 1.3 and 1.4), metastatic progression (HR: 1.4 and 2.3), and cancer-specific mortality (CSM, HR: 1.9 and 3.4) compared with PSA-category 20-49.9 ng/ml. CONCLUSION: Initial PSA levels ≥50 ng/ml are associated with higher risk of BCR, metastatic progression, and CSM compared with high-risk patients with PSA of 20-49.9 ng/ml. In consequence, these patients may be counseled about a potentially increased risk of undetected metastases prior to RP possibly necessitating intensified multimodal treatments in the future.",Urol Oncol,2020,38,379-385,doi: 10.1016/j.urolonc.2019.12.027. Epub 2020 Jan 27,https://www.ncbi.nlm.nih.gov/pubmed/32001198,,negative,0,2020.0,0,0.032063644379377365,0
24222312,High-dose-rate brachytherapy and hypofractionated external beam radiotherapy combined with long-term hormonal therapy for high-risk and very high-risk prostate cancer: outcomes after 5-year follow-up.,Ishiyama H,"The purpose of this study was to report the outcomes of high-dose-rate (HDR) brachytherapy and hypofractionated external beam radiotherapy (EBRT) combined with long-term androgen deprivation therapy (ADT) for National Comprehensive Cancer Network (NCCN) criteria-defined high-risk (HR) and very high-risk (VHR) prostate cancer. Data from 178 HR (n = 96, 54%) and VHR (n = 82, 46%) prostate cancer patients who underwent (192)Ir-HDR brachytherapy and hypofractionated EBRT with long-term ADT between 2003 and 2008 were retrospectively analyzed. The mean dose to 90% of the planning target volume was 6.3 Gy/fraction of HDR brachytherapy. After five fractions of HDR treatment, EBRT with 10 fractions of 3 Gy was administered. All patients initially underwent ≥ 6 months of neoadjuvant ADT, and adjuvant ADT was continued for 36 months after EBRT. The median follow-up was 61 months (range, 25-94 months) from the start of radiotherapy. The 5-year biochemical non-evidence of disease, freedom from clinical failure and overall survival rates were 90.6% (HR, 97.8%; VHR, 81.9%), 95.2% (HR, 97.7%; VHR, 92.1%), and 96.9% (HR, 100%; VHR, 93.3%), respectively. The highest Radiation Therapy Oncology Group-defined late genitourinary toxicities were Grade 2 in 7.3% of patients and Grade 3 in 9.6%. The highest late gastrointestinal toxicities were Grade 2 in 2.8% of patients and Grade 3 in 0%. Although the 5-year outcome of this tri-modality approach seems favorable, further follow-up is necessary to validate clinical and survival advantages of this intensive approach compared with the standard EBRT approach.",J Radiat Res,2014,55,509-17,10.1093/jrr/rrt128,https://www.ncbi.nlm.nih.gov/pubmed/24222312,HIGH RISK,positive,1,,1,0.971109926700592,1
22633365,Biochemical recurrence after robot-assisted radical prostatectomy in a European single-centre cohort with a minimum follow-up time of 5 years.,Sooriakumaran P,"BACKGROUND: Robot-assisted radical prostatectomy (RARP) is an increasingly commonly used surgical treatment option for prostate cancer (PCa); however, its longer-term oncologic results remain uncertain. OBJECTIVE: To report biochemical recurrence-free survival (BRFS) outcomes for men who underwent RARP ≥5 yr ago at a single European centre. DESIGN, SETTING, AND PARTICIPANTS: A total of 944 patients underwent RARP as monotherapy for PCa from January 2002 to December 2006 at Karolinska University Hospital, Stockholm, Sweden. Standard clinicopathologic variables were recorded and entered into a secure, ethics-approved database made up of those men with registered domiciles in Stockholm. The median follow-up time was 6.3 yr (interquartile range: 5.6-7.2). OUTCOME MEASUREMENTS AND STATISTICAL ANALYSIS: The outcome of this study was biochemical recurrence (BCR), defined as a confirmed prostate-specific antigen (PSA) of ≥0.2 ng/ml. Kaplan-Meier survival plots with log-rank tests, as well as Cox univariable and multivariable regression analyses, were used to determine BRFS estimates and determine predictors of PSA relapse, respectively. RESULTS AND LIMITATIONS: The BRFS for the entire cohort at median follow-up was 84.8% (95% confidence interval [CI], 82.2-87.1); estimates at 5, 7, and 9 yr were 87.1% (95% CI, 84.8-89.2), 84.5% (95% CI, 81.8-86.8), and 82.6% (95% CI, 79.0-85.6), respectively. Nine and 19 patients died of PCa and other causes, respectively, giving end-of-follow-up Kaplan-Meier survival estimates of 98.0% (95% CI, 95.5-99.1) and 94.1% (95% CI, 90.4-96.4), respectively. Preoperative PSA >10, postoperative Gleason sum ≥4 + 3, pathologic T3 disease, positive surgical margin status, and lower surgeon volume were associated with increased risk of BCR on multivariable analysis. This study is limited by a lack of nodal status and tumour volume, which may have confounded our findings. CONCLUSIONS: This case series from a single, high-volume, European centre demonstrates that RARP has satisfactory medium-term BRFS. Further follow-up is necessary to determine how this finding will translate into cancer-specific and overall survival outcomes.",Eur Urol,2012,62,768-74,10.1016/j.eururo.2012.05.024,https://www.ncbi.nlm.nih.gov/pubmed/22633365,LOW RISK,positive,1,,1,0.9710562229156494,1
26181727,Dose-Escalated Irradiation and Overall Survival in Men With Nonmetastatic Prostate Cancer,Kalbasi A,"IMPORTANCE: In 5 published randomized clinical trials, dose-escalated external-beam radiation therapy (EBRT) for prostate cancer resulted in improved biochemical and local control. However, scarce evidence addresses whether dose escalation improves overall survival. OBJECTIVE: To examine the association between dose-escalated EBRT and overall survival among men with nonmetastatic prostate cancer. DESIGN, SETTING, AND PARTICIPANTS: We conducted a retrospective, nonrandomized comparative effectiveness study of dose-escalated vs standard-dose EBRT for prostate cancer diagnosed from 2004 to 2006 using the National Cancer Database (NCDB), which includes data from patients treated at Commission on Cancer-accredited community, academic, and comprehensive cancer facilities. Three cohorts were evaluated: men with low-risk (n = 12,229), intermediate-risk (n = 16,714), or high-risk (n = 13,538) prostate cancer. EXPOSURES: We categorized patients in each risk cohort into 2 treatment groups: standard-dose (from 68.4 Gy to <75.6 Gy) or dose-escalated (≥75.6 Gy to 90 Gy) EBRT (1 Gy = 100 rad). MAIN OUTCOMES AND MEASURES: We compared overall survival between treatment groups in each analytic cohort using Cox proportional hazard models with an inverse probability weighted propensity score (IPW-PS) approach. In secondary analyses, we evaluated dose response for survival. RESULTS: Dose-escalated EBRT was associated with improved survival in the intermediate-risk (IPW-PS adjusted hazard ratio [HR], 0.84; 95% CI, 0.80-0.88; P < .001) and high-risk groups (HR, 0.82; 95% CI, 0.78-0.85; P < .001) but not the low-risk group (HR, 0.98; 95% CI, 0.92-1.05; P = .54). For every incremental increase of about 2 Gy in dose, there was a 7.8% (95% CI, 5.4%-10.2%; P < .001) and 6.3% (95% CI, 3.3%-9.1%; P < .001) reduction in the hazard of death for intermediate- and high-risk patients, respectively. CONCLUSIONS AND RELEVANCE: Dose-escalated EBRT is associated with improved overall survival in men with intermediate- and high-risk prostate cancer but not low-risk prostate cancer. These results add to the evidence questioning aggressive local treatment strategies in men with low-risk prostate cancer but supporting such treatment in men with greater disease severity.",JAMA Oncol,2015,1,897-906,doi: 10.1001/jamaoncol.2015.2316,https://www.ncbi.nlm.nih.gov/pubmed/26181727,,negative,0,2015.0,0,0.0319923460483551,0
20675081,A matched control analysis of adjuvant and salvage high-dose postoperative intensity-modulated radiotherapy for prostate cancer,Ost P,"PURPOSE: It is unclear whether immediate adjuvant radiotherapy for high-risk disease at prostatectomy (capsule perforation, seminal vesicle invasion, and/or positive surgical margins) is equivalent to delayed salvage radiotherapy at biochemical recurrence. We performed a matched case analysis comparing high-dose adjuvant intensity modulated radiotherapy (A-IMRT) with salvage IMRT (S-IMRT). METHODS AND MATERIALS: One hundred forty-four patients with high-risk disease at prostatectomy were referred for A-IMRT, and 134 patients with high-risk disease were referred at biochemical recurrence (rising prostate-specific antigen [PSA], following prostatectomy, above 0.2 ng/ml) for S-IMRT. Patients were matched in a 1:1 ratio according to preoperative PSA level, Gleason score, and pT stage. Median doses of 74 Gy and 76 Gy were prescribed for A-IMRT and S-IMRT, respectively. We report biochemical relapse free survival (bRFS) rates using the Kaplan-Meier method. Univariate and multivariate analyses were used to examine tumour- and treatment-related factors. RESULTS: A total of 178 patients were matched (89:89). From the end of radiotherapy, the median follow-up was 36 months for both groups. The 3-year bRFS rate for the A-IMRT group was 90% compared to 65% for the S-IMRT group (p < 0.05). On multivariate analysis, S-IMRT, Gleason grades of ≥ 4+3, perineural invasion, preoperative PSA level of ≥ 10 ng/ml, and omission of androgen deprivation (AD) were independent predictors for a reduced bRFS (p < 0.05). From the date of surgery, the median follow-up was 43 and 60 months for A-IMRT and S-IMRT, respectively. The 3-year bRFS rate for A-IMRT was 91% compared to 79% for S-IMRT (p < 0.05). On multivariate analysis, Gleason grades of ≥ 4+3, perineural invasion, and omission of AD were independent predictors for a reduced bRFS (p < 0.05). S-IMRT was no longer an independent prognostic factor (p = 0.08). CONCLUSIONS: High-dose A-IMRT significantly improves 3-year bRFS compared to S-IMRT. Gleason grades of ≥ 4+3, perineural invasion, and omission of AD were independent prognostic factors for a decreased bRFS, both from the dates of surgery and from radiotherapy.",Int J Radiat Oncol Biol Phys,2011,1,,doi: 10.1016/j.ijrobp.2010.04.039. Epub 2010 Aug 1,https://www.ncbi.nlm.nih.gov/pubmed/20675081,,negative,0,2010.0,0,0.03110429272055626,0
22457326,Long-term oncological outcome and risk stratification in men with high-risk prostate cancer treated with radical prostatectomy.,Yamamoto S,"OBJECTIVE: To evaluate the long-term oncological outcome of radical prostatectomy for patients with high-risk prostate cancer. METHODS: Among 378 patients with prostate cancer who underwent radical prostatectomy at our hospital, 189 had high-risk prostate cancer defined as presenting with at least one of the following high-risk factors: prostate-specific antigen >20 ng/ml, clinical T3 and biopsy Gleason score ≥8. RESULTS: The median follow-up was 8.1 years. Of all patients, 106 and 61 had one and two high-risk factors, respectively, and the remaining 22 had all three high-risk factors. Pathological examination of the prostatectomy specimens revealed organ-confined disease, specimen-confined disease and lymph node metastasis in 80 (42%), 102 (54%) and 22 (12%), respectively. The 10-year prostate-specific antigen failure-free and local progression-free survival rates were 48.5 and 87.6%, respectively. The 10-year cancer-specific and overall survival rates were 94.1 and 88.7%, respectively. The 10-year prostate-specific antigen failure-free survivals of patients with one, two and all three high-risk factors were 58.5, 39.9 and 22.7%, respectively (P = 0.0001). Of the 106 patients with one high-risk factor only, the high Gleason score group had the best 10-year prostate-specific antigen failure-free survival (69.1%); in particular, that of patients without Gleason grade 5 was 100% (P= 0.032). CONCLUSIONS: Approximately half of patients with high-risk prostate cancer can be cured by radical prostatectomy without any adjuvant treatment. Radical prostatectomy for high-risk prostate cancer provides good long-term local cancer control and cancer-specific survival. In particular, radical prostatectomy for patients with only one high-risk factor can be considered a valuable therapeutic option as the first treatment.",Jpn J Clin Oncol,2012,42,541-7,10.1093/jjco/hys043,https://www.ncbi.nlm.nih.gov/pubmed/22457326,HIGH RISK,positive,1,,1,0.9710336327552795,1
20864269,"Fifteen-year biochemical relapse-free survival, cause-specific survival, and overall survival following I(125) prostate brachytherapy in clinically localized prostate cancer: Seattle experience.",Sylvester JE,"PURPOSE: To report 15-year biochemical relapse-free survival (BRFS), cause-specific survival (CSS), and overall survival (OS) outcomes of patients treated with I(125) brachytherapy monotherapy for clinically localized prostate cancer early in the Seattle experience. METHODS AND MATERIALS: Two hundred fifteen patients with clinically localized prostate cancer were consecutively treated from 1988 to 1992 with I(125) monotherapy. They were prospectively followed as a tight cohort. They were evaluated for BRFS, CSS, and OS. Multivariate analysis was used to evaluate outcomes by pretreatment clinical prognostic factors. BRFS was analyzed by the Phoenix (nadir + 2 ng/mL) definition. CSS and OS were evaluated by chart review, death certificates, and referring physician follow-up notes. Gleason scoring was performed by general pathologists at a community hospital in Seattle. Time to biochemical failure (BF) was calculated and compared by Kaplan-Meier plots. RESULTS: Fifteen-year BRFS for the entire cohort was 80.4%. BRFS by D'Amico risk group classification cohort analysis was 85.9%, 79.9%, and 62.2% for low, intermediate, and high-risk patients, respectively. Follow-up ranged from 3.6 to 18.4 years; median follow-up was 15.4 years for biochemically free of disease patients. Overall median follow-up was 11.7 years. The median time to BF in those who failed was 5.1 years. CSS was 84%. OS was 37.1%. Average age at time of treatment was 70 years. There was no significant difference in BRFS between low and intermediate risk groups. CONCLUSION: I(125) monotherapy results in excellent 15-year BRFS and CSS, especially when taking into account the era of treatment effect.",Int J Radiat Oncol Biol Phys,2011,81,376-81,10.1016/j.ijrobp.2010.05.042,https://www.ncbi.nlm.nih.gov/pubmed/20864269,LOW RISK,positive,1,,1,0.970829427242279,1
33085712,68Ga-PSMA-PET/CT-based radiosurgery and stereotactic body radiotherapy for oligometastatic prostate cancer,Kalinauskaite G,"BACKGROUND: Androgen deprivation therapy (ADT) remains the standard therapy for patients with oligometastatic prostate cancer (OMPC). Prostate-specific membrane antigen positron emission tomography/computed tomography (PSMA-PET/CT)-based stereotactic body radiotherapy (SBRT) is emerging as an alternative option to postpone starting ADT and its associated side effects including the development of drug resistance. The aim of this study was to determine progression free-survival (PFS) and treatment failure free-survival (TFFS) after PSMA-PET/CT-based SBRT in OMPC patients. The efficacy and safety of single fraction radiosurgery (SFRS) and ADT delay were investigated. METHODS: Patients with ≤5 metastases from OMPC, with/without ADT treated with PSMA-PET/CT-based SBRT were retrospectively analyzed. PFS and TFFS were primary endpoints. Secondary endpoints were local control (LC), overall survival (OS) and ADT-free survival (ADTFS). RESULTS: Fifty patients with a total of 75 metastases detected by PSMA-PET/CT were analyzed. At the time of SBRT, 70% of patients were castration-sensitive. Overall, 80% of metastases were treated with SFRS (median dose 20 Gy, range: 16-25). After median follow-up of 34 months (range: 5-70) median PFS and TFFS were 12 months (range: 2-63) and 14 months (range: 2-70), respectively. Thirty-two (64%) patients had repeat oligometastatic disease. Twenty-four (48%) patients with progression underwent second SBRT course. Two-year LC after SFRS was 96%. Grade 1 and 2 toxicity occurred in 3 (6%) and 1 (2%) patients, respectively. ADTFS and OS rates at 2-years were 60.5% and 100%, respectively. In multivariate analysis, TFFS significantly improved in patients with time to first metastasis (TTM) >36 months (p = 0.01) and PSA before SBRT ≤1 ng/ml (p = 0.03). CONCLUSION: For patients with OMPC, SBRT might be used as an alternative to ADT. This way, the start/escalation of palliative ADT and its side effects can be deferred. Metastases treated with PSMA-PET/CT-based SFRS reached excellent LC with minimal toxicity. Low PSA levels and longer TTM predict elongated TFFS.",PLoS One,2020,21,,doi: 10.1371/journal.pone.0240892. eCollection 2020,https://www.ncbi.nlm.nih.gov/pubmed/33085712,,negative,0,2020.0,0,0.031239278614521027,0
32442822,A biochemical definition of cure after brachytherapy for prostate cancer,Crook JM,"BACKGROUND AND PURPOSE: To identify a PSA threshold value at an intermediate follow-up time after low dose rate (LDR) prostate brachytherapy associated with cure, defined as long-term (10-15 year) freedom from prostate cancer. MATERIALS AND METHODS: Data from 7 institutions for 14,220 patients with localized prostate cancer treated with LDR brachytherapy, either alone (8552) or with external beam radiotherapy (n = 1175), androgen deprivation (n = 3165), or both (n = 1328), were analyzed. Risk distribution was 42.4% favorable, 49.2% intermediate, and 8.4% high-risk. Patients with clinical failure before 3.5 years were excluded. Kaplan-Meier analysis was used with clinical failure (local, distant, regional or biochemical triggering salvage) as an endpoint for each of four PSA categories: PSA ≤ 0.2, >0.2 to ≤0.5, >0.5 to ≤1.0, and >1.0 ng/mL. PSA levels at 4 years (±6 months) in 8746 patients without clinical failure were correlated with disease status at 10-15 years. RESULTS: For the 77.1% of patients with 4-year PSA ≤ 0.2, the freedom-from-recurrence (FFR) rates were 98.7% (95% CI 98.3-99.0) at 10 years and 96.1% (95% CI 94.8-97.2) at 15 years. Three independent validation cohorts confirmed 97-99% 10-year FFR rates with 4-year PSA ≤ 0.2. Successive PSA categories were associated with diminished disease-free rates at 10 and 15 years. PSA category was strongly associated with treatment success (p < 0.0005). CONCLUSIONS: Since 98.7% of patients with PSA ≤ 0.2 ng/mL at 4 years after LDR prostate brachytherapy were disease-free beyond 10 years, we suggest adopting this biochemical definition of cure for patients with ≥4 years' follow-up after LDR brachytherapy.",Radiother Oncol,2020,149,64-69,doi: 10.1016/j.radonc.2020.04.038. Epub 2020 Apr 27,https://www.ncbi.nlm.nih.gov/pubmed/32442822,,negative,0,2020.0,0,0.031709153205156326,0
26399602,Salvage radiation therapy following radical prostatectomy. A national Danish study,Ervandian M,"BACKGROUND: The purpose of this observational cohort study was to evaluate the outcome and prognostic factors following salvage radiotherapy (SRT) in a consecutive national cohort. MATERIAL AND METHODS: Between 2006 and 2010, 259 patients received SRT in Denmark. Patient- and cancer-related characteristics were retrospectively retrieved from patient charts. The primary end point was biochemical progression-free survival (b-PFS). RESULTS: At the end of follow-up, 51% of the patients displayed a prostate-specific antigen (PSA) level <0.1 ng/ml. The three-year b-PFS rate for the total cohort was 57.0%. Nearly half of the patients (44%) received androgen deprivation therapy (ADT) in combination with SRT. Positive surgical tumour margins (p = 0.025) and ADT (p = 0.001) were the only markers independently correlated with b-PFS. In patients who received SRT without ADT, both a pre-SRT PSA level ≤0.5 ng/ml (p = 0.003) and pathological tumour stage T1-T2 (p = 0.036) independently correlated with b-PFS. Moreover, a duration between radical prostatectomy (RP) and SRT ≤29 months (p = 0.035) independently correlated with b-PFS in patients treated with ADT in combination with RT. CONCLUSIONS: In patients treated for biochemical failure after RP, positive surgical tumour margins and PSA levels ≤0.5 ng/mL at the time of SRT were associated with a favourable outcome. Despite less favourable tumour characteristics, patients receiving SRT and ADT demonstrated improved b-PFS, and in particular, patients with PSA levels >0.2 ng/ml benefitted from additional ADT.",Acta Oncol,2016,55,598-603,doi: 10.3109/0284186X.2015.1088170. Epub 2015 Sep 23,https://www.ncbi.nlm.nih.gov/pubmed/26399602,,negative,0,2015.0,0,0.039047371596097946,0
26238951,High-Dose-Rate Brachytherapy as Monotherapy for Intermediate- and High-Risk Prostate Cancer: Clinical Results for a Median 8-Year Follow-Up.,Yoshioka Y,"PURPOSE: To present mature results of high-dose-rate brachytherapy (HDR-BT) as monotherapy for intermediate- and high-risk prostate cancer. METHODS AND MATERIALS: From 1995 through 2012, 190 patients, 79 with intermediate-risk and 111 with high-risk prostate cancer, were treated with HDR-BT alone using 48 Gy/8 fractions, 54 Gy/9 fractions, or 45.5 Gy/7 fractions over 4 to 5 days. Neoadjuvant with or without adjuvant androgen deprivation therapy was administered to 139 patients, 35 intermediate- and 104 high-risk. RESULTS: Median follow-up time was 92 months (range, 10-227 months), with a minimum of 2 years for surviving patients. Respective rates of cause-specific survival, overall survival, metastasis-free survival, and biochemical no evidence of disease for the intermediate-risk patients were 100%, 100%, 96%, and 93% at 5 years, and 100%, 96%, 91%, and 91% at 8 years. Corresponding rates for the high-risk patients were 97%, 93%, 84%, and 81% at 5 years, and 93%, 81%, 74%, and 77% at 8 years. The cumulative incidence of late grade 2 to 3 genitourinary toxicity was 5% at 5 years and 10% at 8 years, and that of late grade 3 was 0 at 5 years and 1% at 8 years. The cumulative incidence of late grade 2-3 gastrointestinal toxicity was 4% at 5 years and 6% at 8 years, and that of late grade 3 was 0 at 5 years and 2% at 8 years. No grade 4 or 5 toxicity was detected. CONCLUSIONS: Our single-institution study with a median 8-year follow-up showed that HDR-BT as monotherapy was safe and effective for patients with intermediate- and high-risk prostate cancer.",Int J Radiat Oncol Biol Phys,2016,94,675-82,10.1016/j.ijrobp.2015.05.044,https://www.ncbi.nlm.nih.gov/pubmed/26238951,,positive,1,,1,0.9708398580551147,1
31820209,Low incidence of late recurrence in patients with intermediate-risk prostate cancer treated by intensity-modulated radiation therapy plus short-term androgen deprivation therapy.,Aizawa R,"OBJECTIVES: This study evaluated the long-term outcomes of intensity-modulated radiation therapy (IMRT) combined with short-term neoadjuvant androgen deprivation therapy (ADT) in patients with intermediate-risk (IR) prostate cancer (PCa). MATERIALS AND METHODS: Patients with IR PCa treated with IMRT at our institution between September 2000 and November 2010 were analyzed retrospectively. The treatment consisted of IMRT (70-78 Gy in 35-39 fractions) combined with 6 months of neoadjuvant ADT. Salvage ADT was initiated when the prostate-specific antigen level was > 4.0 ng/mL RESULTS: In total, 106 consecutive patients with IR PCa (median age: 70 years old) were analyzed. The median follow-up period was 8.0 years. The overall survival, PCa-specific survival, biochemical failure, and clinical failure rates were 99.0%, 100.0%, 6.8%, and 1.9% at 5 years and 89.1%, 100.0%, 11.3%, and 2.9% at 10 years, respectively. Late recurrence (> 5 years) was observed in three cases (2.8%). The cumulative incidence rates of genitourinary (GU) and gastrointestinal (GI) toxicities (grade 2/3) were 10.5% and 5.8% at 5 years, and 14.7% and 5.8% at 10 years, respectively. No patient developed grade 4/5 GU toxicities or grade 3-5 GI toxicities. CONCLUSION: IMRT at a dose up to 78 Gy combined with short-term neoadjuvant ADT resulted in excellent long-term disease-free outcomes with acceptable morbidities among patients with IR PCa. In addition, the incidence of late recurrence was very low. Further investigation is warranted to confirm our findings.",Int J Clin Oncol,2020,25,713-719,10.1007/s10147-019-01596-7,https://www.ncbi.nlm.nih.gov/pubmed/31820209,,positive,1,,1,0.9710140824317932,1
20201836,Radical prostatectomy in older men: survival outcomes in septuagenarians and octogenarians,Pierorazio PM,"OBJECTIVE: To examine the survival outcomes of septuagenarians and octogenarians (aged > or =80 years) who underwent radical prostatectomy (RP) at our institution, as the US Preventive Services Task Force recently released recommendations that men aged > or =75 years should not be screened for prostate cancer. PATIENTS AND METHODS: Our institutional RP database (1982-2008) was queried for men aged > or =70 years at the time of surgery to evaluate actuarial survival after RP; 386 aged 70-81 years (median 71) underwent RP. The median (range) follow-up was 6.5 (1-22) years. Clinicopathological characteristics and mortality data were evaluated; mortality data were gathered through Social Security Administration Death Index and causes of death were confirmed with the Center for Disease Control National Death Index information. Kaplan-Meier analysis was used to evaluate cause-specific survival. RESULTS: Ten patients (2.6%) had clinical stage T1a-b, 213 (55.3%) had T1c, and 143 (37.1%) had T2 prostate cancer. The median (range) preoperative prostate-specific antigen (PSA) level was 6.2 (0.2-49.9) ng/mL, and the biopsy and pathological Gleason sum was 6 (3-9) and 7 (4-9), respectively. Causes of death included prostate cancer (17), other malignancies (14), cardiovascular causes (14), neurological disease (four), pneumonia (two) and accident (one). The prostate cancer-specific survival rate was 97.6%, 94.0% and 90.2% at 5, 10 and 15 years after RP, respectively; the respective cardiovascular survival rate was 99.5%, 97.6% and 92.5%, and the overall survival rate was 93.1%, 82.5% and 68.9%, respectively. CONCLUSIONS: If appropriately selected, older men have excellent overall and prostate-cancer specific survival after RP. The benefits of surgery should be weighed against the increased risks of surgical and anaesthetic complications.",BJU Int,2010,106,791-5,doi: 10.1111/j.1464-410X.2010.09239.x. Epub 2010 Mar 1,https://www.ncbi.nlm.nih.gov/pubmed/20201836,,negative,0,2010.0,0,0.03228682652115822,0
29491101,Moderate Hypofractionation in Patients with Low-risk Prostate Cancer: Long-term Outcomes.,Valeriani M,"BACKGROUND/AIM: To evaluate outcomes in patients with low-risk prostate cancer treated with hypofractionated radiotherapy (HyRT). PATIENTS AND METHODS: Between April 2004 and December 2015, 175 patients with low-risk prostate cancer were treated with HyRT 60 Gy in 20 fractions with or without image guidance and reduction of margin from clinical target volume to planning target volume. RESULTS: The median follow-up was 66 months. The 8-year overall survival for the whole patient cohort was 88.9%. The 8-year biochemical no evidence of disease was higher in patients treated with image-guided HyRT (98.8% vs. 88%, p=0.023). During treatment, patients treated with image-guided HyRT presented a lower rate of grade 1-2 gastrointestinal toxicity (25.3% vs. 42.2%, p=0.001). At the last follow-up, the grade 1 Gastro-intestinal toxicity rate was 4.0% and the grade 1-2 genito-urinary toxicity rate was 25.1%. CONCLUSION: Our study demonstrated the efficacy of the schedule used with a low rate of acute and late toxicities. Therefore, reduction of margins with image-guided HyRT is safe.",Anticancer Res,2018,38,1671-1676,10.21873/anticanres.12400,https://www.ncbi.nlm.nih.gov/pubmed/29491101,,positive,1,,1,0.971089243888855,1
19583717,Current salvage methods for recurrent prostate cancer after failure of primary radiotherapy,Kimura M,"We reviewed the current salvage methods for patients with local recurrent prostate cancer after primary radiotherapy (RT), using a search of relevant Medline/PubMed articles published from 1982 to 2008, with the following search terms: 'radiorecurrent prostate cancer, local salvage treatment, salvage radical prostatectomy (RP), salvage cryoablation, salvage brachytherapy, salvage high-intensity focused ultrasound (HIFU)', and permutations of the above. Only articles written in English were included. The objectives of this review were to analyse the eligibility criteria for careful selection of appropriate patients and to evaluate the oncological results and complications for each method. There are four whole-gland re-treatment options (salvage RP, salvage cryoablation, salvage brachytherapy, salvage HIFU) for RT failure, although others might be in development or investigations. Salvage RP has the longest follow-up with acceptable oncological results, but it is a challenging technique with a high complication rate. Salvage cryoablation is a feasible option, especially using third-generation technology, whereby the average biochemical disease-free survival rate is 50-70% and there are fewer occurrences of severe complications such as recto-urethral fistula. Salvage brachytherapy, with short-term cancer control, is comparable to other salvage methods but depends on cumulative dosage limitation to target tissues. HIFU is a relatively recent option in the salvage setting. Both salvage brachytherapy and HIFU require more detailed studies with intermediate and long-term follow-up. As these are not prospective, randomized studies and the definitions of biochemical failure varied, there are limited comparisons among these different salvage methods, including efficacy. In the focal therapy salvage setting, the increased use of thermoablative methods for eligible patients might contribute to reducing complications and maintaining quality of life. The problem to effectively salvage patients with locally recurrent disease after RT is the lack of diagnostic examinations with sufficient sensitivity and specificity to detect local recurrence at an early curable stage. Therefore, a more strict definition of biochemical failure, improved imaging techniques, and accurate specimen mapping are needed as diagnostic tools. Furthermore, universal selection criteria and an integrated definition of biochemical failure for all salvage methods are required to determine which provides the best oncological efficacy and least comorbidity.",BJU Int,2010,105,191-201,doi: 10.1111/j.1464-410X.2009.08715.x. Epub 2009 Jul 2,https://www.ncbi.nlm.nih.gov/pubmed/19583717,,negative,0,2010.0,0,0.032978449016809464,0
32320130,"Pelvic exenteration surgery in patients with locally advanced castration-naïve and castration-resistant, symptomatic prostate cancer",Heidenreich A,"OBJECTIVES: To evaluate retrospectively the surgical, symptomatic and oncological outcomes of pelvic exenteration surgery (PES) in men with significant intrapelvic complications of locally advanced castration-sensitive (CSPC) and castration-resistant prostate cancer (CRPC). PATIENTS AND METHODS: A total of 103 patients with locally advanced progressive and symptomatic CSPC or CRPC underwent PES (radical cystoprostatectomy, n = 71 [68.9%]; radical prostatectomy with continent vesicostomy, n = 9 [8.7%]; total exenteration, n = 23 [22.3%]). All patients underwent local staging via magnetic resonance imaging, cystoscopy and rectoscopy. Systemic staging was carried out with chest, abdominal and pelvic computed tomography scans and bone scans. Peri-operative complications were assessed according to Clavien-Dindo classification. Symptom-free and overall survival were evaluated using the Kaplan-Meier method. Statistical tests were two-tailed with a P value <0.05 taken to indicate statistical significance. RESULTS: After a median (range) follow-up of 36.5 (3-123) months, the symptom-free survival rate at 1 and 3 years was 89.2% (n = 89) and 64.1% (n = 66), respectively. The median symptom-free survival was 27.9 months. A total of 78.6% of the patients were symptom-free during their remaining lifetime. The overall survival rate at 1 and 3 years was 92.2% and 43.7%, respectively, and the median overall survival was 33.6 months. Clavien-Dindo grades 2, 3 and 4 complications developed in 31 (30.6%), 12 (11.6%) and eight patients (8.1%), respectively. CONCLUSION: Pelvic exenteration surgery is technically feasible in well-selected patients, resulting in symptom relief in >90% of patients, covering 80% of their remaining lifetime.",BJU Int,2020,126,342-349,doi: 10.1111/bju.15088. Epub 2020 May 16,https://www.ncbi.nlm.nih.gov/pubmed/32320130,,negative,0,2020.0,0,0.03178060054779053,0
16216365,192Ir or 125I prostate brachytherapy as a boost to external beam radiotherapy in locally advanced prostatic cancer: a dosimetric point of view,Nickers P,"PURPOSE: This work aims at comparing the dosimetric possibilities of 125I or 192Ir prostate brachytherapy (Bt) as a boost to external beam radiotherapy in the treatment of locally advanced adenocarcinoma. METHODS AND MATERIALS: From 1/1997 to 12/2002, 260 patients were treated. Until 12/2001 a low dose rate (LDR) treatment with 192Ir wires was used, later replaced by a high dose rate (HDR) delivered with an 192Ir stepping source technology. For the present work, we selected 40 patients including the last 20 treated, respectively, by LDR and HDR. The planning CT Scans of all these 40 patients were transferred into the 3D Prowess system for 125I permanent implants design according to the Seattle method. The reference data for dosimetric comparisons were the V100 and the prescribed dose for 192Ir as well as the dose delivered with 125I techniques to the 192Ir V100. We compared V100-150 data as well as doses to the organs at risks (OR) and cold spots (CS). RESULTS: The V100 is 85.3+/-8% for 192Ir LDR and 96+/-2% for HDR techniques (P < 0.0001). In comparison with 125I, the 192Ir LDR mode induces higher hyperdosage volumes inside the CTV but also more CS, while maximal doses to urethra and rectum are, respectively, 17 and 39% less with 125I (P < 0.0001). In comparison with the 192Ir HDR mode, 125I Bt induces higher hyperdosage volumes and slightly more CS deliberately planned around the bladder neck. If delivered doses to urethra are identical, those to the 20% anterior part of the rectum are 33% less with 125I (P < 0,0001). The 125I Bt technique was only possible in 24 out of the 40 patients studied due to pelvic bone arch interference. CONCLUSIONS: At the present time, there is no evident dosimetric superiority of one Bt method when all the criteria are taken into account. However, improving Bt techniques to implant any prostatic size could found the superiority of the 125I or permanent implants. 125I indeed allows large hyperdosage volumes inside the CTV in comparison with 192Ir HDR techniques while lowering doses to OR and minimizing CS.",Radiother Oncol,2006,78,47-52,doi: 10.1016/j.radonc.2005.09.002. Epub 2005 Oct 10,https://www.ncbi.nlm.nih.gov/pubmed/16216365,,negative,0,2005.0,0,0.03245658427476883,0
16053358,Transrectal high-intensity focused ultrasound in the treatment of localized prostate cancer,Rebillard X,"The literature concerning the efficacy and safety of transrectal high-intensity focused ultrasound (HIFU) for the treatment of localized prostate cancer still comprises a relatively small number of articles. The main studies have been published by four teams using an apparatus available in Europe for several years. The recently presented results of the European Multicentre Study and the study by Gelet and associates based on 242 patients with a follow-up of more than 1 year show that HIFU is a valid alternative for the management of welldifferentiated and moderately differentiated localized prostate cancer with an initial PSA </=15 ng/mL in men with a life expectancy >10 years. In two studies, the combination of transurethral resection of the prostate and HIFU limited the risk of postoperative urinary retention without inducing a higher complication rate. In a series of patients presenting recurrence after external-beam radiotherapy, HIFU was found to be a useful therapy, with >80% negative biopsies. The best indications for HIFU are men over the age of 65, those who are not candidates for radical prostatectomy, obese patients, or patients with comorbidities likely to make surgery more difficult. The learning curve for this technique is relatively short, between 10 and 15 patients, for urologists experienced in transrectal ultrasonography. One of the advantages of HIFU is that it can be repeated in the case of recurrence or to re-treat a prostatic site, it involves no radiation, and patients do not suffer from long-term irritative urinary symptoms.",J Endourol,2005,,-,doi: 10.1089/end.2005.19.693,https://www.ncbi.nlm.nih.gov/pubmed/16053358,,negative,0,2005.0,0,0.03186730667948723,0
16170437,Incontinence and erectile dysfunction following radical prostatectomy: a review,Alivizatos G,"Radical prostatectomy remains the treatment of choice for localized prostate cancer in age-appropriate and health-appropriate men. Although cancer control is the most important aspect of a radical prostatectomy, minimization of postoperative morbidity, especially urinary incontinence and erectile dysfunction, is becoming a greater concern. We reviewed recent data available on Medline regarding the incidence, pathophysiology, evaluation, and treatment of incontinence and sexual dysfunction after radical prostatectomy. Health-related quality of life issues have been specifically addressed. Although low incidences of incontinence and erectile dysfunction after radical prostatectomy have been reported in the hands of experienced surgeons, the literature review revealed a great variety, with incontinence rates ranging from 0.3-65.6% and potency rates ranging from 11-87%. Several factors contribute to this wide difference, the most important being the application of a meticulous surgical technique. General and cancer-specific health-related quality of life is not being affected after radical prostatectomy. The incidence of incontinence and erectile dysfunction is higher after radical prostatectomy when compared to the incidence observed when other therapies for localized prostate cancer are applied. However, the majority of the patients undergoing radical prostatectomy would vote for the operation again. Today, avoidance of major complications after radical prostatectomy depends mostly on a high-quality surgical technique. When incontinence or erectile dysfunction persists after radical prostatectomy, the majority of the treated patients can be managed effectively by various methods.",ScientificWorldJournal,2005,13,,doi: 10.1100/tsw.2005.94,https://www.ncbi.nlm.nih.gov/pubmed/16170437,,negative,0,2005.0,0,0.03228168189525604,0
17698095,Importance of tumor location in patients with high preoperative prostate specific antigen levels (greater than 20 ng/ml) treated with radical prostatectomy.,Magheli A,"PURPOSE: We investigated the effect of tumor location (anterior vs posterior) on pathological characteristics and biochemical-free survival in patients with a preoperative prostate specific antigen level of greater than 20 ng/ml undergoing radical prostatectomy since transition zone tumors are known to present with higher prostate specific antigen levels. MATERIALS AND METHODS: We retrospectively studied the records of 265 patients treated with radical prostatectomy between 1984 and 2005 who had preoperative prostate specific antigen levels greater than 20 ng/ml. Review of pathology reports was performed and tumor location (anterior vs posterior) was defined. Differences in clinicopathological characteristics and prostate specific antigen recurrence rates were examined. RESULTS: Of 265 patients with a preoperative prostate specific antigen level of greater than 20 ng/ml who underwent radical prostatectomy 50 (19%) had anterior tumors and 215 (81%) had posterior tumors. Patients with anterior tumors had lower clinical stage and less seminal vesicle involvement than patients with posterior tumors (p = 0.006 and <0.001, respectively). Although Kaplan-Meier analysis demonstrated significantly higher rates of 5-year biochemical recurrence-free survival for patients with anterior vs posterior tumors (63% vs 40%, p = 0.020), anterior tumor location was not an independent predictor of biochemical recurrence. CONCLUSIONS: Radical prostatectomy is a feasible treatment option in patients with a preoperative prostate specific antigen level of greater than 20 ng/ml. The 5-year biochemical-free survival rate was 47%. Although anterior tumor location was associated with favorable pathological features and improved biochemical-free survival, it was not an independent predictor of biochemical recurrence. Further studies are warranted to identify patients with high preoperative prostate specific antigen levels most likely to have recurrence.",J Urol,2007,178,1311-5,10.1016/j.juro.2007.05.143,https://www.ncbi.nlm.nih.gov/pubmed/17698095,HIGH RISK,positive,1,,1,0.9710968136787415,1
25539368,A dose-response analysis of biochemical control outcomes after (125)I monotherapy for patients with favorable-risk prostate cancer.,Shiraishi Y,"PURPOSE: To define the optimal dose for (125)I prostate implants by correlating postimplantation dosimetry findings with biochemical failure and toxicity. METHODS AND MATERIALS: Between 2003 and 2009, 683 patients with prostate cancer were treated with (125)I prostate brachytherapy without supplemental external beam radiation therapy and were followed up for a median time of 80 months. Implant dose was defined as the D90 (the minimal dose received by 90% of the prostate) on postoperative day 1 and 1 month after implantation. Therefore, 2 dosimetric variables (day 1 D90 and day 30 D90) were analyzed for each patient. We investigated the dose effects on biochemical control and toxicity. RESULTS: The 7-year biochemical failure-free survival (BFFS) rate for the group overall was 96.4% according to the Phoenix definition. A multivariate analysis found day 1 D90 and day 30 D90 to be the most significant factors affecting BFFS. The cutoff points for day 1 D90 and day 30 D90, calculated from ROC curves, were 163 Gy and 175 Gy, respectively. By use of univariate analysis, various dosimetric cutoff points for day 30 D90 were tested. We found that day 30 D90 cutoff points from 130 to 180 Gy appeared to be good for the entire cohort. Greater D90s were associated with an increase in late genitourinary or gastrointestinal toxicity ≥ grade 2, but the increase was not statistically significant. CONCLUSIONS: Improvements in BFFS rates were seen with increasing D90 levels. Day 30 D90 doses of 130 to 180 Gy were found to serve as cutoff levels. For low-risk and low-tier intermediate-risk prostate cancer patients, high prostate D90s, even with doses exceeding 180 Gy, achieve better treatment results and are feasible.",Int J Radiat Oncol Biol Phys,2014,90,1069-75,10.1016/j.ijrobp.2014.08.340,https://www.ncbi.nlm.nih.gov/pubmed/25539368,,positive,1,,1,0.9711425304412842,1
24698961,15-year cause specific and all-cause survival following brachytherapy for prostate cancer: negative impact of long-term hormonal therapy.,Stone NN,"PURPOSE: We analyzed factors influencing 15-year cause specific and all-cause survival in men treated with prostate brachytherapy. MATERIALS AND METHODS: A total of 1,669 men with a median age of 66 years who had T1-T3 prostate cancer were treated with prostate brachytherapy and followed a mean of 10 years. Treatments were implant alone, implant plus hormone therapy, or external beam irradiation or implant plus hormone therapy plus external beam irradiation. Hormone therapy was administered in 898 men (53.8%) for a median of 6 months. Cause specific and all-cause survival were estimated by the Kaplan-Meier method with comparisons made by logistic regression and Cox proportions hazard rates. RESULTS: The 15-year cause specific survival rate was 94.1%. Cause specific survival in the 3 NCCN® risk groups was 96.3%, 97.5% and 85.2% (p <0.001). Hormone therapy did not positively impact cause specific survival. The 15-year all-cause survival rate was 57%. Cox regression revealed age (HR 1.09, p <0.001), hormone therapy (HR 1.04, p = 0.032), diabetes (HR 1.86, p = 0.013), atrial fibrillation (HR 2.90, p = 0.041), smoking (HR 1.42, p = 0.030) and emphysema (HR 8.20, p = 0.040) as significant associations. At 15 years hormone therapy decreased all-cause survival from 60.3% to 54.9% (p = 0.009). All-cause survival was not reduced when hormone therapy was limited to 6 months or less (p = 0.005). This difference was present in men 66 years old or younger (p = 0.017) and in older men (p = 0.05). CONCLUSIONS: Prostate brachytherapy yields favorable 15-year cause specific survival, especially in patients at high risk. All-cause survival is less in patients with preexisting diabetes, atrial fibrillation and emphysema. Hormone therapy for longer than 6 months has a negative effect on all-cause survival even in younger patients without an apparent beneficial effect on cause specific survival.",J Urol,2014,192,754-9,10.1016/j.juro.2014.03.094,https://www.ncbi.nlm.nih.gov/pubmed/24698961,,positive,1,,1,0.9709356427192688,1
31612318,Postoperative biochemical recurrence of pathologically localized high-grade prostate cancer in adjuvant treatment-naïve patients,Heo JE,"PURPOSE: To evaluate biochemical recurrence (BCR) risk in men with localized prostate cancer (PC) of pathological Gleason score (pGS) 8-10. Although such patients have low BCR-free survival (BCRFS) following radical prostatectomy (RP), they are not recommended for adjuvant radiation therapy (ART) as per current guidelines. METHODS: Among an adjuvant treatment-naïve cohort between 1995 and 2015, 1272 men were identified and categorized into group 1 [pGS7 (3 + 4) and pT3; n = 654], group 2 [pGS7 (4 + 3) and pT3; n = 408], and group 3 (pGS 8-10 and pT2; n = 210). The BCR risk of group 3 was compared with that of groups 1 and 2 who are the candidates for ART. RESULTS: At a median follow-up of 60 months (interquartile range: 39-86), 432 men experienced BCR. BCRFS was lower in group 3 than in groups 1 and 2 (p < 0.001 and p = 0.021, respectively). In multivariate analysis, this association persisted and surgical margin (SM) was found to be a significant BCR predictor. Although statistically not significant, BCRFS was lower in group 3 with positive SM (PSM) than in group 2 with PSM (p = 0.101). BCRFS was significantly worse in group 3 with negative SM (NSM) than in group 1 with PSM (p = 0.038), while it was better in group 2 with PSM (p = 0.297). CONCLUSION: Localized high-grade PC with PSM showed lower BCRFS and that with NSM showed better BCRFS without statistical significance than locally advanced GS 7 PC with PSM that are eligible for ART.",J Cancer Res Clin Oncol,2020,146,221-227,doi: 10.1007/s00432-019-03049-0. Epub 2019 Oct 14,https://www.ncbi.nlm.nih.gov/pubmed/31612318,,negative,0,2020.0,0,0.03151515871286392,0
25819287,Is high dose rate brachytherapy reliable and effective treatment for prostate cancer patients? A review of the literature,De Bari B,"The intrinsic physical and radiobiological characteristics of High Dose Rate Brachytherapy (HDR-BT) are well suited to the treatment of prostate cancer. HDR-BT was initially used as a boost to external beam brachytherapy, but has subsequently been employed as the sole treatment, which is termed HDR monotherapy. This review summarizes the clinical outcomes and toxicity results of the principal studies and discusses the radiobiological basis supporting its use.",Crit Rev Oncol Hematol,2015,94,360-70,doi: 10.1016/j.critrevonc.2015.02.003. Epub 2015 Feb 17,https://www.ncbi.nlm.nih.gov/pubmed/25819287,,negative,0,2015.0,0,0.03842123597860336,0
27458572,Predicting Biochemical Disease-Free Survival after Prostate Stereotactic Body Radiotherapy: Risk-Stratification and Patterns of Failure.,Katz A,"BACKGROUND AND PURPOSE: To determine appropriate risk-stratification factors for prostate cancer patients undergoing stereotactic body radiotherapy (SBRT). MATERIALS AND METHODS: Between 2006 and 2010, 515 patients with organ-confined prostate cancer were treated with a regimen of five-fraction SBRT to dose of 35-36.25 Gy. By NCCN criteria, 324 patients were low risk, 153 were intermediate risk, and 38 were high risk. Patients were defined as unfavorable intermediate risk if Gleason 4 + 3 = 7 or >1 intermediate-risk factors (cT2b, c, PSA 10-20, Gleason 3 + 4 = 7). Cox regression analysis was used to determine risk factors significantly associated biochemical failure, and patterns of failure analyzed. RESULTS: With median follow-up of 84 months, the 8-year disease-free survival was 93.6, 84.3, and 65.0% for low, intermediate, and high-risk group patients, respectively. Based on the above definition, 106 favorable intermediate-risk patients had excellent outcomes, with no significant difference compared to low-risk patients (7-year DFS 95.2 vs. 93.2%, respectively). The 47 unfavorable intermediate-risk patients had worse outcomes, similar to high-risk patients (7-year DFS 68.2 vs. 65.0%, respectively). Gleason score was the only significant factor associated with biochemical failure on multivariate analysis (p = 0.0003). CONCLUSION: Patients with favorable intermediate-risk disease have excellent outcomes, comparable to low-risk patients. Patients with unfavorable intermediate-risk disease have significantly worse outcomes after SBRT, and should be considered for clinical trials or treatment intensification.",Front Oncol,2016,6,168,10.3389/fonc.2016.00168,https://www.ncbi.nlm.nih.gov/pubmed/27458572,,positive,1,,1,0.9709392189979553,1
19409729,Equivalent biochemical control and improved prostate-specific antigen nadir after permanent prostate seed implant brachytherapy versus high-dose three-dimensional conformal radiotherapy and high-dose conformal proton beam radiotherapy boost.,Jabbari S,"PURPOSE: Permanent prostate implant brachytherapy (PPI), three-dimensional conformal radiotherapy (3D-CRT), and conformal proton beam radiotherapy (CPBRT) are used in the treatment of localized prostate cancer, although no head-to-head trials have compared these modalities. We studied the biochemical control (biochemical no evidence of disease [bNED]) and prostate-specific antigen (PSA) nadir achieved with contemporary PPI, and evaluated it against 3D-CRT and CPBRT. PATIENTS AND METHODS: A total of 249 patients were treated with PPI at the University of California, San Francisco, and the outcomes were compared with those from a 3D-CRT cohort and the published results of a high-dose CPBRT boost (CPBRTB) trial. For each comparison, subsets of the PPI cohort were selected with patient and disease criteria similar to those of the reference group. RESULTS: With a median follow-up of 5.3 years, the bNED rate at 5 and 7 years achieved with PPI was 92% and 86%, respectively, using the American Society for Therapeutic Radiology and Oncology (ASTRO) definition, and 93% using the PSA nadir plus 2 ng/mL definition. Using the ASTRO definition, a 5-year bNED rate of 78% was achieved for the 3D-CRT patients compared with 94% for a comparable PPI subset and 93% vs. 92%, respectively, using the PSA nadir plus 2 ng/mL definition. The median PSA nadir for patients treated with PPI and 3D-CRT was 0.10 and 0.40 ng/mL, respectively (p < .0001). For the CPBRT comparison, the 5-year bNED rate after a CPBRTB was 91% using the ASTRO definition vs. 93% for a similar group of PPI patients. A greater proportion of PPI patients achieved a lower PSA nadir compared with those achieved in the CPBRTB trial (PSA nadir < or =0.5 ng/mL, 91% vs. 59%, respectively). CONCLUSION: We have demonstrated excellent outcomes in low- to intermediate-risk patients treated with PPI, suggesting at least equivalent 5-year bNED rates and a greater proportion of men achieving lower PSA nadirs compared with 3D-CRT or CPBRTB.",Int J Radiat Oncol Biol Phys,2010,76,36-42,10.1016/j.ijrobp.2009.01.029,https://www.ncbi.nlm.nih.gov/pubmed/19409729,LOW RISK,positive,1,,1,0.970967173576355,1
28333019,"A Comparison Between Low-Dose-Rate Brachytherapy With or Without Androgen Deprivation, External Beam Radiation Therapy With or Without Androgen Deprivation, and Radical Prostatectomy With or Without Adjuvant or Salvage Radiation Therapy for High-Risk Prostate Cancer.",Ciezki JP,"PURPOSE: We compare the efficacy and toxicity among the 3 major modalities available used to treat high-risk prostate cancer (HRCaP). METHODS AND MATERIALS: From 1996 to 2012, 2557 HRCaP patients were treated: 734 received external beam radiation therapy (EBRT) with or without androgen deprivation therapy (ADT), 515 received low-dose-rate prostate brachytherapy (LDR) with or without ADT, and 1308 received radical prostatectomy (RP) with or without EBRT. Biochemical relapse-free survival (bRFS), clinical relapse-free survival (cRFS), and prostate cancer-specific mortality (PCSM) were assessed. Toxicity was assessed using the Common Terminology Criteria for Adverse Events, version 4.03. The log-rank test compared bRFS and cRFS among the modalities, and Cox regression identified factors associated with bRFS and cRFS. Gray's test compared differences in late toxicity and PSCM among the modalities. Competing risk regression identified factors associated with PCSM. RESULTS: The median follow-up time and age were 63.5 months and 65 years, respectively. The bRFS at 5 and 10 years, respectively, was 74% and 53% for EBRT, 74% and 52% for LDR, and 65% and 47% for RP (P=.0001). The cRFS at 5 and 10 years, respectively, was 85% and 73% for EBRT, 90% and 76% for LDR, and 89% and 75% for RP (P=.121). The PCSM at 5 and 10 years, respectively, was 5.3% and 11.2% for EBRT, 3.2% and 3.6% for LDR, and 2.8% and 6.8% for RP (P=.0004). The 10-year cumulative incidence of ≥grade 3 genitourinary toxicity was 8.1% for EBRT, 7.2% for LDR, and 16.4% for RP (P<.0001). The 10-year cumulative incidence of ≥grade 3 gastrointestinal toxicity was 4.6% for EBRT, 1.1% for LDR, and 1.0% for RP (P<.0001). CONCLUSION: HRCaP treated with EBRT, LDR, or RP yields efficacy showing better bRFS for LDR and EBRT relative to RP, equivalence for cRFS, and a PCSM advantage of LDR and RP over EBRT. The toxicity is lowest for LDR.",Int J Radiat Oncol Biol Phys,2017,97,962-975,10.1016/j.ijrobp.2016.12.014,https://www.ncbi.nlm.nih.gov/pubmed/28333019,,positive,1,,1,0.9712684750556946,1
16165923,Combined curative radiotherapy including HDR brachytherapy and androgen deprivation in localized prostate cancer: a prospective assessment of acute and late treatment toxicity,Wahlgren T,"Self-reported symptoms including urinary, bowel and sexual side effects were investigated prospectively at multiple assessment points before and after combined radiotherapy of prostate cancer including HDR brachytherapy and neoadjuvant androgen deprivation therapy. Between April 2000 and June 2003, patients with predominantly advanced localized prostate tumours subjected to this treatment were asked before treatment and on follow-up visits to complete a questionnaire covering urinary, bowel and sexual problems. The mainly descriptive analyses included 525 patients, responding to at least one questionnaire before or during the period 2-34 months after radiotherapy. Adding androgen deprivation before radiotherapy significantly worsened sexual function. During radiotherapy, urinary, bowel and sexual problems increased and were reported at higher levels up to 34 months, although there seemed to be a general tendency to less pronounced irritative bowel and urinary tract symptoms over time. No side effects requiring surgery were reported. Classic late irradiation effects such as mucosal bleeding were demonstrated mainly during the second year after therapy, but appear less pronounced in comparison with dose escalated EBRT series. In conclusion, despite the high radiation dose given, the toxicity seemed comparable with that of other series but long term (5-10 years) symptom outcome has to be determined.",Acta Oncol,2005,44,633-43,doi: 10.1080/02841860510029716,https://www.ncbi.nlm.nih.gov/pubmed/16165923,,negative,0,2005.0,0,0.03230377286672592,0
22893254,The addition of low-dose-rate brachytherapy and androgen-deprivation therapy decreases biochemical failure and prostate cancer death compared with dose-escalated external-beam radiation therapy for high-risk prostate cancer.,Shilkrut M,"BACKGROUND: The objective of this study was to determine whether the addition of low-dose-rate brachytherapy or androgen-deprivation therapy (ADT) improves clinical outcome in patients with high-risk prostate cancer (HiRPCa) who received dose-escalated radiotherapy (RT). METHODS: Between 1995 and 2010, 958 patients with HiRPCa were treated at Schiffler Cancer Center (n = 484) or at the University of Michigan (n = 474) by receiving either dose-escalated external-beam RT (EBRT) (n = 510; minimum prescription dose, 75 grays [Gy]; median dose, 78 Gy) or combined-modality RT (CMRT) consisting of (103) Pd implants (n = 369) or (125) I implants (n = 79) both with pelvic irradiation (median prescription dose, 45 Gy). The cumulative incidences of biochemical failure (BF) and prostate cancer-specific mortality (PCSM) were estimated by using the Kaplan-Meier method and Fine and Gray regression analysis. RESULTS: The median follow-up was 63.2 months (interquartile range, 35.4-99.0 months), and 250 patients were followed for >8 years. Compared with CMRT, patients who received EBRT had higher prostate-specific antigen levels, higher tumor classification, lower Gleason sum, and more frequent receipt of ADT for a longer duration. The 8-year incidence BF and PCSM among patients who received EBRT was 40% (standard error, 38%-44%) and 13% (standard error, 11%-15%) compared with 14% (standard error, 12%-16%; P < .0001) and 7% (standard error 6%-9%; P = .003) among patients who received CMRT. On multivariate analysis, the hazard ratios (HRs) for BF and PCSM were 0.35 (95% confidence interval [CI], 0.23-0.52; P < .0001) and 0.41 (95% CI, 0.23-0.75; P < .003), favoring CMRT. Increasing duration of ADT predicted decreased BF (P = .04) and PCSM (P = .001), which was greatest with long-term ADT (BF: HR, 0.33; P < .0001; 95% CI, 0.21-0.52; PCSM: HR, 0.30; P = .001; 95% CI, 0.15-0.6) even in the subgroup that received CMRT. CONCLUSIONS: In this retrospective comparison, both low-dose-rate brachytherapy boost and ADT were associated with decreased risks of BF and PCSM compared with EBRT.",Cancer,2013,119,681-90,10.1002/cncr.27784,https://www.ncbi.nlm.nih.gov/pubmed/22893254,HIGH RISK,positive,1,,1,0.9703937768936157,1
22954770,Direct 2-arm comparison shows benefit of high-dose-rate brachytherapy boost vs external beam radiation therapy alone for prostate cancer.,Khor R,"PURPOSE: To evaluate the outcomes of patients treated for intermediate- and high-risk prostate cancer with a single schedule of either external beam radiation therapy (EBRT) and high-dose-rate brachytherapy (HDRB) boost or EBRT alone. METHODS AND MATERIALS: From 2001-2006, 344 patients received EBRT with HDRB boost for definitive treatment of intermediate- or high-risk prostate cancer. The prescribed EBRT dose was 46 Gy in 23 fractions, with a HDR boost of 19.5 Gy in 3 fractions. This cohort was compared to a contemporaneously treated cohort who received EBRT to 74 Gy in 37 fractions, using a matched pair analysis. Three-dimensional conformal EBRT was used. Matching was performed using a propensity score matching technique. High-risk patients constituted 41% of the matched cohorts. Five-year clinical and biochemical outcomes were analyzed. RESULTS: Initial significant differences in prognostic indicators between the unmatched treatment cohorts were rendered negligible after matching, providing a total of 688 patients. Median biochemical follow-up was 60.5 months. The 5-year freedom from biochemical failure was 79.8% (95% confidence interval [CI], 74.3%-85.0%) and 70.9% (95% CI, 65.4%-76.0%) for the HDRB and EBRT groups, respectively, equating to a hazard ratio of 0.59 (95% CI, 0.43-0.81, P=.0011). Interaction analyses showed no alteration in HDR efficacy when planned androgen deprivation therapy was administered (P=.95), but a strong trend toward reduced efficacy was shown compared to EBRT in high-risk cases (P=.06). Rates of grade 3 urethral stricture were 0.3% (95% CI, 0%-0.9%) and 11.8% (95% CI, 8.1%-16.5%) for EBRT and HDRB, respectively (P<.0001). No differences in clinical outcomes were observed. CONCLUSIONS: This comparison of 2 individual contemporaneously treated HDRB and EBRT approaches showed improved freedom from biochemical progression with the HDR approach. The benefit was more pronounced in intermediate- risk patients but needs to be weighed against an increased risk of urethral toxicity.",Int J Radiat Oncol Biol Phys,2013,85,679-85,10.1016/j.ijrobp.2012.07.006,https://www.ncbi.nlm.nih.gov/pubmed/22954770,INTERMEDIATE RISK,positive,1,,1,0.9711324572563171,1
26960506,Outcome of radical prostatectomy as primary treatment for high-risk prostate cancer patients.,Kulkarni JN,"CONTEXT: Recently, there has been considerable interest in the role of radical prostatectomy (RP) in men with high-risk prostate cancer. AIMS: The objective of our study is to report the outcome of upfront RP in our patients with high-risk prostate cancer (Stage ≥ cT2c, a pre-operative serum prostate specific antigen >20 ng/ml or a biopsy Gleason score [GS] 8-10). SUBJECTS AND METHODS: From 1996 to 2010, 208 patients of prostate cancer (high risk category D'Amico's criteria) underwent open RP with bilateral pelvic lymphadenectomy. STATISTICAL ANALYSIS USED: The data was statistically analyzed using Kaplan Meier method and log rank test to calculate progression free, metastasis free survival (MFS) and cancer specific survival (CSS). Furthermore multivariate analysis (MVA) was carried out using SPSS 14 software. (IBM company). RESULTS: At 7 and 10 years, prostate cancer-specific survival (PCSS) was found to be 79.7% and 65%, respectively, biochemical recurrence free survival (BRFS) was 42.4% and 36.7%, respectively and the MFS was 71.1% and 64.4% respectively. High GS was highly predictable of PCSS, BRFS and MFS. Node positivity was the single poor risk factor on MVA whereas biopsy GS, pStage (P = 0.016) and seminal vesicle invasion (P = 0.045) had statistical significance in predicting the MFS. CONCLUSIONS: RP provides accurate pathologic staging of patients with high risk prostate cancer, allows better stratification of patients for further adjuvant therapy and either as an initial approach or part of a multimodal regimen, can provide durable local control and provides excellent CSS.",Indian J Cancer,2015,52,646-52,10.4103/0019-509X.178446,https://www.ncbi.nlm.nih.gov/pubmed/26960506,,positive,1,,1,0.9709837436676025,1
27649109,Oncological outcomes following radical prostatectomy for patients with pT4 prostate cancer.,Kaushik D,"OBJECTIVES: Radical prostatectomy (RP) for locally advanced prostate cancer may reduce the risk of metastasis and cancer-specific death. Herein, we evaluated the outcomes for patients with pT4 disease treated with RP. MATERIALS AND METHODS: Among 19,800 men treated with RP at Mayo Clinic from 1987 to 2010, 87 were found to have pT4 tumors. Biochemical recurrence (BCR)-free survival, systemic progression (SP) free survival and overall survival (OS) were estimated using the Kaplan-Meier method and compared with the log-rank test. Cox proportional hazards regression models were used to assess the association of clinic-pathological features with outcome. RESULTS: Median follow-up was 9.8 years (IQR 3.6, 13.4). Of the 87 patients, 50 (57.5%) were diagnosed with BCR, 30 (34.5%) developed SP, and 38 (43.7%) died, with 11 (12.6%) dying of prostate cancer. Adjuvant androgen deprivation therapy was administered to 77 men, while 32 received adjuvant external beam radiation therapy. Tenyear BCR-free survival, SP-free survival, and OS was 37%, 64%, and 70% respectively. On multivariate analysis, the presence of positive lymph nodes was marginally significantly associated with patients' risk of BCR (HR: 1.94; p=0.05), while both positive lymph nodes (HR 2.96; p=0.02) and high pathologic Gleason score (HR 1.95; p=0.03) were associated with SP. CONCLUSIONS: Patients with pT4 disease may experience long-term survival following RP, and as such, when technically feasible, surgical resection should be considered in the multimodal treatment approach to these men.",Int Braz J Urol,2016,42,1091-1098,10.1590/S1677-5538.IBJU.2016.0290,https://www.ncbi.nlm.nih.gov/pubmed/27649109,,positive,1,,1,0.9709542989730835,1
10394406,Conformal proton beam therapy of prostate cancer--update on the Loma Linda University medical center experience.,Rossi CJ,"BACKGROUND: The ability to eradicate localized prostate cancer is dependent upon the radiation dose which can be delivered to the prostate. This dose is often limited by the tolerance of normal organs (rectum, bladder). Conformal beam therapy takes advantage of the unique depth dose characteristics of heavy charged particles (the Bragg Peak) to escalate the radiation dose delivered to the prostate while minimizing treatment-related toxicity. METHOD: 643 patients with localized prostate cancer were treated with protons alone or a combination of protons and photons. All treatment was planned on a 3-D planning system and all received doses between 74-75 CGE (Cobalt Gray Equivalent) at 1.8-2.0 CGE/day. Patients were evaluated for toxicity and response to treatment. RESULTS: Five-year actuarial clinical and biochemical disease-free survival rates for the entire group are 89 and 79% respectively. A statistically significant difference in biochemical disease-free survival was seen between patients in the ""early"" (T1b-2b, PSA < 15) and ""advanced"" (T1b-2b, PSA > 15 or T2c-T4, PSA < 50) subgroups (89% vs. 68% at 4.5 years, p < 0.001). A PSA nadir of less than 0.51 ng/ml predicted for the highest chance of freedom from biochemical recurrence. Minimal radiation proctitis was seen in 21% of patients; toxicity of greater severity was seen in less than 1%. CONCLUSIONS: Conformal proton beams therapy produced high rates of response and minimal toxicity. A phase III dose escalation trial is in progress to help define the optimum radiation dose for the treatment of early stage prostate cancer.",Strahlenther Onkol,1999,175 Suppl 2,82-4,10.1007/BF03038897,https://www.ncbi.nlm.nih.gov/pubmed/10394406,LOW RISK,positive,1,,1,0.970619261264801,1
21166755,Pilot study of salvage laparoscopic prostatectomy for the treatment of recurrent prostate cancer,Ahallal Y,"OBJECTIVE: • To evaluate feasibility, safety and oncological efficacy of salvage laparoscopic radical prostatectomy for pathology-proven biochemical recurrence after primary radiation therapy or cryotherapy for prostate cancer. MATERIALS AND METHODS: • This retrospective pilot study examined 15 patients from 2004 to 2010 with biochemical recurrence after external beam radiation therapy (N= 8), brachytherapy (N= 6) or cryotherapy (N= 1). • Patients were treated with salvage laparoscopic radical prostatectomy (11 conventional, four robotic-assisted) with bilateral pelvic dissection. RESULTS: • Median duration of surgery was 235 min. None of the following occurred: conversion to open surgery, transfusion, urethrovesical stenosis or perioperative or postoperative mortality. One patient presented with a rectal injury, repaired using uninterrupted sutures and a colostomy. One patient had anastomotic leak treated with prolonged Foley catheterization. • Pathological stage was pT2a in three, pT2b in three, pT3a in four, pT3b in three and pT4 in two patients; two patients had nodal metastasis. Within an 8-month median follow-up, 11 patients were disease-free and three had persistent postoperative prostate-specific antigen (PSA) elevation; the remaining patient experienced PSA recurrence after 21 months. • Seven patients achieved continence (no pads) by 8.4 months (median), one patient manifested severe incontinence corrected by implanting an artificial sphincter, and seven patients with a 12.6-month mean follow-up continued to need one or two pads per day. • Erectile dysfunction was present in five patients before surgery and in 14 patients after surgery. CONCLUSION: • Salvage laparoscopic radical prostatectomy seems to offer a safe therapeutic alternative for patients failing primary radiation or cryotherapy. However, larger studies with longer-term data are required.",BJU Int,2011,108,724-8,doi: 10.1111/j.1464-410X.2010.09924.x. Epub 2010 Dec 16,https://www.ncbi.nlm.nih.gov/pubmed/21166755,,negative,0,2010.0,0,0.031426217406988144,0
25168692,Oncological outcomes of cryosurgery as primary treatment in T3 prostate cancer: experience of a single centre.,Guo Z,"OBJECTIVE: To assess the oncological outcomes and determine prognostic factors for overall survival (OS), cancer-specific survival (CSS), and biochemical progression-free survival (BPFS) after cryosurgery for clinical stage T3 prostate cancer. PATIENTS AND METHODS: Between 2002 and 2007, 75 patients with clinical stage T3 prostate cancer received cryosurgery as primary treatment in our institution. No adjuvant treatment was provided until biochemical failure. After biochemical failure, hormone therapy was administered. Kaplan-Meier analysis was used to calculate the OS, CSS, and BPFS. Cox regression was used to identify factors predictive of survival. RESULTS: Clinical stage T3a (cT3a) was detected in 60% (45/75) of patients and cT3b detected in 40% (30/75). The 5-year OS, CSS, and BPFS rates were 85.3%, 92.0%, and 48%, respectively. There was a significant difference when comparing the pT3a with the pT3b group for 5-year OS (88.9% vs 80%, P = 0.02) and BPFS (55.6% vs 36.7%, P = 0.01), but there was no difference in CSS (93.3% vs 90%, P = 0.63). Stage, Gleason score, and nadir prostate-specific antigen (PSA) were associated with BPFS, while Gleason score and nadir PSA were the most significant predictors for CSS. CONCLUSIONS: Cryosurgery can offer good 5-year OS, CSS, and BPFS rates for cT3 prostate cancer, and there was no difference between T3a and T3b for CSS. Gleason score and nadir PSA were the most significant predictors of survival. Further clinical trials are warranted for evaluating the role of cryosurgery for cT3 prostate cancer.",BJU Int,2015,116,79-84,10.1111/bju.12914,https://www.ncbi.nlm.nih.gov/pubmed/25168692,,positive,1,,1,0.9710181355476379,1
18289596,Mayo Clinic validation of the D'amico risk group classification for predicting survival following radical prostatectomy.,Boorjian SA,"PURPOSE: The D'Amico risk group classification was originally developed to estimate the risk of biochemical recurrence following treatment for localized prostate cancer. We externally validated the ability of the risk groups to predict clinical progression, and cancer specific and overall survival following radical prostatectomy, and identify predictors of outcome in patients with high risk disease. MATERIALS AND METHODS: We evaluated the records of 7,591 consecutive patients who underwent radical prostatectomy at our institution between 1987 and 2003. Postoperative survival was estimated using the Kaplan-Meier method. Cox proportional hazard regression models were used to analyze the ability of the risk groups to predict survival and to evaluate the impact of clinicopathological factors on outcome in patients at high risk. RESULTS: Preoperative risk group stratification predicted the patient risk of biochemical and local recurrence, systemic progression, and cancer specific and overall survival (each p <0.001). The HR of death from prostate cancer after surgery in patients with high or intermediate risk disease was 11.5 (95% CI 5.9 to 22.3, p <0.0001) and 6.3 (95% CI 3.3 to 12.3, p <0.0001), respectively, compared to patients at low risk. In patients in the high risk group biopsy Gleason score (p = 0.006), pathological Gleason score (p = 0.006), pathological tumor stage (p = 0.04), positive lymph nodes (p = 0.02) and positive surgical margins (p = 0.008) predicted death from prostate cancer. CONCLUSIONS: We validated the ability of the risk group stratification to predict disease progression and patient survival following radical prostatectomy. Additional prognostic information from surgical staging may assist in individualized postoperative management, particularly for patients at high risk.",J Urol,2008,179,1354-60; discussion 1360-1,10.1016/j.juro.2007.11.061,https://www.ncbi.nlm.nih.gov/pubmed/18289596,LOW RISK,positive,1,,1,0.970971941947937,1
