pmid,title,author,abstract,journal,year,volume,pages,doi,url,risk_category,dataset,label,year_group
26159555,Elective pelvic versus prostate bed-only salvage radiotherapy following radical prostatectomy: A propensity score-matched analysis,Song C,"PURPOSE: To compare the impact of elective whole pelvic radiotherapy (WPRT) versus prostate bed-only radiotherapy (PBRT) on biochemical relapse-free survival (bRFS) in prostate cancer patients treated with salvage radiotherapy following radical prostatectomy (RP). PATIENTS AND METHODS: In our database, 163 lymph node-negative prostate cancer patients who had undergone salvage radiotherapy (SRT) for biochemical relapse after RP between September 2004 and April 2012 were identified. PBRT was administered to 134 patients (the PBRT group), while the remaining 29 patients (the WPRT group) received WPRT. RESULTS: Median follow-up was 57 months (range 18-122 months). In the propensity score-matched cohort, the 4-year bRFS of the WPRT group was significantly higher compared to the PBRT group (63.1 vs. 43.4%, p = 0.034). Subgroup analysis showed that the bRFS of patients who had two or more risk factors (seminal vesicle invasion, Roach score for lymph node invasion ≥ 45%, and number of harvested lymph nodes ≤ 5) and were treated with WPRT was significantly improved compared to those who received PBRT (hazard ratio, HR 0.33; 95% confidence interval, CI 0.13-0.83; p = 0.018). CONCLUSION: Elective WPRT for SRT may improve bRFS in patients with unfavorable risk factors. These results need to be confirmed by a prospective randomized trial.",Strahlenther Onkol,2015,191,801-9,doi: 10.1007/s00066-015-0872-9. Epub 2015 Jul 10,https://www.ncbi.nlm.nih.gov/pubmed/26159555,,negative,0,2015.0
20472365,"Overall survival benefit from postoperative radiation therapy for organ-confined, margin-positive prostate cancer",Dillman RO,"PURPOSE: Radical prostatectomy for invasive prostate cancer is associated with positive margin rates in 10% to 50% of resected specimens. Postoperative radiation therapy may benefit patients who have organ-confined prostate cancer with positive margins. METHODS AND MATERIALS: We performed a retrospective analysis to examine whether adjunctive radiation therapy enhanced long-term survival for prostate cancer patients who underwent prostatectomy for localized prostate cancer but with positive margins. We used the Hoag Cancer Center database to identify patients diagnosed with invasive prostate cancer. Relative and overall survival rates were calculated. RESULTS: Among 1,474 patients diagnosed with localized invasive prostate cancer during the years 1990 to 2006 and undergoing prostatectomy, 113 (7.7%) were identified who had positive margins and did not have local extension of disease, positive lymph nodes, or distant metastases. A total of 17 patients received adjunctive radiation therapy (Group A), whereas 96 did not (Group B; 3 received hormonal therapy). Both groups had a median age of 64 years and median follow-up of 7.5 years. In Group A, no patients have died as of last follow-up, but in Group B, 18 have died. Estimated 10-year and 15-year overall survival rates were both 100% for Group A compared with 85% and 57% respectively for Group B (p2=0.050, log rank). Relative 10- and 15 year survival rates were both 100% for Group A compared with 100% and 79% respectively for Group B. CONCLUSIONS: This retrospective analysis suggests that prostate cancer patients with localized disease but positive margins do derive a survival benefit from adjuvant radiation therapy.",Int J Radiat Oncol Biol Phys,2011,1,,doi: 10.1016/j.ijrobp.2009.11.041. Epub 2010 May 14,https://www.ncbi.nlm.nih.gov/pubmed/20472365,,negative,0,2010.0
16259869,I-125 versus Pd-103 for low-risk prostate cancer: long-term morbidity outcomes from a prospective randomized multicenter controlled trial,Herstein A,"BACKGROUND: We tested the hypothesis that the shorter half-life of Pd-103 versus I-125 results in different late radiation-related morbidities following prostate brachytherapy. METHODS: As of June 14th, 2002, 352 of a planned total of 600 patients with 1997 American Joint Committee on Cancer (AJCC) clinical stage T1c-T2a prostatic carcinoma (Gleason grade 2-6, PSA 4-10 ng/mL) had been randomized to implantation with I-125 (144 Gy, TG-43) or Pd-103 (125 Gy, NIST-99). Treatment-related morbidity was monitored by questionnaires based on standard American Urologic Association (AUA) and Radiation Therapy Oncology Group (RTOG) criteria that were mailed at 1, 3, 6, 12, 18, and 24 months after implant. The use of alpha-blockers to relieve obstructive symptoms was not controlled for but was noted at each follow-up point. All patients reported here had a minimum follow-up of 2 years. Dosimetric parameters analyzed included the V100, which was defined as the percentage of the postimplant prostate volume covered by 100% of the prescription dose. Rectal doses were expressed as the R100, defined as the rectal volume (cc) that received at least 100% of the prescription dose. Statistical comparisons were by Student's unpaired t-test at specified follow-up times. RESULTS: The AUA scores peaked at the 1-month postimplant time point for both isotopes and gradually declined. The difference in AUA scores between patients who received I-125 versus those who received Pd-103 was greatest at 1 and 6 months following implantation. At 1 month, I-125 patients had a mean AUA score of 14.8 (+/-9.5) compared with 18.6 (+/-9.8) for the Pd-103 patients (P = 0.0009). By 6 months, mean AUA scores for the I-125 patients had decreased to 12.0 (+/-9.1) compared with 9.9 (+/-8.7) for the Pd-103 patients (P = 0.04). The use of alpha-blockers was similar between groups at all time points. Radiation proctitis (persistent bleeding) occurred in 29 of 314 patients (9%). There was an overall trend toward more proctitis in I-125 patients (P = 0.21). However, only four of the 163 patients (2%) with an R100 below the recommended 1.0 cc developed bleeding, which did not differ between isotopes (P = 0.49). DISCUSSION: Patients treated with Pd-103 had more intense radiation prostatitis in the first month after implantation, but they recovered from their radiation-related symptoms sooner than I-125 patients, consistent with palladium's shorter half-life. The trend toward more proctitis in the I-125 patient group likely reflects their higher R100 values due to less rapid dose fall-off that can be overcome with judicious treatment planning and implant execution.",Cancer J,2005,,-,doi: 10.1097/00130404-200509000-00005,https://www.ncbi.nlm.nih.gov/pubmed/16259869,,negative,0,2005.0
21045780,Salvage radical prostatectomy,Heidenreich A,"Radical salvage prostatectomy represents a secondary local treatment with curative intent in patients with organ confined PCA recurrences following radiation therapy. Preoperative risk factors predicting organ confined disease are initial LDR brachytherapy, preoperative Gleason biopsy score ≤6, ≤50% biopsy cores involved with cancer, and a PSA doubling time > 12 months. Metastatic disease should be ruled out preoperatively by skeletal scintigraphy, abdominal computed tomography or magnetic resonance imaging, and/or choline - PET/CT. Functionality of the lower urinary tract is evaluated by urethrocystosocopy and urodynamics. Most appropriate candidates for radical salvage prostatectomy are patients with organ confined disease or those with symptomatic local recurrences. In experienced hands, morbidity is low with a continence rate of 83-96% depending on the type of previous radiation therapy. Long-term oncological control can be achieved in more than 80% of the patients.",Panminerva Med,2010,52,231-8,,https://www.ncbi.nlm.nih.gov/pubmed/21045780,,negative,0,2010.0
23798338,Long-term outcomes for men with high-risk prostate cancer treated definitively with external beam radiotherapy with or without androgen deprivation.,Nguyen QN,"BACKGROUND: Men with high-risk prostate cancer are often thought to have very poor outcomes in terms of disease control and survival even after definitive treatment. However, results after external beam radiotherapy have improved significantly through dose escalation and the use of androgen deprivation therapy (ADT). This report describes long-term findings after low-dose (< 75.6 Gy) or high-dose (≥ 75.6 Gy) external beam radiation, with or without ADT. METHODS: This analysis included 741 men with high-risk prostate cancer (clinical classification ≥ T3, Gleason score ≥ 8, or prostate-specific antigen level ≥ 20 ng/mL) treated with external beam radiotherapy at a single tertiary institution from 1987 through 2004. The radiation dose ranged from 60 to 79.3 Gy (median, 70 Gy); 295 men had received ADT for ≥ 2 years, and the median follow-up time was 8.3 years. RESULTS: The 5- and 10-year actuarial overall survival rates were significantly better for men treated with the higher radiation dose (no ADT plus ≥ 75.6 Gy, 87.3% and 72.0%, respectively; and ADT plus ≥ 75.6 Gy, 92.3% and 72%, respectively) (P = .0035). The corresponding 5- and 10-year biochemical failure-free survival rates were significantly better for patients treated with both ADT and higher radiation dose (82% and 77%, P < .0001). At 5 years, men who had not received ADT and had received radiation dose < 75.6 Gy had higher clinical local failure rates than those given ADT and radiation dose ≥ 75.6 Gy (24.2% versus 0%, P < .0001). The 10-year symptomatic local failure rate was only 2% for all patients. CONCLUSIONS: Contrary to lingering historical perceptions, treatment of high-risk prostate cancer with modern, high-dose, external beam radiotherapy and ADT can produce better biochemical, clinical, and survival outcomes over those from previous eras. Specifically, symptomatic local failure is uncommon, and few men die of prostate cancer even 10 or more years after treatment.",Cancer,2013,119,3265-71,10.1002/cncr.28213,https://www.ncbi.nlm.nih.gov/pubmed/23798338,HIGH RISK,positive,1,
26072289,Radiation dose escalation or longer androgen suppression for locally advanced prostate cancer? Data from the TROG 03.04 RADAR trial,Denham JW,"BACKGROUND: The relative effects of radiation dose escalation (RDE) and androgen suppression (AS) duration on local prostatic progression (LP) remain unclear. METHODS: We addressed this in the TROG 03.04 RADAR trial by incorporating a RDE programme by stratification at randomisation. Men were allocated 6 or 18 months AS±18 months zoledronate (Z). The main endpoint was a composite of clinically diagnosed LP or PSA progression with a PSA doubling time ⩾6 months. Fine and Gray competing risk modelling with adjustment for site clustering produced cumulative incidence estimates at 6.5 years for each RDE group. RESULTS: Composite LP declined coherently in the 66, 70 and 74 Gy external beam dosing groups and was lowest in the high dose rate brachytherapy boost (HDRB) group. At 6.5 years, adjusted cumulative incidences were 22%, 15%, 13% and 7% respectively. Compared to 6 months AS, 18 months AS also significantly reduced LP (p<0.001). Post-radiation urethral strictures were documented in 45 subjects and increased incrementally in the dosing groups. Crude incidences were 0.8%, 0.9%, 3.8% and 12.7% respectively. CONCLUSION: RDE and increasing AS independently reduce LP and increase urethral strictures. The risks and benefits to the individual must be balanced when selecting radiation dose and AS duration.",Radiother Oncol,2015,115,301-7,doi: 10.1016/j.radonc.2015.05.016. Epub 2015 Jun 10,https://www.ncbi.nlm.nih.gov/pubmed/26072289,,negative,0,2015.0
31612318,Postoperative biochemical recurrence of pathologically localized high-grade prostate cancer in adjuvant treatment-naïve patients,Heo JE,"PURPOSE: To evaluate biochemical recurrence (BCR) risk in men with localized prostate cancer (PC) of pathological Gleason score (pGS) 8-10. Although such patients have low BCR-free survival (BCRFS) following radical prostatectomy (RP), they are not recommended for adjuvant radiation therapy (ART) as per current guidelines. METHODS: Among an adjuvant treatment-naïve cohort between 1995 and 2015, 1272 men were identified and categorized into group 1 [pGS7 (3 + 4) and pT3; n = 654], group 2 [pGS7 (4 + 3) and pT3; n = 408], and group 3 (pGS 8-10 and pT2; n = 210). The BCR risk of group 3 was compared with that of groups 1 and 2 who are the candidates for ART. RESULTS: At a median follow-up of 60 months (interquartile range: 39-86), 432 men experienced BCR. BCRFS was lower in group 3 than in groups 1 and 2 (p < 0.001 and p = 0.021, respectively). In multivariate analysis, this association persisted and surgical margin (SM) was found to be a significant BCR predictor. Although statistically not significant, BCRFS was lower in group 3 with positive SM (PSM) than in group 2 with PSM (p = 0.101). BCRFS was significantly worse in group 3 with negative SM (NSM) than in group 1 with PSM (p = 0.038), while it was better in group 2 with PSM (p = 0.297). CONCLUSION: Localized high-grade PC with PSM showed lower BCRFS and that with NSM showed better BCRFS without statistical significance than locally advanced GS 7 PC with PSM that are eligible for ART.",J Cancer Res Clin Oncol,2020,146,221-227,doi: 10.1007/s00432-019-03049-0. Epub 2019 Oct 14,https://www.ncbi.nlm.nih.gov/pubmed/31612318,,negative,0,2020.0
25944676,Histological outcomes after focal high-intensity focused ultrasound and cryotherapy,Shah TT,"INTRODUCTION: Focal therapy has increasingly become an accepted treatment option for patients with localised prostate cancer. Most follow-up protocols use a mixture of protocol biopsies or ""for cause"" biopsies triggered by a rising PSA. In this paper, we discuss the histological outcomes from these biopsies and their use in guiding subsequent management and trial development. METHODS: We conducted a literature search and reviewed the post-treatment biopsy results from studies on focal HIFU and focal cryotherapy. We subsequently reviewed the results of three recently published consensus statements released discussing many of the issues concerning focal therapy. RESULTS: Research suggests that 1 in 5 of all post-treatment biopsies after focal therapy are positive. However, the majority of these seemed to be from the untreated portion of the gland or met criteria for clinically insignificant disease. The histological outcomes from focal therapy are promising and confirm its effectiveness in the short to medium term. Furthermore re-treatment is possible whilst maintaining a low-side-effect profile. CONCLUSION: Debate is ongoing about the clinical significance of various levels of residual disease after focal therapy and the exact threshold at which to call failure within a patient who has had focal therapy.",World J Urol,2015,33,955-64,doi: 10.1007/s00345-015-1561-0. Epub 2015 May 6,https://www.ncbi.nlm.nih.gov/pubmed/25944676,,negative,0,2015.0
19913249,Robotic assisted laparoscopic salvage prostatectomy for radiation resistant prostate cancer,Eandi JA,"PURPOSE: We report on outcomes of robotic assisted laparoscopic radical prostatectomy as salvage local therapy for radiation resistant prostate cancer. MATERIALS AND METHODS: We retrospectively reviewed the charts of all patients who underwent robotic assisted laparoscopic radical prostatectomy for biopsy proven prostate cancer after primary radiation treatment. Patient characteristics, intraoperative and perioperative data, and oncological and functional outcomes were assessed. RESULTS: A total of 18 patients were identified with a median followup of 18 months (range 4.5 to 40). Primary treatment was brachytherapy in 8 patients and external beam radiation in 8, while 2 underwent proton beam therapy. Median age at salvage robotic assisted laparoscopic radical prostatectomy was 67 years (range 53 to 76). Median preoperative prostate specific antigen was 6.8 ng/ml (range 1 to 28.9) and median time to surgery after primary treatment with radiation was 79 months (range 7 to 146). Median operative parameters for estimated blood loss, surgery length and hospital stay were 150 ml, 2.6 hours and 2 days, respectively. No patient required conversion to open surgery or a blood transfusion, or experienced a rectal injury. Perioperative complications occurred in 7 patients (39%) of which the most common was urine leak identified by postoperative cystogram. Five patients (28%) had a positive surgical margin. Although some patients had limited followup, 6 (33%) were continent and 67% were free of biochemical progression. CONCLUSIONS: Robotic assisted laparoscopic radical prostatectomy can be performed safely as salvage local therapy after failed radiation therapy. Outcomes are comparable to those of large series of open salvage prostatectomy.",J Urol,2010,183,133-7,doi: 10.1016/j.juro.2009.08.134,https://www.ncbi.nlm.nih.gov/pubmed/19913249,,negative,0,2010.0
20724223,Prostatic length predicts functional outcomes after iodine-125 prostate brachytherapy,Pal RP,"PURPOSE: To determine the value of prostatic length as a predictor of urinary morbidity after brachytherapy for prostate cancer. METHODS AND MATERIALS: Between May 2002 and September 2008, 214 consecutive patients received brachytherapy for localized prostate cancer at our institution. A prospective analysis of factors predicting urinary toxicity was carried out for these patients. To evaluate urinary morbidity, the posttreatment International Prostate Symptom Score (IPSS) at 3, 9, and 18 months together with rates of urinary retention was recorded. RESULTS: The mean patient age was 62 years, and the mean followup period was 24.4 months. The median IPSS before treatment was 5 (range, 0-20). This increased to 15 (0-33) at 3 months, before subsequently falling to 8 (0-31) and 6 (0-35) at 9 and 18 months, respectively. Twenty-six of 214 (12%) patients experienced urinary retention. Both prostatic length (p-value=0.001, <0.001) and volume (p-value=0.002, <0.001) correlated with a higher posttreatment IPSS at 3 and 9 months. In addition, prostate length and volume predicted those patients developing urinary retention requiring catheterization (p-value <0.001, <0.001). Pretreatment IPSS predicted IPSS at 3, 9, and 18 months (p-value <0.001, <0.001, and 0.011) but did not significantly correlate with retention rates. Other factors predicting IPSS at 3 months included radiation dose (D(90)) (p-value=0.01) and number of needles used (p-value=0.01). CONCLUSION: Prostatic length is a useful tool for determining urinary toxicity after brachytherapy for prostate cancer and should be included in the pretreatment assessment.",Brachytherapy,2011,,-,doi: 10.1016/j.brachy.2010.06.010. Epub 2010 Aug 19,https://www.ncbi.nlm.nih.gov/pubmed/20724223,,negative,0,2010.0
32402143,Transvesical robot-assisted radical prostatectomy: initial experience and surgical outcomes,Zhou X,"OBJECTIVES: To describe in detail the techniques for transvesical robot-assisted radical prostatectomy (RARP) using the da Vinci Si/Xi system (Intuitive Surgical, Sunnyvale, CA, USA) and to evaluate functional and oncological outcomes in 35 patients with prostate cancer. PATIENTS AND METHODS: Thirty-five patients with localized prostate cancer were enrolled for transvesical RARP. The patients' preoperative data (mean ± sd age 63.4 ± 8.1 years, body mass index 28.6 ± 5.3 kg/m<sup>2</sup> , total prostate-specific antigen 10.8 ± 4.9 ng/mL and prostate volume 30.6 ± 14.4 mL, and median [interquartile range {IQR}] biopsy Gleason score 6 [6-7], and International Index of Erectile Function [IIEF]-5 score 18 [16-20]) were collected. Preoperative assessment revealed 28 cases of cT2a and seven cases of cT2b disease. All patients were continent preoperatively (defined as no pad required or one dry pad per day as a precaution). Surgical results and peri-operative complications were assessed. All patients were followed up for at least 12 months postoperatively. RESULTS: The mean operating time was 150 ± 35 min. Estimated blood loss was 100 ± 45 mL. Urinary infection was noted in one patient and managed with levofloxacin. Another patient complained of nocturia on postoperative day 14, which was relieved with solifenacin succinate. Urethral catheters were removed on postoperative day 7. Thirty-two patients achieved immediate urinary continence, with three patients returning to full continence on postoperative day 14. Postoperative pathology confirmed 24 pT2a cases, nine pT2b cases and two pT2c cases (median [IQR] Gleason score 6 [6-7]). Positive surgical margins were found in four patients (11.4%). No urethral stricture or urinary leakage was noted on urethrocystography taken 3 months after surgery. Urodynamic studies were performed preoperatively and 6 months after surgery: median (IQR) maximum urinary flow 12.2 (10.2-14.9) vs 13.7 (10.1-15.0) mL/s; bladder capacity 385.3 (351.3-410.2) vs 370.2 (330.1-395.4) mL; and voiding phase detrusor contractility 38.5 (27.8-42.3) vs 35.6 (28.3-41.3) mmH<sub>2</sub> O, respectively. During a minimum of 12 months of follow-up, no biochemical recurrence was noted in any patient. The median (IQR) IIEF-5 score was 17 (16-19). CONCLUSIONS: The transvesical approach is a valid alternative to RARP in selected patients, providing promising postoperative urinary continence. Long-term functional and oncological results require further investigation.",BJU Int,2020,126,300-308,doi: 10.1111/bju.15111. Epub 2020 Jun 1,https://www.ncbi.nlm.nih.gov/pubmed/32402143,,negative,0,2020.0
32476081,Survival outcomes of Asian younger men (< 55 years) undergoing radical prostatectomy: a review of prostate cancer database in a tertiary hospital in Singapore,Lu Y,"PURPOSE: Prostate cancer largely affects older men. This study aims to investigate prostate cancer in younger men (< 55 years) to shed light on the survival outcomes of this unique subset of patients in Asian context. METHODS: Data were obtained from the Singapore General Hospital Prostate Cancer Registry. Data on all men with clinically organ confined prostate cancer who underwent radical prostatectomy between 1998 and 2016 were obtained from the registry. Tumor characteristics, follow-up data, and cause of death were acquired. RESULTS: A total of 1120 men underwent radical prostatectomy between 1998 and 2016. Of these, 12 were aged ≤ 44 years, 106 were aged 45-54 years, 596 were aged 55-64, 397 were aged 65-74 and 9 were aged ≥ 75. There was no difference across age groups when comparing Gleason ≤ 7 vs Gleason ≥ 8 disease, T1/2 vs T3/4 disease and the median PSA values were similar. No difference was observed in overall survival or prostate cancer specific survival among 4 age groups (≤ 44, 45-54, 55-64, 65-74) (p = 0.156 and p = 0.227 respectively). Although there was a trend of increasing rate of biochemical recurrence for older patients, it's not statistically significant (p = 0.157). Time to biochemical recurrence was similar as well (p = 0.257). CONCLUSION: This large cohort of Asian patients who underwent radical prostatectomy did not show significant age-related differences in important parameters and outcomes.",Int Urol Nephrol,2020,52,1885-1891,doi: 10.1007/s11255-020-02518-7. Epub 2020 May 31,https://www.ncbi.nlm.nih.gov/pubmed/32476081,,negative,0,2020.0
25339310,Radical prostatectomy versus external beam radiotherapy for localized prostate cancer: Comparison of treatment outcomes,Kim YJ,"PURPOSE: We retrospectively compared the treatment outcomes of localized prostate cancer between radical prostatectomy (RP) and external beam radiotherapy (EBRT). MATERIALS AND METHODS: We retrospectively analyzed 738 patients with localized prostate cancer who underwent either RP (n = 549) or EBRT (n = 189) with curative intent at our institution between March 2001 and December 2011. Biochemical failure was defined as a prostate-specific antigen (PSA)  level of ≥ 0.2 ng/ml in the RP group and the nadir of + ≥ 2 ng/ml in the EBRT group. RESULTS: The median (range) follow-up duration was 48.8 months (0.7-133.2 months) and 48.7 months (1.0-134.8 months) and the median age was 66 years (45-89 years) and 71 years (51-84 years; p < 0.001) in the RP and EBRT groups, respectively. Overall, 21, 42, and 36 % of patients in the RP group, and 15, 27, and 58 % of patients in the EBRT group were classified as low, intermediate, and high risk, respectively (p < 0.001). Androgen-deprivation therapy was more common in the EBRT group (59 vs. 27 %, respectively; p < 0.001). The 8-year biochemical failure-free survival rates were 44 and 72 % (p < 0.001) and the disease-specific survival rates were 98 % and 97 % (p = 0.543) in the RP and EBRT groups, respectively. CONCLUSIONS: Although the EBRT group included more high-risk patients than did the RP group, the outcomes of EBRT were not inferior to those of RP. Our data suggest that EBRT is a viable alternative to RP for treating localized prostate cancer.",Strahlenther Onkol,2015,191,321-9,doi: 10.1007/s00066-014-0765-3. Epub 2014 Oct 23,https://www.ncbi.nlm.nih.gov/pubmed/25339310,,negative,0,2015.0
32174775,Comparison of Biochemical Recurrence After Robot-assisted Laparoscopic Radical Prostatectomy with Volatile and Total Intravenous Anesthesia,Kim NY,"<b>Aims</b>: Recurrence after cancer surgery is a major concern in patients with cancer. Growing evidence from preclinical studies has revealed that various anesthetics can influence the immune system in different ways. The current study compared the long-term biochemical recurrence of prostate cancer after robot-assisted laparoscopic radical prostatectomy (RALP) in terms of selection of anesthetic agent between total intravenous anesthesia (TIVA) with propofol/remifentanil and volatile anesthetics (VA) with sevoflurane or desflurane/remifentanil. <b>Methods</b>: We followed up oncologic outcomes of patients who underwent RALP from two previous prospective randomized controlled trials, and the outcomes of those who received TIVA (n = 64) were compared with those who received VA (n = 64). The follow-up period lasted from November 2010 to March 2019. <b>Results</b>: Both TIVA and VA groups showed identical biochemical recurrence-free survivals at all-time points after RALP. The following predictive factors of prostate cancer recurrence were determined by Cox regression: colloid input [hazard ratio (HR)=1.002, 95% confidence interval (CI): 1.000-1.003; P = 0.011], initial prostate-specific antigen level (HR=1.025, 95% CI: 1.007-1.044; P = 0.006), and pathological tumor stage 3b (HR=4.217, 95% CI:1.207-14.735; P = 0.024), but not the anesthetic agent. <b>Conclusions</b>: Our findings demonstrate that both TIVA with propofol/remifentanil and VA with sevoflurane or desflurane/remifentanil have comparable effects on oncologic outcomes in patients undergoing RALP.",Int J Med Sci,2020,4,,doi: 10.7150/ijms.40958. eCollection 2020,https://www.ncbi.nlm.nih.gov/pubmed/32174775,,negative,0,2020.0
25413406,Permanent prostate brachytherapy using high V150,Serrano NA,"PURPOSE: Prostate brachytherapy sometimes requires the volume receiving >150% of the prescribed dose (V150) to be >50% to obtain satisfactory coverage. There has been concern expressed that high V150 may be associated with higher rates of urinary retention and morbidity. METHODS AND MATERIALS: We reviewed 207 consecutive cases of prostate brachytherapy treated with palladium 103 ((103)Pd; n = 140) or iodine 125 ((125)I; n = 67). Prescribed doses for (103)Pd monotherapy and boost were 124 and 90 Gy, respectively; for (125)I, the corresponding doses were 160 and 120 Gy. Patients were evaluated at baseline, 1 month, 3 months, and every 6 months thereafter. RESULTS: Median follow-up at the time of analysis was 18 months. For (103)Pd, the mean intraoperative volume and V150 were 30.3 cm(3) and 72%, respectively; corresponding values for (125)I were 38.3 cm(3) and 59%, respectively. Two of the patients treated with iodine and 9 treated with palladium experienced acute urinary retention, which was not statistically significant (P = .48). The rectal V100 for (103)Pd was significantly less than that for (125)I (P < .001). The mean baseline, 1-month, and 12-month American Urologic Association (AUA) scores for (103)Pd were 8.5, 19.7, and 8.2, respectively; for (125)I, the values were 7.4, 17.1, and 13.4, respectively. At 12 months, the AUA scores returned to baseline in the (103)Pd-treated patients, whereas scores in (125)I-treated patients remained elevated (P = .005). High V150 did not appear to cause undue risk of urinary retention or morbidity based on logistic regression analysis of patients treated with monotherapy performed with either isotope. CONCLUSIONS: The risk of urinary retention was low, despite high V150 values for both isotopes. In patients treated with brachytherapy alone, no significant increase in urinary morbidity was seen in relation to V150. AUA scores returned to baseline in (103)Pd-treated patients at 1 year, whereas (125)I-treated patients demonstrated continued elevation.",Pract Radiat Oncol,2015,,-,doi: 10.1016/j.prro.2014.06.008. Epub 2014 Aug 7,https://www.ncbi.nlm.nih.gov/pubmed/25413406,,negative,0,2015.0
15001244,Long-term outcome by risk factors using conformal high-dose-rate brachytherapy (HDR-BT) boost with or without neoadjuvant androgen suppression for localized prostate cancer.,Galalae RM,"PURPOSE: The aim of this study is to analyze, during the prostate-specific antigen (PSA) era, the long-term outcome of patients treated with conformal high-dose-rate (HDR) brachytherapy boost to the prostate with or without androgen deprivation therapy (ADT) when patients are stratified by risk factors for failure. METHODS AND MATERIALS: Between 1986 and 2000, 611 patients were treated for clinically localized prostate cancer in three prospective trials of external beam radiation therapy (EBRT) and dose-escalating HDR brachytherapy (BT) boost. There were 104 patients treated at Seattle, 198 at Kiel University, and 309 at William Beaumont Hospital. Of the 611 patients, 177 received a short course of neoadjuvant/concurrent ADT. The patients were divided into three risk groups. Group I, comprised of 46 patients, had stage < or =T2a, Gleason score (GS) < or = 6, and initial PSA (iPSA) < or = 10 ng/mL. Group II comprised 188 patients with stage > or =T2b, GS > or = 7, and iPSA > or = 10, with any one factor higher. Group III included 359 patients with any two risk factors higher. The American Society for Therapeutic Radiology and Oncology definition for biochemical failure was used. RESULTS: The mean follow-up was 5 years (range, 0.2-15.3). For the 611 patients, the 5-year and 10-year biochemical control (BC) rates were 77% and 73%, disease-free survival (DFS) was 67% and 49%, and cause-specific survival (CSS) was 96% and 92%, respectively. BC at 5 years for Group I patients was 96%, for Group II 88%, and for Group III patients 69%. CSS at 5 years was 100% in Group I, 99% in Group II, and 95% in Group III patients. In univariate and multiple regression analyses for BC, risk group, stage, iPSA, and GS were significant in predicting failure. However, age, follow-up interval, and ADT did not. CONCLUSIONS: EBRT with HDR-BT produced excellent long-term outcomes in terms of BC, DFS, and CSS in patients with prostate cancer even for those at highest risk. Conformal HDR-BT is both a precise dose delivery system and an effective treatment for both favorable and unfavorable prostate cancer. The addition of a short course of neoadjuvant/concurrent ADT failed to improve outcome. The results were similar at all three institutions, giving credence to the reproducibility of the brachytherapy treatment.",Int J Radiat Oncol Biol Phys,2004,58,1048-55,10.1016/j.ijrobp.2003.08.003,https://www.ncbi.nlm.nih.gov/pubmed/15001244,INTERMEDIATE RISK,positive,1,
16275680,Long-term outcomes of 60 Gy conventional radiotherapy combined with androgen deprivation for localized or locally advanced prostate cancer,Hashine K,"BACKGROUND: Until 1998 in Japan, very few institutions were treating prostate cancer solely with radiotherapy (RT) >70 Gy and most were using < or =65 Gy in combination with hormone therapy. The present study reports the long-term results of RT combined with hormone therapy for localized and locally advanced prostate cancer. METHODS: We investigated 57 patients who were treated by external beam RT plus hormone therapy (median age 79 years, median prostate-specific antigen concentration 15.0 ng/ml) between 1992 and 1998. Patients received 40 Gy of radiation to the pelvis and an additional 20 Gy as a prostatic boost. Hormone therapy was begun on the first day of irradiation and continued thereafter. RESULTS: The median follow-up was 93.3 months and the 5 and 10 year actual overall survival rates were 67.8 and 32.6%, respectively, with 5 and 10 year cause-specific survival rates of 97.9 and 95.0%, respectively. The expected survival rate was 66.2% at 5 years, and overall survival was above expected survival. Only one patient developed severe proctitis (Grade 3). The 5 year occurrence of Grade 1/2 genitourinary toxicity was 23.2%. CONCLUSIONS: Combined RT and hormone therapy has a good long-term outcome without severe adverse events. The overall survival rate compares well with the expected survival rate.",Jpn J Clin Oncol,2005,35,655-9,doi: 10.1093/jjco/hyi174. Epub 2005 Nov 7,https://www.ncbi.nlm.nih.gov/pubmed/16275680,,negative,0,2005.0
31542882,External beam radiation therapy improves survival in high- and intermediate-risk non-metastatic octogenarian prostate cancer patients,Knipper S,"PURPOSE: There is no contemporary proof of cancer-control benefits in octogenarian clinically localized prostate cancer (PCa) patients with life expectancy (LE) < 10 years. Therefore, cancer-specific mortality (CSM) rates after external beam radiation therapy (EBRT) vs. no local treatment (NLT) were tested in octogenarian PCa patients with LE < 10 years. METHODS: Within the surveillance, epidemiology, and end results database (2004-2015), we identified 22,361 octogenarian clinically localized PCa patients who either received EBRT or NLT. Temporal trends, cumulative incidence plots and multivariable competing-risks regression analyses (MCR) were used after propensity score matching. Sensitivity analyses were performed according to D'Amico risk groups and LE > 5 years. RESULTS: Of all, 7325 (32.8%) received EBRT vs. 15,036 (67.2%) received NLT. Rates of EBRT significantly increased over time (25.0-42.4%). Overall, 10-year CSM rates were 10.6% vs. 17.0% and 10-year other-cause mortality rates were 50.3% vs. 58.1%, in EBRT vs. NLT patients (both p < 0.001). In MCR focusing on the overall cohort, EBRT represented an independent predictor of lower CSM (hazard ratio: 0.5). In sensitivity analyses, hazard ratios of 0.5 (p < 0.001), 0.5 (p < 0.001) and 0.8 (p = 0.5) were, respectively, recorded in D'Amico high-, intermediate- and low-risk patients. In sensitivity analyses addressing patients with LE > 5 years virtually the same results were recorded. CONCLUSIONS: In octogenarian patients with LE < 10 years, EBRT seems to be associated with lower CSM in D'Amico high-risk, as well as in D'Amico intermediate-risk patients relative to their NLT counterparts. Based on these observations, greater consideration for EBRT may be given in octogenarian patients.",Int Urol Nephrol,2020,52,59-66,doi: 10.1007/s11255-019-02284-1. Epub 2019 Sep 21,https://www.ncbi.nlm.nih.gov/pubmed/31542882,,negative,0,2020.0
23552872,Radical radiotherapy in high-risk prostate cancer patients with high or ultra-high initial PSA levels: a single institution analysis.,Guarneri A,"PURPOSE: Purpose of this study is to analyze outcomes and pre-treatment prognostic factors in high-risk prostate cancer patients with initial PSA ≥ 20 ng/mL, treated with high-dose external beam radiotherapy (EBRT) and androgen deprivation therapy (ADT) in a single institution. METHODS: Between March 2003 and December 2011, 155 consecutive high-risk prostate cancer patients (a) presenting with pre-treatment PSA level ≥ 20 ng/mL, (b) treated with definitive EBRT, and (c) with a minimum follow-up of 24 months were included in this retrospective analysis. Phoenix definition was used to define biochemical control. Primary endpoints were as follows: biochemical disease-free survival (bDFS), distant metastasis-free survival (DMFS), cancer-specific survival (CSS) and overall survival (OS). Multivariate analysis was performed to determine the independent prognostic impact of pre-treatment clinical factors [T stage, PSA, and Gleason score (GS)]. RESULTS: At a median follow-up time of 62 months, actuarial bDFS, DMFS, CSS, and OS at 5 years were 64.8, 85.2, 95.8, and 94.4 %, respectively. On multivariate analysis, only GS was significantly associated with three clinical endpoints (bDFS: HR 1.6; p = 0.022, CSS: HR 4.27, p = 0.044, OS: HR 2.6; p = 0.038). Pre-treatment zenith PSA was associated only with bDFS (HR 1.87; p = 0.027). CONCLUSIONS: Patients with ""high"" PSA levels (≥ 20 ng/mL) showed favorable clinical outcomes, supporting the role of local radiotherapy as primary therapy in combination with long-term ADT in patients with high PSA levels at diagnosis. A GS of 8-10 is the strongest predictor of outcome.",J Cancer Res Clin Oncol,2013,139,1141-7,10.1007/s00432-013-1426-0,https://www.ncbi.nlm.nih.gov/pubmed/23552872,HIGH RISK,positive,1,
23664646,"Long-term outcome for prostate cancer using pseudo pulse-dosed rate brachytherapy, external beam radiotherapy, and hormones.",Izard MA,"PURPOSE: We report the long-term outcomes of pulse-dose rate (PDR) brachytherapy used in a nonstandard style (pseudo-PDR) with an high-dose rate brachytherapy technique in conjunction with external beam radiotherapy (EBRT) and hormonal manipulation on prostate cancer (PC). METHODS AND MATERIALS: We treated 253 patients with Stage T1-T3 N0M0 PC, between December 1999 and March 2006. All patients received neoadjuvant androgen deprivation for a median 6 months. Treatment consisted of three pulses of pseudo-PDR brachytherapy to a median dose of 18Gy with 50.4Gy in 28 fractions of EBRT. RESULTS: At a median 6 years followup, (range, 1-11 years), 5-year overall survival was 92%, and PC-specific survival was 96%. The 5-year biochemical control (biochemical no evidence of disease) by the Phoenix definition for low-, intermediate-, and high-risk groups was 95%, 90%, and 71%, respectively (p<0.00001). At 6 years, the incidence of Radiotherapy Oncology Group Grade 2 and 3 genitourinary toxicity was 1% and 6%; Radiotherapy Oncology Group Grade 2 and 3 gastrointestinal toxicity was 4% and 0%. Erectile preservation at 3 years was 58%. The Phoenix definition best predicted clinical failure with a high specificity (94%). CONCLUSIONS: Pseudo-PDR brachytherapy plus EBRT with limited neoadjuvant hormonal manipulation is an effective treatment option in localized PC, with minimal and tolerable morbidity and provides excellent control. This technique of a modified PDR-delivery technique appears as effective as high-dose rate therapy.",Brachytherapy,2013,12,608-14,10.1016/j.brachy.2013.04.004,https://www.ncbi.nlm.nih.gov/pubmed/23664646,INTERMEDIATE RISK,positive,1,
18289596,Mayo Clinic validation of the D'amico risk group classification for predicting survival following radical prostatectomy.,Boorjian SA,"PURPOSE: The D'Amico risk group classification was originally developed to estimate the risk of biochemical recurrence following treatment for localized prostate cancer. We externally validated the ability of the risk groups to predict clinical progression, and cancer specific and overall survival following radical prostatectomy, and identify predictors of outcome in patients with high risk disease. MATERIALS AND METHODS: We evaluated the records of 7,591 consecutive patients who underwent radical prostatectomy at our institution between 1987 and 2003. Postoperative survival was estimated using the Kaplan-Meier method. Cox proportional hazard regression models were used to analyze the ability of the risk groups to predict survival and to evaluate the impact of clinicopathological factors on outcome in patients at high risk. RESULTS: Preoperative risk group stratification predicted the patient risk of biochemical and local recurrence, systemic progression, and cancer specific and overall survival (each p <0.001). The HR of death from prostate cancer after surgery in patients with high or intermediate risk disease was 11.5 (95% CI 5.9 to 22.3, p <0.0001) and 6.3 (95% CI 3.3 to 12.3, p <0.0001), respectively, compared to patients at low risk. In patients in the high risk group biopsy Gleason score (p = 0.006), pathological Gleason score (p = 0.006), pathological tumor stage (p = 0.04), positive lymph nodes (p = 0.02) and positive surgical margins (p = 0.008) predicted death from prostate cancer. CONCLUSIONS: We validated the ability of the risk group stratification to predict disease progression and patient survival following radical prostatectomy. Additional prognostic information from surgical staging may assist in individualized postoperative management, particularly for patients at high risk.",J Urol,2008,179,1354-60; discussion 1360-1,10.1016/j.juro.2007.11.061,https://www.ncbi.nlm.nih.gov/pubmed/18289596,LOW RISK,positive,1,
21665379,Redefining high-risk prostate cancer based on distant metastases and mortality after high-dose radiotherapy with androgen deprivation therapy.,Tendulkar RD,"PURPOSE: Modern outcomes of high-dose external beam radiotherapy (EBRT) with androgen deprivation therapy (ADT) for high-risk (HR) prostate cancer are not well described. METHODS AND MATERIALS: We identified 585 patients who met HR criteria by 2010 National Comprehensive Cancer Network guidelines, who were treated with EBRT consisting of ≥74 Gy from 1996 to 2008 at Cleveland Clinic, of whom 95% received ADT. We analyzed biochemical relapse-free survival (bRFS), distant metastases-free survival (DMFS), and prostate cancer-specific mortality (PCSM). RESULTS: The median EBRT dose was 78 Gy, and median ADT duration was 6 months. At 10 years, the bRFS was 50.2%, the DMFS was 71.6%, and the PCSM was 14.4%. On multivariate analysis, significant predictors of bRFS were biopsy Gleason score (bGS) of 8 to 10, stage T3, and prostate-specific antigen (PSA) concentration; predictors of DMFS were bGS of 8 to 10 and stage T3; the only predictor of PCSM was bGS of 8 to 10. The duration of ADT was not predictive of any endpoint. We identified an unfavorable high-risk (UHR) group of stage T1-T2 tumors consisting of bGS of 8 with PSA of >10 ng/ml or bGS of 9 to 10 with any PSA level; the remaining clinically localized cancers comprised the favorable high-risk (FHR) group. Comparing FHR, UHR, and stage T3 groups, the DMFS rates were 81.4%, 57.8%, and 59.1% (p < 0.0001), and the PCSM rates were 7.5%, 28.4%, and 20.6% at 10 years, respectively (p = 0.006). CONCLUSION: A bGS of 8 to 10 is the strongest predictor of bRFS, DMFS, and PCSM after high-dose EBRT with ADT. The duration of ADT did not correlate with outcome. Future studies should account for the heterogeneity in HR prostate cancer.",Int J Radiat Oncol Biol Phys,2012,82,1397-404,10.1016/j.ijrobp.2011.04.042,https://www.ncbi.nlm.nih.gov/pubmed/21665379,HIGH RISK,positive,1,
16952647,Long-term outcome of high dose intensity modulated radiation therapy for patients with clinically localized prostate cancer.,Zelefsky MJ,"PURPOSE: We report on the long-term results and late toxicity outcomes of high dose intensity modulated radiation therapy for patients with clinically localized prostate cancer. MATERIALS AND METHODS: Between 1996 and 2000 a total of 561 patients with clinically localized prostate cancer were treated with intensity modulated radiation therapy. All patients were treated to a dose of 81 Gy prescribed to the planning target volume. Prostate specific antigen relapse was defined according to the American Society for Therapeutic Radiology and Oncology consensus and Houston definitions (absolute nadir plus 2 ng/ml dated at the call). Median followup was 7 years (range 5 to 9). RESULTS: The 8-year actuarial PSA relapse-free survival rates for patients in favorable, intermediate and unfavorable risk groups according to the American Society for Therapeutic Radiology and Oncology definition were 85%, 76% and 72%, respectively (p <0.025). The 8-year actuarial prostate specific antigen relapse-free survival rates for patients in favorable, intermediate and unfavorable risk groups according to the Houston definition were 89%, 78% and 67%, respectively (p = 0.0004). The 8-year actuarial likelihood of grade 2 rectal bleeding was 1.6%. Three patients (0.1%) experienced grade 3 rectal toxicity requiring either 1 or more transfusions or a laser cauterization procedure. No grade 4 rectal complications have been observed. The 8-year likelihood of late grade 2 and 3 (urethral strictures) urinary toxicities were 9% and 3%, respectively. Among patients who were potent before intensity modulated radiation therapy, erectile dysfunction developed in 49%. The cause specific survival outcomes for favorable, intermediate and unfavorable risk cases were 100%, 96% and 84%, respectively. CONCLUSIONS: These long-term results confirm our previous observations regarding the safety of high dose intensity modulated radiation therapy for clinically localized prostate cancer. Despite the application of high radiation doses, the incidence of rectal bleeding at 8 years was less than 2%. Despite the increased conformality of the dose distribution associated with intensity modulated radiation therapy, excellent long-term tumor control outcomes were achieved.",J Urol,2006,176,1415-9,10.1016/j.juro.2006.06.002,https://www.ncbi.nlm.nih.gov/pubmed/16952647,LOW RISK,positive,1,
16286122,Prognostic significance of perineural invasion on biochemical progression-free survival after prostate brachytherapy.,Merrick GS,"OBJECTIVES: To evaluate the influence of perineural invasion (PNI) in the biopsy specimen on biochemical progression-free survival in hormone-naive patients with prostate cancer undergoing brachytherapy. METHODS: A total of 512 consecutive hormone-naive patients (173 low risk, 212 intermediate risk, and 127 high risk) underwent brachytherapy for clinical Stage T1b-T2cNxM0 (2002 American Joint Committee on Cancer staging system) prostate cancer. No patient underwent seminal vesicle or pathologic lymph node staging. All patients had undergone brachytherapy at least 3 years before analysis. The median follow-up was 5.3 years. Biochemical progression-free survival was defined by a prostate-specific antigen (PSA) cutpoint of 0.4 ng/mL or less after nadir and by the American Society for Therapeutic Radiology and Oncology consensus definition. PNI was defined as carcinoma tracking along, or around, a nerve within the perineural space. RESULTS: PNI was documented in 133 patients (26.0%). For both biochemical progression-free definitions, 94.0% and 94.9% of patients with and without PNI, respectively, remained free of biochemical progression. The median time to failure in patients with and without PNI was 17.2 and 17.9 months, respectively. For the biochemically disease-free cohort, the median posttreatment PSA level was less than 0.1 ng/mL. On univariate Cox regression analysis, the pretreatment PSA level, percentage of positive biopsies, prostate volume, and Gleason score predicted for biochemical outcome. PNI did not approach statistical significance (P = 0.671). On multivariate analysis, only pretreatment PSA (P < 0.001) and the percentage of positive biopsies (P < 0.001) maintained statistical significance. CONCLUSIONS: In hormone-naive brachytherapy patients implanted with generous periprostatic treatment margins, the presence of PNI in the biopsy specimen did not adversely affect 8-year biochemical progression-free survival.",Urology,2005,66,1048-53,10.1016/j.urology.2005.05.024,https://www.ncbi.nlm.nih.gov/pubmed/16286122,LOW RISK,positive,1,
25687401,A review of rectal toxicity following permanent low dose-rate prostate brachytherapy and the potential value of biodegradable rectal spacers,Schutzer ME,"Permanent radioactive seed implantation provides highly effective treatment for prostate cancer that typically includes multidisciplinary collaboration between urologists and radiation oncologists. Low dose-rate (LDR) prostate brachytherapy offers excellent tumor control rates and has equivalent rates of rectal toxicity when compared with external beam radiotherapy. Owing to its proximity to the anterior rectal wall, a small portion of the rectum is often exposed to high doses of ionizing radiation from this procedure. Although rare, some patients develop transfusion-dependent rectal bleeding, ulcers or fistulas. These complications occasionally require permanent colostomy and thus can significantly impact a patient's quality of life. Aside from proper technique, a promising strategy has emerged that can help avoid these complications. By injecting biodegradable materials behind Denonviller's fascia, brachytherpists can increase the distance between the rectum and the radioactive sources to significantly decrease the rectal dose. This review summarizes the progress in this area and its applicability for use in combination with permanent LDR brachytherapy.",Prostate Cancer Prostatic Dis,2015,18,96-103,doi: 10.1038/pcan.2015.4. Epub 2015 Feb 17,https://www.ncbi.nlm.nih.gov/pubmed/25687401,,negative,0,2015.0
21493015,Gleason pattern 5 is the greatest risk factor for clinical failure and death from prostate cancer after dose-escalated radiation therapy and hormonal ablation.,Sabolch A,"PURPOSE: The division of Gleason score (GS) into three categories (2-6, 7, 8-10) may not fully use its prognostic power, as revealed by recent reports demonstrating the presence of Gleason Pattern 5 (GP5) as a strong predictor for biochemical recurrence. Therefore, we analyzed the clinical outcomes in patients treated with dose-escalated radiation therapy (RT) based on the presence or absence of GP5. METHODS AND MATERIALS: Outcomes were analyzed for 718 men treated for localized prostate cancer with external-beam RT to a minimum planning target volume dose of at least 75 Gy. We assessed the impact of GP5 and that of pretreatment- and treatment-related factors on freedom from biochemical failure, freedom from metastasis (FFM), cause-specific survival (CSS), and overall survival (OS). RESULTS: At biopsy, 89% of patients had no GP5, and 11% (76/718) had GP5. There were no differences in age, comorbid illness, T stage, prostate-specific antigen, or the use or duration of androgen deprivation therapy between GS8 without GP5 and GS8-10 with GP5. The presence of GP5 predicted lower FFM (p < 0.002; hazard ratio [HR] 3.4 [1.7-7.1]); CSS (p < 0.0001; HR 12.9 [5.4-31]); and OS (p < 0.0001; HR 3.6 [2.0-6.5]) in comparison with GS8 (without GP5). The 8-year FFM, CSS, and OS were 89%, 98%, and 57%, respectively, for those with Gleason 8 prostate cancer without GP5 in comparison with 61%, 55%, and 31%, respectively, for those with GP5. In addition, both FFM and CSS were strongly influenced by androgen deprivation therapy given concurrently with RT. On multivariate analysis, GP5 was the strongest prognostic factor for all clinical endpoints, including OS. CONCLUSION: The presence of GP5 predicts for worse clinical behavior, which therefore needs to be accounted for by risk stratification schemes. Further intensification of local and/or systemic therapy may be appropriate for such patients.",Int J Radiat Oncol Biol Phys,2011,81,e351-60,10.1016/j.ijrobp.2011.01.063,https://www.ncbi.nlm.nih.gov/pubmed/21493015,LOW RISK,positive,1,
16182220,Combined modality treatment with high-dose-rate brachytherapy boost for locally advanced prostate cancer,Hsu IC,"PURPOSE: This is a retrospective review of our experience using high-dose-rate (HDR) brachytherapy boost for prostate cancer. METHODS AND MATERIALS: During the study period, we recommended external beam radiotherapy (45 Gy) and HDR boost (18 Gy in three fractions) combined with hormonal therapy (HT) for 2 months before and during radiotherapy to patients with at least one of the following risk features: pretreatment prostate-specific antigen>10, Gleason score (GS)>or=7, and clinical T3 disease. Additional HT for 2 years after radiotherapy was recommended for patients with GS>7. To patients whose risk of positive nodes exceeded 15%, we recommended whole pelvic radiotherapy. We administered HDR via single implant, and all fractions were given within 24h. RESULTS: This report is based on our initial 64 patients treated with HDR boost. The median follow-up was 50 months (range 25-68 months). The 4-year estimates of overall and disease-free survival were 98% and 92%, respectively. One patient experienced late grade 4 gastrointestinal toxicity. CONCLUSIONS: HDR brachytherapy is an effective means of delivering conformal prostate radiotherapy, and may be used with whole pelvic radiotherapy and HT.",Brachytherapy,2005,4,202-6,doi: 10.1016/j.brachy.2005.03.005,https://www.ncbi.nlm.nih.gov/pubmed/16182220,,negative,0,2005.0
32033834,Whole and hemi-gland cryoablation for primary localized prostate cancer: Short and medium-term oncological and functional outcomes,Bossier R,"INTRODUCTION: To compare oncological, functional and post-operative outcomes of hemi (HC) vs. whole gland (WGC) cryoablation as first line treatment of localized prostate cancer. MATERIAL AND METHOD: Sixty-six consecutive patients undertaking whole-gland cryoablation (WGC=40) or hemi-cryoablation (HC=26) in a tertiary referral centre between 2010 and 2018 were included. All patients had a low-intermediate risk prostate cancer according to D'Amico risk classification. Hemi-ablation was proposed in case of biopsy and prostate MRI proven unilateral prostate cancer. Primary endpoint was Cryotherapy Failure for which 3 definitions were considered and compared: 1) biochemical failure (> PSA nadir+≥ 2 ng/mL), 2) positive prostate re-biopsy with Gleason score ≥ 7, 3) initiation of further prostate cancer treatment. RESULTS: Median patients age at treatment was 74 [42-81] vs. 76 [71-80] years in WGC vs. HC group, respectively (p=.08). Low and intermediate D'Amico risk group were 15% and 85% vs. 23% and 77% (p=.75), respectively. Median follow- up time was 41 [1.5-99.0] vs. 27 [0.9-93] months (p=.03). Four-years cryotherapy failure free survival in WGC vs. HC were 69% vs. 53% with definition 1 (p=.24), 82% vs. 80% with definition 2 (p=.95), 83% vs. 77% with definition 3 (p=.73). Early and 1-year urinary continence were 60% and 83% in WGC vs. 72% and 83% in HC (p=.26). De novo impotency after cryotherapy was 75% vs. 46% (p=.33) in WGC vs. HC. CONCLUSIONS: In our cohort of highly selected patients with unilateral low/intermediate risk PCa, hemi-cryoablation may provide similar oncological outcomes and less early complications compared to whole-gland cryoablation.",Actas Urol Esp (Engl Ed),2020,44,172-178,doi: 10.1016/j.acuro.2019.10.003. Epub 2020 Feb 5,https://www.ncbi.nlm.nih.gov/pubmed/32033834,,negative,0,2020.0
21119084,Active surveillance compared with initial treatment for men with low-risk prostate cancer: a decision analysis,Hayes JH,"CONTEXT: In the United States, 192,000 men were diagnosed as having prostate cancer in 2009, the majority with low-risk, clinically localized disease. Treatment of these cancers is associated with substantial morbidity. Active surveillance is an alternative to initial treatment, but long-term outcomes and effect on quality of life have not been well characterized. OBJECTIVE: To examine the quality-of-life benefits and risks of active surveillance compared with initial treatment for men with low-risk, clinically localized prostate cancer. DESIGN AND SETTING: Decision analysis using a simulation model was performed: men were treated at diagnosis with brachytherapy, intensity-modulated radiation therapy (IMRT), or radical prostatectomy or followed up by active surveillance (a strategy of close monitoring of newly diagnosed patients with serial prostate-specific antigen measurements, digital rectal examinations, and biopsies, with treatment at disease progression or patient choice). Probabilities and utilities were derived from previous studies and literature review. In the base case, the relative risk of prostate cancer-specific death for initial treatment vs active surveillance was assumed to be 0.83. Men incurred short- and long-term adverse effects of treatment. PATIENTS: Hypothetical cohorts of 65-year-old men newly diagnosed as having clinically localized, low-risk prostate cancer (prostate-specific antigen level <10 ng/mL, stage ≤T2a disease, and Gleason score ≤6). MAIN OUTCOME MEASURE: Quality-adjusted life expectancy (QALE). RESULTS: Active surveillance was associated with the greatest QALE (11.07 quality-adjusted life-years [QALYs]), followed by brachytherapy (10.57 QALYs), IMRT (10.51 QALYs), and radical prostatectomy (10.23 QALYs). Active surveillance remained associated with the highest QALE even if the relative risk of prostate cancer-specific death for initial treatment vs active surveillance was as low as 0.6. However, the QALE gains and the optimal strategy were highly dependent on individual preferences for living under active surveillance and for having been treated. CONCLUSIONS: Under a wide range of assumptions, for a 65-year-old man, active surveillance is a reasonable approach to low-risk prostate cancer based on QALE compared with initial treatment. However, individual preferences play a central role in the decision whether to treat or to pursue active surveillance.",JAMA,2010,1,,doi: 10.1001/jama.2010.1720,https://www.ncbi.nlm.nih.gov/pubmed/21119084,,negative,0,2010.0
16170437,Incontinence and erectile dysfunction following radical prostatectomy: a review,Alivizatos G,"Radical prostatectomy remains the treatment of choice for localized prostate cancer in age-appropriate and health-appropriate men. Although cancer control is the most important aspect of a radical prostatectomy, minimization of postoperative morbidity, especially urinary incontinence and erectile dysfunction, is becoming a greater concern. We reviewed recent data available on Medline regarding the incidence, pathophysiology, evaluation, and treatment of incontinence and sexual dysfunction after radical prostatectomy. Health-related quality of life issues have been specifically addressed. Although low incidences of incontinence and erectile dysfunction after radical prostatectomy have been reported in the hands of experienced surgeons, the literature review revealed a great variety, with incontinence rates ranging from 0.3-65.6% and potency rates ranging from 11-87%. Several factors contribute to this wide difference, the most important being the application of a meticulous surgical technique. General and cancer-specific health-related quality of life is not being affected after radical prostatectomy. The incidence of incontinence and erectile dysfunction is higher after radical prostatectomy when compared to the incidence observed when other therapies for localized prostate cancer are applied. However, the majority of the patients undergoing radical prostatectomy would vote for the operation again. Today, avoidance of major complications after radical prostatectomy depends mostly on a high-quality surgical technique. When incontinence or erectile dysfunction persists after radical prostatectomy, the majority of the treated patients can be managed effectively by various methods.",ScientificWorldJournal,2005,13,,doi: 10.1100/tsw.2005.94,https://www.ncbi.nlm.nih.gov/pubmed/16170437,,negative,0,2005.0
32089359,Radical Prostatectomy or Observation for Clinically Localized Prostate Cancer: Extended Follow-up of the Prostate Cancer Intervention Versus Observation Trial (PIVOT),Wilt TJ,"BACKGROUND: Very long-term mortality in men with early prostate cancer treated with surgery versus observation is uncertain. OBJECTIVE: To determine long-term effects of surgery versus observation on all-cause mortality for men with early prostate cancer. DESIGN, SETTING, AND PARTICIPANTS: This study evaluated long-term follow-up of a randomized trial conducted at the US Department of Veterans Affairs and National Cancer Institute sites. The participants were men (n=731) ≤75yr of age with localized prostate cancer, prostate-specific antigen (PSA) <50ng/ml, life expectancy ≥10yr, and medically fit for surgery. INTERVENTION: Radical prostatectomy versus observation. OUTCOME MEASUREMENTS AND STATISTICAL ANALYSIS: All-cause mortality was assessed in the entire cohort and patient and tumor subgroups. Intention-to-treat analysis was conducted using Kaplan-Meier methods with log-rank tests and Cox proportional hazard models; cumulative mortality incidence, between-group differences, and relative risks were also assessed at predefined time periods. RESULTS AND LIMITATIONS: During 22.1yr (median follow-up for survivors=18.6yr; interquartile range: 16.6-20.0), 515 men died; 246 of 346 men (68%) were assigned to surgery versus 269 of 367 (73%) assigned to observation (hazard ratio 0.84 [95% confidence interval {CI}: 0.70-1.00]; p= 0.044 [absolute risk reduction = 5.7 percentage points, 95% CI: -0.89 to 12%]; relative risk: 0.92 [95% CI: 0.84-1.01]). The restricted mean survival in the surgical group was 13.6 yr (95% CI: 12.9-14.3) versus 12.6 yr (95% CI: 11.8-13.3) in the observation group; a mean of 1 life-year was gained with surgery. Results did not significantly vary by patient or tumor characteristics, although differences were larger favoring surgery among men aged <65 yr, of white race, and having better health status, fewer comorbidities, ≥34% positive prostate biopsy cores, and intermediate-risk disease. Results were not adjusted for multiple comparisons, and we could not assess outcomes other than all-cause mortality. CONCLUSIONS: Surgery was associated with small very long-term reductions in all-cause mortality and increases in years of life gained. Absolute effects did not vary markedly by patient characteristics. Absolute effects and mean survival were much smaller in men with low-risk disease, but were greater in men with intermediate-risk disease although not in men with high-risk disease. PATIENT SUMMARY: In this randomized study, we evaluated death from any cause in men with early prostate cancer treated with either surgery or observation. Overall, surgery may provide small very long-term reductions in death from any cause and increases in years of life gained. Absolute effects were much smaller in men with low-risk disease, but were greater in men with intermediate-risk disease although not in men with high-risk disease. Strategies are needed to identify men needing and benefitting from surgery while reducing ineffective treatment and overtreatment.",Eur Urol,2020,77,713-724,doi: 10.1016/j.eururo.2020.02.009. Epub 2020 Feb 21,https://www.ncbi.nlm.nih.gov/pubmed/32089359,,negative,0,2020.0
24246414,"Long-term results of the Dutch randomized prostate cancer trial: impact of dose-escalation on local, biochemical, clinical failure, and survival.",Heemsbergen WD,"PURPOSE: Nowadays, advanced irradiation techniques make it possible to escalate safely the dose in prostate cancer. We studied the effect of a higher dose on tumor control in a randomized trial with a median follow-up of 110 months. PATIENTS AND METHODS: Patients with T1b-T4N0 prostate cancer (n=664) were randomized between 78 Gy and 68 Gy. Primary endpoint was biochemical and/or clinical failure (BCF) according to the American Society for Therapeutic Radiology and Oncology (ASTRO) guidelines (3 consecutive rises), and to Phoenix (nadir plus 2 μg/L). Secondary endpoints were clinical failure (CF), local failure (LF), prostate cancer death (PCD), and overall survival (OS). Explorative subgroup analyses were performed. RESULTS: BCF rate (HR=0.8; 20% less events) and LF rate (HR=0.5; 50% less events) were significantly lower in the 78 Gy arm (p<0.05). CF, PCD and OS were similar in both arms. A significant heterogeneity of treatment effect was found for PSA cutoffs between 7 and 10 μg/L. CONCLUSION: We observed significantly less BCF and LF in the high-dose arm. This suggests improvement of the therapeutic ratio. However, we observed similar rates of CF and PCD at the current update. More follow-up is needed to investigate which patients benefit in terms of prolonged OS.",Radiother Oncol,2014,110,104-9,10.1016/j.radonc.2013.09.026,https://www.ncbi.nlm.nih.gov/pubmed/24246414,HIGH RISK,positive,1,
25729256,Comparison of pathological and biochemical outcomes after radical prostatectomy in Korean patients with serum PSA ranges,Lee HW,"The aim of this study was to assess surgical outcome at radical prostatectomy (RP) in Korean men with a serum prostate-specific antigen (PSA) level of 2.5 to 3.0 ng/mL and compared with those of patients who had a PSA level of 3.0-4.0 and 4.0-10.0 ng/mL. We retrospectively compared clinico-pathological characteristics and biochemical recurrence (BCR) risk in patients with PSA level of 2.5-3.0 (group 1, n = 92, 5.7%), 3.0-4.0 (group 2, n = 283, 17.5%), or 4.0-10.0 ng/mL (group 3, n = 1,242, 76.8%) who underwent RP between 1995 and 2013. The pathologic characteristics including Gleason score, pathologic stage, and percentage of significant cancer in group 1 were similar to those in group 2 and group 3. Furthermore, pathological upgrading and upstaging were found in 23 (30.7%) and 10 (14.7%) in group 1, 84 (33.9%) and 19 (8.8%) in group 2, and 321 (32.8%) and 113 (12.8%) in group 3, respectively, with no significant differences among the three groups (all P > 0.05). In multivariate analysis, PSA grouping was not an independent predictor of BCR. Within the population with PSA lower than 10 ng/mL, substratification of PSA is not a significant predictor for upgrading, upstaging, or adverse prognosis.",J Korean Med Sci,2015,30,317-22,doi: 10.3346/jkms.2015.30.3.317. Epub 2015 Feb 16,https://www.ncbi.nlm.nih.gov/pubmed/25729256,,negative,0,2015.0
26062525,CyberKnife stereotactic radiotherapy for isolated recurrence in the prostatic bed,Detti B,"PURPOSE: To report a clinical experience of stereotactic body radiation therapy (SBRT) for isolated recurrence in the prostatic bed from prostate cancer. MATERIALS AND METHODS: Between November 2011 and November 2013, 16 patients were treated with SBRT for a macroscopic isolated recurrence of prostate cancer in the prostatic bed. All patients were initially treated with radical prostatectomy, and half of them also received radiotherapy. Two schedules of SBRT were used: 30 Gy in 5 fractions in previously irradiated patients, 35 Gy in five fractions in radiotherapy-naïve patients. RESULTS: At a median follow-up of 10 months (range 2-21 months), a significant biochemical response was found in all but one patient. At imaging evaluation, no local progression was noted: 10 patients showed partial response while four stable disease. At the moment of analysis, all 16 patients were alive. Seven of them experienced distant relapse, while nine maintained biochemical control, with no further therapy. Median time to relapse was 9.3 months (range 3-15.2 months). The treatment was well tolerated: One patient experienced G2 acute genitourinary and gastrointestinal toxicity. CONCLUSIONS: Our experience shows that SBRT with CyberKnife for isolated nodal relapse is a safe and well-tolerated treatment.",World J Urol,2016,34,311-7,doi: 10.1007/s00345-015-1613-5. Epub 2015 Jun 11,https://www.ncbi.nlm.nih.gov/pubmed/26062525,,negative,0,2015.0
15817332,High-dose-rate intensity-modulated brachytherapy with external beam radiotherapy for prostate cancer: California endocurietherapy's 10-year results,Demanes DJ,"PURPOSE: To present the long-term outcome and morbidity of high-dose-rate brachytherapy (HDR-BT) combined with external beam radiotherapy (EBRT) for localized prostate cancer. METHODS AND MATERIALS: Between September 1991 and December 1998, 209 consecutive patients with no prior androgen suppression were treated with HDR-BT plus EBRT. The median follow-up was 7.25 years (range, 5-12 years). The patients were stratified into three risk groups: low (Stage T2a or less, Gleason score </=6, and prostate-specific antigen [PSA] level </=10 ng/mL), intermediate (Stage T2b,c, Gleason score 7, and PSA level 10-20 ng/mL), and high (Stage T3, Gleason score 8-10, and PSA level >20). Four definitions of PSA progression were compared with the general clinical failure outcome: the American Society for Therapeutic Radiology and Oncology (ASTRO) definition, nadir plus 2.0 ng/mL, two consecutive rises >/=0.5 ng/mL, and PSA level >0.2 ng/mL. Morbidity was scored using Radiation Therapy Oncology Group criteria. RESULTS: The general clinical control rate was 90% (188 of 209), and the general clinical failure rate was 10% (21 of 209). The overall survival rate was 79%, and the cause-specific survival rate was 97%. The PSA progression-free survival (ASTRO definition) rate was 90%, 87%, and 69% for the low-, intermediate-, and high-risk groups, respectively. The nadir plus 2 ng/mL and two rises >/=0.5 definitions correlated better with the actual clinical outcome than did the ASTRO and PSA >0.2 ng/mL definitions. The rate of Grade 3 and 4 late urinary morbidity was 6.7% and 1%, respectively, mostly occurring in patients who had undergone post-RT transurethral prostate resection. No late Grade 3 or 4 rectal morbidity developed. The sexual potency preservation rate was 67%. CONCLUSION: Our 10-year results have demonstrated HDR-BT plus EBRT is a proven treatment for all stages of localized prostate cancer. The morbidity was low, but post-RT transurethral resection should be avoided.",Int J Radiat Oncol Biol Phys,2005,1,,doi: 10.1016/j.ijrobp.2004.08.014,https://www.ncbi.nlm.nih.gov/pubmed/15817332,,negative,0,2005.0
26351883,Robotic-Assisted Laparoscopic Radical Prostatectomy,Agarwal G,"BACKGROUND: The use of radical prostatectomy for the treatment of prostate cancer has been increasing during the last decade partially due to the widespread adoption of the robotic-assisted laparoscopic technique. Although no prospective, randomized controlled trials have compared open radical prostatectomy (ORP) with robotic-assisted laparoscopic radical prostatectomy (RALRP), numerous comparative studies have been retrospectively conducted. METHODS: A systematic review of the literature was performed to clarify the role and advancement of RALRP. Studies comparing ORP with RALRP that measured outcomes of cancer control, urinary and sexual function, and complications were included. A nonsystematic review was utilized to describe the advancements in the techniques used for RALRP. RESULTS: RALRP is the procedure of choice when treating localized prostate cancer. This preference is due to the observed improvement in morbidity rates, as evidenced by decreased rates of blood loss and postoperative pain and similar oncological outcomes when compared with ORP. Robotic assistance during surgery is continually being modified and the techniques advanced, as evidenced by improved nerve sparing for preserving potency and reconstruction of the bladder neck to help in the early recovery of urinary continence. CONCLUSIONS: Morbidity rates should continue to improve with the advancement of minimally invasive techniques for radical prostatectomy. The adoption of robotic assistance during surgery will continue as the applications of robotic-assisted surgery expand into other solid organ malignancies.",Cancer Control,2015,22,283-90,doi: 10.1177/107327481502200305,https://www.ncbi.nlm.nih.gov/pubmed/26351883,,negative,0,2015.0
20832665,Biochemical disease-free rate and toxicity for men treated with iodine-125 prostate brachytherapy with d(90) ≥180 Gy,Gómez-Iturriaga Piña A,"PURPOSE: Iodine-125 ((125)I) prostate brachytherapy is planned with a prescribed dose of 145 Gy and minimal dose received by 90% of the prostate (D(90)) of 120-125% (174-181 Gy). We examined the clinical outcomes and toxicity profile of men receiving a D(90) (isodose enclosing 90% of the prostate) of ≥180 Gy. METHODS AND MATERIALS: Between March 1999 and May 2006, 129 men (17% of our total brachytherapy population) treated with (125)I monotherapy for Stage T1-T2 prostate cancer received a D(90) ≥180 Gy. Implants were performed using transrectal ultrasonography and fluoroscopic guidance. The 1-month postplan dosimetry used magnetic resonance imaging-computed tomography fusion. The minimal follow-up was 2 years. Toxicity was scored according to the National Cancer Institute Common Terminology Criteria for Adverse Events toxicity scale, version 3. RESULTS: The median patient age was 63 years (range, 50-76), and the pretreatment prostate-specific antigen level was 5.5 ng/mL (range, 0.6-13.5). The Gleason score was ≤6 in 125 patients and was 7 in 4 patients. The median follow-up period was 40 months (range, 24-111), and the median D(90) was 186 Gy. The median minimal dose received by 30% of the urethra was 203 Gy, and the median rectal volume receiving a minimum of 100% of the prescribed dose was 0.81 cm(3). Acute Grade 2 genitourinary toxicity was seen in 5.4% and late Grade 2 in 7%. Late urinary retention (Grade 3) was seen in 2 patients (1.5%). Grade 1 rectal bleeding occurred in 9.3% and Grade 2 in 2.3%. On univariate logistic regression analysis, none of the clinical and dosimetric parameters predicted for rectal bleeding. Of 110 men who were potent before treatment, 81% remained potent 5 years after treatment. Three biochemical failures and only one local failure developed. The 5-year biochemical no evidence of disease rate using the ""nadir plus 2"" definition was 96.8%. CONCLUSION: A D(90) of ≥180 Gy is associated with excellent biochemical disease-free survival and acceptable toxicity.",Int J Radiat Oncol Biol Phys,2010,1,,doi: 10.1016/j.ijrobp.2009.07.1723,https://www.ncbi.nlm.nih.gov/pubmed/20832665,,negative,0,2010.0
26241816,Patient-reported sexual toxicity after radiation therapy in long-term prostate cancer survivors,Olsson CE,"BACKGROUND: To present an overview of patient-reported sexual toxicity in sexually active long-term prostate cancer survivors treated with radiation therapy. METHODS: We used patient-reported outcomes from a study-specific questionnaire surveying symptoms after prostate cancer radiation therapy. Data from 518 men treated at the Sahlgrenska University Hospital in Sweden from 1993 to 2006 were analysed. The men had undergone primary or salvage external beam radiation therapy (EBRT) or EBRT combined with high-dose rate brachytherapy (BT). We also used information from 155 non-treated reference men from the general population with no history of prostate cancer, matched for age and residency. RESULTS: Median time from treatment to follow-up was 5 years (range: 1-14 years). Among the 16 investigated symptoms on erectile function, libido, orgasm, and seminal fluid, 9 symptoms in the primary EBRT group and 10 in both the salvage EBRT and the EBRT+BT groups were statistically significantly more prevalent in survivors than in reference men. Erectile dysfunction was influenced by both age and time to follow-up, whereas symptoms relating to orgasm and seminal fluid were influenced by time to follow-up only. Not being sexually active was almost one and a half times as common in survivors as in reference men. CONCLUSIONS: The presented symptom profiles can help to develop personalized therapy for prostate cancer through a better understanding of which radiation-induced toxicities to be addressed in the clinic and can also assist in identifying suitable interventions for existing symptoms.",Br J Cancer,2015,1,,doi: 10.1038/bjc.2015.275. Epub 2015 Aug 4,https://www.ncbi.nlm.nih.gov/pubmed/26241816,,negative,0,2015.0
26603006,Brachytherapy and radical prostatectomy in patients with early prostate cancer,Ferreira AS,"OBJECTIVE: this study analyzes the survival of prostate cancer patients cared for at a hospital in Minas Gerais, Brazil according to one of the following treatments: iodine-125 seed implantation or radical prostatectomy. From January 2002 to December 2005, 129 patients underwent either brachytherapy (64 patients) or surgery (65 patients). METHODS: all had prostate-specific antigen, Gleason scores and clinical stage recorded prior to treatment. Biochemical relapse was defined as prostate-specific antigen (PSA)>0.4 ng/mL for radical prostatectomy, and any elevation equal or higher than 2 ng/mL over the PSA nadir for implanted patients. To analyze the effect of treatment on biochemical recurrence-free survival (BRFS), Kaplan-Meier curves and Cox regression were generated. Mean follow-up time was 56.1 months for patients with the implant, and 26.6 months for those operated on. BRFS in 5 years was 69% (95% CI: 58.18-77.45) for the whole cohort. DISCUSSION: when stratified according to treatment, survival of patients who had undergone brachytherapy (79.70%) was higher to those operated on (44.30%; p value= 0.0056). Upon multivariate analysis, independent predictors were iPSA (HR: 2.91, 95% CI: 1,32-6,42), Gleason score (HR: 2.18, 95% CI: 1,00-4,81) and treatment modality (HR: 2.61, 95% CI: 1.18-5,75). Risk of biochemical failure was higher with surgery than brachytherapy, which may be related to the failure criteria adopted, which is different for each therapy, as well as the high rate of histological progression between preoperative prostate biopsy and surgical specimen. CONCLUSION: it was found that brachytherapy is a good therapeutic option for low risk prostate cancer.",Rev Assoc Med Bras (1992),2015,,-,doi: 10.1590/1806-9282.61.05.431,https://www.ncbi.nlm.nih.gov/pubmed/26603006,,negative,0,2015.0
32044166,Single dose high-dose rate (HDR) brachytherapy (BT) as monotherapy for localised prostate cancer: Early results of a UK national cohort study,Tharmalingam H,"BACKGROUND: HDR brachytherapy alone is effective for the treatment of localised prostate cancer when given in 2-4 or more fractions. Single dose treatment has been explored in small cohort studies to date. This paper reports a large patient population with localised prostate cancer treated with single dose HDR brachytherapy delivering 19 Gy providing early outcome data from this approach. PATIENTS AND METHODS: Seven centres across the UK collaborated in this national protocol to deliver 19 Gy to the PTV defined by the prostate capsule and a 3 mm expansion with clearly defined planning constraints for the urethra and rectum. Entry criteria allowed all risk groups provided PSA ≤40 µg/L and staging investigations were negative for metastases. The primary end point was biochemical relapse free survival (bRFS) defined using the Phoenix definition. Toxicity was measured using CTCAE v4.0. RESULTS: A total of 441 patients were entered with median follow up 26 months (range 2-56). Median age was 73 (range 54-84) and 10% were low risk, 65% intermediate risk and 25% high risk. ADT was received by 37.6% overall and 90% of high risk patients for a median period of 6 months. Three year bRFS was overall 88%: this was 100% in low risk, 86% in intermediate risk and 75% in high risk. Only Gleason score was an independent predictor of bRFS. Relapse in 25 patients was assessed radiologically and occurred in the prostate in 15 of these, 11 of whom had localised prostate relapse only. Acute toxicity was low with no grade 3 or 4 events; there were two cases of late urinary stricture and two grade 3 late rectal events. CONCLUSION: This is the largest cohort of single dose HDR brachytherapy patients treated with a single dose published to date. It shows that with 19 Gy there is 100% bRFS at 3 years in low risk patients but results in intermediate and high risk groups are less encouraging falling to 86% and 75% at 3 years with relapse predominantly in the prostate. Limited by the short follow up period of this study, the long-term outcomes of this single dose HDR approach remains uncertain. It is important to have close ongoing surveillance of this cohort as the data matures.",Radiother Oncol,2020,143,95-100,doi: 10.1016/j.radonc.2019.12.017. Epub 2020 Feb 7,https://www.ncbi.nlm.nih.gov/pubmed/32044166,,negative,0,2020.0
16135479,Randomized trial comparing two fractionation schedules for patients with localized prostate cancer,Lukka H,"PURPOSE: The optimal radiation dose fractionation schedule for localized prostate cancer is unclear. This study was designed to compare two dose fractionation schemes (a shorter 4-week radiation schedule v a longer 6.5-week schedule). PATIENTS AND METHODS: Patients with early-stage (T1 or T2) prostate cancer were randomly assigned to 66 Gy in 33 fractions over 45 days (long arm) or 52.5 Gy in 20 fractions over 28 days (short arm). The study was designed as a noninferiority investigation with a predefined tolerance of -7.5%. The primary outcome was a composite of biochemical or clinical failure (BCF). Secondary outcomes included presence of tumor on prostate biopsy at 2 years, survival, and toxicity. RESULTS: From March 1995 to December 1998, 936 men were randomly assigned to treatment; 470 were assigned to the long arm, and 466 were assigned to the short arm. The median follow-up time was 5.7 years. At 5 years, the BCF probability was 52.95% in the long arm and 59.95% in the short arm (difference = -7.0%; 90% CI, -12.6% to -1.4%), favoring the long arm. No difference in 2-year postradiotherapy biopsy or in overall survival was detected between the arms. Acute toxicity was found to be slightly higher in the short arm (11.4%) compared with the long arm (7%; difference = -4.4%; 95% CI, -8.1% to -0.6%); however, late toxicity was similarly low in both arms (3.2%). CONCLUSION: Given the results, we cannot exclude the possibility that the chosen hypofractionated radiation regimen may be inferior to the standard regimen. Further evaluation involving higher dose hypofractionated radiation regimens in contemporary radiation settings is necessary.",J Clin Oncol,2005,1,,doi: 10.1200/JCO.2005.06.153,https://www.ncbi.nlm.nih.gov/pubmed/16135479,,negative,0,2005.0
21104184,Salvage robotic assisted laparoscopic radical prostatectomy: indications and outcomes,Williams SB,"OBJECTIVES: Salvage robotic assisted laparoscopic radical prostatectomy (SRALP) has now become a feasible alternative to open prostatectomy in experienced hands. Herein we review the urologic literature for the indications and outcomes of SRALP. METHODS: A comprehensive review of the peer reviewed literature was performed for reported cases of salvage robotic and open prostatectomy, with emphasis being on comparing oncologic outcomes. RESULTS: Salvage prostatectomy, whether open or robotic, is a viable alternative for treatment of recurrent, localized, non-metastatic prostate cancer after failed primary radiotherapy. Although few reports of salvage robotic prostatectomy have been published with limited long-term follow-up, initial oncologic results seem at least comparable to the salvage open prostatectomy series. SRALP should be performed by centers with a dedicated and well experienced robotic urologic oncology program. CONCLUSIONS: SRALP is a feasible surgical treatment option for patients with recurrence after primary radiotherapy with preliminary oncologic outcomes comparable to the open approach. Further long-term follow-up is needed to validate these results.",World J Urol,2013,31,431-4,doi: 10.1007/s00345-010-0619-2. Epub 2010 Nov 21,https://www.ncbi.nlm.nih.gov/pubmed/21104184,,negative,0,2010.0
32399639,Efficacy of repeated PSMA PET-directed radiotherapy for oligorecurrent prostate cancer after initial curative therapy,Henkenberens C,"PURPOSE: To assess the outcome of prostate cancer (PCa) patients diagnosed with oligorecurrent disease and treated with a first and a second PSMA (prostate-specific membrane antigen ligand) PET(positron-emission tomography)-directed radiotherapy (RT). PATIENTS AND METHODS: Thirty-two patients with oligorecurrent relapse after curative therapy received a first PSMA PET-directed RT of all metastases. After biochemical progression, all patients received a second PSMA PET-directed RT of all metastases. The main outcome parameters were biochemical progression-free survival (bPFS) and androgen deprivation therapy-free survival (ADT-FS). The intervals of BPFS were analyzed separately as follows: the interval from the last day of PSMA PET-directed RT to the first biochemical progression was defined as bPFS_1 and the interval from second PSMA PET-directed RT to further biochemical progression was defined as bPFS_2. RESULTS: The median follow-up duration was 39.5 months (18-60). One out of 32 (3.1%) patients died after 47 months of progressive metastatic prostate cancer (mPCa). All patients showed biochemical responses after the first PSMA PET-directed RT and the median prostate-specific antigen (PSA) level before RT was 1.70 ng/mL (0.2-3.8), which decreased significantly to a median PSA nadir level of 0.39 ng/mL (range <0.07-3.8; p = 0.004). The median PSA level at biochemical progression after the first PSMA PET-directed RT was 2.9 ng/mL (range 0.12-12.80; p = 0.24). Furthermore, the PSA level after the second PSMA PET-directed RT at the last follow-up (0.52 ng/mL, range <0.07-154.0) was not significantly different (p = 0.36) from the median PSA level (1.70 ng/mL, range 0.2-3.8) before the first PSMA PET-directed RT. The median bPFS_1 was 16.0 months after the first PSMA PET-directed RT (95% CI 11.9-19.2) and the median bPFS_2 was significantly shorter at 8.0 months (95% CI 6.3-17.7) after the second PSMA PET-directed RT (p = 0.03; 95% CI 1.9-8.3). Multivariate analysis revealed no significant parameter for bPFS_1, whereas extrapelvic disease was the only significant parameter (p = 0.02, OR 2.3; 95% CI 0.81-4.19) in multivariate analysis for bPFS_2. The median ADT-FS was 31.0 months (95% CI 20.1-41.8) and multivariate analysis showed that patients with bone metastases, compared to patients with only lymph node metastases at first PSMA PET-directed RT, had a significantly higher chance (p = 0.007, OR 4.51; 95% CI 1.8-13.47) of needing ADT at the last follow-up visit. CONCLUSION: If patients are followed up closely, including PSMA PET scans, a second PSMA PET-directed RT represents a viable treatment option for well-informed and well-selected patients.",Strahlenther Onkol,2020,196,1006-1017,doi: 10.1007/s00066-020-01629-5. Epub 2020 May 12,https://www.ncbi.nlm.nih.gov/pubmed/32399639,,negative,0,2020.0
16086912,20 Gy versus 44 Gy supplemental beam radiation with Pd-103 prostate brachytherapy: preliminary biochemical outcomes from a prospective randomized multi-center trial,Wallner K,"BACKGROUND AND PURPOSE: While favorable results are achieved with combined modality irradiation, there has never been a rigorous study of the need for supplemental beam. The study reported here compares clinical outcomes with substantially different external beam radiation doses. Similar to classic randomized Wilm's tumor studies from the 1980s, the intention of the trial design was to decrementally test the need for beam radiation. PATIENTS AND METHODS: As of June 2000, 165 of a planned 600 patients with 1997 AJC clinical stage T1c-T2a prostatic carcinoma, Gleason grade 7-10 and/or PSA 10-20 ng/ml, were treated on a randomized protocol comparing 44 versus 20 Gy pre-implant supplemental beam radiation, combined with Pd-103, 90 versus 115 Gy, respectively (NIST-1999). Freedom from biochemical failure was defined as a serum PSA</=0.5 ng/ml at last follow-up. Patients were censored at last follow-up if their serum PSA was still decreasing. Patients whose serum PSA nadired at a value >0.5 ng/ml were scored as failures at the time at which their PSA nadired. The follow-up period for non-failing patients ranged from 0.5 to 4.9 years (median: 2.9 years). Accrual of 566 patients was achieved in October 2004. The study was closed at that time because of slowing accrual, due in part to the findings reported here. RESULTS: The overall actuarial freedom from biochemical progression at 3 years is 85%, with 59 patients followed beyond 3 years. A total of 21 patients have developed biochemical failure, 12 treated with 20 Gy and nine treated with 44 Gy. There were no clinically evident local failures. The actuarial biochemical freedom-from-failure rate at 3 years was 83% for 20 Gy patients versus 88% for 44 Gy patients (P=0.64). For 112 patients with a pre-treatment PSA<10 ng/ml, the 3-year freedom from progression was 84% in patients receiving 20 Gy beam radiation versus 94% in those who received 44 Gy beam (P=0.16). For 47 patients with a pre-treatment PSA>10 ng/ml, the 3-year freedom from progression was 82% in patients receiving 20 Gy beam radiation versus 72% in those who received 44 Gy beam (P=0.38). CONCLUSIONS: The randomized data presented here suggests that the likelihood of biochemical cure is similar with standard (44 Gy) or lower dose (20 Gy) supplemental beam radiation. Since the biological effect of 20 Gy external beam radiation is likely to be small, we interpret these preliminary results to suggest that supplemental beam radiation is unnecessary, in the setting of a high degree of prostate coverage by the brachytherapy prescription dose. With closure of this study, we have begun treating intermediate and high risk patients on a prospective randomized comparison of Pd-103 with 20 versus 0 Gy supplemental beam radiation.",Radiother Oncol,2005,75,307-10,doi: 10.1016/j.radonc.2005.03.019,https://www.ncbi.nlm.nih.gov/pubmed/16086912,,negative,0,2005.0
20045267,External beam radiation therapy after transurethral resection of the prostate: a report on acute and late genitourinary toxicity,Devisetty K,"PURPOSE: To describe genitourinary (GU) toxicity in men with a history of transurethral resection of the prostate (TURP) treated with external beam radiation therapy (EBRT) for prostate cancer. METHODS AND MATERIALS: Seventy-one men with a history of TURP were treated with EBRT for prostate cancer. The median time from TURP to EBRT was 15 months. The median EBRT dose was 70 Gy, and 21 men (30%) received androgen deprivation therapy (ADT). Acute GU toxicity and late GU toxicity were scored by Radiation Therapy Oncology Group criteria and compared with a cohort of 538 men without prior TURP. The median follow-up for men with TURP and men without TURP was 40 months and 50 months, respectively (p = 0.7605). RESULTS: The rate of acute Grade 2 GU toxicity or higher was 41%, and was increased with a history of more than 1 TURP (73% vs. 31%, p = 0.0036). The 4-year rate of freedom from late Grade 3 GU toxicity or higher was 84%, and was decreased with ADT (45% vs. 95% without ADT, p = 0.0024). By last follow-up, maximal GU toxicity tended to resolve (p < 0.0001) and there was no worsening of urinary symptom scores (p = 0.6911). Compared to men without a prior TURP, TURP patients had a lower rate of freedom from late Grade 3 toxicity or higher (84% vs. 96%, p = 0.0483). Multivariate analysis suggested a higher rate of late Grade 3 toxicity or higher with TURP (risk ratio, 2.87; p = 0.0612) and EBRT dose of 74 Gy or greater (risk ratio, 2.26; p = 0.0521). CONCLUSIONS: Men treated for prostate cancer with EBRT after TURP have a higher risk of severe GU toxicity; however, the overall incidence is low, and toxicity tends not to persist.",Int J Radiat Oncol Biol Phys,2010,15,,doi: 10.1016/j.ijrobp.2009.06.078. Epub 2010 Jan 4,https://www.ncbi.nlm.nih.gov/pubmed/20045267,,negative,0,2010.0
22633365,Biochemical recurrence after robot-assisted radical prostatectomy in a European single-centre cohort with a minimum follow-up time of 5 years.,Sooriakumaran P,"BACKGROUND: Robot-assisted radical prostatectomy (RARP) is an increasingly commonly used surgical treatment option for prostate cancer (PCa); however, its longer-term oncologic results remain uncertain. OBJECTIVE: To report biochemical recurrence-free survival (BRFS) outcomes for men who underwent RARP ≥5 yr ago at a single European centre. DESIGN, SETTING, AND PARTICIPANTS: A total of 944 patients underwent RARP as monotherapy for PCa from January 2002 to December 2006 at Karolinska University Hospital, Stockholm, Sweden. Standard clinicopathologic variables were recorded and entered into a secure, ethics-approved database made up of those men with registered domiciles in Stockholm. The median follow-up time was 6.3 yr (interquartile range: 5.6-7.2). OUTCOME MEASUREMENTS AND STATISTICAL ANALYSIS: The outcome of this study was biochemical recurrence (BCR), defined as a confirmed prostate-specific antigen (PSA) of ≥0.2 ng/ml. Kaplan-Meier survival plots with log-rank tests, as well as Cox univariable and multivariable regression analyses, were used to determine BRFS estimates and determine predictors of PSA relapse, respectively. RESULTS AND LIMITATIONS: The BRFS for the entire cohort at median follow-up was 84.8% (95% confidence interval [CI], 82.2-87.1); estimates at 5, 7, and 9 yr were 87.1% (95% CI, 84.8-89.2), 84.5% (95% CI, 81.8-86.8), and 82.6% (95% CI, 79.0-85.6), respectively. Nine and 19 patients died of PCa and other causes, respectively, giving end-of-follow-up Kaplan-Meier survival estimates of 98.0% (95% CI, 95.5-99.1) and 94.1% (95% CI, 90.4-96.4), respectively. Preoperative PSA >10, postoperative Gleason sum ≥4 + 3, pathologic T3 disease, positive surgical margin status, and lower surgeon volume were associated with increased risk of BCR on multivariable analysis. This study is limited by a lack of nodal status and tumour volume, which may have confounded our findings. CONCLUSIONS: This case series from a single, high-volume, European centre demonstrates that RARP has satisfactory medium-term BRFS. Further follow-up is necessary to determine how this finding will translate into cancer-specific and overall survival outcomes.",Eur Urol,2012,62,768-74,10.1016/j.eururo.2012.05.024,https://www.ncbi.nlm.nih.gov/pubmed/22633365,LOW RISK,positive,1,
26112477,Salvage brachytherapy for locally recurrent prostate cancer after external beam radiotherapy,Yamada Y,"External beam radiotherapy (EBRT) is a standard treatment for prostate cancer. Despite the development of novel radiotherapy techniques such as intensity-modulated conformal radiotherapy, the risk of local recurrence after EBRT has not been obviated. Various local treatment options (including salvage prostatectomy, brachytherapy, cryotherapy, and high-intensity focused ultrasound [HIFU]) have been employed in cases of local recurrence after primary EBRT. Brachytherapy is the first-line treatment for low-risk and selected intermediate-risk prostate tumors. However, few studies have examined the use of brachytherapy to treat post-EBRT recurrent prostate cancer. The purpose of this paper is to analyze the current state of our knowledge about the effects of salvage brachytherapy in patients who develop locally recurrent prostate cancer after primary EBRT. This article also introduces our novel permanent brachytherapy salvage method.",Asian J Androl,2015,,-,doi: 10.4103/1008-682X.151391,https://www.ncbi.nlm.nih.gov/pubmed/26112477,,negative,0,2015.0
25964594,Hypofractionated Dose Escalated 3D Conformal Radiotherapy for Prostate Cancer: Outcomes from a Mono-Institutional Phase II Study,Tramacere F,"BACKGROUND/AIM: Based on a radiobiological assumption of a low alpha/beta (α/β) ratio for prostate cancer, hypofractionated radiotherapy has increasingly gained traction in the clinical practice and recent guidelines have confirmed the non-inferiority of this approach. Nevertheless, the largest studies that have used hypofractionation so far, employed image-guided radiation therapy/intensity modulated radiation therapy (IGRT/IMRT) facilities that might have overcome the radiobiological advantages, which remain to be fully confirmed. The aim of this trial was to evaluate the feasibility of a hypofractionated schedule delivered with 3D-Conformal Radiotherapy to prostate and seminal vesicles in combination with hormonal therapy. PATIENTS AND METHODS: The study included 97 consecutive patients with localized prostate cancer (PCa), irrespective of risk class, treated with a schedule of 62 Gy in 20 fractions over 5 weeks (4 fractions of 3.1 Gy each per week). According to National Comprehensive Cancer Network (NCCN) prognostic classification, patients were divided into a favourable group (19%), intermediate group (41%) and unfavourable group (40%). Early and late toxicities were scored using the radiation toxicity grading/European Organisation for Research and Treatment of Cancer (RTOG/EORTC) criteria. Additionally, the international prostate symptom index (IPSS) for benign prostate hypertrophy was used to evaluate obstructive urinary symptoms. Biochemical outcome was reported according to the Phoenix definition for biochemical failure. Hormonal therapy (HT) was administrated in 92% of patients. RESULTS: After a median follow-up of 39 months (range=25-52), maximum ≥G2 late genitourinary (GU) and gastrointestinal (GI) toxicities occurred in 8% and 11% patients, respectively. The corresponding figures for acute toxicities were 24% and 15%. Patients with higher IPSS score before enrolment had significantly worse urinary function after treatment. Only 2% of patients died from PCa. Biochemical non-evidence of disease (bNED) was 83% for all patients. CONCLUSION: Our study confirms that 3D conformal radiotherapy (3DCRT) remains a safe and effective method to deliver a dose-escalated hypofractionated regimen for PCa patients in all risk classes with acceptable toxicity rates and optimal biochemical control.",Anticancer Res,2015,35,3049-54,,https://www.ncbi.nlm.nih.gov/pubmed/25964594,,negative,0,2015.0
31935027,"Patient-Reported Outcomes Through 5 Years for Active Surveillance, Surgery, Brachytherapy, or External Beam Radiation With or Without Androgen Deprivation Therapy for Localized Prostate Cancer",Hoffman KE,"IMPORTANCE: Understanding adverse effects of contemporary treatment approaches for men with favorable-risk and unfavorable-risk localized prostate cancer could inform treatment selection. OBJECTIVE: To compare functional outcomes associated with prostate cancer treatments over 5 years after treatment. DESIGN, SETTING, AND PARTICIPANTS: Prospective, population-based cohort study of 1386 men with favorable-risk (clinical stage cT1 to cT2bN0M0, prostate-specific antigen [PSA] ≤20 ng/mL, and Grade Group 1-2) prostate cancer and 619 men with unfavorable-risk (clinical stage cT2cN0M0, PSA of 20-50 ng/mL, or Grade Group 3-5) prostate cancer diagnosed in 2011 through 2012, accrued from 5 Surveillance, Epidemiology and End Results Program sites and a US prostate cancer registry, with surveys through September 2017. EXPOSURES: Treatment with active surveillance (n = 363), nerve-sparing prostatectomy (n = 675), external beam radiation therapy (EBRT; n = 261), or low-dose-rate brachytherapy (n = 87) for men with favorable-risk disease and treatment with prostatectomy (n = 402) or EBRT with androgen deprivation therapy (n = 217) for men with unfavorable-risk disease. MAIN OUTCOMES AND MEASURES: Patient-reported function, based on the 26-item Expanded Prostate Index Composite (range, 0-100), 5 years after treatment. Regression models were adjusted for baseline function and patient and tumor characteristics. Minimum clinically important difference was 10 to 12 for sexual function, 6 to 9 for urinary incontinence, 5 to 7 for urinary irritative symptoms, and 4 to 6 for bowel and hormonal function. RESULTS: A total of 2005 men met inclusion criteria and completed the baseline and at least 1 postbaseline survey (median [interquartile range] age, 64 [59-70] years; 1529 of 1993 participants [77%] were non-Hispanic white). For men with favorable-risk prostate cancer, nerve-sparing prostatectomy was associated with worse urinary incontinence at 5 years (adjusted mean difference, -10.9 [95% CI, -14.2 to -7.6]) and sexual function at 3 years (adjusted mean difference, -15.2 [95% CI, -18.8 to -11.5]) compared with active surveillance. Low-dose-rate brachytherapy was associated with worse urinary irritative (adjusted mean difference, -7.0 [95% CI, -10.1 to -3.9]), sexual (adjusted mean difference, -10.1 [95% CI, -14.6 to -5.7]), and bowel (adjusted mean difference, -5.0 [95% CI, -7.6 to -2.4]) function at 1 year compared with active surveillance. EBRT was associated with urinary, sexual, and bowel function changes not clinically different from active surveillance at any time point through 5 years. For men with unfavorable-risk disease, EBRT with ADT was associated with lower hormonal function at 6 months (adjusted mean difference, -5.3 [95% CI, -8.2 to -2.4]) and bowel function at 1 year (adjusted mean difference, -4.1 [95% CI, -6.3 to -1.9]), but better sexual function at 5 years (adjusted mean difference, 12.5 [95% CI, 6.2-18.7]) and incontinence at each time point through 5 years (adjusted mean difference, 23.2 [95% CI, 17.7-28.7]), than prostatectomy. CONCLUSIONS AND RELEVANCE: In this cohort of men with localized prostate cancer, most functional differences associated with contemporary management options attenuated by 5 years. However, men undergoing prostatectomy reported clinically meaningful worse incontinence through 5 years compared with all other options, and men undergoing prostatectomy for unfavorable-risk disease reported worse sexual function at 5 years compared with men who underwent EBRT with ADT.",JAMA,2020,14,,doi: 10.1001/jama.2019.20675,https://www.ncbi.nlm.nih.gov/pubmed/31935027,,negative,0,2020.0
15028451,No difference in six-year biochemical failure rates with or without pelvic lymph node dissection during radical prostatectomy in low-risk patients with localized prostate cancer.,Bhatta-Dhar N,"OBJECTIVES: To compare differences in the actuarial biochemical relapse-free survival rates at 6 years in a contemporary series of patients who underwent radical prostatectomy with and without pelvic lymph node dissection (PLND). Biochemical failure was defined as a serum prostate-specific antigen level greater than 0.2 ng/mL confirmed at least 1 week later. METHODS: The records of 806 consecutive radical prostatectomy cases performed between January 1995 and June 1999 were reviewed. A total of 336 patients with favorable tumor characteristics (prostate-specific antigen 10 ng/mL or less, biopsy Gleason score 6 or less, and clinical Stage T1 or T2) not receiving adjuvant or neoadjuvant therapy were divided into two groups according to whether PLND was performed (PLND group, n = 140) or omitted (no-PLND group, n = 196). A Cox proportional hazards model was used to analyze the effect of age, race, family history, initial prostate-specific antigen level, tumor stage, biopsy Gleason score, PLND, extracapsular extension, and seminal vesicle invasion on the likelihood of biochemical failure. Biochemical relapse-free survival for each group was estimated by Kaplan-Meier analysis. The mean follow-up time for the entire group was 60.0 months, with a similar follow-up for both cohorts (mean 61.8 and 58.2 months, respectively, P value not statistically significant). Follow-up information was obtained through an institutional review board-approved prospective patient registry. RESULTS: The 6-year biochemical relapse-free rate for the PLND versus no-PLND group was 86% and 88%, respectively (P = 0.28). On multivariate analysis, PLND was not an independent predictor of outcome (P = 0.33). CONCLUSIONS: Our study results demonstrated that the omission of PLND in patients with favorable tumor characteristics does not adversely affect biochemical relapse rates at 6 years after surgery. Such patients can be spared the morbidity and cost of PLND without affecting the chance for cure.",Urology,2004,63,528-31,10.1016/j.urology.2003.09.064,https://www.ncbi.nlm.nih.gov/pubmed/15028451,LOW RISK,positive,1,
22457326,Long-term oncological outcome and risk stratification in men with high-risk prostate cancer treated with radical prostatectomy.,Yamamoto S,"OBJECTIVE: To evaluate the long-term oncological outcome of radical prostatectomy for patients with high-risk prostate cancer. METHODS: Among 378 patients with prostate cancer who underwent radical prostatectomy at our hospital, 189 had high-risk prostate cancer defined as presenting with at least one of the following high-risk factors: prostate-specific antigen >20 ng/ml, clinical T3 and biopsy Gleason score ≥8. RESULTS: The median follow-up was 8.1 years. Of all patients, 106 and 61 had one and two high-risk factors, respectively, and the remaining 22 had all three high-risk factors. Pathological examination of the prostatectomy specimens revealed organ-confined disease, specimen-confined disease and lymph node metastasis in 80 (42%), 102 (54%) and 22 (12%), respectively. The 10-year prostate-specific antigen failure-free and local progression-free survival rates were 48.5 and 87.6%, respectively. The 10-year cancer-specific and overall survival rates were 94.1 and 88.7%, respectively. The 10-year prostate-specific antigen failure-free survivals of patients with one, two and all three high-risk factors were 58.5, 39.9 and 22.7%, respectively (P = 0.0001). Of the 106 patients with one high-risk factor only, the high Gleason score group had the best 10-year prostate-specific antigen failure-free survival (69.1%); in particular, that of patients without Gleason grade 5 was 100% (P= 0.032). CONCLUSIONS: Approximately half of patients with high-risk prostate cancer can be cured by radical prostatectomy without any adjuvant treatment. Radical prostatectomy for high-risk prostate cancer provides good long-term local cancer control and cancer-specific survival. In particular, radical prostatectomy for patients with only one high-risk factor can be considered a valuable therapeutic option as the first treatment.",Jpn J Clin Oncol,2012,42,541-7,10.1093/jjco/hys043,https://www.ncbi.nlm.nih.gov/pubmed/22457326,HIGH RISK,positive,1,
20201830,Relationship between prostate cancer mortality and number of unfavourable risk factors in men treated with definitive brachytherapy,Taira AV,"OBJECTIVE: To explore whether the number of unfavourable pretreatment risk factors predicts cause-specific mortality in men treated with prostate brachytherapy. PATIENTS AND METHODS: Between April 1995 and March 2006, 739 patients were treated who had at least one of the following adverse risk factors: pretreatment prostate-specific antigen (PSA) level of >10 ng/mL, a Gleason score of > or =7, clinical stage > or =T2b, or a PSA velocity (PSAV) of >2 ng/mL/year. Supplemental external beam radiotherapy (EBRT) was delivered to 464 (62.8%) men and 301 (40.7%) received androgen deprivation therapy (ADT). Of men with more than two risk factors, 87% received EBRT and 62% received ADT. RESULTS: The biochemical progression-free survival (bPFS), cause-specific survival (CSS) and overall survival for all patients were 95.0%, 97.9% and 70.0% at 12 years. Men with three or four risk factors had a prostate cancer-specific mortality (PCSM) at 12 years of 5.3%, vs 1.7% for men with one or two risk factors (P= 0.006). When 'percentage of positive biopsy cores >50%' replaced PSAV as a risk factor, men with two or more risk factors had a PCSM of 8.9%, vs 1.0% for men with one or two risk factors (P= 0.001). There was no difference in all-cause mortality between the groups in either analysis. CONCLUSION: Multimodal brachytherapy results in high rates of bPFS and CSS, even for men with several unfavourable risk factors. Men with two or more unfavourable risk factors had a slightly greater risk of PCSM and no difference in all-cause mortality. The presence of three or four unfavourable intermediate-risk factors does not appear to clearly identify a group that requires further treatment intensification, although the percentage of positive cores might be more predictive than PSAV.",BJU Int,2010,106,809-14,doi: 10.1111/j.1464-410X.2010.09269.x. Epub 2010 Mar 1,https://www.ncbi.nlm.nih.gov/pubmed/20201830,,negative,0,2010.0
32150055,Adding radiotherapy to androgen deprivation therapy in men with node-positive prostate cancer after radical prostatectomy: A meta-analysis,Guo L,"BACKGROUND: Several studies have tested the addition of adjuvant radiotherapy (RT) to androgen deprivation therapy (ADT) in node-positive prostate cancer (PCa) after radical prostatectomy (RP). This meta-analysis aims to assess the effects of adding RT to ADT in the treatment of PCa patients with lymph node invasion. METHODS: We systematically searched PubMed and Embase through June 2018 for human studies comparing RT plus ADT versus ADT in men with node-positive PCa after RP. The primary end point was overall survival (OS). Secondary end point was cancer-specific survival (CSS). Hazard ratios (HRs) with 95% confidence intervals (CIs) for the effects of RT plus ADT on OS and CSS were combined across studies using meta-analysis. RESULTS: Five studies were selected for inclusion. Overall, 15,524 patients were enrolled in the 5 studies. This included 6309 (40.6%) patients receiving ADT, 4389 (28.3%) patients receiving adjuvant RT plus ADT, and 4826 (31.1%) patients receiving observation. In lymph node-positive PCa patients, the addition of adjuvant RT was associated with improved OS (HR: 0.74; 95% CI, 0.59-0.92; P = .008). Moreover, the addition of adjuvant RT was also associated with a dramatic CSS improvement (HR: 0.40; 95% CI, 0.27-0.59; P = .000). CONCLUSIONS: Adding RT to ADT may be a clinically effective treatment option for men with lymph node-positive PCa after RP.",Medicine (Baltimore),2020,99,,doi: 10.1097/MD.0000000000019153,https://www.ncbi.nlm.nih.gov/pubmed/32150055,,negative,0,2020.0
20215039,Loose seeds versus stranded seeds in I-125 prostate brachytherapy: differences in clinical outcome,Hinnen KA,"PURPOSE: To assess clinical outcome in terms of biochemical No evidence of disease (bNED) for patients with stranded seed implants versus loose seed implants in prostate brachytherapy. METHODS: From December 2000 until October 2006, we treated 896 T< or =2C Nx/0 Mx/0, prostate cancer patients with either stranded seed (n=538) or loose seed (n=358) I-125 implants. A total of 211 patients received a 6 months course of anti-androgen therapy, before treatment, for prostate volume reduction to <50 cc. Patients with very small and large gland volumes or a history of transurethral prostate resection, were preferably treated with stranded seeds, otherwise selection was arbitrary. RESULTS: The 5-year bNED rates (95% Confidence Interval) for stranded seed patients and loose seed patients were respectively 86% (82-90) and 90% (85-95), the total 5-year bNED rate was 87% (85-90). When adjusted for possible confounding factors in a Cox-regression analysis, type of seed was significantly associated with biochemical failure with a 43% risk reduction (hazard ratio: 0.57; 95% CI: 0.34-0.97) for loose seeds versus stranded seeds. CONCLUSIONS: These results suggest that seed-type affects clinical outcome in prostate brachytherapy, with better bNED for patients with loose seed implants.",Radiother Oncol,2010,96,30-3,doi: 10.1016/j.radonc.2010.02.012. Epub 2010 Mar 8,https://www.ncbi.nlm.nih.gov/pubmed/20215039,,negative,0,2010.0
15947662,Robotic radical prostatectomy in the community setting--the learning curve and beyond: initial 200 cases,Patel VR,"PURPOSE: The introduction of robotic assistance has the potential to improve surgical outcomes and reduce the steep learning curve associated with conventional laparoscopic radical prostatectomy. We report on our experience with robotic radical prostatectomy in the community setting. MATERIALS AND METHODS: A total of 200 patients underwent robotic radical prostatectomy during 18 months. Prospective data collection included a quality of life (Expanded Prostate Cancer Index Composite) questionnaire, basic demographics, prostate specific antigen (PSA), clinical stage and Gleason grade. Operative outcome measures included operative time, estimated blood loss and complications. Postoperative outcome measures included hospital stay, catheter time, pathology, PSA and return of continence. RESULTS: Average operative time was 141 minutes with an estimated blood loss of 75 cc. The intraoperative complication rate was 1% with no mortality, reexploration or transfusion. Of the patients 95% were discharged home on postoperative day 1 (1 to 3) with hematocrit averaging 34.5 (range 25 to 45). The average difference in preoperative and postoperative hematocrit was 3 points (range -2 to 15). Average catheter time was 7.2 days (range 5 to 15). The positive margin rate was 10.5% for the entire series, 5.7% for T2 tumors, 28.5% (T3a), 20% (T3b) and 33% (T4a). Of the patients 95% had undetectable PSA (less than 0.1 ng/ml) at average followup of 9.7 months. Continence at 1, 3, 6, 9 and 12 months was 47%, 78%, 89%, 92% and 98%, respectively. CONCLUSIONS: Our initial experience with robotic radical prostatectomy is promising. The learning curve was approximately 20 to 25 cases. With a structured methodical approach we were able to implement robotics safely and effectively into our community practice with minimal patient morbidity, and good oncological and functional outcomes.",J Urol,2005,174,269-72,doi: 10.1097/01.ju.0000162082.12962.40,https://www.ncbi.nlm.nih.gov/pubmed/15947662,,negative,0,2005.0
15743150,Integrating hormonal therapy with external-beam radiation and brachytherapy for prostate cancer,Andrews J,"The use of hormonal therapy with external-beam radiation (EBRT) to treat prostate cancer is a topic that has been well explored. The potential use of hormonal therapy and brachytherapy in the treatment of prostate cancer, however, continues to be controversial. This review is based on our current interpretation of the available literature assessing the outcomes of patients treated with EBRT and brachytherapy with or without hormonal therapy. Extrapolating from the findings of the Radiation Therapy Oncology Group (RTOG) 9413 trial, there appears to be a favorable interaction between hormonal therapy and irradiation in the lymph nodes. The benefits demonstrated with whole-pelvic EBRT and hormonal therapy are likely to extend to patients treated with brachytherapy as well. Studies suggest that the role of hormonal therapy in brachytherapy is limited without the application of whole-pelvic EBRT due to the inability of brachytherapy to address potential lymph nodes at risk. The potential role of hormonal therapy in conjunction with brachytherapy without pelvic radiotherapy, is limited by inconclusive data and abbreviated follow-up times.",Oncology (Williston Park),2005,19,29-36,,https://www.ncbi.nlm.nih.gov/pubmed/15743150,,negative,0,2005.0
23415962,Evolution and outcomes of 3 MHz high intensity focused ultrasound therapy for localized prostate cancer during 15 years.,Thüroff S,"PURPOSE: We describe the long-term cancer control and morbidity of high intensity focused ultrasound with neoadjuvant transurethral resection of the prostate, the risk of metastatic induction by transurethral prostate resection, and the evolution of high intensity focused ultrasound application and technology with time. MATERIALS AND METHODS: A prospective Harlaching high intensity focused ultrasound database was searched for patients with primary localized prostate cancer (T1-2, N0, M0, PSA at first diagnosis less than 50 ng/ml) and followup longer than 15 months. Those patients with previous long-term androgen deprivation therapy, locally advanced prostate cancer or any therapy influencing prostate specific antigen were excluded from study. All patients were treated completely with an Ablatherm® high intensity focused ultrasound device. Evaluation was performed in aggregate, and by stratification according to cohort group, risk group (D'Amico criteria), prostate specific antigen nadir and Gleason score. The Phoenix definition was used for biochemical failure. Statistical analysis was performed using the Kaplan-Meier method, and univariate and multivariate analysis was performed using a Cox model. RESULTS: Of 704 study patients 78.5% had intermediate or high risk disease. Mean followup was 5.3 years (range 1.3 to 14). Cancer specific survival was 99%, metastasis-free survival was 95%, and 10-year salvage treatment-free rates were 98% in low risk, 72% in intermediate risk and 68% in high risk patients. Prostate specific antigen nadir and Gleason score predicted biochemical failure, and side effects were moderate. The high intensity focused ultrasound re-treatment rate has been 15% since 2005. CONCLUSIONS: Long-term followup with high intensity focused ultrasound therapy demonstrated a high overall rate of cancer specific survival and an exceptionally high rate of freedom from salvage therapy requirements in low risk patients. Advances in high intensity focused ultrasound technology and clinical practice as well as the use of neoadjuvant transurethral prostate resection allow the complete treatment of any size prostate without inducing metastasis.",J Urol,2013,190,702-10,10.1016/j.juro.2013.02.010,https://www.ncbi.nlm.nih.gov/pubmed/23415962,LOW RISK,positive,1,
26774347,Survival Outcomes in Men Undergoing Radical Prostatectomy After Primary Radiation Treatment for Adenocarcinoma of the Prostate,Pokala N,"PURPOSE: Salvage radical prostatectomy (SRP) is a treatment modality for patients with radio-recurrent prostate cancer but is currently underutilized. We analyzed the survival outcomes in patients receiving SRP for radio-recurrent prostate cancer. The secondary outcome was effect of lymph node dissection on survival following SRP. MATERIALS AND METHODS: The Surveillance, Epidemiology, and End Results (SEER) 18 registry was used to identify patients that underwent radical prostatectomy between 1988 and 2010. Search identified 2628 patients with prostate cancer that underwent surgery after radiation. Following exclusion, 364 patients remained. Endpoints included overall survival (OS) and cancer-specific survival (CSS). Effect of pelvic lymph node dissection (PLND) status and number of nodes retrieved were also studied. Kaplan-Meier analysis, log-rank tests, and Cox-proportional hazard models were used, and P < .05 was considered to be significant. RESULTS: OS was 77.5% at 10 years and 37.3% at 20 years; CSS was 88.6% at 10 years and 72.7% at 20 years. The hazard of mortality was higher in men who did not undergo PLND with a hazard ratio of 1.4 for OS (P = .2) and 2.7 for CSS (P = .01). No significant increase in OS or CC was seen with increasing number of lymph nodes retrieved. Some limitations are inherent to the SEER database and include the lack of hormone manipulation status and PSA data. CONCLUSIONS: Excellent long-term survival can be achieved with SRP. PLND improves CSS but increasing nodal yield does not significantly improve survival. Small sample sizes limit the overall power of this study.",Clin Genitourin Cancer,2016,14,218-25,doi: 10.1016/j.clgc.2015.12.010. Epub 2015 Dec 17,https://www.ncbi.nlm.nih.gov/pubmed/26774347,,negative,0,2015.0
17162020,High dose rate brachytherapy as a boost for the treatment of localized prostate cancer.,Phan TP,"PURPOSE: We report the outcome and toxicities of high dose rate brachytherapy as a boost for localized prostate cancer. MATERIALS AND METHODS: Between 1996 and 2003, 309 patients with prostate carcinoma were treated with external beam radiation therapy and high dose rate brachytherapy. Furthermore, 36% of the patients received neoadjuvant/concurrent or adjuvant androgen deprivation therapy. Patients were stratified into 3 groups. Group 1 of 67 patients had Gleason score 6 or less, pretreatment prostate specific antigen 10 ng/ml or less and clinical stage T2a or less. Group 2 of 109 patients had Gleason score 7 or greater, pretreatment prostate specific antigen greater than 10 ng/ml and clinical stage T2b or greater. Group 3 of 133 patients had 2 or more of these higher risk factors. RESULTS: At a median followup of 59 months the 5-year biochemical control rate, as defined by the American Society for Therapeutic Radiation and Oncology, was 86%, cause specific survival was 98% and overall survival was 91%. Biochemical control in stratified groups 1 to 3 was 98%, 90% and 78%, respectively. On univariate analysis risk group, pretreatment prostate specific antigen and Gleason score were significant predictors of biochemical control. However, on multivariate analysis only risk group and pretreatment prostate specific antigen were significant. Using the Common Toxicity Criteria scale there were 2 cases of grade 3 acute urinary toxicity. Regarding late side effects 4% of patients had grade 3 genitourinary toxicity and 1 had a grade 4 rectal complication. CONCLUSIONS: External beam radiation therapy and high dose rate brachytherapy for prostate cancer resulted in excellent biochemical control, cause specific survival and overall survival with minimal severe acute or late complications.",J Urol,2007,177,123-7; discussion 127,10.1016/j.juro.2006.08.109,https://www.ncbi.nlm.nih.gov/pubmed/17162020,INTERMEDIATE RISK,positive,1,
21784585,Single-fraction high-dose-rate brachytherapy and hypofractionated external beam radiation therapy in the treatment of intermediate-risk prostate cancer - long term results.,Cury FL,"PURPOSE: We present the long-term results of a cohort of patients with intermediate-risk prostate cancer (PC) treated with single-fraction high-dose-rate brachytherapy (HDRB) combined with hypofractionated external beam radiation therapy (HypoRT). METHODS AND MATERIALS: Patients were treated exclusively with HDRB and HypoRT. HDRB delivered a dose of 10 Gy to the prostate surface and HypoRT consisted of 50 Gy delivered in 20 daily fractions. The first 121 consecutive patients with a minimum of 2 years posttreatment follow-up were assessed for toxicity and disease control. RESULTS: The median follow-up was 65.2 months. No acute Grade III or higher toxicity was seen. Late Grade II gastrointestinal toxicity was seen in 9 patients (7.4%) and Grade III in 2 (1.6%). Late Grade III genitourinary toxicity was seen in 2 patients (1.6%). After a 24-month follow-up, a rebiopsy was offered to the first 58 consecutively treated patients, and 44 patients agreed with the procedure. Negative biopsies were found in 40 patients (91%). The 5-year biochemical relapse-free survival rate was 90.7% (95% CI, 84.5-96.9%), with 13 patients presenting biochemical failure. Among them, 9 were diagnosed with distant metastasis. Prostate cancer-specific and overall survival rates at 5 years were 100% and 98.8% (95% CI, 96.4-100%), respectively. CONCLUSION: The combination of HDRB and HypoRT is well tolerated, with acceptable toxicity rates. Furthermore, results from rebiopsies revealed an encouraging rate of local control. These results confirm that the use of conformal RT techniques, adapted to specific biological tumor characteristics, have the potential to improve the therapeutic ratio in intermediate-risk PC patients.",Int J Radiat Oncol Biol Phys,2012,82,1417-23,10.1016/j.ijrobp.2011.05.025,https://www.ncbi.nlm.nih.gov/pubmed/21784585,INTERMEDIATE RISK,positive,1,
23084481,Postoperative radiotherapy after radical prostatectomy for high-risk prostate cancer: long-term results of a randomised controlled trial (EORTC trial 22911).,Bolla M,"BACKGROUND: We report the long-term results of a trial of immediate postoperative irradiation versus a wait-and-see policy in patients with prostate cancer extending beyond the prostate, to confirm whether previously reported progression-free survival was sustained. METHODS: This randomised, phase 3, controlled trial recruited patients aged 75 years or younger with untreated cT0-3 prostate cancer (WHO performance status 0 or 1) from 37 institutions across Europe. Eligible patients were randomly assigned centrally (1:1) to postoperative irradiation (60 Gy of conventional irradiation to the surgical bed for 6 weeks) or to a wait-and-see policy until biochemical progression (increase in prostate-specific antigen >0·2 μg/L confirmed twice at least 2 weeks apart). We analysed the primary endpoint, biochemical progression-free survival, by intention to treat (two-sided test for difference at α=0.05, adjusted for one interim analysis) and did exploratory analyses of heterogeneity of effect. This trial is registered with ClinicalTrials.gov, number NCT00002511. FINDINGS: 1005 patients were randomly assigned to a wait-and-see policy (n=503) or postoperative irradiation (n=502) and were followed up for a median of 10·6 years (range 2 months to 16·6 years). Postoperative irradiation significantly improved biochemical progression-free survival compared with the wait-and-see policy (198 [39·4%] of 502 patients in postoperative irradiation group vs 311 [61·8%] of 503 patients in wait-and-see group had biochemical or clinical progression or died; HR 0·49 [95% CI 0·41-0·59]; p<0·0001). Late adverse effects (any type of any grade) were more frequent in the postoperative irradiation group than in the wait-and-see group (10 year cumulative incidence 70·8% [66·6-75·0] vs 59·7% [55·3-64·1]; p=0.001). INTERPRETATION: Results at median follow-up of 10·6 years show that conventional postoperative irradiation significantly improves biochemical progression-free survival and local control compared with a wait-and-see policy, supporting results at 5 year follow-up; however, improvements in clinical progression-free survival were not maintained. Exploratory analyses suggest that postoperative irradiation might improve clinical progression-free survival in patients younger than 70 years and in those with positive surgical margins, but could have a detrimental effect in patients aged 70 years or older. FUNDING: Ligue Nationale contre le Cancer (Comité de l'Isère, Grenoble, France) and the European Organisation for Research and Treatment of Cancer (EORTC) Charitable Trust.",Lancet,2012,380,2018-27,10.1016/S0140-6736(12)61253-7,https://www.ncbi.nlm.nih.gov/pubmed/23084481,HIGH RISK,positive,1,
31199504,Fractionated stereotactic body radiotherapy for up to five prostate cancer oligometastases: Interim outcomes of a prospective clinical trial,Bowden P,"Stereotactic body radiotherapy (SBRT) can delay escalation to systemic treatment in men with oligometastatic prostate cancer (PCa). However, large, prospective studies are still required to evaluate the efficacy of this approach in different patient groups. This is the interim analysis of a prospective, single institution study of men relapsing with up to five synchronous lesions following definitive local treatment for primary PCa. Our aim was to determine the proportion of patients not requiring treatment escalation following SBRT. In total, 199 patients were enrolled to receive fractionated SBRT (50 Gray in 10 fractions) to each visible lesion. Fourteen patients were castration resistant at enrolment. The proportion of patients not requiring treatment escalation 2 years following SBRT was 51.7% (95% CI: 44.1-59.3%). The median length of treatment escalation-free survival over the entire follow-up period was 27.1 months (95% CI; 21.8-29.4 months). Prior androgen deprivation therapy (ADT) predicted a significantly lower rate of freedom from treatment escalation at 2 years compared to no prior ADT (odds ratio = 0.21, 95% CI: 0.08-0.54, p = 0.001). There was no difference in the efficacy of SBRT when treating 4-5 vs. 1-3 initial lesions. A prostate-specific antigen (PSA) decline was induced in 75% of patients, with PSA readings falling to an undetectable level in six patients. No late grade three toxicities were observed. These interim results suggest that SBRT can be used to treat up to five synchronous PCa oligometastases to delay treatment escalation.",Int J Cancer,2020,1,,doi: 10.1002/ijc.32509. Epub 2019 Jun 28,https://www.ncbi.nlm.nih.gov/pubmed/31199504,,negative,0,2020.0
19289266,Radiation dose predicts for biochemical control in intermediate-risk prostate cancer patients treated with low-dose-rate brachytherapy.,Ho AY,"PURPOSE: To evaluate the influence of patient- and treatment-related factors on freedom from biochemical failure (FFbF) in patients with intermediate-risk prostate cancer. METHODS AND MATERIALS: From a prospectively collected database of 2250 men treated at Mount Sinai Hospital from 1990 to 2004 with low-dose-rate brachytherapy for prostate cancer, 558 men with either one or more intermediate-risk features (prostate-specific antigen [PSA] level 10-20 ng/mL, Gleason score 7, or Stage T2b) were identified who had a minimum follow-up of 24 months and postimplant CT-based dosimetric analysis. Biologically effective dose (BED) values were calculated to compare doses from different isotopes and treatment regimens. Patients were treated with brachytherapy with or without hormone therapy and/or external-beam radiotherapy. Patient- and treatment-related factors were analyzed with respect to FFbF. The median follow-up was 60 months (range, 24-167 months). Biochemical failure was defined according to the Phoenix definition. Univariate analyses were used to determine whether any variable was predictive of FFbF. A two-sided p value of <0.05 was considered significant. RESULTS: Overall, the actuarial FFbF at 10 years was 86%. Dose (BED <150 Gy(2) vs. >or=150 Gy(2)) was the only significant predictor of FFbF (p < 0.001). None of the other variables (PSA, external-beam radiotherapy, Gleason score, treatment type, hormones, stage, and number of risk factors) was found to be a statistically significant predictor of 10-year FFbF. CONCLUSIONS: Radiation dose is an important predictor of FFbF in intermediate-risk prostate cancer. Treatment should continue to be individualized according to presenting disease characteristics until results from Radiation Therapy Oncology Group trial 0232 become available.",Int J Radiat Oncol Biol Phys,2009,75,16-22,10.1016/j.ijrobp.2008.10.071,https://www.ncbi.nlm.nih.gov/pubmed/19289266,INTERMEDIATE RISK,positive,1,
19922544,Salvage high-intensity focused ultrasound for biopsy-confirmed local recurrence of prostate cancer after radical prostatectomy,Murota-Kawano A,"OBJECTIVE: To present experience in high-intensity focused ultrasound (HIFU) used as a salvage therapy for biopsy-confirmed local recurrence at the vesico-urethral anastomosis after radical prostatectomy (RP). PATIENTS AND METHODS: From July 2006, four patients diagnosed with prostate cancer recurrence after RP were treated with HIFU, with or without salvage radiotherapy, using the Sonablate 500 (Focus Surgery, IN, USA). Biochemical failure was defined as in increase in prostate-specific antigen (PSA) level of >0.2 ng/mL. No patients received any adjuvant therapy after HIFU therapy before reporting failure. RESULTS: The mean age and initial PSA level before RP was 74 years and 10.0 ng/mL, respectively. After RP, one patient was stage T2aN0M0, two were stage T3N0M0 and the last had an unknown pathological stage. Three patients received external beam radiotherapy as salvage therapy after RP. The mean PSA level before HIFU, tumour volume at the vesico-urethral lesion and operative duration were 4.3 ng/mL, 4.6 mL and 27 min, respectively. Adenocarcinomas were confirmed by biopsy of the tumour at the vesico-urethral anastomotic lesion before HIFU. At 24 months of follow-up, patients 2 and 4 were classified a biochemically disease-free. Biopsies at the anastomotic site after HIFU in three patients showed no malignancy, with fibrosis. There were no complications. CONCLUSION: Salvage HIFU for patients with recurrence after RP is feasible, even though they received salvage radiotherapy before HIFU. More patients and a longer follow-up are needed to evaluate the safety and oncological adequacy of this new approach.",BJU Int,2010,105,1642-5,doi: 10.1111/j.1464-410X.2009.08990.x. Epub 2009 Nov 17,https://www.ncbi.nlm.nih.gov/pubmed/19922544,,negative,0,2010.0
23194129,High-dose rate brachytherapy compared with open radical prostatectomy for the treatment of high-risk prostate cancer: 10 year biochemical freedom from relapse.,Savdie R,"OBJECTIVE: • To compare long-term biochemical control of high-risk prostate cancer in those men receiving high-dose rate brachytherapy (HDRB) and radical prostatectomy (RP). PATIENTS AND METHODS: • The 10-year biochemical freedom from relapse (BFR) was calculated for 243 patients who underwent either RP or combined therapy with HDRB + external beam radiotherapy + androgen deprivation between 1998 and 2000. • INCLUSION CRITERIA: clinical stage ≥ T2b, or Gleason sum ≥ 8, or PSA level of > 20 ng/mL. Groups were appraised using the Kattan nomogram for surgery to calculate progression-free probability (PFP). RESULTS: • For the RP group (153 patients) the median PSA level was 8.1 ng/mL and the median age was 62.2 years. The median 5- and 10-year predicted PFP for RP was 64% and 56 %, respectively. The 5- and 10-year BFR was 65.5% and 55.4%. There was no significant difference between the predicted and the actual PFP for the RP group (P= 0.525). • For HDRB group (90 patients). The median PSA level was 14.2 ng/mL and the median age was 67.6 years. The median 5- and 10-year predicted PFP for HDRB was 46% and 35%, respectively. The 5- and 10-year BFR was 79.6% and 53.6%. There was a significant improvement between the actual and the predicted PFP for the HDRB group (P= 0.002). CONCLUSIONS: • Amongst a high-risk cohort, patients undergoing RP performed as predicted by the pre-treatment surgical nomogram, whereas the patients undergoing HDRB performed significantly better than was predicted by the surgical nomogram at 10 years.",BJU Int,2012,110 Suppl 4,71-6,10.1111/j.1464-410X.2012.11480.x,https://www.ncbi.nlm.nih.gov/pubmed/23194129,HIGH RISK,positive,1,
32417995,Site-specific relapse patterns of patients with biochemical recurrence following radical prostatectomy assessed by (68)Ga-PSMA-11 PET/CT or (11)C-Choline PET/CT: impact of postoperative treatments,Devos G,"BACKGROUND: Salvage radiotherapy (RT) (± androgen deprivation therapy (ADT)) is often used as a treatment in patients with biochemical recurrence (BCR) following radical prostatectomy (RP). Unfortunately, even after RT ± ADT, a significant number of patients will develop 'second' BCR. The aim of this study was to investigate the impact of postoperative treatments (adjuvant/salvage radiotherapy (RT) ± androgen deprivation therapy) on the recurrence pattern in patients with BCR following RP assessed by 11C-Choline PET/CT or 68 Ga-PSMA PET/CT. METHODS: Patients who developed BCR following RP and who had at least one positive lesion on PET/CT were retrospectively assessed. Positive spots were mapped as local, lymph node (LN), skeletal or visceral recurrence. A distinction was made between locoregional (prostate bed and pelvic LN) and extrapelvic recurrence (skeletal, visceral and/or extrapelvic LN). Patients were categorized according to postoperative treatment received in three subgroups (RT, ADT and RT + ADT) and compared with the reference group (RP only). The impact of the radiation field was also investigated. RESULTS: We identified 200 patients assessed by <sup>68</sup>Ga-PSMA-11 (80%) or <sup>11</sup>C-Choline PET/CT (20%). Patients who received postoperative RT + ADT had less LN recurrence distal to the common iliac bifurcation (26.7% vs 66.6%; p = 0.0004), but more recurrence to retroperitoneal LN than the reference group (38% vs. 14.4%, p = 0.02). Moreover, the RT + ADT subgroup had more extrapelvic recurrence compared to the reference group (66.2% vs 40.8%, p = 0.02). Patients who received RT to the prostate bed had more recurrence distal to the common iliac bifurcation compared to those who received RT to the prostate bed + pelvic LN (51.6% vs 26.1%, p = 0.0069). CONCLUSION: Post-prostatectomy treatments (ADT and/or RT) and the postoperative radiation field (prostate bed vs. prostate bed + pelvis) have a significant impact on the recurrence pattern. This knowledge can help clinicians to counsel their patients on their chances of being eligible for (locoregional) metastasis-directed therapies.",World J Urol,2021,39,399-406,doi: 10.1007/s00345-020-03220-0. Epub 2020 May 16,https://www.ncbi.nlm.nih.gov/pubmed/32417995,,negative,0,2020.0
20367410,Robot-assisted high-intensity focused ultrasound in focal therapy of prostate cancer,Chaussy CG,"In one-third of patients, prostate cancer (PCa) is monofocal. These patients can undergo focal high-intensity focused ultrasound (HIFU) therapy of the tumor without damage to surrounding structures and not compromising uro-oncologic safety. Robot-assisted HIFU coagulates the entire targeted volume within the prostate transrectally, in one session, without direct tumor contact and without adjuvant endourologic therapy. It is performed with the patient receiving spinal anesthesia and without blood loss; negative immunologic influence can be excluded. Heat-destroyed cancer cells that act as tumor vaccination are discussed. Right now, the limitation of focal therapy is caused by the lack of diagnostic accuracy to determine multifocal stages of PCa reliably. Discussions of tumor development, triggering primary lesion monotherapy, do not overcome skepticism about leaving invisible tumor foci untreated. This explains why PCa therapy today treats always the entire gland. Furthermore, the thought that the problem could be solved ""radically, once forever,"" ignores the fact that in all PCa therapies, local recurrence rates are between 10% and 50%. Considering the longer survival of men in industrialized countries, a structured multimodal therapy concept should be created and evaluated in studies and should replace the competition between classic therapies. Focal therapy in most cases should be the first approach in cancer therapy because it is noninvasive, has low side effects, and is a single-session therapy. It does not exclude but may delay other, more invasive therapies in cases of cancer recurrence. Focal therapy should not be misunderstood as substitution for existing classic therapies but as a therapeutic first choice in monofocal, low-aggressive PCa cases.",J Endourol,2010,24,843-7,doi: 10.1089/end.2009.0439,https://www.ncbi.nlm.nih.gov/pubmed/20367410,,negative,0,2010.0
14575824,Ten-year biochemical relapse-free survival after external beam radiation and brachytherapy for localized prostate cancer: the Seattle experience.,Sylvester JE,"PURPOSE: The role of external beam radiation therapy in addition to brachytherapy continues to be scrutinized for long term control of PSA levels after prostate cancer diagnosis. METHODS AND MATERIALS: We report 10-year biochemical relapse-free survival (BRFS) on 232 patients presenting with localized prostate cancer and consecutively treated with iodine(125) (I(125)) or palladium(103) (Pd(103)) brachytherapy and neoadjuvant external beam radiation therapy. Multivariate regression analysis was used to create a pretreatment clinical prognostic risk model using a modified ASTRO consensus definition (two consecutive rises in serum PSA) as the outcome. Gleason scoring was performed by pathologists at a small community hospital. Derived risk categories are the following: low = PSA <or=10 ng/mL, Gleason sum score <7, and stage <T2c; intermediate = PSA >10 ng/mL or Gleason Score >or=7 or stage >or=T2c (1 intermediate risk factor); and high = 2 or more intermediate risk factors. Time to PSA failure (local, distant, or biochemical) was calculated and compared using Kaplan-Meier plots. RESULTS: Ten-year BRFS for the entire treatment group was 70%. Biochemical control rates by risk cohort analysis (95% confidence interval): low risk, 85% (83.3-90.7%); intermediate risk, 77% (73.0-84.5%); and high risk, 45% (45.4-57.2%). Using a risk grouping proposed by the Mt. Sinai group, the BRFS was: low risk, 84%; intermediate risk, 93%; and high risk, 57%. Grouping by the risk classification used by D'Amico, the BRFS was: low risk, 86%; intermediate risk, 90%; and high risk, 48%. CONCLUSIONS: I(125) or Pd(103) brachytherapy, as a boost combined with EBRT, continues to result in high rates of biochemical control at 10 years. Different risk group classification schemes lead to different BRFS results.",Int J Radiat Oncol Biol Phys,2003,57,944-52,10.1016/s0360-3016(03)00739-9,https://www.ncbi.nlm.nih.gov/pubmed/14575824,HIGH RISK,positive,1,
16168838,Acute genitourinary toxicity after high-dose-rate (HDR) brachytherapy combined with hypofractionated external-beam radiation therapy for localized prostate cancer: correlation between the urethral dose in HDR brachytherapy and the severity of acute genitourinary toxicity,Akimoto T,"PURPOSE: Several investigations have revealed that the alpha/beta ratio for prostate cancer is atypically low, and that hypofractionation or high-dose-rate (HDR) brachytherapy regimens using appropriate radiation doses may be expected to yield tumor control and late sequelae rates that are better or at least as favorable as those achieved with conventional radiation therapy. In this setting, we attempted treating localized prostate cancer patients with HDR brachytherapy combined with hypofractionated external beam radiation therapy (EBRT). The purpose of this study was to evaluate the feasibility of using this approach, with special emphasis on the relationship between the severity of acute genitourinary (GU) toxicity and the urethral dose calculated from the dose-volume histogram (DVH) of HDR brachytherapy. METHODS AND MATERIALS: Between September 2000 and December 2003, 70 patients with localized prostate cancer were treated by iridium-192 HDR brachytherapy combined with hypofractionated EBRT at the Gunma University Hospital. Hypofractionated EBRT was administered in fraction doses of 3 Gy, three times per week; a total dose of 51 Gy was delivered to the prostate gland and the seminal vesicles using the four-field technique. No elective pelvic irradiation was performed. After the completion of EBRT, all the patients additionally received transrectal ultrasonography (TRUS)-guided HDR brachytherapy. The fraction size and the number of fractions in HDR brachytherapy were prospectively changed, whereas the total radiation dose for EBRT was fixed at 51 Gy. The fractionation in HDR brachytherapy was as follows: 5 Gy x 5, 7 Gy x 3, 9 Gy x 2, administered twice per day, although the biologic effective dose (BED) for HDR brachytherapy combined with EBRT, assuming that the alpha/beta ratio is 3, was almost equal to 138 in each fractionation group. The planning target volume was defined as the prostate gland with 5-mm margin all around, and the planning was conducted based on computed tomography images. The number of patients in each fractionation group was as follows: 13 in the 5-Gy group; 19 in the 7-Gy group, and 38 in the 9-Gy group. The tumor stage was T1 in 10 patients, T2 in 36 patients, and T3 in 24 patients. The Gleason score was 2-6 in 11 patients, 7 in 34 patients, and 8-10 in 25 patients. Androgen ablation was performed in all the patients. The median follow-up duration was 14 months (range 3-42 months). The toxicities were graded based on the Radiation Therapy Oncology Group/European Organization for Research and Treatment of Cancer toxicity criteria. RESULTS: The main symptoms of acute GU toxicity were dysuria and increase in urinary frequency or nocturia. The grade distribution of acute GU toxicity in the patients was as follows: Grade 0-1, 39 patients (56%), and Grade 2-4, 31 patients (44%). One patient who developed acute urinary obstruction was classified as having Grade 4 toxicity. Comparison of the distribution of the grade of acute GU toxicity among the different fractionation groups revealed no statistically significant differences among the groups. The urethral dose in HDR brachytherapy was evaluated using the following DVH parameters: V30 (percentage of the urethral volume receiving 30% of the prescribed radiation dose), V80, V90, V100, V110, V120, V130, and V150. The V30-110 values in the patients with Grade 2-4 acute GU toxicity were significantly higher than those in patients with Grade 0-1 toxicity. On the other hand, there were no significant differences in the V120-150 values between patients with Grade 0-1 and Grade 2-4 toxicity. Regarding the influence of the number of needles implanted for the radiation therapy, patients with 11 needles or less showed a significantly higher incidence of Grade 2-4 acute GU toxicity compared with those with 12 needles or more (p < 0.05). CONCLUSIONS: It was concluded that HDR brachytherapy combined with hypofractionated EBRT is feasible for localized prostate cancer when considered from the viewpoint of acute toxicity. Increase in the fraction dose or reduction in the number of fractions in HDR brachytherapy did not affect the severity of acute GU toxicity, and the volume of urethra receiving an equal or lower radiation dose than the prescribed dose was more closely associated with the grade severity of acute GU toxicity than that receiving a higher than the prescribed dose.",Int J Radiat Oncol Biol Phys,2005,1,,doi: 10.1016/j.ijrobp.2004.11.041,https://www.ncbi.nlm.nih.gov/pubmed/16168838,,negative,0,2005.0
10758314,"Comparison of biochemical disease-free survival of patients with localized carcinoma of the prostate undergoing radical prostatectomy, transperineal ultrasound-guided radioactive seed implantation, or definitive external beam irradiation.",Stokes SH,"PURPOSE: This retrospective study compares the long-term biochemical disease-free survival for patients undergoing radical prostatectomy, transperineal ultrasound-guided (125)Iodine implantation, or external beam irradiation alone in a tertiary referral community-based hospital. METHODS AND MATERIALS: Five hundred forty patients were available for evaluation, which included: external beam, 132; (125)I, 186; and radical prostatectomy, 222. For the 318 patients referred to the Department of Radiation Oncology, those with T3 disease underwent external beam irradiation while patients with T1 or T2 underwent (125) 0.2 ng/mL or if they had three consecutive increases in their PSA or an increase in their postoperative PSA warranting intervention with androgen ablation or external beam irradiation to the pelvis. RESULTS: Patients were stratified by pretreatment risk groups predicting for post-treatment PSA recurrence. Patients were considered to be at a low or intermediate risk for recurrence if their clinical stage was T1c, T2a, T2b, pretreatment PSA level was </= 20 or their biopsy. Gleason score was </= 6, Patients were considered to be at high risk for failure if they were clinically stage T2c, T3, PSA at diagnosis > 20, or Gleason score was >/= 7. For 132 patients undergoing external beam irradiation, 28 of 37 low or intermediate risk obtained a 1 year nadir PSA of < 1 (76%) while 40% of high risk patients obtained nadir < 1. Of 186 patients undergoing (125)I, 112 of 147 low or intermediate risk (76%) obtained a nadir PSA < 1. Twenty of 39 (51%) high risk obtained a nadir PSA < 1. Of the 222 patients undergoing prostatectomy, 83 of 88 (94%) low or intermediate risk had undetectable levels of PSA at 1 year. One hundred seventeen of 134 (86%) were high risk and had undetectable levels of PSA at 1 year. The biochemical disease-free survival for patients with low or intermediate risk at 5 years is approximately 70% with no significant difference between those patients treated with radical prostatectomy, external beam, or (125)I. For those patients with high risk factors for recurrence, there is no significant difference between ultrasound-guided implant or external beam, but there is a significant improvement in biochemical disease-free survival with radical prostatectomy. CONCLUSION: For patients with low or intermediate risk disease, external beam, ultrasound-guided (125)I, or a radical prostatectomy give comparable long-term biochemical disease-free survival. For patients with high risk disease, a radical prostatectomy provides a significantly improved biochemical disease-free survival. Our current protocols utilize androgen ablation in combination with conformal three-dimensional external beam irradiation or androgen ablation in conjunction with external beam irradiation and (103)Pd seed implantation for patients at high risk for extra capsular disease. It is too early to determine if this combination therapy will give results comparable to radical prostatectomy. For patients who obtain a 1 year nadir PSA of < 1, the biochemical disease-free survival is durable with little risk of subsequent recurrence.",Int J Radiat Oncol Biol Phys,2000,47,129-36,10.1016/s0360-3016(99)00526-x,https://www.ncbi.nlm.nih.gov/pubmed/10758314,HIGH RISK,positive,1,
10394406,Conformal proton beam therapy of prostate cancer--update on the Loma Linda University medical center experience.,Rossi CJ,"BACKGROUND: The ability to eradicate localized prostate cancer is dependent upon the radiation dose which can be delivered to the prostate. This dose is often limited by the tolerance of normal organs (rectum, bladder). Conformal beam therapy takes advantage of the unique depth dose characteristics of heavy charged particles (the Bragg Peak) to escalate the radiation dose delivered to the prostate while minimizing treatment-related toxicity. METHOD: 643 patients with localized prostate cancer were treated with protons alone or a combination of protons and photons. All treatment was planned on a 3-D planning system and all received doses between 74-75 CGE (Cobalt Gray Equivalent) at 1.8-2.0 CGE/day. Patients were evaluated for toxicity and response to treatment. RESULTS: Five-year actuarial clinical and biochemical disease-free survival rates for the entire group are 89 and 79% respectively. A statistically significant difference in biochemical disease-free survival was seen between patients in the ""early"" (T1b-2b, PSA < 15) and ""advanced"" (T1b-2b, PSA > 15 or T2c-T4, PSA < 50) subgroups (89% vs. 68% at 4.5 years, p < 0.001). A PSA nadir of less than 0.51 ng/ml predicted for the highest chance of freedom from biochemical recurrence. Minimal radiation proctitis was seen in 21% of patients; toxicity of greater severity was seen in less than 1%. CONCLUSIONS: Conformal proton beams therapy produced high rates of response and minimal toxicity. A phase III dose escalation trial is in progress to help define the optimum radiation dose for the treatment of early stage prostate cancer.",Strahlenther Onkol,1999,175 Suppl 2,82-4,10.1007/BF03038897,https://www.ncbi.nlm.nih.gov/pubmed/10394406,LOW RISK,positive,1,
32442822,A biochemical definition of cure after brachytherapy for prostate cancer,Crook JM,"BACKGROUND AND PURPOSE: To identify a PSA threshold value at an intermediate follow-up time after low dose rate (LDR) prostate brachytherapy associated with cure, defined as long-term (10-15 year) freedom from prostate cancer. MATERIALS AND METHODS: Data from 7 institutions for 14,220 patients with localized prostate cancer treated with LDR brachytherapy, either alone (8552) or with external beam radiotherapy (n = 1175), androgen deprivation (n = 3165), or both (n = 1328), were analyzed. Risk distribution was 42.4% favorable, 49.2% intermediate, and 8.4% high-risk. Patients with clinical failure before 3.5 years were excluded. Kaplan-Meier analysis was used with clinical failure (local, distant, regional or biochemical triggering salvage) as an endpoint for each of four PSA categories: PSA ≤ 0.2, >0.2 to ≤0.5, >0.5 to ≤1.0, and >1.0 ng/mL. PSA levels at 4 years (±6 months) in 8746 patients without clinical failure were correlated with disease status at 10-15 years. RESULTS: For the 77.1% of patients with 4-year PSA ≤ 0.2, the freedom-from-recurrence (FFR) rates were 98.7% (95% CI 98.3-99.0) at 10 years and 96.1% (95% CI 94.8-97.2) at 15 years. Three independent validation cohorts confirmed 97-99% 10-year FFR rates with 4-year PSA ≤ 0.2. Successive PSA categories were associated with diminished disease-free rates at 10 and 15 years. PSA category was strongly associated with treatment success (p < 0.0005). CONCLUSIONS: Since 98.7% of patients with PSA ≤ 0.2 ng/mL at 4 years after LDR prostate brachytherapy were disease-free beyond 10 years, we suggest adopting this biochemical definition of cure for patients with ≥4 years' follow-up after LDR brachytherapy.",Radiother Oncol,2020,149,64-69,doi: 10.1016/j.radonc.2020.04.038. Epub 2020 Apr 27,https://www.ncbi.nlm.nih.gov/pubmed/32442822,,negative,0,2020.0
25806763,Low-dose-rate brachytherapy for low-grade prostate cancer,Raabe NK,"BACKGROUND: Prostate cancer is a radiosensitive type of cancer for which radiotherapy is used for both curative and palliative purposes. Low-dose-rate brachytherapy is an internal radiotherapy technique which allows high doses of radiation to be delivered to a tumour at short range and with a high degree of precision. We have conducted a systematic review of the evidence base for this treatment. The method is not established in Norway. METHOD: This review is based on systematic review articles and publications on treatment, outcomes, adverse effects and health economics considerations found by searching the databases Cochrane Library, Current Controlled Trials, Medline, Embase and NICE (National Institute of Clinical Excellence). RESULTS: Subsequent to long-term observations of the efficacy, adverse effects and costs presented in 43 selected studies, including one randomised, controlled trial, there is still uncertainty as to which of the three methods low-dose brachytherapy, external radiotherapy and radical prostatectomy is optimal. The reason for this is the methodological differences in patient selection and in endpoints such as biochemical disease-free interval and cause-specific survival. The evidence base appears to suggest that low-dose-rate brachytherapy causes more frequent grade 2 and 3 doctor-reported urogenital adverse effects than prostatectomy, but better patient-reported sexual functions and fewer patients with urinary incontinence than after surgery. Low-dose-rate brachytherapy appears to be socioeconomically cost-effective. INTERPRETATION: The evidence base with respect to therapeutic effect and toxicity in men with low-risk prostate cancer treated with low-dose brachytherapy is regarded as solidly documented. However, there are no good prospective randomised multi-centre trials with overall survival as an endpoint.",Tidsskr Nor Laegeforen,2015,24,,doi: 10.4045/tidsskr.13.1404. eCollection 2015 Mar 24,https://www.ncbi.nlm.nih.gov/pubmed/25806763,,negative,0,2015.0
20707801,Prostate cancer death is unlikely in high-risk patients following quality permanent interstitial brachytherapy.,Merrick GS,"OBJECTIVE: To evaluate cause-specific survival (CSS), biochemical progression-free survival (bPFS) and overall survival (OS) in high-risk prostate cancer brachytherapy patients. PATIENTS AND METHODS: From April 1995 to June 2005, 284 patients with high-risk prostate cancer (Gleason score ≥ 8 or prostate-specific antigen > 20 ng/mL or clinical stage ≥ T2 c) underwent brachytherapy. Supplemental external beam radiation therapy was given to 257 (90.5%) patients and 179 (63.0%) received androgen deprivation therapy (ADT). Median follow up was 7.8 years. The median post-implant day 0 D90 was 118.9% of prescription dose. Patients with metastatic prostate cancer or castrate-resistant disease without obvious metastases who died of any cause were classified as dead from prostate cancer. Multiple parameters were evaluated for impact on survival. RESULTS: Twelve-year CSS, bPFS and OS were 94.2%, 89.0% and 69.7%. On multivariate analysis, bPFS was best predicted by percent positive biopsies and ADT. The analysis failed to identify any predictors for CSS, while OS was highly correlated with patient age, percent positive biopsies and diabetes. Fourteen percent of patients died from diseases of the heart, while 8%, 8% and 6% of patients died from non-prostate cancer, other causes and prostate cancer, respectively. When OS was stratified by patients with 0-3 vs ≥ 4 comorbidities, the 12-year OS was 73.0% and 52.7% (P = 0.036). CONCLUSIONS: High-quality brachytherapy results in favourable bPFS and CSS for high-risk patients. Death from diseases of the heart is more than twice as likely as death from prostate cancer. Strategies to improve cardiovascular health may positively impact OS.",BJU Int,2011,107,226-32,10.1111/j.1464-410X.2010.09486.x,https://www.ncbi.nlm.nih.gov/pubmed/20707801,HIGH RISK,positive,1,
15705087,Brachytherapy-related dysuria,Merrick GS,"OBJECTIVE: To evaluate the incidence and temporal resolution of dysuria after permanent prostate brachytherapy, and to identify predictors of brachytherapy-related dysuria. PATIENTS AND METHODS: The study included 130 patients with no history of transurethral resection of the prostate before treatment, who had brachytherapy on one of two prospective randomized trials, with explicitly planned and executed urethral-sparing techniques (100-150% minimum peripheral dose) using either 103Pd or 125I for clinical T1c-T2c prostate cancer. The median follow-up was 22.6 months. An alpha-blocker was initiated either prophylactically 2 weeks before implantation and continued at least until the International Prostate Symptom Score (IPSS) returned to normal, or withheld until the onset of significant brachytherapy-related urinary morbidity. Dysuria was evaluated on a 0-10 scale, before brachytherapy and then at 1, 3, 6 and 12 months afterward, with a median of four dysuria questionnaires per patient. Clinical, treatment and dosimetric variables evaluated included alpha-blocker, age, IPSS before and the maximum after treatment, prostate volume on ultrasonography, hormonal status, supplemental radiotherapy, isotope, urethral dose, V(100/200), D90, and time to obtaining a normal IPSS. RESULTS: The maximum incidence of dysuria was 85% at 1 month after brachytherapy, with subsequent resolution over time. The use of prophylactic tamsulosin resulted in a statistically lower dysuria severity score (difference of 2.7 vs 4.2, P < 0.005) at 1 month, with no discernible differences at 3, 6, 12 and 18 months. Patients with dysuria had a statistically higher IPSS. The dysuria resolved faster in patients implanted with 103Pd but was unaffected by the use of supplemental radiotherapy and/or androgen deprivation therapy. In multivariate analysis, prophylactic alpha-blockers resulted in statistically lower maximum dysuria scores, while the maximum IPSS after implantation and isotope type (but only at 6 months) were the best predictors of the resolution of dysuria. CONCLUSIONS: Dysuria is common after brachytherapy but is typically mild. Prophylactic alpha-blockers gave significantly lower maximum dysuria scores but did not affect the time to the resolution of dysuria. The maximum IPSS after the implant was the best predictor of the resolution of dysuria.",BJU Int,2005,95,597-602,doi: 10.1111/j.1464-410X.2005.05346.x,https://www.ncbi.nlm.nih.gov/pubmed/15705087,,negative,0,2005.0
23083655,The impact of anatomical radical retropubic prostatectomy on cancer control: the 30-year anniversary.,Mullins JK,"PURPOSE: Radical prostatectomy has decreased prostate cancer specific mortality in men with clinically localized prostate cancer. We report oncological outcomes of the longest running series of nerve sparing radical retropubic prostatectomy on the 30th anniversary of the inaugural operation. MATERIALS AND METHODS: A total of 4,478 men underwent anatomical radical retropubic prostatectomy, as performed by a single surgeon (PCW), at the Johns Hopkins Medical Institutions from 1982 to 2011, without neoadjuvant or adjuvant therapy. During a median followup of 10 years (range 1 to 29), we examined progression-free, metastasis-free and cancer specific survival. RESULTS: The overall 25-year progression-free, metastasis-free and cancer specific survival rates were 68%, 84% and 86%, respectively, although there were significant differences in treatment outcomes between men treated in the pre-PSA and PSA eras. In each era, there were significant differences in progression-free, metastasis-free and cancer specific survival by D'Amico risk groups. In multivariable models considering prostatectomy features, pathological stage and grade were significantly associated with the risk of metastatic progression and disease specific mortality. CONCLUSIONS: Excellent prostate cancer specific survival was demonstrated up to 30 years after surgery. Clinical risk categories and pathological tumor features were significant predictors of long-term disease specific outcomes, supporting their ongoing use in risk stratification and management decisions. Anatomical radical retropubic prostatectomy continues to represent the gold standard in the surgical management of clinically localized prostate cancer to which alternate treatment options should be compared.",J Urol,2012,188,2219-24,10.1016/j.juro.2012.08.028,https://www.ncbi.nlm.nih.gov/pubmed/23083655,LOW RISK,positive,1,
16813890,Long-term outcome following radical prostatectomy in men with clinical stage T3 prostate cancer.,Carver BS,"PURPOSE: We evaluated patients at our institution who underwent radical prostatectomy for clinical stage T3 prostate cancer to determine their long-term clinical outcomes. MATERIALS AND METHODS: We reviewed our prospective surgical database and identified 176 men who underwent radical retropubic prostatectomy for clinical stage T3 prostate cancer from 1983 to 2003. Clinical and pathological data were reviewed and evaluated in a Cox proportional hazards model to determine preoperative predictors of biochemical recurrence. Clinical progression following biochemical recurrence was evaluated and clinical failure was defined as the development of clinical metastases or progression to hormone refractory prostate cancer. RESULTS: Of the 176 patients with cT3 prostate cancer 64 (36%) received neoadjuvant hormonal therapy. At a mean followup of 6.4 years 84 (48%) patients had disease recurrence with a median time to biochemical recurrence of 4.6 years. The actuarial 10-year probability of freedom from recurrence was 44%. On multivariate analysis biopsy Gleason score, pretreatment serum prostate specific antigen and year of surgery were independent predictors of biochemical recurrence. Neoadjuvant hormonal therapy was not a significant predictor of biochemical recurrence. Following biochemical recurrence clinical failure developed in 30 of 84 (36%) men with a median time of 11 years. Overall the 5, 10 and 15-year probabilities of death from prostate cancer were 6%, 15% and 24%, respectively. CONCLUSIONS: More than half (52%) of our patients remained free of disease recurrence following radical prostatectomy. In our series neoadjuvant hormonal therapy offered no advantage with respect to disease recurrence. Radical prostatectomy remains an integral component in the treatment of select patients with clinical stage T3 prostate cancer.",J Urol,2006,176,564-8,10.1016/j.juro.2006.03.093,https://www.ncbi.nlm.nih.gov/pubmed/16813890,HIGH RISK,positive,1,
15667961,Improved biochemical relapse-free survival with increased external radiation doses in patients with localized prostate cancer: the combined experience of nine institutions in patients treated in 1994 and 1995.,Kupelian P,"PURPOSE: To study the radiation dose-response as determined by Kaplan-Meier prostate-specific antigen (PSA) disease-free survival (PSA-DFS) estimates in patients with stage T1-T2 prostate cancer treated within a 2-year period (1994-1995). METHODS: Nine institutions combined data on 4839 patients with stage T1 and T2 adenocarcinoma of the prostate who received > or =60 Gy external beam radiation therapy (RT) as sole treatment. No patient received neoadjuvant androgen deprivation or planned adjuvant androgen deprivation. Of the 4839 patients, 1325 were treated in 1994 and 1995; 1061 were treated with <72 Gy and 264 with > or =72 Gy. The median RT doses for the <72 Gy and the > or =72 Gy groups were 68.4 Gy and 75.6 Gy, respectively. The median follow-up for the <72 Gy and the > or =72 Gy groups were 5.8 and 5.7 years, respectively. Risk groups, defined on the basis of T stage, pretherapy PSA level, and biopsy Gleason score (GS), were as follows: low risk--T1b, T1c, T2a, GS < or =6 and PSA < or =10 ng/mL; intermediate risk--T1b, T1c, T2a, GS < or =6 and PSA >10 ng/mL but < or =20 ng/mL or T2b, GS < or =6 and PSA < or =20 ng/mL or GS 7 and PSA < or =20 ng/mL; high risk--GS 8-10 or PSA >20 ng/mL. The endpoint for outcome analysis was PSA-DFS at 5 years after therapy using the American Society for Therapeutic Radiology and Oncology failure definition. RESULTS: Patients receiving > or =72 Gy had significantly more advanced cancers. The proportion of stage T2b/T2c cancers in the > or =72 Gy group was 42% compared with 32% in the <72 Gy group (p = 0.027). The mean pretherapy PSA was 11.4 ng/mL in the > or =72 Gy group compared with 10.7 ng/mL in the <72 Gy group (p = 0.001). The proportion of GS > or =8 cancers in the > or =72 Gy group was 9% compared with 7% in the <72 Gy group (p = 0.309). Overall, 15% of patients receiving <72 Gy had high-risk disease, compared with 22% of patients receiving > or =72 Gy (p = 0.034). The > or =72 Gy group had a greater number of follow-up PSA levels (mean 10.6/patient) compared with the <72 Gy group (mean 9.6/patient) (p = 0.007). For all 1325 patients, the 5- and 8-year PSA-DFS estimates were 64% and 62%, respectively. The 5-year PSA-DFS estimates for <72 Gy vs. > or =72 Gy were 63% vs. 69%, respectively (p = 0.046). Multivariate analysis for factors affecting PSA-DFS was performed for all cases using the following variables: pretherapy PSA (continuous), biopsy GS (continuous), stage (T1 vs. T2), radiation dose (continuous), and radiation technique (three-dimensional conformal vs. conventional). Pretreatment PSA (p < 0.001, chi-square 112.2), GS (p < 0.001, chi-square 12.8), radiation dose (p < 0.001, chi-square 13.5), and stage (p = 0.007, chi-square 7.2) were independent predictors of outcome. Radiotherapy technique was not (p = 0.50). CONCLUSION: Differences in PSA-DFS estimates observed in multiple retrospective series have been attributed to differences in follow-up duration between patients treated to conventional doses (longer follow-up intervals) and those treated to higher doses (shorter follow-up intervals). In this report, the median follow-up duration in the > or =72 Gy group was essentially identical to the <72 Gy group, because the study included a large number of patients treated consecutively during a narrow time range (1994-1995). With similar follow-up duration, higher than conventional radiotherapy doses were associated with improved PSA-DFS when controlled for the influence of pretreatment PSA levels, biopsy GS, and clinical T stage.",Int J Radiat Oncol Biol Phys,2005,61,415-9,10.1016/j.ijrobp.2004.05.018,https://www.ncbi.nlm.nih.gov/pubmed/15667961,INTERMEDIATE RISK,positive,1,
16223581,Patients at high risk of progression after radical prostatectomy: do they all benefit from immediate post-operative irradiation? (EORTC trial 22911),Collette L,"EORTC trial 22911 demonstrated that immediate postoperative irradiation significantly improved biochemical failure free survival (BPFS) compared to wait-and-see (W and S) until relapse in patients with pT2-3 tumours and pathological risk factors after radical prostatectomy. In this study, we have investigated the heterogeneity of the treatment benefit across defined subgroups of patients. Data from 972 patients were used. A risk model was developed in the W and S group and the Log-rank test for heterogeneity was applied (alpha=0.05). Positive surgical margin (SM+), seminal vesicle invasion (SV+), WHO differentiation grade, pre- and post-operative PSA were independent predictors for BPFS in the W and S group. Men with SV+ were at higher risk of relapse whereas those with SM+ but no capsule infiltration (ECE-) did not seem to differ from those with SM-ECE+ or with SM+ECE+. Postoperative irradiation improved biochemical progression-free survival in all patient groups. Longer follow-up is needed to assess the endpoint of clinical progression-free survival.",Eur J Cancer,2005,41,2662-72,doi: 10.1016/j.ejca.2005.06.024. Epub 2005 Oct 11,https://www.ncbi.nlm.nih.gov/pubmed/16223581,,negative,0,2005.0
30937571,"Tumor characteristics, oncological and functional outcomes after radical prostatectomy in very young men ≤ 45 years of age",Tilki D,"PURPOSE: Age is an important prognostic factor for functional and oncological outcomes after radical prostatectomy (RP). Considering the long life-expectancy of young patients (≤ 45 years), it remains important to examine their outcomes. METHODS: Of 16.049 patients who underwent RP between 01/2006 and 12/2014 at the Martini-Klinik Prostate Cancer Center, 119 (0.7%) were ≤ 45. Known prognosticators were compared according to patient age at RP (categorical as ≤ 45, > 45 and ≤ 65, > 65 years). Kaplan-Meier plots and Cox-regressions analyzed oncological outcomes [biochemical recurrence (BCR)-free survival and metastasis-free survival (MFS)]. Logistic regressions were used for functional outcome. Urinary continence (UC) was defined as the use of 0 or 1 safety pad/day and potency as an IIEF-5 score of ≥ 18. RESULTS: Compared to their older counterparts, patients ≤ 45 years had more favorable tumor characteristics. Of all patients aged ≤ 45 years, 89% underwent bilateral and 9.3% unilateral nerve-sparing procedure. Five year BCR-free survival and MFS were 80.2% and 98.7% for patients ≤ 45 years, 72.8% and 95.0% for patients > 45 and ≤ 65 years and 70.5% and 94.9% for patients > 65 years. For the same groups, 1-year UC-rates were 97.4%, 89.4%, and 84.7% while 1.3%, 8.2%, and 11.6% used 1-2 pads/24 h. At 1-year, 75.6%, 58.6%, and 45.3% of preoperatively potent patients who underwent bilateral nerve-sparing were considered potent. Younger age was an independent predictor of favorable functional outcome also in multivariable analysis. CONCLUSIONS: Patients aged ≤ 45 years had more favorable tumor characteristics and oncological outcomes. Moreover, younger patients should be counseled about the excellent postoperative continence and potency rates.",World J Urol,2020,38,95-101,doi: 10.1007/s00345-019-02740-8. Epub 2019 Apr 2,https://www.ncbi.nlm.nih.gov/pubmed/30937571,,negative,0,2020.0
20299147,Outcome predictors of radical prostatectomy in patients with prostate-specific antigen greater than 20 ng/ml: a European multi-institutional study of 712 patients.,Spahn M,"BACKGROUND: Prostate cancer (PCa) patients with pretreatment prostate-specific antigen (PSA) >20 ng/ml have a high risk of biochemical and clinical failure and even cancer-related death after local therapy. Pretreatment predictors of outcome after radical prostatectomy (RP) in this patient group are necessary. OBJECTIVE: Our aim was to assess how the use of additional high-risk factors (biopsy Gleason score [bGS] > or = 8 or clinical stage 3-4) can improve prediction of treatment failure and cancer-related death after RP in patients with PSA >20. DESIGN, SETTING, AND PARTICIPANTS: In a retrospective multicentre cohort study from six European centres between 1987 and 2005, 712 patients with PSA >20 ng/ml underwent RP and bilateral pelvic lymphadenectomy. MEASUREMENTS: Subgroups were analysed to determine the relationship between the number of high-risk factors and histopathology, biochemical progression-free survival, clinical evidence of progressive disease, prostate cancer-specific mortality (PCSM), and overall mortality. Kaplan-Meier analysis with log-rank test and Cox multivariable analysis were applied. RESULTS AND LIMITATIONS: Median follow-up was 77 mo. The number of high-risk factors was significantly associated with unfavourable histopathology. Among patients with only PSA >20 ng/ml, 33% had pT2 PCa, 57.9% had bGS <7, 54% had negative surgical margins, and 85% were lymph node negative (pN0), whereas among patients with all three high-risk factors, 4.5% had pT2 PCa, 2.3% had bGS <7, 20.5% had negative margins, and 49% were pN0 (p<0.001). The strongest predictor of progression and mortality was bGS. PSA >20 ng/ml associated with bGS < or =7 resulted in 10-yr PCSM of 5%; when associated with bGS > or =8, PCSM was 35%. The main limitations of the study were retrospective design and varying treatment modalities. CONCLUSIONS: PCa patients with PSA >20 ng/ml have varying risk levels of disease progression and PCSM. Considering additional risk factors further stratifies this group into four subgroups that can guide the clinician in preoperative patient counselling.",Eur Urol,2010,58,1-7; discussion 10-1,10.1016/j.eururo.2010.03.001,https://www.ncbi.nlm.nih.gov/pubmed/20299147,HIGH RISK,positive,1,
25770484,"Urinary Incontinence and Erectile Dysfunction After Robotic Versus Open Radical Prostatectomy: A Prospective, Controlled, Nonrandomised Trial",Haglind E,"BACKGROUND: Robot-assisted laparoscopic radical prostatectomy (RALP) has become widely used without high-grade evidence of superiority regarding long-term clinical outcomes compared with open retropubic radical prostatectomy (RRP), the gold standard. OBJECTIVE: To compare patient-reported urinary incontinence and erectile dysfunction 12 mo after RALP or RRP. DESIGN, SETTING, AND PARTICIPANTS: This was a prospective, controlled, nonrandomised trial of patients undergoing prostatectomy in 14 centres using RALP or RRP. Clinical-record forms and validated patient questionnaires at baseline and 12 mo after surgery were collected. OUTCOME MEASUREMENTS AND STATISTICAL ANALYSES: Odds ratios (ORs) were calculated with logistic regression and adjusted for possible confounders. The primary end point was urinary incontinence (change of pad less than once in 24h vs one time or more per 24h) at 12 mo. Secondary end points were erectile dysfunction at 12 mo and positive surgical margins. RESULTS AND LIMITATIONS: At 12 mo after RALP, 366 men (21.3%) were incontinent, as were 144 (20.2%) after RRP. The unadjusted OR was 1.08 (95% confidence interval [CI], 0.87–1.34). Erectile dysfunction was observed in 1200 men (70.4%) 12 mo after RALP and 531 (74.7%) after RRP. The unadjusted OR was 0.81 (95% CI, 0.66–0.98). CONCLUSIONS: In a Swedish setting, RALP for prostate cancer was modestly beneficial in preserving erectile function compared with RRP, without a statistically significant difference regarding urinary incontinence or surgical margins. PATIENT SUMMARY: We compared patient-reported urinary incontinence after prostatectomy with two types of surgical technique. There was no statistically significant improvement in the rate of urinary leakage, but there was a small improvement regarding erectile function after robot-assisted operation.",Eur Urol,2015,68,216-25,doi: 10.1016/j.eururo.2015.02.029. Epub 2015 Mar 12,https://www.ncbi.nlm.nih.gov/pubmed/25770484,,negative,0,2015.0
33085712,68Ga-PSMA-PET/CT-based radiosurgery and stereotactic body radiotherapy for oligometastatic prostate cancer,Kalinauskaite G,"BACKGROUND: Androgen deprivation therapy (ADT) remains the standard therapy for patients with oligometastatic prostate cancer (OMPC). Prostate-specific membrane antigen positron emission tomography/computed tomography (PSMA-PET/CT)-based stereotactic body radiotherapy (SBRT) is emerging as an alternative option to postpone starting ADT and its associated side effects including the development of drug resistance. The aim of this study was to determine progression free-survival (PFS) and treatment failure free-survival (TFFS) after PSMA-PET/CT-based SBRT in OMPC patients. The efficacy and safety of single fraction radiosurgery (SFRS) and ADT delay were investigated. METHODS: Patients with ≤5 metastases from OMPC, with/without ADT treated with PSMA-PET/CT-based SBRT were retrospectively analyzed. PFS and TFFS were primary endpoints. Secondary endpoints were local control (LC), overall survival (OS) and ADT-free survival (ADTFS). RESULTS: Fifty patients with a total of 75 metastases detected by PSMA-PET/CT were analyzed. At the time of SBRT, 70% of patients were castration-sensitive. Overall, 80% of metastases were treated with SFRS (median dose 20 Gy, range: 16-25). After median follow-up of 34 months (range: 5-70) median PFS and TFFS were 12 months (range: 2-63) and 14 months (range: 2-70), respectively. Thirty-two (64%) patients had repeat oligometastatic disease. Twenty-four (48%) patients with progression underwent second SBRT course. Two-year LC after SFRS was 96%. Grade 1 and 2 toxicity occurred in 3 (6%) and 1 (2%) patients, respectively. ADTFS and OS rates at 2-years were 60.5% and 100%, respectively. In multivariate analysis, TFFS significantly improved in patients with time to first metastasis (TTM) >36 months (p = 0.01) and PSA before SBRT ≤1 ng/ml (p = 0.03). CONCLUSION: For patients with OMPC, SBRT might be used as an alternative to ADT. This way, the start/escalation of palliative ADT and its side effects can be deferred. Metastases treated with PSMA-PET/CT-based SFRS reached excellent LC with minimal toxicity. Low PSA levels and longer TTM predict elongated TFFS.",PLoS One,2020,21,,doi: 10.1371/journal.pone.0240892. eCollection 2020,https://www.ncbi.nlm.nih.gov/pubmed/33085712,,negative,0,2020.0
31897875,Castration-resistant prostate cancer without metastasis at presentation may achieve cancer-specific survival in patients who underwent prior radical prostatectomy,Kodama H,"PURPOSE: Radical prostatectomy (RP) is relatively better oncological outcomes in patients with prostate cancer (PCa). However, the incidence of castration-resistant PCa (CRPC) and PCa-specific mortality in patients with biochemical recurrence (BCR) after RP remains unclear. The aim of this study was to evaluate the cancer-specific survival (CSS) in patients with CRPC after RP, in particular those who had metastases or not. METHODS: We retrospectively reviewed the data of 1582 consecutive patients who underwent RP between July 1996 and January 2019. The enrolled patients had histologically confirmed stage T1a-T3b PCa without lymph node involvement or distant metastasis. The endpoints were oncological outcomes, including CSS and BCR, in patients with PCa with or without metastases at the time of diagnosis with CRPC. RESULTS: A total of 1474 patients were enrolled in this study. By the end of the follow-up period, 352 patients (24.6%) in the enrolled patients had BCR after RP. A total of 42 patients (2.9%) developed CRPC and 18 (1.3%) had died of PCa. With regard to metastasis in patients who diagnosed CRPC, the 5-year CSS rate was 100% for nonmetastatic CRPC (nmCRPC) patients and 53.8% for metastatic CRPC (mCRPC) patients after RP. The 5-year CSS rate was 100% for nmCRPC patients and 27.1% for mCRPC patients after the diagnosis with CRPC. CONCLUSIONS: CRPC is one of the lethal causes with PCa death. However, nmCRPC may achieve relatively good prognosis in patients with PCa after RP.",Int Urol Nephrol,2020,52,671-679,doi: 10.1007/s11255-019-02339-3. Epub 2020 Jan 3,https://www.ncbi.nlm.nih.gov/pubmed/31897875,,negative,0,2020.0
20575980,Early oncological outcomes of robot-assisted radical prostatectomy for high-grade prostate cancer,Wambi CO,"OBJECTIVE: To evaluate the oncological outcomes of patients with specimen Gleason 8 and 9 prostate cancers and to determine factors that predict biochemical recurrence-free survival (BCRFS) after robot-assisted radical prostatectomy (RARP). PATIENTS AND METHODS: Of 4156 patients who underwent RARP from January 2001 to 2009, we identified 368 men with Gleason 8 or 9 tumours who met the inclusion criteria. BCR was defined as a PSA level of ≥0.2 ng/mL with a second rising value. The Kaplan-Meier method and log-rank test were used to compare BCRFS while factors that predict BCRFS were determined by Cox proportional hazards modelling. RESULTS: The median age and PSA level were 62 years and 6.4 ng/mL for men with Gleason 8, and 63 years and 6.7 ng/mL for Gleason 9 cancers. The median (interquartile range, IQR) overall follow-up was 23 (10-46) months and 19 (7-37) months for Gleason 8 and 9 tumours, respectively. At 60 months the mean (se) overall BCRFS was 36 (5)% and for Gleason 8 it was 47 (6)% and for Gleason 9 it was 21 (7)% (P < 0.001). At 5 years, extraprostatic extension (pT3a) resulted in BCRFS of 52 (9)% for Gleason 8 tumours and 21 (11)% for Gleason 9 (P= 0.012). On multivariable analysis, lymph node invasion, specimen Gleason score, pathological stage and tumour volume predicted BCRFS. CONCLUSIONS: Early results suggest RARP monotherapy performs comparably to RP for BCRFS in men with high-grade prostate cancer. There are significant oncological differences between Gleason 8 and 9 tumours.",BJU Int,2010,106,1739-45,doi: 10.1111/j.1464-410X.2010.09484.x,https://www.ncbi.nlm.nih.gov/pubmed/20575980,,negative,0,2010.0
22672442,Long-term oncological and continence outcomes after laparoscopic radical prostatectomy: a single-centre experience.,Busch J,"UNLABELLED: Study Type--Therapy (case series) Level of Evidence 4. What's known on the subject? and What does the study add? Over the past decade, minimally invasive laparoscopic radical prostatectomy and more recently robot-assisted laparoscopic prostatectomy have been introduced and have proven equally effective compared with open surgery in terms of mid-term cancer control and complication rates. Because long-term data is lacking, open prostatectomy is still considered the 'gold standard' by some authors, who argue that minimally invasive approaches have to measure up to the excellent long-term results of open surgery. This study represents one of the largest series (1845 patients) of minimally invasive radical prostatectomy with extended follow-up (11.3 years) and detailed data on oncological outcome and postoperative incontinence. It therefore supplies previously lacking information on these details for minimally invasive prostate surgery and provides important information for patient counselling. OBJECTIVE: • To investigate biochemical recurrence (BCR) rates and data on postoperative incontinence in a large laparoscopic radical prostatectomy (LRP) cohort with extended follow-up. MATERIALS AND METHODS: • BCR and independent predictors of BCR were identified using Kaplan-Meier and Cox regression analysis of 1845 patients who underwent LRP from 1999 to 2007. • Urinary incontinence was evaluated by pads per day and stratified as follows: 0-1 pad: no incontinence; 2-3 pads: mild incontinence; and ≥ 3 pads: severe incontinence. RESULTS: • Organ-confined disease, extraprostatic extension, seminal vesicle invasion and lymph node metastasis were present in 71.3%, 20.5%, 6.7% and 3.2% of patients, respectively. The positive surgical margin rate was 29.2%. • Postoperatively, 74.9% of the patients were continent, while 9.2% had mild and 15.9% severe incontinence. • The mean follow-up was 5 years with a maximum follow-up of 11.3 years. • There were 51 overall deaths and six deaths from prostate cancer. The 5-year, 8-year and 10-year BCR-free survival rates were 83.9%, 78.6% and 75.6%, respectively. • On univariate analyses preoperative D'Amico risk classification, pathological tumour stage, postoperative Gleason sum and surgical margin status were predictors of BCR (P < 0.001). • On multivariable analysis, D'Amico classification, Gleason sum (P < 0.001), postoperative tumour stage (P < 0.001), nodal status (P < 0.001) and surgical margin status (P = 0.002) were independent predictors of BCR. CONCLUSIONS: • LRP offers excellent long-term functional and oncological results with a low incidence of BCR for patients with localized disease. • These results could be used for patient counselling before robot-assisted laparascopic prostatectomy (RALP) until long-term follow-up data for RALP is available.",BJU Int,2012,110,E985-90,10.1111/j.1464-410X.2012.11279.x,https://www.ncbi.nlm.nih.gov/pubmed/22672442,LOW RISK,positive,1,
32416376,Accelerating prostate stereotactic ablative body radiotherapy: Efficacy and toxicity of a randomized phase II study of 11 versus 29 days overall treatment time (PATRIOT),Alayed Y,"BACKGROUND: Prostate stereotactic ablative radiotherapy (SABR) regimens differ in time, dose, and fractionation. We report an update of a multicentre, Canadian randomized phase II study to investigate the impact of overall treatment time on quality of life (QOL), efficacy, and toxicity. METHODS: Men with intermediate risk prostate cancer were randomized to 40 Gy in 5 fractions delivered every other day (EOD) versus once per week (QW). Primary outcome was proportion of patients experiencing a minimally clinically important change (MCIC) in acute bowel QOL using EPIC. Secondary outcomes were toxicity, biochemical failure (BF), other QOL domains, and the rate of salvage therapy. FINDINGS: 152 men from 3 centers were randomized; the median follow-up was 62 months. Results are described for EOD versus QW. Acute bowel and urinary QOL was reported previously. Late changes in QOL were not significantly different between the two arms. There were 1 (1.3%) vs 3 (2.7%) late grade 3 + GI toxicities (p = 0.36) and 5 (6.7%) vs 2 (2.7%) late grade 3 GU toxicities (p = 0.44). Two and 5 patients had BF (5-year failure rate 3.0 vs 7.2%, p = 0.22); 0 and 4 patients received salvage therapy (p = 0.04). 5-Year OS and CSS was 95.8% and 98.6% with no difference between arms (p = 0.49, p = 0.15). 3 patients in the QW arm developed metastases. INTERPRETATION: Although we previously reported that weekly prostate SABR had better bowel and urinary QOL compared to EOD, the updated results show no difference in late toxicity, QOL, BF, or PSA kinetics. Patients should be counseled that QW SABR reduces short-term toxicity compared to QW SABR.",Radiother Oncol,2020,149,8-13,doi: 10.1016/j.radonc.2020.04.039. Epub 2020 Apr 27,https://www.ncbi.nlm.nih.gov/pubmed/32416376,,negative,0,2020.0
20690197,"Comparative risk-adjusted mortality outcomes after primary surgery, radiotherapy, or androgen-deprivation therapy for localized prostate cancer",Cooperberg MR,"BACKGROUND: Because no adequate randomized trials have compared active treatment modalities for localized prostate cancer, the authors analyzed risk-adjusted, cancer-specific mortality outcomes among men who underwent radical prostatectomy, men who received external-beam radiation therapy, and men who received primary androgen-deprivation therapy. METHODS: The Cancer of the Prostate Strategic Urologic Research Endeavor (CaPSURE) registry comprises men from 40 urologic practice sites who are followed prospectively under uniform protocols, regardless of treatment. In the current study, 7538 men with localized disease were analyzed. Prostate cancer risk was assessed using the Kattan preoperative nomogram and the Cancer of the Prostate Risk Assessment (CAPRA) score, both well validated instruments that are calculated from clinical data at the time of diagnosis. A parametric survival model was constructed to compare outcomes across treatments adjusting for risk and age. RESULTS: In total, 266 men died of prostate cancer during follow-up. Adjusting for age and risk, the hazard ratio for cancer-specific mortality relative to prostatectomy was 2.21 (95% confidence interval [CI], 1.50-3.24) for radiation therapy and 3.22 (95% CI, 2.16-4.81) for androgen deprivation. Absolute differences between prostatectomy and radiation therapy were small for men at low risk but increased substantially for men at intermediate and high risk. These results were robust to a variety of different analytic techniques, including competing risks regression analysis, adjustment by CAPRA score rather than Kattan score, and examination of overall survival as the endpoint. CONCLUSIONS: Prostatectomy for localized prostate cancer was associated with a significant and substantial reduction in mortality relative to radiation therapy and androgen-deprivation monotherapy. Although this was not a randomized study, given the multiple adjustments and sensitivity analyses, it is unlikely that unmeasured confounding would account for the large observed differences in survival.",Cancer,2010,15,,doi: 10.1002/cncr.25456,https://www.ncbi.nlm.nih.gov/pubmed/20690197,,negative,0,2010.0
19583717,Current salvage methods for recurrent prostate cancer after failure of primary radiotherapy,Kimura M,"We reviewed the current salvage methods for patients with local recurrent prostate cancer after primary radiotherapy (RT), using a search of relevant Medline/PubMed articles published from 1982 to 2008, with the following search terms: 'radiorecurrent prostate cancer, local salvage treatment, salvage radical prostatectomy (RP), salvage cryoablation, salvage brachytherapy, salvage high-intensity focused ultrasound (HIFU)', and permutations of the above. Only articles written in English were included. The objectives of this review were to analyse the eligibility criteria for careful selection of appropriate patients and to evaluate the oncological results and complications for each method. There are four whole-gland re-treatment options (salvage RP, salvage cryoablation, salvage brachytherapy, salvage HIFU) for RT failure, although others might be in development or investigations. Salvage RP has the longest follow-up with acceptable oncological results, but it is a challenging technique with a high complication rate. Salvage cryoablation is a feasible option, especially using third-generation technology, whereby the average biochemical disease-free survival rate is 50-70% and there are fewer occurrences of severe complications such as recto-urethral fistula. Salvage brachytherapy, with short-term cancer control, is comparable to other salvage methods but depends on cumulative dosage limitation to target tissues. HIFU is a relatively recent option in the salvage setting. Both salvage brachytherapy and HIFU require more detailed studies with intermediate and long-term follow-up. As these are not prospective, randomized studies and the definitions of biochemical failure varied, there are limited comparisons among these different salvage methods, including efficacy. In the focal therapy salvage setting, the increased use of thermoablative methods for eligible patients might contribute to reducing complications and maintaining quality of life. The problem to effectively salvage patients with locally recurrent disease after RT is the lack of diagnostic examinations with sufficient sensitivity and specificity to detect local recurrence at an early curable stage. Therefore, a more strict definition of biochemical failure, improved imaging techniques, and accurate specimen mapping are needed as diagnostic tools. Furthermore, universal selection criteria and an integrated definition of biochemical failure for all salvage methods are required to determine which provides the best oncological efficacy and least comorbidity.",BJU Int,2010,105,191-201,doi: 10.1111/j.1464-410X.2009.08715.x. Epub 2009 Jul 2,https://www.ncbi.nlm.nih.gov/pubmed/19583717,,negative,0,2010.0
26004800,Duration of Androgen Deprivation Therapy Influences Outcomes for Patients Receiving Radiation Therapy Following Radical Prostatectomy,Jackson WC,"BACKGROUND: Limited data exist to guide the use of androgen deprivation therapy (ADT) for men treated with radiation therapy (RT) after radical prostatectomy (RP). The optimal duration of ADT in this setting is unknown. OBJECTIVE: To determine if the duration of ADT influences clinical outcomes for men receiving post-RP RT. DESIGN, SETTING, AND PARTICIPANTS: A total of 680 men who received adjuvant radiation therapy (n=105) or salvage radiation therapy (n=575) between 1986 and 2010 at a single tertiary care institution were reviewed retrospectively. Median follow-up post-RT was 57.8 mo. INTERVENTION: RT was delivered using three-dimensional conformal or intensity-modulated RT in 1.8-Gy fractions. For patients treated with ADT, >80% were treated with a gonadotropin-releasing hormone agonist with or without a nonsteroidal antiandrogen. OUTCOME MEASUREMENTS AND STATISTICAL ANALYSIS: Biochemical failure (BF), distant metastasis (DM), prostate cancer-specific mortality (PCSM), and overall mortality were assessed using Kaplan-Meier analysis and propensity score analysis. RESULTS AND LIMITATIONS: Overall, 144 patients (21%) received ADT with post-RP RT, most of whom had high-risk disease features such as Gleason score 8-10, seminal vesicle invasion, or pre-RT prostate-specific antigen >1 ng/ml. Median ADT duration was 12 mo (interquartile range: 6.0-23.7). Patients who received <12 mo of ADT had an association with increased BF (hazard ratio [HR]: 2.27; p=0.003) and DM (HR: 2.48; p=0.03) compared with patients receiving ≥12 mo of ADT. The 5-yr rates of DM were 6.0% and 23% for ≥12 and <12 mo of ADT, respectively. On propensity score analysis controlling for pretreatment and treatment-related factors, each month of ADT was associated with a decreased risk for BF (HR: 0.95; p=0.0004), DM (HR: 0.88; p=0.0004), and PCSM (HR: 0.90; p=0.037). These findings are limited by the retrospective nature of our analysis. CONCLUSIONS: For men with high-risk disease features receiving ADT with post-RP RT, the duration of ADT is associated with clinical outcomes. Our findings suggest that for these men an extended course of ADT ≥12 mo may be preferable. Validation of our findings is needed. PATIENT SUMMARY: We evaluated outcomes for men with high-risk disease features treated with androgen deprivation therapy (ADT) and radiotherapy after radical prostatectomy. Longer durations of ADT resulted in improved patient outcomes.",Eur Urol,2016,69,50-7,doi: 10.1016/j.eururo.2015.05.009. Epub 2015 May 21,https://www.ncbi.nlm.nih.gov/pubmed/26004800,,negative,0,2015.0
23395456,Long-term outcomes of prostate cancer patients with Gleason pattern 5 treated with combined brachytherapy and external beam radiotherapy.,Taira AV,"PURPOSE: Recent reports have suggested relatively poor prognosis for prostate cancer patients with Gleason pattern 5 treated with dose-escalated external beam radiotherapy (XRT) and androgen deprivation therapy (ADT). We present the largest series of men with high-risk, Gleason pattern 5 prostate cancer treated with permanent interstitial brachytherapy and XRT. METHODS AND MATERIALS: Between April 1995 and December 2008, 329 consecutive patients with National Comprehensive Cancer Network high-risk disease were treated with permanent interstitial brachytherapy. Most received XRT and ADT. Median followup was 7.2 years. The cause of death was determined for each deceased patient. Multiple clinical, treatment, and dosimetric parameters were evaluated for impact on the evaluated survival parameters. RESULTS: At 10 years, biochemical progression-free survival, cause-specific survival (CSS), and overall survival for the group of high-risk patients as a whole was 91.1%, 95.5%, and 72.5%, respectively. There was no difference in biochemical progression-free survival between men with and without Gleason pattern 5 (89.7% vs. 91.8%; p=0.56). However, men with Gleason pattern 5 had lower prostate cancer CSS (90.3% vs. 98.1%; p=0.011). There was no difference in overall survival comparing men with and without Gleason pattern 5 disease (67.7% vs. 75.4%; p=0.14). CONCLUSIONS: Men with high-risk, Gleason pattern 5 histology treated with brachytherapy and XRT have excellent long-term outcomes, which compare favorably to dose-escalated XRT/ADT series without brachytherapy. Nonetheless, Gleason pattern 5 results in lower CSS than high-risk disease without Gleason pattern 5.",Brachytherapy,2013,12,408-14,10.1016/j.brachy.2012.08.004,https://www.ncbi.nlm.nih.gov/pubmed/23395456,HIGH RISK,positive,1,
20449749,Long-term outcomes of salvage radiotherapy for PSA-recurrent prostate cancer: validation of the Stephenson nomogram,Hugen CM,"PURPOSE: Approximately one-third of patients who undergo radical prostatectomy for clinically localized prostate cancer will ultimately develop a biochemical recurrence. We report our long-term outcomes of salvage radiotherapy (SRT), and in so doing, validate a recently published prognostic nomogram. METHODS: A retrospective chart review was performed of all patients treated with SRT following radical prostatectomy for biochemical PSA recurrence at our institution between 1992 and 2003. We calculated the probability of 6-year biochemical progression-free survival following SRT and performed a goodness-of-fit test to ascertain whether the previously published nomogram correctly predicted our observations. RESULTS: During the study period, 96 patients were treated with SRT. At a median follow-up of 71 months, 44 (46%) had a durable PSA-free response. There was no significant difference between the observed progression-free survival and that predicted by the Stephenson nomogram (P = 0.7). Multivariate logistic regression analysis determined that PSA value at the initiation of SRT (P = 0.02) and pathologic Gleason Score (P = 0.04) were significantly associated with the probability of recurrence. CONCLUSIONS: During the study period, nearly half of patients treated with SRT for PSA recurrence following radical prostatectomy had a durable treatment response. We found the predictive nomogram developed by Stephenson, et al. to be valid when tested on our independent cohort of patients.",World J Urol,2010,28,741-4,doi: 10.1007/s00345-010-0559-x. Epub 2010 May 7,https://www.ncbi.nlm.nih.gov/pubmed/20449749,,negative,0,2010.0
15794776,Radical prostatectomy for clinically advanced (cT3) prostate cancer since the advent of prostate-specific antigen testing: 15-year outcome.,Ward JF,"UNLABELLED: In the first paper in this section, authors from the Mayo Clinic describe their experience and 15-year outcomes in the controversial subject of radical prostatectomy in patients with clinical T3 prostate cancer. The findings were interesting in many respects, but the authors concluded that radical prostatectomy as part of multimodal treatment for patients with clinical T3 disease offers cancer control and good survival rates. There follows a series of papers on both prostate cancer and bladder cancer, but the final paper in this section from the UK attempts to define the accuracy of urologists and oncologists in assessing patient life-expectancy. Using various methods they found that, rather disappointingly, doctors were poor at predicting 10-year survival, leading to the possible outcome that some patients may be denied treatment after a pessimistic assessment of life-expectancy. OBJECTIVE: To report a long-term experience with extirpative surgery in patients presenting with locally advanced (cT3) prostate cancer, as the best management of such patients remains a problem. PATIENTS AND METHODS: In a single-institution retrospective study identifying 5652 men who had radical prostatectomy (RP) for histologically confirmed prostate cancer since the advent of prostate-specific antigen (PSA) testing (1987-97), 15% (842) had RP for cT3 disease. The median follow-up of these men was 10.3 years. Cancer-specific, overall and disease-free survival was plotted and compared with those of patients having RP for cT2 disease during the same period. Perioperative morbidity, continence and erectile function rates were examined, with a multivariate analysis for risk factors of disease recurrence. RESULTS: Freedom from local or systemic disease at 5, 10, and 15 years after RP for cT3 disease was 85%, 73% and 67%; the respective cancer-specific survival rates were 95%, 90% and 79%. Significantly many men who did not receive neoadjuvant therapy (27%) were clinically over-staged (pT2) and most men with pT3 disease (78%) received adjuvant therapy. The mean time to adjuvant therapy after RP was not significantly different between men with cT3 and cT2 disease (4.0 and 4.3 years). Pathological grade (> or =7), positive surgical margins, and nondiploid chromatin were all independently associated with a significant risk for clinical disease recurrence, while preoperative PSA level had little effect on outcome. Complications and continence rates after RP in patients with cT3 mirrored those in patients with cT2 disease. CONCLUSIONS: Significantly many patients with cT3 prostate cancer are overstaged (pT2) in the PSA era. RP as part of a multimodal treatment strategy for patients with cT3 disease offers cancer control and survival rates approaching those achieved for cT2 disease. Pathological grade, ploidy and margin status are all significant predictors of outcome after RP. Complications and incontinence rates in patients with cT3 disease mirror those after RP for cT2 disease.",BJU Int,2005,95,751-6,10.1111/j.1464-410X.2005.05394.x,https://www.ncbi.nlm.nih.gov/pubmed/15794776,HIGH RISK,positive,1,
19467793,Natural history of clinically staged low- and intermediate-risk prostate cancer treated with monotherapeutic permanent interstitial brachytherapy.,Taira AV,"PURPOSE: To evaluate the natural history of clinically staged low- and intermediate-risk prostate cancer treated with permanent interstitial seed implants as monotherapy. METHODS AND MATERIALS: Between April 1995 and May 2005, 463 patients with clinically localized prostate cancer underwent brachytherapy as the sole definitive treatment. Men who received supplemental external beam radiotherapy or androgen deprivation therapy were excluded. Dosimetric implant quality was determined based on the minimum dose that covered 90% of the target volume and the volume of the prostate gland receiving 100% of the prescribed dose. Multiple parameters were evaluated as predictors of treatment outcomes. RESULTS: The 12-year biochemical progression-free survival (bPFS), cause-specific survival, and overall survival rates for the entire cohort were 97.1%, 99.7%, and 75.4%, respectively. Only pretreatment prostate-specific antigen level, percent positive biopsy cores, and minimum dose that covered 90% of the target volume were significant predictors of biochemical recurrence. The bPFS, cause-specific survival, and overall survival rates were 97.4%, 99.6%, and 76.2%, respectively, for low-risk patients and 96.4%, 100%, and 74.0%, respectively, for intermediate-risk patients. The bPFS rate was 98.8% for low-risk patients with high-quality implants versus 92.1% for those with less adequate implants (p < 0.01), and it was 98.3% for intermediate-risk patients with high-quality implants versus 86.4% for those with less adequate implants (p < 0.01). CONCLUSIONS: High-quality brachytherapy implants as monotherapy can provide excellent outcomes for men with clinically staged low- and intermediate-risk prostate cancer. For these men, a high-quality implant can achieve results comparable to high-quality surgery in the most favorable pathologically staged patient subgroups.",Int J Radiat Oncol Biol Phys,2010,76,349-54,10.1016/j.ijrobp.2009.02.021,https://www.ncbi.nlm.nih.gov/pubmed/19467793,LOW RISK,positive,1,
26276528,"Patient-reported quality of life after stereotactic body radiotherapy (SBRT), intensity modulated radiotherapy (IMRT), and brachytherapy",Evans JR,"BACKGROUND AND PURPOSE: Stereotactic body radiotherapy (SBRT) is being used for prostate cancer, but concerns persist about toxicity compared to other radiotherapy options. MATERIALS AND METHODS: We conducted a multi-institutional pooled cohort analysis of patient-reported quality of life (QOL) [EPIC-26] before and after intensity-modulated radiotherapy (IMRT), brachytherapy, or SBRT for localized prostate cancer. Data were analyzed by mean domain score, minimal clinically detectable difference (MCD) in domain score, and multivariate analyses to determine factors associated with domain scores at 2-years. RESULTS: Data were analyzed from 803 patients at baseline and 645 at 2-years. Mean declines at 2-years across all patients were -1.9, -4.8, -4.9, and -13.3 points for urinary obstructive, urinary incontinence, bowel, and sexual symptom domains, respectively, corresponding to MCD in 29%, 20%, and 28% of patients. On multivariate analysis (vs. IMRT), brachytherapy had worse urinary irritation at 2-years (-6.8 points, p<0.0001) but no differences in other domains (p>0.15). QOL after SBRT was similar for urinary (p>0.5) and sexual domains (p=0.57), but was associated with better bowel score (+6.7 points, p<0.0002). CONCLUSIONS: QOL 2-years after brachytherapy, IMRT, or SBRT is very good and largely similar, with small differences in urinary and bowel QOL that are likely minimized by modern techniques.",Radiother Oncol,2015,116,179-84,doi: 10.1016/j.radonc.2015.07.016. Epub 2015 Aug 11,https://www.ncbi.nlm.nih.gov/pubmed/26276528,,negative,0,2015.0
18448268,Primary causes of death after permanent prostate brachytherapy.,Bittner N,"PURPOSE: To evaluate the primary causes of death in low-risk (low-risk), intermediate-risk (intermediate-risk), and high-risk (high-risk) patients undergoing permanent prostate brachytherapy with or without supplemental therapies. METHODS AND MATERIALS: From April 1995 through November 2004, a total of 1,354 consecutive patients underwent prostate brachytherapy. All patients underwent brachytherapy >3 years before analysis. Of the patients, 532 (39.3%) received androgen deprivation therapy and 703 (51.9%) received supplemental radiation therapy. The median follow-up was 5.4 years. Multiple parameters were evaluated as predictors of cause-specific, biochemical progression-free, and overall survival. RESULTS: The 10-year cause-specific survival was 97.0% (99.7%, 99.0%, and 90.1% for low-risk, intermediate-risk, and high-risk patients). Overall survival was 76.7% (82.5%, 78.3%, and 67.6% for low-, intermediate-, and high-risk patients, respectively). The cumulative death rate for cardiovascular disease was 11.5% (8.7%, 9.3%, and 19.8% for low-, intermediate-, and high-risk patients). The death rate from second malignancies (nonprostate cancer) was 7.2% and was not substantially different when stratified by risk group. Death from all other causes was 6.5% for the entire cohort but 1.3%, 5.0%, and 10.8% for low-, intermediate-, and high-risk patients. In multivariate analysis, death from prostate cancer was best predicted by Gleason score and risk group, whereas death from cardiovascular disease, nonprostate cancer, and all other causes were most closely related to patient age and tobacco use. CONCLUSIONS: Although cardiovascular mortality was the predominant cause of death, prostate cancer was responsible for approximately 10% of all deaths. In particular, overall survival was poorest in the high-risk group. Although high-risk patients were most likely to die of prostate cancer, the divergence in overall survival between high-risk and lower-risk patients primarily resulted from an excess of cardiovascular deaths. Changes in lifestyle to improve cardiovascular health may improve overall survival in patients with clinically localized prostate cancer.",Int J Radiat Oncol Biol Phys,2008,72,433-40,10.1016/j.ijrobp.2008.02.013,https://www.ncbi.nlm.nih.gov/pubmed/18448268,LOW RISK,positive,1,
22436516,Long-term outcome for very high-risk prostate cancer treated primarily with a triple modality approach to include permanent interstitial brachytherapy.,Bittner N,"PURPOSE: To evaluate outcome in the most unfavorable subset of high-risk prostate cancer patients treated with a combination of supplemental external beam radiation therapy (EBRT) and brachytherapy. METHODS AND MATERIALS: Very high-risk prostate cancer was defined as follows: any Gleason score 10, Gleason score 8-9 with >50% of the biopsy cores positive for malignancy, Gleason score 8-9 with a prostate-specific antigen (PSA) >20ng/mL, any clinical stage T3, or any PSA >40ng/mL. One hundred thirty-one patients were identified who met the aforementioned criteria. The median followup was 6.6 years. One hundred twenty (91.6%) patients received supplemental EBRT and 100 (76.4%) received androgen deprivation therapy (median duration, 19.5 months; range, 4-36 months). The median postimplant day 0 D(90) (i.e., the minimum percentage of the prescription dose that covers the planning target volume) was 121.9% of prescription dose. Multiple clinical treatment and dosimetric parameters were evaluated for impact on the evaluated survival parameters. RESULTS: The median pretreatment PSA and Gleason score were 11.0ng/mL and 8. One hundred ten (84%) patients had a Gleason score ≥8. At 9 and 12 years, the cause-specific survival, biochemical progression-free survival, and overall survival were 91.0% and 86.5%, 87.3% and 87.3%, and 70.5% and 60.5%, respectively. The most common cause of death was heart disease (22.2%) with deaths from nonprostate cancer (12.7%) and prostate cancer (8.3%) being less likely. CONCLUSIONS: Permanent interstitial brachytherapy usually with supplemental EBRT and androgen deprivation therapy results in excellent biochemical control and cause-specific survival in the most unfavorable subset of high-risk prostate cancer patients. Death from diseases of the heart was more than twice as likely as death from prostate cancer.",Brachytherapy,2012,11,250-5,10.1016/j.brachy.2012.02.002,https://www.ncbi.nlm.nih.gov/pubmed/22436516,HIGH RISK,positive,1,
25662301,Patient-reported urinary incontinence and erectile dysfunction following radical prostatectomy: results from the European Prostate Centre Innsbruck,Geiger-Gritsch S,"INTRODUCTION: Urinary and erectile functions were assessed by using self-administered validated questionnaires in patients undergoing radical prostatectomy. MATERIALS AND METHODS: In a prospective observational study, a total of 253 consecutive patients diagnosed with clinically localised prostate cancer between 2008 and 2009 at the European Prostate Centre Innsbruck were included. Patient-reported outcomes were assessed before radical prostatectomy and 12 months postoperatively using the validated International Consultation on Incontinence Questionnaire (ICIQ) and the International Index of Erectile Function (IIEF). The Wilcoxon signed-rank test and Chi square statistics were used for analysis. RESULTS: The study showed that before radical prostatectomy, urinary incontinence of various severity grades was reported in 18.8, postoperatively in 63.0% (p < 0.001) and erectile dysfunction of various degrees was reported in 39.6 at baseline compared to 80.1% 12 months postoperatively (p < 0.001). CONCLUSIONS: This study suggests that radical prostatectomy is associated with a significantly increased risk of urinary incontinence and erectile dysfunction 12 months postoperatively.",Urol Int,2015,94,419-27,doi: 10.1159/000369475. Epub 2015 Jan 31,https://www.ncbi.nlm.nih.gov/pubmed/25662301,,negative,0,2015.0
16029786,Neoadjuvant hormone therapy and external-beam radiation for localized high-risk prostate cancer: the importance of PSA nadir before radiation,Ludgate CM,"PURPOSE: To examine the impact of various patient, disease, and treatment characteristics on outcome in patients treated with neoadjuvant hormone therapy (NAHT) and external-beam radiation therapy (EBRT) for clinically localized, high-risk prostate adenocarcinoma (initial prostate-specific antigen [PSA] level >20, Gleason score 8-10 or Stage > or = T3). METHODS AND MATERIALS: A retrospective chart review was conducted on 407 patients treated between 1991 and 2001 with NAHT and EBRT for high-risk prostate cancer. The effect of tumor (PSA level, Gleason score, and T stage) and treatment (NAHT duration, total-hormone duration, preradiation PSA) characteristics on rates of biochemical disease-free survival (bDFS), prostate cancer-specific survival, and overall survival were examined. RESULTS: Median follow-up time was 78 months (range: 5-140 months). Actuarial bDFS at 5 years was 52% (95% confidence interval [CI], 46% to 57%) for the entire group. On multivariate analysis, initial PSA level (p = 0.004), Gleason score (p = 0.005), and preradiation PSA level (p < 0.001) were predictive of bDFS, whereas age, T stage, duration of NAHT, and duration of total hormone therapy were not predictive of outcomes. Gleason score and preradiation PSA level were also predictive of prostate cancer-specific survival rates. CONCLUSION: Improved bDFS in patients with high-risk prostate cancer was associated with lower initial PSA level, lower Gleason score, and lower preradiation PSA level. The duration of NAHT did not have an impact on outcomes, but the preradiation PSA was an important predictor of bDFS in high-risk patients.",Int J Radiat Oncol Biol Phys,2005,1,,doi: 10.1016/j.ijrobp.2005.01.001,https://www.ncbi.nlm.nih.gov/pubmed/16029786,,negative,0,2005.0
26458959,Focal irreversible electroporation for prostate cancer: functional outcomes and short-term oncological control,Ting F,"BACKGROUND: Current data on the use of irreversible electroporation (IRE) in the treatment of prostate cancer (PCa) is limited. We aim to evaluate the safety, short-term functional and oncological outcomes of focal IRE in low-intermediate risk PCa. METHODS: Between February 2013 and May 2014, 32 consecutive men underwent IRE at a single centre. Patients with low-intermediate risk PCa who had not received previous PCa treatment were included for analysis. The tumour was ablated using 3-6 electrodes, ensuring a minimum 5-mm safety margin around the visible magnetic resonance imaging (MRI) lesion. Follow-up included recording Clavien complications, Expanded Prostate Cancer Index Composite (EPIC) questionnaires (baseline, 1.5, 3, 6 months), 6-month multi-parametric MRI (mp-MRI) and 7-month biopsy. Findings on mp-MRI and biopsy were sub-divided into infield, adjacent or outfield of the treatment zone. RESULTS: Twenty-five men were included for final analysis. Safety follow-up revealed one Clavien Grade 3 complication and five Grade 1 complications. Functional follow-up confirmed no significant change in American Urological Association urinary symptom score, sexual or bowel function. Infield, there were no suspicious findings on mp-MRI (n=24) or biopsy (n=21) in all patients. Adjacent to the treatment zone, five (21%) had suspicious findings on mp-MRI with four (19%) proving to be significant on biopsy. Outfield, there were two (8%) with suspicious findings on mp-MRI and one (5%) significant finding on biopsy. For the five patients with significant findings on follow-up biopsy, one is awaiting repeat IRE, one had radical prostatectomy and three remained on active surveillance. CONCLUSIONS: In selected patients with low-intermediate risk PCa, focal IRE appears to be safe with minimal morbidity. There were no infield recurrences and 76% of patients were histologically free of significant cancer at 8 months. Almost all recurrences were adjacent to the treatment zone, and this was addressed by widening the treatment margins.",Prostate Cancer Prostatic Dis,2016,19,46-52,doi: 10.1038/pcan.2015.47. Epub 2015 Oct 13,https://www.ncbi.nlm.nih.gov/pubmed/26458959,,negative,0,2015.0
16053358,Transrectal high-intensity focused ultrasound in the treatment of localized prostate cancer,Rebillard X,"The literature concerning the efficacy and safety of transrectal high-intensity focused ultrasound (HIFU) for the treatment of localized prostate cancer still comprises a relatively small number of articles. The main studies have been published by four teams using an apparatus available in Europe for several years. The recently presented results of the European Multicentre Study and the study by Gelet and associates based on 242 patients with a follow-up of more than 1 year show that HIFU is a valid alternative for the management of welldifferentiated and moderately differentiated localized prostate cancer with an initial PSA </=15 ng/mL in men with a life expectancy >10 years. In two studies, the combination of transurethral resection of the prostate and HIFU limited the risk of postoperative urinary retention without inducing a higher complication rate. In a series of patients presenting recurrence after external-beam radiotherapy, HIFU was found to be a useful therapy, with >80% negative biopsies. The best indications for HIFU are men over the age of 65, those who are not candidates for radical prostatectomy, obese patients, or patients with comorbidities likely to make surgery more difficult. The learning curve for this technique is relatively short, between 10 and 15 patients, for urologists experienced in transrectal ultrasonography. One of the advantages of HIFU is that it can be repeated in the case of recurrence or to re-treat a prostatic site, it involves no radiation, and patients do not suffer from long-term irritative urinary symptoms.",J Endourol,2005,,-,doi: 10.1089/end.2005.19.693,https://www.ncbi.nlm.nih.gov/pubmed/16053358,,negative,0,2005.0
32320130,"Pelvic exenteration surgery in patients with locally advanced castration-naïve and castration-resistant, symptomatic prostate cancer",Heidenreich A,"OBJECTIVES: To evaluate retrospectively the surgical, symptomatic and oncological outcomes of pelvic exenteration surgery (PES) in men with significant intrapelvic complications of locally advanced castration-sensitive (CSPC) and castration-resistant prostate cancer (CRPC). PATIENTS AND METHODS: A total of 103 patients with locally advanced progressive and symptomatic CSPC or CRPC underwent PES (radical cystoprostatectomy, n = 71 [68.9%]; radical prostatectomy with continent vesicostomy, n = 9 [8.7%]; total exenteration, n = 23 [22.3%]). All patients underwent local staging via magnetic resonance imaging, cystoscopy and rectoscopy. Systemic staging was carried out with chest, abdominal and pelvic computed tomography scans and bone scans. Peri-operative complications were assessed according to Clavien-Dindo classification. Symptom-free and overall survival were evaluated using the Kaplan-Meier method. Statistical tests were two-tailed with a P value <0.05 taken to indicate statistical significance. RESULTS: After a median (range) follow-up of 36.5 (3-123) months, the symptom-free survival rate at 1 and 3 years was 89.2% (n = 89) and 64.1% (n = 66), respectively. The median symptom-free survival was 27.9 months. A total of 78.6% of the patients were symptom-free during their remaining lifetime. The overall survival rate at 1 and 3 years was 92.2% and 43.7%, respectively, and the median overall survival was 33.6 months. Clavien-Dindo grades 2, 3 and 4 complications developed in 31 (30.6%), 12 (11.6%) and eight patients (8.1%), respectively. CONCLUSION: Pelvic exenteration surgery is technically feasible in well-selected patients, resulting in symptom relief in >90% of patients, covering 80% of their remaining lifetime.",BJU Int,2020,126,342-349,doi: 10.1111/bju.15088. Epub 2020 May 16,https://www.ncbi.nlm.nih.gov/pubmed/32320130,,negative,0,2020.0
23541457,A new risk classification system for therapeutic decision making with intermediate-risk prostate cancer patients undergoing dose-escalated external-beam radiation therapy.,Zumsteg ZS,"BACKGROUND: The management of intermediate-risk prostate cancer (PCa) is controversial, in part due to the heterogeneous nature of patients falling within this classification. OBJECTIVE: We propose a new risk stratification system for intermediate-risk PCa to aid in prognosis and therapeutic decision making. DESIGN, SETTING, AND PARTICIPANTS: Between 1992 and 2007, 1024 patients with National Comprehensive Cancer Network intermediate-risk PCa and complete biopsy information were treated with definitive external-beam radiation therapy (EBRT) utilizing doses ≥ 81 Gy. Unfavorable intermediate-risk (UIR) PCa was defined as any intermediate-risk patient with a primary Gleason pattern of 4, percentage of positive biopsy cores (PPBC) ≥ 50%, or multiple intermediate-risk factors (IRFs; cT2b-c, prostate-specific antigen [PSA] 10-20, or Gleason score 7). INTERVENTION: All patients received EBRT with ≥ 81 Gy with or without neoadjuvant and concurrent androgen-deprivation therapy (ADT). OUTCOME MEASUREMENTS AND STATISTICAL ANALYSIS: Univariate and multivariate analyses were performed using a Cox proportional hazards model for PSA recurrence-free survival (PSA-RFS) and distant metastasis (DM). PCa-specific mortality (PCSM) was analyzed using a competing-risk method. RESULTS AND LIMITATIONS: Median follow-up was 71 mo. Primary Gleason pattern 4 (hazard ratio [HR]: 3.26; p<0.0001), PPBC ≥ 50% (HR: 2.72; p=0.0007), and multiple IRFs (HR: 2.20; p=0.008) all were significant predictors of increased DM in multivariate analyses. Primary Gleason pattern 4 (HR: 5.23; p<0.0001) and PPBC ≥ 50% (HR: 4.08; p=0.002) but not multiple IRFs (HR: 1.74; p=0.21) independently predicted for increased PCSM. Patients with UIR disease had inferior PSA-RFS (HR: 2.37; p<0.0001), DM (HR: 4.34; p=0.0003), and PCSM (HR: 7.39; p=0.007) compared with those with favorable intermediate-risk disease, despite being more likely to receive neoadjuvant ADT. Short follow-up and retrospective study design are the primary limitations. CONCLUSIONS: Intermediate-risk PCa is a heterogeneous collection of diseases that can be separated into favorable and unfavorable subsets. These groups likely will benefit from divergent therapeutic paradigms.",Eur Urol,2013,64,895-902,10.1016/j.eururo.2013.03.033,https://www.ncbi.nlm.nih.gov/pubmed/23541457,INTERMEDIATE RISK,positive,1,
20529139,Quality of life following high-intensity focused ultrasound for the treatment of localized prostate cancer: a prospective study,Shoji S,"OBJECTIVES: To report our health-related quality of life (QOL) and functional outcomes following high-intensity focused ultrasound (HIFU) for localized prostate cancer. METHODS: Data from prostate cancer patients undergoing HIFU at our institution between January 1999 and April 2007 were collected in our prospective database. Standard preoperative and surgical parameters, as well as baseline urinary function, QOL and sexual assessment were included. The Japanese version of the Functional Assessment of Cancer Therapy-general (FACT-G), the FACT-prostate (P) and the International Index of Erectile Function-5 (IIEF-5) were used for the functional assessment. These self-administered questionnaires were collected preoperatively and again at 6, 12 and 24 months postoperatively. RESULTS: A total of 326 patients were included in the analysis. Maximum flow rate and residual urine volume were significantly impaired at 6 months (P = 0.010) after HIFU, even if they returned to baseline values at 12 or 24 months after HIFU. The total FACT-G score significantly improved at 24 months (P = 0.027) after HIFU. At 6, 12 and 24 months after HIFU, 52%, 63% and 78%, respectively, of the patients, not receiving neoadjuvant hormonal therapy, were potent. CONCLUSIONS: In our experience, functional and QOL outcomes after HIFU therapy for localized prostate cancer are better than those after other treatment modalities.",Int J Urol,2010,17,715-9,doi: 10.1111/j.1442-2042.2010.02568.x. Epub 2010 May 31,https://www.ncbi.nlm.nih.gov/pubmed/20529139,,negative,0,2010.0
31942652,Focal high-dose-rate brachytherapy for localized prostate cancer: toxicity and preliminary biochemical results,Prada PJ,"BACKGROUND: This study aimed to evaluate the outcomes and the toxicity of focal high-dose-rate (HDR) brachytherapy in selected localized prostate cancer patients. METHODS: Fifty patients were treated with focal high-dose-rate brachytherapy between March 2013 and November 2017, representing 5% of the cases treated by our group during this period. Only patients with very limited and localized tumors, according to strict criteria, were selected for the procedure. The prescribed dose for the focal volume was 24 Gy. RESULTS: The treated volume corresponded to a mean value of 32% of the total prostatic volume. The mean focal D<sub>90</sub> in our series was 23 Gy (range 16-26 Gy). The mean initial IPSS was 8.2 (range 0-26), at 6 months 7.5 (range 0-23), and at 24 months 6.7 (range 0-18). No acute or late urinary retention was seen. When the ICIQ-SF score was 0 at the end of treatment, it remained nil thereafter at 1 and 2 years for all patients. No intraoperative or perioperative complications occurred. No rectal toxicity was reported after treatment. Of the total patients identified as potent, only three patients had a very slight decrease of the mean IIEF5. The mean initial PSA was 6.9 ng/mL (range 1.9-13.4). At the last follow-up visit, the mean PSA was 3 ng/ml (range 0.48-8.11). CONCLUSION: HDR focal brachytherapy in selected patients with low intermediate-risk prostate cancer could achieve the same satisfactory results in terms of relapse-free survival as conventional whole prostate brachytherapy with less toxicity.",Strahlenther Onkol,2020,196,222-228,doi: 10.1007/s00066-019-01561-3. Epub 2020 Jan 15,https://www.ncbi.nlm.nih.gov/pubmed/31942652,,negative,0,2020.0
32349700,Efficacy of PSMA ligand PET-based radiotherapy for recurrent prostate cancer after radical prostatectomy and salvage radiotherapy,Oehus AK,"BACKGROUND: A substantial number of patients will develop further biochemical progression after radical prostatectomy (RP) and salvage radiotherapy (sRT). Recently published data using prostate-specific membrane antigen ligand positron emission tomography (PSMA - PET) for re-staging suggest that those recurrences are often located outside the prostate fossa and most of the patients have a limited number of metastases, making them amenable to metastasis-directed treatment (MDT). METHODS: We analyzed 78 patients with biochemical progression after RP and sRT from a retrospective European multicenter database and assessed the biochemical recurrence-free survival (bRFS; PSA < nadir + 0.2 ng/ml or no PSA decline) as well as the androgen deprivation therapy- free survival (ADT-FS) using Kaplan-Meier curves. Log-rank test and multivariate analysis was performed to determine influencing factors. RESULTS: A total of 185 PSMA - PET positive metastases were detected and all lesions were treated with radiotherapy (RT). Concurrent ADT was prescribed in 16.7% (13/78) of patients. The median PSA level before RT was 1.90 ng/mL (range, 0.1-22.1) and decreased statistically significantly to a median PSA nadir level of 0.26 ng/mL (range, 0.0-12.25; p < 0.001). The median PSA level of 0.88 ng/mL (range, 0.0-25.8) at the last follow-up was also statistically significantly lower (p = 0.008) than the median PSA level of 1.9 ng/mL (range, 0.1-22.1) before RT. The median bRFS was 17.0 months (95% CI, 14.2-19.8). After 12 months, 55.3% of patients were free of biochemical progression. Multivariate analyses showed that concurrent ADT was the most important independent factor for bRFS (p = 0.01). The median ADT-FS was not reached and exploratory statistical analyses estimated a median ADT-FS of 34.0 months (95% CI, 16.3-51.7). Multivariate analyses revealed no significant parameters for ADT-FS. CONCLUSIONS: RT as MDT based on PSMA - PET of all metastases of recurrent prostate cancer after RP and sRT represents a viable treatment option for well-informed and well-selected patients.",BMC Cancer,2020,29,,doi: 10.1186/s12885-020-06883-5,https://www.ncbi.nlm.nih.gov/pubmed/32349700,,negative,0,2020.0
32377602,Long-term oncologic outcomes after radical prostatectomy in clinically localized prostate cancer: 10-year follow-up in Korea,Suh J,"PURPOSE: The clinical behavior of prostate cancer differs by race and ethnicity; however, data on the Korean population are scarce. We assessed the long-term oncologic outcomes of clinically localized prostate cancer after radical prostatectomy in Korean men. MATERIALS AND METHODS: We analyzed 786 clinically localized prostate cancer patients who underwent radical prostatectomy, from June 1993 to June 2008. Kaplan-Meier survival curve analysis and log-rank test were used to assess the oncologic outcomes. RESULTS: The mean age of the patients was 64.9±6.6 years. Pelvic lymph node dissection was performed in 373 patients. Pathologic T and N stage cancer with local advancement and invasion were detected by radical prostatectomy in 307 and 22 patients, respectively. In total, 38 patients who underwent adjuvant therapy were excluded from the analysis of progression after biochemical recurrence (BCR), which occurred in 261 men. In total, 219 patients underwent salvage treatment. Local recurrence and distant metastasis occurred in 109 and 42 patients, respectively; 36 patients experienced metastasis with local recurrence. Castration-resistant prostate cancer developed in 22 patients, and overall and disease-specific mortality was noted in 148 and 23 patients, respectively. The median duration from operation to BCR, BCR to metastasis, and metastasis to disease-specific death was 25, 40, and 22 months, respectively. CONCLUSIONS: We demonstrated the long-term prognosis of localized prostate cancer after radical prostatectomy among Koreans. Our results differ from those reported in the Western literature, with a lower prevalence of distant metastasis and shorter time to metastasis after BCR.",Investig Clin Urol,2020,61,269-276,doi: 10.4111/icu.2020.61.3.269. Epub 2020 Apr 21,https://www.ncbi.nlm.nih.gov/pubmed/32377602,,negative,0,2020.0
20005453,Outcomes following iodine-125 monotherapy for localized prostate cancer: the results of leeds 10-year single-center brachytherapy experience,Henry AM,"PURPOSE: This study reports the 10-year experience of permanent brachytherapy monotherapy at a single UK center. METHODS AND MATERIALS: Between March 1995 and September 2004, 1,298 patients underwent trans-rectal ultrasound (TRUS) planned transperineal brachytherapy delivering 145 Gy using I-125. No patient received supplemental external beam; 44.2% received neoadjuvant hormones. In 688, CT postimplant dosimetry was available. Outcome data were analyzed in terms of overall survival (OS), disease specific survival (DSS), and PSA relapse-free survival (PSA-RFS). RESULTS: The mean age was 62.9 (range, 34-83) years. Median follow-up was 4.9 years (range, 2.03-11.7 years). OS and DSS were 85% and 95%, respectively, at 10 years. Twenty-one patients died from prostate cancer (1.6%) and 34 (2.5%) from unrelated causes. Seventy-four (5.7%) developed evidence of clinical failure. Overall PSA-RFS was 79.9% and 72.1% at 10 years (American Society for Therapeutic Radiology and Oncology [ASTRO] and Nadir+2 definitions, respectively). Higher presenting PSA or Gleason score and use of neoadjuvant hormones were associated with an increased risk of biochemical failure (p <0.01). Biochemical control was achieved in 86.4%, 76.7%, and 60.6% (ASTRO) and 72.3%, 73.5%, and 57.6% (Nadir+2) of patients in low-, intermediate-, and high-risk groups, respectively. Biochemical control was achieved in 88% of patients with D(90) > or =140 Gy and in 78% of patients with D(90) <140 Gy (p <0.01). CONCLUSIONS: I-125 brachytherapy alone achieved excellent rates of medium-term biochemical control in both low- and selected intermediate-risk localized prostate cancer patients. Postimplant dosimetry improved with experience and longer follow-up, confirming the relationship of D(90) with biochemical control.",Int J Radiat Oncol Biol Phys,2010,1,,doi: 10.1016/j.ijrobp.2009.01.050,https://www.ncbi.nlm.nih.gov/pubmed/20005453,,negative,0,2010.0
26700655,Surgery Versus Radiotherapy for Clinically-localized Prostate Cancer: A Systematic Review and Meta-analysis,Wallis CJD,"CONTEXT: To date, there is no Level 1 evidence comparing the efficacy of radical prostatectomy and radiotherapy for patients with clinically-localized prostate cancer. OBJECTIVE: To conduct a meta-analysis assessing the overall and prostate cancer-specific mortality among patients treated with radical prostatectomy or radiotherapy for clinically-localized prostate cancer. EVIDENCE ACQUISITION: We searched Medline, EMBASE, and the Cochrane Library through June 2015 without year or language restriction, supplemented with hand search, using Preferred Reporting Items for Systematic Reviews and Meta-Analysis and Meta-analysis of Observational Studies in Epidemiology guidelines. We used multivariable adjusted hazard ratios (aHRs) to assess each endpoint. Risk of bias was assessed using the Newcastle-Ottawa scale. EVIDENCE SYNTHESIS: Nineteen studies of low to moderate risk of bias were selected and up to 118 830 patients were pooled. Inclusion criteria and follow-up length varied between studies. Most studies assessed patients treated with external beam radiotherapy, although some included those treated with brachytherapy separately or with the external beam radiation therapy group. The risk of overall (10 studies, aHR 1.63, 95% confidence interval 1.54-1.73, p<0.00001; I(2)=0%) and prostate cancer-specific (15 studies, aHR 2.08, 95% confidence interval 1.76-2.47, p < 0.00001; I(2)=48%) mortality were higher for patients treated with radiotherapy compared with those treated with surgery. Subgroup analyses by risk group, radiation regimen, time period, and follow-up length did not alter the direction of results. CONCLUSIONS: Radiotherapy for prostate cancer is associated with an increased risk of overall and prostate cancer-specific mortality compared with surgery based on observational data with low to moderate risk of bias. These data, combined with the forthcoming randomized data, may aid clinical decision making. PATIENT SUMMARY: We reviewed available studies assessing mortality after prostate cancer treatment with surgery or radiotherapy. While the studies used have a potential for bias due to their observational design, we demonstrated consistently higher mortality for patients treated with radiotherapy rather than surgery.",Eur Urol,2016,70,21-30,doi: 10.1016/j.eururo.2015.11.010. Epub 2015 Dec 15,https://www.ncbi.nlm.nih.gov/pubmed/26700655,,negative,0,2015.0
17572209,"Intermediate-term potency, continence, and survival outcomes of radical prostatectomy for clinically high-risk or locally advanced prostate cancer.",Loeb S,"OBJECTIVES: Controversy exists about the preferred treatment of patients with high-risk or locally advanced prostate cancer. We examined the intermediate-term cancer control and quality-of-life outcomes after radical retropubic prostatectomy (RRP) in selected patients. METHODS: From 1984 to 2003, 288 men with Stage cT2b (Gleason score 8 to 10 or a prostate-specific antigen level greater than 15 ng/mL) or T3 disease underwent RRP by a single surgeon. The 7 and 10-year actuarial progression-free survival (PFS), cancer-specific survival (CSS), overall survival (OS), potency, and continence rates were recorded. RESULTS: The actuarial 7-year PFS, CSS, and OS rate after surgery was 39%, 92%, and 91%, respectively. The corresponding actuarial 10-year rates were 35%, 88%, and 74%. Only OS differed significantly by age group. On multivariate analysis, the pathologic stage was a significant independent predictor of progression. Ultimately, 31 men (11%) required hormonal therapy, 58 (20%) underwent postoperative radiotherapy, and 67 (23%) received both. Potency and continence were preserved in 64% and 92%, respectively. CONCLUSIONS: Overall, RRP offers excellent intermediate-term cancer control for selected men of all ages who present with high-risk or locally advanced disease. The PFS was significantly greater for men with high-risk Stage cT2b than for those with cT3 disease, but the CSS and OS were similar. Both continence and potency were preserved in most patients, although the potency rates were significantly greater for the younger men. RRP with appropriate postoperative radiotherapy and/or hormonal therapy is a reasonable treatment option for selected men with high-risk or locally advanced disease.",Urology,2007,69,1170-5,10.1016/j.urology.2007.02.054,https://www.ncbi.nlm.nih.gov/pubmed/17572209,HIGH RISK,positive,1,
24571244,Impact of laparoscopic radical prostatectomy on clinical T3 prostate cancer: experience of a single centre with long-term follow-up,Gözen AS,"OBJECTIVE: To investigate the oncological safety and effectiveness of laparoscopic radical prostatectomy (LRP) for patients with clinical T3 (cT3) prostate cancer compared with patients with cT1 and cT2 prostate cancer. PATIENTS AND METHODS: In all, 2375 consecutive LRPs were evaluated between 1999 and 2013. Of the 1751 patients enrolled with complete follow-up data (>24 months), patients were divided into three groups according to clinical stage of prostate cancer using Tumour-Node-Metastasis (TNM) classification. Group 1 consisted of patients with cT1 stage prostate cancer, group 2 those with cT2, and group 3 those with cT3. Demographic, postoperative, and long-term data of patients were recorded and statistical analyses were performed. RESULTS: The mean (SD) age was 63.6 (6.2) years. The mean (SD) follow-up was 104 (28.4) months. There were 417 patients in group 1, 842 patients in group 2, and 492 patients in group 3. The mean prostate-specific antigen level, biopsy Gleason score, tumour volume, body mass index, and age, were all higher in group 3 (P < 0.001). Nerve-sparing techniques were used more in group 1 than in the other groups (P < 0.001). Extracapsular extension, seminal vesicle invasion, Gleason score, positive surgical margin (PSM), and rate of adjuvant hormone and radiotherapies were highest in group 3. However, urinary continence was similar in all groups. Group 1 contained the most patients with an erection sufficient for intercourse. Group 1 had the best cancer-specific survival rate, whereas overall survival (OS) rates and complications were similar in all groups. CONCLUSION: LRP seems effective and safe for patients with cT3 prostate cancer with similar OS rates as for those with cT1 and cT2; however, additional therapies may have contributed to these rates. LRP can be considered for the treatment of patients with cT3 prostate cancer.",BJU Int,2015,116,102-8,doi: 10.1111/bju.12710. Epub 2015 Mar 27,https://www.ncbi.nlm.nih.gov/pubmed/24571244,,negative,0,2015.0
31822128,Robot-Assisted Radical Prostatectomy in Patients with a History of Holmium Laser Enucleation of the Prostate: The Indiana University Experience,Abedali ZA,"<b><i>Introduction:</i></b> We sought to update our experience of oncologic and functional outcomes of robot-assisted radical prostatectomy (RARP) for prostate cancer in patients with history of holmium laser enucleation of the prostate (HoLEP). <b><i>Patients and Methods:</i></b> Twenty-seven patients with previous HoLEP who underwent RARP were matched 1:1 with RARP patients with no history of transurethral surgery. Demographic, operative, oncologic, continence, and erectile function outcomes were analyzed. <b><i>Results:</i></b> Median time between HoLEP and RARP was 31 months with a mean prostate-specific antigen doubling time of 4.28 ng/mL/year. Operative times were significantly longer with higher bladder neck reconstruction rates and similarly low complication rates. Biochemical recurrence was relatively low (7%) in the HoLEP group, identical to the comparative group. Continence at last follow-up was not statistically significant between groups, although time to continence favored the non-HoLEP cohort. Erectile function recovery was generally poor in the post-HoLEP cohort (11%), although bilateral nerve sparing was rarely performed (11%). Compared with our initial experience, there were significant improvements in time to continence (16 <i>vs</i> 36 weeks). No T2 post-HoLEP RARP since 2010 has had a positive surgical margin. <b><i>Conclusions:</i></b> Post-HoLEP prostatectomy remains feasible with similar perioperative and oncologic outcomes compared with matched cohorts. Functional recovery remains slowed yet may continue to improve with technical familiarity.",J Endourol,2020,34,163-168,doi: 10.1089/end.2019.0436,https://www.ncbi.nlm.nih.gov/pubmed/31822128,,negative,0,2020.0
15821486,12-year outcomes following permanent prostate brachytherapy in patients with clinically localized prostate cancer.,Potters L,"PURPOSE: We reviewed the outcomes in men treated with permanent prostate brachytherapy (PPB). MATERIAL AND METHODS: A total of 1,449 consecutive patients with a mean age of 68 years treated with PPB between 1992 and 2000 and mean pretreatment prostate specific antigen (PSA) 10.1 ng/ml were included in this study. Of the patients 55% presented with Gleason 6 tumors and 28% had Gleason 7 disease. A total of 400 patients (27%) were treated with neoadjuvant hormones and 301 (20%) were treated in combination with external radiation plus PPB. Several biochemical freedom from recurrence (BFR) definitions were determined. Statistical analysis consisted of log rank testing, Kaplan-Meier estimates and Cox regression analysis. RESULTS: Median followup was 82 months with 39 patients at risk at for 144 months. Overall and disease specific survival at 12 years was 81% and 93%, respectively. The 12-year BFR was 81%, 78%, 74% and 77% according to the American Society for Therapeutic Radiology and Oncology (ASTRO), ASTRO-Kattan, ASTRO-Last Call and Houston definitions, respectively. The 12-year ASTRO-Kattan BFR using risk stratification was 89%, 78% and 63% in patients at low, intermediate and high risk, respectively (p = 0.0001). Multivariate analysis identified the dose that 90% of the target volume received (p <0.0001), pretreatment PSA (p = 0.001), Gleason score (p = 0.002), the percent positive core biopsies (p = 0.037), clinical stage (p = 0.689), the addition of hormones (p = 0.655) and the addition of external radiation (p = 0.724) for predicting BFR-ASTRO. Five-year disease specific survival was 44% in patients with a PSA doubling time of less than 12 months vs 88% in those with a PSA doubling time of 12 months or greater (p = 0.0001). CONCLUSIONS: PPB offers acceptable 12-year BFR in patients who present with clinically localized prostate cancer. Implant dosimetry continues as an important predictor for BFR, while the addition of adjuvant therapies such as hormones and external radiation are insignificant. In patients who experience biochemical failure it appears that PSA doubling time is an important predictor of survival.",J Urol,2005,173,1562-6,10.1097/01.ju.0000154633.73092.8e,https://www.ncbi.nlm.nih.gov/pubmed/15821486,LOW RISK,positive,1,
14575822,Long-term multi-institutional analysis of stage T1-T2 prostate cancer treated with radiotherapy in the PSA era.,Kuban DA,"PURPOSE: To report the long-term outcome for patients with Stage T1-T2 adenocarcinoma of the prostate definitively irradiated in the prostate-specific antigen (PSA) era. METHODS AND MATERIALS: Nine institutions combined data on 4839 patients with Stage T1b, T1c, and T2 adenocarcinoma of the prostate who had a pretreatment PSA level and had received >or=60 Gy as definitive external beam radiotherapy. No patient had hormonal therapy before treatment failure. The median follow-up was 6.3 years. The end point for outcome analysis was PSA disease-free survival at 5 and 8 years after therapy using the American Society for Therapeutic Radiology and Oncology (ASTRO) failure definition. RESULTS: The PSA disease-free survival rate for the entire group of patients was 59% at 5 years and 53% at 8 years after treatment. For patients who had received >or=70 Gy, these percentages were 61% and 55%. Of the 4839 patients, 1582 had failure by the PSA criteria, 416 had local failure, and 329 had distant failure. The greatest risk of failure was at 1.5-3.5 years after treatment. The failure rate was 3.5-4.5% annually after 5 years, except in patients with Gleason score 8-10 tumors for whom it was 6%. In multivariate analysis for biochemical failure, pretreatment PSA, Gleason score, radiation dose, tumor stage, and treatment year were all significant prognostic factors. The length of follow-up and the effect of backdating as required by the ASTRO failure definition also significantly affected the outcome results. Dose effects were most significant in the intermediate-risk group and to a lesser degree in the high-risk group. No dose effect was seen at 70 or 72 Gy in the low-risk group. CONCLUSION: As follow-up lengthens and outcome data accumulate in the PSA era, we continue to evaluate the efficacy and durability of radiotherapy as definitive therapy for early-stage prostate cancer. Similar studies with higher doses and more contemporary techniques will be necessary to explore more fully the potential of this therapeutic modality.",Int J Radiat Oncol Biol Phys,2003,57,915-28,10.1016/s0360-3016(03)00632-1,https://www.ncbi.nlm.nih.gov/pubmed/14575822,INTERMEDIATE RISK,positive,1,
31721011,Influence of the technique and comorbidities in hypofractionated radiotherapy for prostate cancer,Correa R,"PURPOSE: To analyze the differences in toxicity and biochemical relapse-free survival with hypofractionated radiotherapy with three-dimensional radiotherapy (3D-CRT) or volumetric arc therapy (VMAT) for prostate cancer taking into account comorbidity measured using the Charlson Comorbidity Index (CCI). METHODS: From January 2011 to June 2016, 451 patients with prostate cancer were treated with 60 Gy (20 daily fractions). VMAT or 3D-CRT was used. Distribution by stage: 17% low-risk, 27.2% intermediate-risk; 39.2% high-risk, 16.6% very high-risk. Mean CCI was 3.4. RESULTS: With a median follow up of 51 months, most patients did not experience any degree of acute GI toxicity (80.9%) compared to 19.1%, who experienced some degree, mainly G-I /II. In the multivariate analysis, only technique was associated with acute GI toxicity ≥ G2. Patients treated with VMAT had greater acute GI toxicity compared with those who received 3D-CRT (23.9% vs. 13.5%, p = 0.005). With respect to acute GU toxicity, 72.7% of patients experienced some degree, fundamentally G-I/II. Neither age, CCI, nor androgen deprivation therapy (ADT) were associated with greater toxicity. Overall survival at 2, 5 and 7 years was 97%, 88% and 83% respectively. The only factor with statistical significance was CCI, with a greater number of events in individuals with a CCI ≥ 4 (p < 0.03). CONCLUSIONS: Hypofractionated radiotherapy for prostate cancer is an effective, well-tolerated treatment even for elderly patients with no associated comorbidity. Longer follow up is needed in order to report data on late toxicity.",Clin Transl Oncol,2020,22,311-318,doi: 10.1007/s12094-019-02224-6. Epub 2019 Nov 12,https://www.ncbi.nlm.nih.gov/pubmed/31721011,,negative,0,2020.0
24222312,High-dose-rate brachytherapy and hypofractionated external beam radiotherapy combined with long-term hormonal therapy for high-risk and very high-risk prostate cancer: outcomes after 5-year follow-up.,Ishiyama H,"The purpose of this study was to report the outcomes of high-dose-rate (HDR) brachytherapy and hypofractionated external beam radiotherapy (EBRT) combined with long-term androgen deprivation therapy (ADT) for National Comprehensive Cancer Network (NCCN) criteria-defined high-risk (HR) and very high-risk (VHR) prostate cancer. Data from 178 HR (n = 96, 54%) and VHR (n = 82, 46%) prostate cancer patients who underwent (192)Ir-HDR brachytherapy and hypofractionated EBRT with long-term ADT between 2003 and 2008 were retrospectively analyzed. The mean dose to 90% of the planning target volume was 6.3 Gy/fraction of HDR brachytherapy. After five fractions of HDR treatment, EBRT with 10 fractions of 3 Gy was administered. All patients initially underwent ≥ 6 months of neoadjuvant ADT, and adjuvant ADT was continued for 36 months after EBRT. The median follow-up was 61 months (range, 25-94 months) from the start of radiotherapy. The 5-year biochemical non-evidence of disease, freedom from clinical failure and overall survival rates were 90.6% (HR, 97.8%; VHR, 81.9%), 95.2% (HR, 97.7%; VHR, 92.1%), and 96.9% (HR, 100%; VHR, 93.3%), respectively. The highest Radiation Therapy Oncology Group-defined late genitourinary toxicities were Grade 2 in 7.3% of patients and Grade 3 in 9.6%. The highest late gastrointestinal toxicities were Grade 2 in 2.8% of patients and Grade 3 in 0%. Although the 5-year outcome of this tri-modality approach seems favorable, further follow-up is necessary to validate clinical and survival advantages of this intensive approach compared with the standard EBRT approach.",J Radiat Res,2014,55,509-17,10.1093/jrr/rrt128,https://www.ncbi.nlm.nih.gov/pubmed/24222312,HIGH RISK,positive,1,
17084558,Multi-institutional analysis of long-term outcome for stages T1-T2 prostate cancer treated with permanent seed implantation.,Zelefsky MJ,"PURPOSE: To assess long-term prostate-specific antigen (PSA) outcome after permanent prostate brachytherapy (BT) and identify predictors of improved disease-free survival. METHODS AND MATERIALS: Eleven institutions combined data on 2,693 patients treated with permanent interstitial BT monotherapy for T1-T2 prostate cancer. Of these patients, 1,831 (68%) were treated with I-125 (median dose, 144 Gy) and 862 (32%) were treated with Pd-103 (median dose, 130 Gy). Criteria for inclusion were: available pre-BT PSA, BT > or =5 years before data submission, BT between 1988-1998, and no androgen deprivation before failure. The median follow-up was 63 months. RESULTS: Among patients where the I-125 dose to 90% of the prostate (D90) was > or =130 Gy, the 8-year PSA relapse-free survival (PRFS) was 93% compared with 76% for those with lower D90 dose levels (p < 0.001). A multivariable analysis identified tumor stage (p = 0.002), Gleason score (p < 0.001), pretreatment PSA level (p < 0.001), treatment year (p = 0.001), and the isotope used (p = 0.004) as pretreatment and treatment variables associated with PRFS. When restricted to patients with available postimplantation dosimetric information, D90 emerged as a significant predictor of biochemical outcome (p = 0.01), and isotope was not significant. The 8-year PRFS was 92%, 86%, 79%, and 67%, respectively, for patients with PSA nadir values of 0-0.49, 0.5-0.99, 1.0-1.99, and >2.0 ng/mL (p < 0.001). Among patients free of biochemical relapse at 8 years, the median nadir level was 0.1 ng/mL, and 90% of these patients achieved a nadir PSA level <0.6 ng/mL. CONCLUSIONS: Outcome after permanent BT for prostatic cancer relates to tumor stage, Gleason score, pretreatment PSA, BT year, and post-BT dosimetric quality. PSA nadir < or =0.5 ng/mL was particularly associated with durable long-term PSA disease-free survival. The only controllable factor to impact on long-term outcome was the D90 which is a reflection of implant quality.",Int J Radiat Oncol Biol Phys,2007,67,327-33,10.1016/j.ijrobp.2006.08.056,https://www.ncbi.nlm.nih.gov/pubmed/17084558,INTERMEDIATE RISK,positive,1,
26867889,Image Guided Hypofractionated Postprostatectomy Intensity Modulated Radiation Therapy for Prostate Cancer,Lewis SL,"PURPOSE: Hypofractionated radiation therapy (RT) has promising long-term biochemical relapse-free survival (bRFS) with comparable toxicity for definitive treatment of prostate cancer. However, data reporting outcomes after adjuvant and salvage postprostatectomy hypofractionated RT are sparse. Therefore, we report the toxicity and clinical outcomes after postprostatectomy hypofractionated RT. METHODS AND MATERIALS: From a prospectively maintained database, men receiving image guided hypofractionated intensity modulated RT (HIMRT) with 2.5-Gy fractions constituted our study population. Androgen deprivation therapy was used at the discretion of the radiation oncologist. Acute toxicities were graded according to the Common Terminology Criteria for Adverse Events version 4.0. Late toxicities were scored using the Radiation Therapy Oncology Group/European Organization for Research and Treatment of Cancer scale. Biochemical recurrence was defined as an increase of 0.1 in prostate-specific antigen (PSA) from posttreatment nadir or an increase in PSA despite treatment. The Kaplan-Meier method was used for the time-to-event outcomes. RESULTS: Between April 2008 and April 2012, 56 men received postoperative HIMRT. The median follow-up time was 48 months (range, 21-67 months). Thirty percent had pre-RT PSA <0.1; the median pre-RT detectable PSA was 0.32 ng/mL. The median RT dose was 65 Gy (range, 57.5-65 Gy). Ten patients received neoadjuvant and concurrent hormone therapy. Posttreatment acute urinary toxicity was limited. There was no acute grade 3 toxicity. Late genitourinary (GU) toxicity of any grade was noted in 52% of patients, 40% of whom had pre-RT urinary incontinence. The 4-year actuarial rate of late grade 3 GU toxicity (exclusively gross hematuria) was 28% (95% confidence interval [CI], 16%-41%). Most grade 3 GU toxicity resolved; only 7% had persistent grade ≥3 toxicity at the last follow-up visit. Fourteen patients experienced biochemical recurrence at a median of 20 months after radiation. The 4-year bPFS rate was 75% (95% CI, 63%-87%). CONCLUSIONS: The biochemical control in this series appears promising, although relatively short follow-up may lead to overestimation. Late grade 3 GU toxicity was higher than anticipated with hypofractionated radiation of 65 Gy to the prostate bed, although most resolved.",Int J Radiat Oncol Biol Phys,2016,1,,doi: 10.1016/j.ijrobp.2015.11.025. Epub 2015 Dec 2,https://www.ncbi.nlm.nih.gov/pubmed/26867889,,negative,0,2015.0
32092343,Radiation Dose Escalation or Longer Androgen Suppression to Prevent Distant Progression in Men With Locally Advanced Prostate Cancer: 10-Year Data From the TROG 03.04 RADAR Trial,Joseph D,"PURPOSE: To clarify the relative effects of duration of androgen suppression (AS) and radiation dose escalation (RDE) on distant progression (DP) in men with locally advanced prostate cancer. METHODS AND MATERIALS: Participants with locally advanced prostate cancer in the TROG 03.04 RADAR trial were randomized to 6 or 18 months AS ± 18 months zoledronic acid (Z). The trial incorporated a RDE program by stratification at randomization and dosing options were 66, 70, or 74 Gy external beam radiation therapy (EBRT), or 46 Gy EBRT plus high-dose-rate brachytherapy boost (HDRB). The primary endpoint for this study was distant progression (DP). Secondary endpoints included local progression, bone progression, prostate cancer-specific mortality and all-cause mortality. Effect estimates for AS duration and RDE were derived using Fine and Gray competing risk models adjusting for use of Z, age, tumor stage, Gleason grade group, prostate-specific antigen, and treatment center. Cumulative incidence at 10 years was estimated for each RDE group. RESULTS: A total of 1051 out of 1071 randomized subjects were eligible for inclusion in this analysis. Compared with 6 months AS, 18 months AS significantly reduced DP independently of radiation dose (subhazard ratio 0.70; 95% confidence interval [CI], 0.56-0.87; P = .002). No statistically significant interaction between effect of AS duration and RT dose was observed (Wald test P = .76). In subgroup analyses, DP was significantly reduced by the longer duration of AS in the 70 Gy and HDRB groups but not in the 66 Gy and 74 Gy. Compared with 70 Gy, HDRB significantly reduced DP (subhazard ratio 0.68 [95% CI, 0.57-0.80]; P < .0001) independently of AS duration. At 10 years, adjusted cumulative incidences were 26.1% (95% CI, 18.9%-33.2%), 26.7% (22.9%-30.6%), 24.9% (20.0%-29.8%) and 19.7% (15.5%-23.8%) for DPs in the respective radiation dose groups. CONCLUSIONS: Compared with 6 months AS, 18 months AS reduced DP independently of radiation dose. Men treated with HDRB gained a significant benefit from a longer duration of AS. Evidence of improved oncologic outcomes for HDRB compared with dose-escalated EBRT needs to be confirmed in a randomized trial.",Int J Radiat Oncol Biol Phys,2020,15,,doi: 10.1016/j.ijrobp.2019.11.415,https://www.ncbi.nlm.nih.gov/pubmed/32092343,,negative,0,2020.0
15887028,70 Gy or more: which dose for which prostate cancer?,Ganswindt U,"INTRODUCTION: Radical prostatectomy and radiotherapy are currently accepted treatment modalities for localized prostate cancer. Regarding radiotherapy, current evidence suggests that favorable treatment outcome critically depends on adequate radiation doses. However, the exact role of dose in relation to the individual risk profile is complex. In order to evaluate available data on radiation dose response relationships, in prostate cancer, a thorough and critical literature analysis was performed. MATERIAL AND METHODS: Studies on dose response relationships from randomized trials, dose escalation trials, retrospective subgroup analyses and pooled data were identified by Pubmed and ISI web of sciences searches and were critically reviewed. RESULTS AND CONCLUSION: All available data suggest a clear dose response relationship for radiotherapy for localized prostate cancer. In low risk cases, most studies suggest that doses of 70-72 Gy are adequate. Dose escalations up to 78-80 Gy seem to be beneficial for intermediate risk patients. Due to confounding variables, the dose response curves for high-risk patients are less steep. The integration of dose escalation into a more comprehensive treatment protocol is difficult, since trials on the relative impact of either hormonal ablation or inclusion of adjuvant nodal regions on dose escalation are missing.",J Cancer Res Clin Oncol,2005,131,407-19,doi: 10.1007/s00432-005-0681-0. Epub 2005 May 11,https://www.ncbi.nlm.nih.gov/pubmed/15887028,,negative,0,2005.0
31733323,Stereotactic Body Radiation Therapy to the Prostate Bed: Results of a Phase 1 Dose-Escalation Trial,Sampath S,"PURPOSE: The primary objectives of this study were to evaluate toxicity of escalating doses of prostate bed stereotactic body radiation therapy and to provide dose recommendations for a phase 2 study. METHODS AND MATERIALS: Patients with organ-confined, node-negative prostate cancer who had biochemical failure (prostate-specific antigen [PSA] less than 2.0) after prostatectomy were eligible for this phase 1 dose-escalation trial. Doses delivered were 35 Gy, 40 Gy, and 45 Gy in 5 fractions, given every other day. Dose-limiting toxicity (DLT) was defined as Common Terminology Criteria for Adverse Events (version 4.0) grade 3 or higher gastrointestinal or genitourinary (GU) toxicity within 90 days of treatment. Maximum tolerated dose was the highest dose to be tested where fewer than 2 of the patients experienced DLT. Patients completed quality-of-life questionnaires at regular time intervals. RESULTS: Twenty-six patients completed treatment between October 2013 and December 2017. Three patients received 35 Gy, 8 patients received 40 Gy, and 15 patients received 45 Gy. The median follow-up was 60 months for 35 Gy, 48 months for 40 Gy, and 33 months for 45 Gy. No acute DLT events were observed. Late grade ≥2 and ≥3 gastrointestinal toxicity occurred in 11% and 0%, respectively, and late grade ≥2 and ≥3 GU toxicity occurred in 38% and 15%, respectively. No difference was observed in late GU toxicity between 40 Gy and 45 Gy. Sexual function scores were significantly lower in the patients receiving androgen deprivation therapy (P < .01). In all patients, the crude rate of PSA control (<0.2 ng/mL) was 11 out of 26 (42%). CONCLUSIONS: Dose escalation to 45 Gy did not result in acute DLT events, had similar rates of late grade 3 toxicity, and did not demonstrate higher rates of PSA control, compared with 40 Gy. While allowing for higher plan heterogeneity, the recommended dose for phase 2 study will be 40 Gy in 5 fractions.",Int J Radiat Oncol Biol Phys,2020,1,,doi: 10.1016/j.ijrobp.2019.11.005. Epub 2019 Nov 13,https://www.ncbi.nlm.nih.gov/pubmed/31733323,,negative,0,2020.0
31708350,Single-Dose Focal Salvage High Dose Rate Brachytherapy for Locally Recurrent Prostate Cancer,Chitmanee P,"AIMS: To evaluate focal high dose rate (HDR) brachytherapy in locally recurrent prostate cancer. MATERIALS AND METHODS: Patients with biochemical relapse after non-surgical primary treatment for localised prostate cancer were selected after a negative screen for metastatic disease. Template mapping biopsies combined with multiparametric magnetic resonance imaging were used to identify the location of the tumour and the focal clinical target volume. The planning aim dose prescription was 19 Gy. Outcome measures were biochemical relapse-free survival and toxicity using International Prostate Symptom Score and Common Terminology Criteria for Adverse Events (version 4.0) scores. RESULTS: Between March 2013 and December 2018, 50 patients underwent salvage HDR brachytherapy. The median follow-up was 21 months (range 1-53). Biochemical progression-free survival at 2 and 3 years was 63% and 46%, respectively. On multivariate analysis, only prostate-specific antigen nadir ≤0.5 ng/ml post-salvage (P = 0.03, hazard ratio 0.04) was associated with biochemical progression-free survival. Relapse was associated with distant metastases in 11/13 patients in whom this was investigated. Late grade 3 genitourinary toxicities were gross haematuria (three patients), severe lower urinary tract symptoms (two patients), erectile dysfunction (one patient) and urethral stricture requiring surgery (four patients). No acute and late grade 4 or 5 genitourinary and no grade 3 or higher gastrointestinal toxicities were recorded. CONCLUSIONS: Focal salvage HDR monotherapy achieves biochemical control in 46% of patients at 3 years with acceptable toxicity rates in selected patients. Biochemical relapse was related to a post-salvage prostate-specific antigen nadir of ≥0.5 ng/ml. Long-term outcomes are needed to assess the impact on the natural history of prostate cancer in these patients.",Clin Oncol (R Coll Radiol),2020,32,259-265,doi: 10.1016/j.clon.2019.10.008. Epub 2019 Nov 7,https://www.ncbi.nlm.nih.gov/pubmed/31708350,,negative,0,2020.0
23769266,Treatment outcomes and morbidity following definitive brachytherapy with or without external beam radiation for the treatment of localized prostate cancer: 20-year experience at Mount Sinai Medical Center.,Marshall RA,"OBJECTIVES: To present our treatment algorithm and 20-year experience in treating prostate cancer with brachytherapy since 1990, with focus on cancer-control outcomes and treatment-related morbidity. METHODS AND MATERIALS: We selected patients treated for localized prostate cancer with brachytherapy, combination therapy with external beam radiotherapy, and adjuvant androgen deprivation therapy as prescribed by our Mount Sinai risk stratification and treatment algorithm. Outcomes were analyzed with respect to biochemical failure, distant metastases, prostate cancer-specific survival, and overall survival. Morbidity was assessed with respect to urinary, sexual, and rectal outcomes. RESULTS: In total, 2,495 patients met inclusion criteria. The 12-year actuarial freedom from biochemical failure was 83% (low risk: 90%, intermediate risk: 84%, and high risk: 64%); freedom from distant metastasis was 95%; prostate cancer-specific survival was 95%; and overall survival was 70%. On multivariate analysis, significant associations were found between cancer control and risk group, total biologically effective dose, and androgen deprivation therapy. With regard to morbidity, potency was preserved in 61%, and urinary symptoms improved in 35%. The 12-year actuarial freedom from urinary retention events was 90% and from severe rectal bleed was 93%. CONCLUSIONS: Brachytherapy, as administered via the Mount Sinai algorithm, remains an efficacious and benign treatment option for patients with localized prostate cancer of all risk groups.",Urol Oncol,2014,32,38.e1-7,10.1016/j.urolonc.2013.03.004,https://www.ncbi.nlm.nih.gov/pubmed/23769266,LOW RISK,positive,1,
20921463,Quality-of-life impact of primary treatments for localized prostate cancer in patients without hormonal treatment,Pardo Y,"PURPOSE: Earlier studies evaluating the effect on quality of life (QoL) of localized prostate cancer interventions included patients receiving adjuvant hormone therapy, which could have affected their outcomes. Our objective was to compare the QoL impact of the three most common primary treatments on patients who were not receiving adjuvant hormonal treatment. PATIENTS AND METHODS: This was a prospective study of 435 patients treated with radical prostatectomy, external-beam radiotherapy, or brachytherapy. QoL was assessed before and after treatment with the Short Form-36 and the Expanded Prostate Cancer Index Composite. Differences between groups were tested by analysis of variance. Distribution of outcome at 3 years was examined by stratifying according to baseline status. Generalized estimating equation models were constructed to assess the effect of treatment over time. RESULTS: Compared with the brachytherapy group, the prostatectomy group showed greater deterioration on urinary incontinence and sexual scores but better urinary irritative-obstructive results (-18.22, -13.19, and +6.38, respectively, at 3 years; P < .001). In patients with urinary irritative-obstructive symptoms at baseline, improvement was observed in 64% of those treated with nerve-sparing radical prostatectomy. Higher bowel worsening (-2.87, P = .04) was observed in the external radiotherapy group, with 20% of patients reporting bowel symptoms. CONCLUSION: Radical prostatectomy caused urinary incontinence and sexual dysfunction but improved pre-existing urinary irritative-obstructive symptoms. External radiotherapy and brachytherapy caused urinary irritative-obstructive adverse effects and some sexual dysfunction. External radiotherapy also caused bowel adverse effects. Relevant differences between treatment groups persisted for up to 3 years of follow-up, although the difference in sexual adverse effects between brachytherapy and prostatectomy tended to decline over long-term follow-up. These results provide valuable information for clinical decision making.",J Clin Oncol,2010,1,,doi: 10.1200/JCO.2009.25.3245. Epub 2010 Oct 4,https://www.ncbi.nlm.nih.gov/pubmed/20921463,,negative,0,2010.0
16144668,Robotic prostatectomy outcomes,Perrotti M,"The triad of cancer cure, rapid recovery of complete urinary continence, and preservation of sexual function are desirable in the contemporary surgical treatment of the young potent male with prostate cancer. Robotic prostatectomy is a Food and Drug Administration approved approach to radical prostatectomy, and is performed at our institution and elsewhere. We present a critical assessment of reported outcomes using this minimally invasive technique.",Urol Oncol,2005,,-,doi: 10.1016/j.urolonc.2005.02.002,https://www.ncbi.nlm.nih.gov/pubmed/16144668,,negative,0,2005.0
20646861,Long-term follow-up and risk of cancer death after radiation for post-prostatectomy rising prostate-specific antigen,Swanson GP,"PURPOSE: The results of salvage radiation therapy for rising prostate-specific antigen (PSA) levels after radical prostatectomy appear favorable, but the ultimate outcome is uncertain, given the relatively short follow-up in most studies. We report on a group of patients at a median follow-up of 13.9 years after salvage radiation therapy. METHODS AND MATERIALS: From 1990 to 1995, 92 patients were referred postoperatively for radiation for a rising PSA level. PSA level at the time of referral ranged from 0.1 to 30.5 ng/ml (median, 1.5 ng/ml). The median time from surgery to radiation was 2.1 years (range,, 0.3-7.4 years). Radiation was directed to the prostatic fossa only with a median dose of 6,500 cGy (range, 6,000-7,000 cGy). RESULTS: Eighty-five patients experienced a PSA drop after radiation, as predicted by Gleason score and PSA level at the start of radiation. Five- and 10-year biochemical failure free survival (BFFS) was 35% and 26%, respectively, and overall survival was 86% and 67%, respectively. Median survival was 12.0 years, and median BFF was 2.3 years. The presurgery PSA level was not predictive, but the PSA level at the start of radiation predicted a response. Patients with Gleason 8 to 9 cancers had a significantly higher progression rate than those with lower Gleason scores. There were no significant differences in outcomes based on pathology findings (none vs. positive margins vs. positive seminal vesicles). Overall, 22 (24%) patients died directly from prostate cancer, resulting in a 10-year cancer-specific survival rate of 82%. Multivariate analysis risk factors for dying of cancer were Gleason's score (8 to 9) and PSA at the start of radiation therapy (>1.0 ng/ml). CONCLUSIONS: Patients have a good response to salvage radiation therapy. A small but durable subgroup appears to have permanent control. In those for whom therapy fails, radiation delays the need for other salvage therapy, indicating at least a transient benefit to most patients.",Int J Radiat Oncol Biol Phys,2011,1,,doi: 10.1016/j.ijrobp.2010.01.043. Epub 2010 Jun 18,https://www.ncbi.nlm.nih.gov/pubmed/20646861,,negative,0,2010.0
15734204,Limited efficacy of salvage radiotherapy for biopsy confirmed or clinically palpable local recurrence of prostate carcinoma after surgery,Choo R,"BACKGROUND AND PURPOSE: To assess the efficacy of salvage radiotherapy (RT) for biopsy confirmed or clinically palpable local recurrence of prostate adenocarcinoma after radical prostatectomy (RP). PATIENTS AND METHODS: We retrospectively analyzed 44 patients treated with salvage RT for biopsy confirmed or clinically palpable local recurrence between 1991 and 2000. Thirty-six had positive biopsy for local recurrence and the rest without histological confirmation had clinically palpable disease. All had rising PSA at the time of RT (median: 3.7). Median interval from RP to RT was 2.6 years. Thirty-six received salvage RT alone, while eight had a short course (<4 months) of androgen ablation prior to RT. RT doses were 60-66Gy in 30-33 fractions. Freedom from PSA failure was defined as the maintenance of PSA<or=0.2. RESULTS: Median follow-ups from RP and salvage RT were 8.7 and 5.5 years, respectively. All but one achieved local control clinically. The actuarial PSA relapse-free and survival rate at 5 years were 11 and 87%, respectively. On Cox regression analysis, significant predictors for relapse were PSA level prior to salvage RT, and Gleason score. CONCLUSIONS: The efficacy of salvage RT alone for local recurrence was limited. This study suggests a need to explore other strategies incorporating systemic therapy, and the importance of timely referral for consideration of salvage RT in patients with rising PSA after surgery.",Radiother Oncol,2005,74,163-7,doi: 10.1016/j.radonc.2004.11.013. Epub 2004 Dec 15,https://www.ncbi.nlm.nih.gov/pubmed/15734204,,negative,0,2005.0
32763123,Survival Outcomes for Metastatic Prostate Cancer Patients Treated With Radical Prostatectomy or Radiation Therapy: A SEER-based Study,Jin K,"BACKGROUND: Patients with metastatic prostate cancer (mPCa) have a very low 5-year survival rate. How to choose proper treatment of mPCa remains controversial. METHOD: Within the Surveillance, Epidemiology, and End Results (SEER) database (2004-2015), we performed analyses of cancer-specific mortality (CSM) and overall mortality (OM) in the comparisons of local treatment (LT) versus no local treatment (NLT) and radical prostatectomy (RP) versus radiation therapy (RT). To balance the characteristics between 2 treatment groups, propensity score matching was performed. Considering the selection bias, we additionally used an instrument variate (IVA) to calculate the unmeasured confounders. RESULT: Multivariate regression showed that patients receiving LT had the lower risks of OM and CSM after adjustment of covariates (hazard ratio [HR] 0.39, 95% confidence interval [CI] 0.35-0.44 and HR 0.39, 95% CI 0.34-0.45). In the IVA-adjusted model, LT showed more survival benefits compared with NLT, with HR of 0.57 (95% CI 0.50-0.65) and cancer-specific HR of 0.59 (95% CI 0.51-0.68), respectively. For those receiving LT, adjusted multivariate regression indicated that RP is superior to RT (HR 0.60; 95% CI 0.43-0.83 for OM and HR 0.61; 95% CI 0.42-0.91 for CSM). The IVA-adjusted model also showed that RP presented with potentially better survival outcome compared with RT, although the effect was not statistically significant (HR 0.63; 95% CI 0.26-1.54 for OM and HR 0.47; 95% CI 0.16-1.35 for CSM). CONCLUSION: Among patients with metastatic prostate cancer, LT might bring better survival benefits in decreasing CSM and all-cause mortality compared with NLT. For those receiving LT, RP showed better survival outcomes than RT.",Clin Genitourin Cancer,2020,18,,doi: 10.1016/j.clgc.2020.05.005. Epub 2020 May 11,https://www.ncbi.nlm.nih.gov/pubmed/32763123,,negative,0,2020.0
32418156,Salvage radiotherapy in patients affected by oligorecurrent pelvic nodal prostate cancer,Ingrosso G,"PURPOSE: Metastasis-directed therapy (MDT) is an investigational treatment option in patients with oligorecurrent prostate cancer (PCa). The aim of this retrospective study is to report oncologic outcome and toxicity of elective nodal radiotherapy (ENRT) in PCa patients affected by pelvic nodal oligorecurrence. METHODS: 41 consecutive patients were treated with salvage radiotherapy. At biochemical recurrence after primary treatment, oligorecurrent disease was detected by positron emission tomography (PET) in 94% of the patients. Image-guided intensity modulated radiation therapy (IMRT) was delivered using tomotherapy. 83% of the patients received androgen deprivation therapy (ADT) in combination with ENRT. Survival analysis was performed with Kaplan-Meier method, log-rank test was used to analyze associations between survival end-points and clinical parameters. Multivariate analysis was performed using Cox proportional hazards regression models. Toxicity was registered according to Common Terminology Criteria for Adverse Events (CTCAE) v4.0. RESULTS: The median at follow-up was 33.6 months. At 3 years, overall survival (OS), cancer-specific survival (CSS), and biochemical progression-free survival (b-PFS) were 89%, 92%, and 53%, respectively. At univariate analysis, all survival end-points were correlated with the number of positive pelvic lymph nodes at oligorecurrence (≤ 3 vs > 3). Biochemical-PFS was correlated with PSA (p = 0.034) and PSA doubling time (p = 0.004) at oligorecurrence. At multivariate analysis, no independent variable was statistically significant. No patient experienced grade ≥ 2 late toxicity after radiotherapy. CONCLUSIONS: The number of metastatic lymph nodes and PSA doubling time seems to be important prognostic factors in the pelvic oligorecurrent setting. Salvage radiotherapy combined with short-course ADT might be a valid treatment strategy.",Clin Transl Oncol,2020,22,2236-2243,doi: 10.1007/s12094-020-02364-0. Epub 2020 May 16,https://www.ncbi.nlm.nih.gov/pubmed/32418156,,negative,0,2020.0
22494584,Twelve-month prostate-specific antigen values and perineural invasion as strong independent prognostic variables of long-term biochemical outcome after prostate seed brachytherapy.,Ding W,"PURPOSE: To determine whether post-treatment prostate-specific antigen (ptPSA) values at 12 months and other clinical parameters predict long-term PSA relapse-free survival (PRFS) following prostate seed brachytherapy. METHODS AND MATERIALS: Records of 204 hormone-naïve patients with localized adenocarcinoma of the prostate treated at St. Mary's Regional Medical Center in Reno, NV, and at Carson Tahoe Regional Medical Center in Carson City, NV, between 1998 and 2003, using I-125 or Pd-103 seed brachytherapy, were retrospectively analyzed. Treatment planning was done using a preplanned, modified peripheral loading technique. A total of 185 of 204 patients had PSA records at 12 months after implant. Variables included were age, initial pretreatment PSA, Gleason score, T stage, National Comprehensive Cancer Network (NCCN) risk group (RG), perineural invasion (PNI), external beam boost, dose, and ptPSA levels at 12 months with cutpoints at ≤1, 1.01 to 2.00, 2.01 to 3.00, and >3.00 ng/ml. RESULTS: Median follow-up was 80 months, and median age was 69 years. The numbers of patients stratified by NCCN low, intermediate, and high RG were 110:65:10, respectively. Monotherapy and boost prescription doses were 145 Gy and 110 Gy for I-125, and 125 Gy and 100 Gy for Pd-103 seeds, respectively. The median dose (D90) was 95.4% of the prescribed dose. The 5-year PRFS at the 12-months ptPSA levels of ≤1, 1.01 to 2.00, 2.01 to 3.00, and >3.00 ng/ml were 98.5%, 85.7%, 61.5%, and 22.2%, respectively. The 10-year PRFS at the 12-months ptPSA levels of ≤1 and 1.01 to 2.00 ng/ml were 90.5% and 85.7%, respectively. In multivariate analysis, both ptPSA and PNI were significant independent predictors of PRFS. Hazard ratios (HR) for ptPSA levels at ≤1, 1.01 to 2.00, 2.01 to 3.00, and >3.00 ng/ml at 12 months were 1, 4.96, 27.57, and 65.10, respectively. PNI had an HR of 6.1 (p=0.009). CONCLUSIONS: Presence of PNI and ptPSA values at 12 months are strong prognostic variables for long-term PRFS after definitive prostate brachytherapy seed implantation.",Int J Radiat Oncol Biol Phys,2012,84,962-7,10.1016/j.ijrobp.2012.01.043,https://www.ncbi.nlm.nih.gov/pubmed/22494584,LOW RISK,positive,1,
31863617,Salvage radical prostatectomy following focal therapy: functional and oncological outcomes,Herrera-Caceres JO,"OBJECTIVES: To report the oncological and functional outcomes of salvage radical prostatectomy (sRP) after focal therapy (FT). PATIENTS AND METHODS: A retrospective review of all patients who underwent sRP after FT was performed. Clinical and pathological outcomes focussed on surgical complications, oncological, and functional outcomes. RESULTS: In all, 34 patients were identified. The median (interquartile range [IQR]) age was 61 (8.25) years. FT modalities included high-intensity focussed ultrasound (19 patients), laser ablation (13), focal brachytherapy (one) and cryotherapy (one). The median (IQR) time from FT to recurrence was 10.9 (17.6) months. There were no rectal or ureteric injuries. Two (5.9%) patients had iatrogenic cystotomies and four (11.8%) developed bladder neck contractures. The mean (sd) hospital stay was 2.5 (2.1) days. The T-stage was pT2 in 14 (41.2%) patients, pT3a in 16 (47.1%), and pT3b in four (11.8%). In all, 13 (38%) patients had positive surgical margins (PSMs). Six (17.6%) patients received adjuvant radiotherapy (RT). At a mean follow-up of 4.3 years, seven (20.6%) patients developed biochemical recurrence (BCR), and of these, six (17.6%) patients required salvage RT. PSMs were associated with worse BCR-free survival (hazard ratio 6.624, 95% confidence interval 2.243-19.563; P < 0.001). The median (IQR) preoperative International Prostate Symptom Score and International Index of Erectile Function score was 7 (4.5-9.5) and 23.5 (15.75-25) respectively, while in the final follow-up the median (IQR) values were 7 (3.5-11) and 6 (5-12.25), respectively (P = 0.088 and P < 0.001). At last follow-up, 31 (91.2%) patients were continent, two (5.9%) had moderate (>1 pad/day) incontinence, and one (2.9%) required an artificial urinary sphincter. CONCLUSIONS: sRP should be considered as an option for patients who have persistent clinically significant prostate cancer or recurrence after FT. PSMs should be recognised as a risk for recurrent disease after sRP.",BJU Int,2020,125,525-530,doi: 10.1111/bju.14976. Epub 2020 Jan 9,https://www.ncbi.nlm.nih.gov/pubmed/31863617,,negative,0,2020.0
23103235,25-Year disease-free survival rate after irradiation for prostate cancer calculated with the prostate specific antigen definition of recurrence used for radical prostatectomy.,Critz FA,"PURPOSE: We addressed whether there is durable control of prostate cancer, defined as a prostate specific antigen cutoff of less than 0.2 ng/ml, greater than 20 years after irradiation for this disease. We also evaluated late recurrence, defined as recurrence after 10-year followup. MATERIALS AND METHODS: A total of 3,546 consecutive hormone naïve men were treated with a (125)I prostate implant (retropubic and later transperineal), followed by external beam irradiation, from 1984 to 2000. Recurrence was defined as a prostate specific antigen increase of greater than 0.20 ng/ml or a prostate specific antigen nadir of greater than 0.20 ng/ml. Median followup was 11 years (range 3 months to 26 years). RESULTS: In all men 10, 15, 20 and 25-year disease-free survival rates were 75%, 73%, 73% and 73%, respectively. Longest time to recurrence was at the 15.5-year followup. In 313 men with recurrence who were treated 16 to 25 years ago 5% of recurrences were late. In men implanted by the transperineal method since 1995 the 15-year disease-free survival rate was 79%. CONCLUSIONS: With this irradiation program cancer control, defined using the recurrence definition for radical prostatectomy, was durable with no further recurrence between 15.5 and 25 years of followup. This study also suggests that at least 15 years of followup are necessary to fully evaluate any prostate cancer treatment. Furthermore, if prostate specific antigen is less than 0.20 ng/ml 15 years after treatment, later recurrence should be unlikely.",J Urol,2013,189,878-83,10.1016/j.juro.2012.10.061,https://www.ncbi.nlm.nih.gov/pubmed/23103235,LOW RISK,positive,1,
32253928,An Exploratory Study of Dose Escalation vs Standard Focal High-Intensity Focused Ultrasound for Treating Nonmetastatic Prostate Cancer,Huber PM,"<b><i>Objective:</i></b> Analysis of treatment success regarding oncological recurrence rate between standard and dose escalation focal high-intensity focused ultrasound (HIFU) of prostate cancer. <b><i>Materials and Methods:</i></b> In this analysis of our prospectively maintained HIFU (Sonablate<sup>®</sup> 500) database, 598 patients were identified who underwent a focal HIFU (Sonablate 500) between March 2007 and November 2016. Follow-up occurred with 3-monthly clinic visits and prostate specific antigen (PSA) testing in the first year. Thereafter, PSA was measured 6-monthly or annually at least. Routine and for-cause multiparametric MRI (mpMRI) was conducted with biopsy for MRI suspicion of recurrence. Treatments were delivered in a quadrant or hemiablation fashion depending on the gland volume as well as tumor volume and location. Before mid-2015, standard focal HIFU was used (two HIFU blocks); after this date, some urologists conducted dose escalation focal HIFU (three overlapping HIFU blocks). Propensity matching was used to ensure two matched groups, leading to 162 cases for this analysis. Treatment failure was defined by any secondary treatment (systemic therapy, cryotherapy, radiotherapy, prostatectomy, or further HIFU), metastasis from prostate cancer without further treatment, tumor recurrence with Gleason score ≥7 (≥3 + 4) on prostate biopsy without further treatment, or prostate cancer-related mortality. Complications and side-effects were also compared. <b><i>Results:</i></b> Median age was 64.5 years (interquartile range [IQR] 60-73.5) in the standard focal-HIFU group and 64.5 years (IQR 60-69) in the dose-escalation group. Median prostate volume was 37 mL (IQR 17-103) in the standard group and 47.5 mL (IQR 19-121) in the dose-escalation group. As tumor volume on mpMRI and Gleason score were major matching criteria, these were identical with 0.43 mL (IQR 0.05-2.5) and Gleason 3 + 3 = 6 in 1 out of 32 (3%), 3 + 4 = 7 in 27 out of 32 (84%), and 4 + 3 = 7 in 4 out of 32 (13%). Recurrence in treated areas was found in 10 out of 32 (31%) when standard treatment zones were applied, and in 6 out of 32 (19%) of dose-escalation focal HIFU (<i>p</i> = 0.007). <b><i>Conclusion:</i></b> This exploratory study shows that dose escalation focal HIFU may achieve higher rates of disease control compared with standard focal HIFU. Further prospective comparative studies are needed.",J Endourol,2020,34,641-646,doi: 10.1089/end.2019.0613. Epub 2020 May 5,https://www.ncbi.nlm.nih.gov/pubmed/32253928,,negative,0,2020.0
31964317,"Is ""extreme"" bladder neck preservation in robot-assisted radical prostatectomy a safe procedure?",Dal Moro F,"INTRODUCTION: The aim was to investigate the surgical and pathological outcomes of an ""extreme"" bladder neck preservation in prostate cancer patients treated with robotic radical prostatectomy. The greatest concern about the ""extreme"" bladder neck preservation is the potential risk of creating a positive surgical margin at the level of bladder neck. MATERIALS AND METHODS: We prospectively collected data from 88 patients with diagnosed prostate cancer who underwent robotic radical prostatectomy with ""'extreme' bladder neck preservation."" All surgical procedures were performed by the same expert surgeon (F.D.M.). In this study, ""'extreme' bladder neck preservation"" was considered when the length of the spared intraprostatic segment of bladder neck was ⩾1 cm. We compared the histopathologic data with those of a homogeneous similar cohort of 88 consecutive patients who underwent robotic radical prostatectomy without bladder neck preservation. RESULTS: The two groups analyzed were comparable according to clinical and pathological characteristics. A positive surgical margin at the level of bladder neck was found in five (5.7%) cases in the ""extreme"" bladder neck preservation group and in six cases (6.8%) in the no-bladder neck preservation group. The prostatic base was involved by neoplasia in 14 and 19 patients (15.9% and 21.6%, respectively); of these, five (35.7%) and six (31.6%) had positive surgical margin at the level of bladder neck, respectively. The pathological staging in positive surgical margin at the level of bladder neck patients was pT3 in five (100%) cases in the ""extreme"" bladder neck preservation group and in four (66.7%) cases when we decided not to preserve the bladder neck. CONCLUSION: We demonstrated that ""extreme"" bladder neck preservation is a safe oncological procedure with similar pathologic findings of a comparable no-bladder neck preservation series. Positive surgical margins at the level of bladder neck are linked to neoplasia with adverse pathological features, rather than the ""extreme"" bladder neck preservation procedure.",Urologia,2020,87,149-154,doi: 10.1177/0391560319899253. Epub 2020 Jan 22,https://www.ncbi.nlm.nih.gov/pubmed/31964317,,negative,0,2020.0
31694041,Patients with Biopsy Gleason Score 3 + 4 Are Not Appropriate Candidates for Active Surveillance,Park J,"OBJECTIVE: The aim of this study was to evaluate the feasibility of including patients with biopsy Gleason score (bGS) 3 + 4 prostate cancer in an active surveillance (AS) protocol. METHODS: A total of 615 patients underwent a radical prostatectomy and satisfied the following requirements: prostate-specific antigen ≤10 ng/dL, clinical stage T1c or T2a, 2 or fewer positive biopsy cores, and bGS 6 or 3 + 4 prostate cancer. The patients were divided into two groups according to their bGS (bGS 6 group, n =534; bGS 3 + 4 group, n = 81). RESULTS: The adverse pathological features were significantly higher in the bGS 3 + 4 group (16.7 vs. 49.4%, p< 0.001). Biochemical recurrence (BCR)-free survival was also significantly lower in this group (p < 0.001). In a multivariate analysis, clinical stage (odds ratio [OR] 2.026, p =0.007), maximum percentage of biopsy core involvement (OR 1.015, p = 0.014), and bGS (OR 1.913, p = 0.030) were independent risk factors for adverse pathological features. However, the bGS was the only variable to forecast BCR (hazard ratio 3.567, p < 0.001). CONCLUSIONS: A bGS 3 + 4 was the leading risk factor for a worse postoperative prognosis. Therefore, patients with a bGS 3 + 4 are not appropriate candidates for AS.",Urol Int,2020,104,199-204,doi: 10.1159/000503888. Epub 2019 Nov 6,https://www.ncbi.nlm.nih.gov/pubmed/31694041,,negative,0,2020.0
20961696,Ten-year outcomes: the clinical utility of single photon emission computed tomography/computed tomography capromab pendetide (Prostascint) in a cohort diagnosed with localized prostate cancer.,Ellis RJ,"PURPOSE: To evaluate the clinical utility of capromab pendetide imaging with single photon emission computed tomography coregistration with computed tomography (SPECT/CT) in primary prostate cancer (CaP) for pretreatment prognostic staging and localization of biologic target volumes (BTV) for individualized image-guided radiotherapy dose escalation (IGRT-DE). METHODS AND MATERIALS: Patients consecutively presenting for primary radiotherapy (February 1997 to December 2002), having a clinical diagnosis of localized CaP, were evaluated for tumor stage using conventional staging and SPECT/CT (N=239). Distant metastatic uptake (mets) were identified by SPECT/CT in 22 (9.2%). None of the suspected mets could be clinically confirmed. Thus, all subjects were followed without alteration in disease management. The SPECT/CT pelvic images defined BTV for IGRT-DE (+150% brachytherapy dose) without (n=150) or with (n=89) external radiation of 45 Gy. The National Comprehensive Cancer Network criteria defined risk groups (RG). The median survivor follow-up was 7 years. Biochemical disease-free survival (bDFS) was reported by clinical nadir +2 ng/mL (CN+2) criteria. Statistical analyses included Kaplan-Meier, multivariate analysis, and Concordance-index models. RESULTS: At 10-year analyses, overall survival was 84.8% and bDFS was 84.6%. With stratification by RG, CN+2 bDFS was 93.5% for the low-RG (n=116), 78.7% for the intermediate-RG (n=94), and 68.8% for the high-RG (n=29), p=0.0002. With stratification by pretreatment SPECT/CT findings, bDFS was 65.5% in patients with suspected mets (n=22) vs. 86.6% in patients with only localized uptake (n=217), p=0.0014. CaP disease-specific survival (DSS) was 97.7% for the cohort. With stratification by SPECT/CT findings, DSS was 86.4% (with suspected mets) vs. 99.0% (localized only), p=0.0001. Using multivariate analysis, the DSS hazard ratio for SPECT/CT findings (mets vs. localized) was 3.58 (p=0.0026). Concordance-index tests, based on all data, by CN+2 bDFS criteria were 0.710 for RG alone and 0.773 for SPECT/CT + RG. CONCLUSIONS: Through long-term outcomes we demonstrate statistically significant bDFS and DSS predictive value for pretreatment capromab pendetide SPECT/CT imaging in primary CaP. Dual clinical utility is demonstrated, using SPECT/CT to define BTV for individualized IGRT-DE.",Int J Radiat Oncol Biol Phys,2011,81,29-34,10.1016/j.ijrobp.2010.05.053,https://www.ncbi.nlm.nih.gov/pubmed/20961696,LOW RISK,positive,1,
31866092,"Salvage Radiotherapy Versus Hormone Therapy for Prostate-specific Antigen Failure After Radical Prostatectomy: A Randomised, Multicentre, Open-label, Phase 3 Trial (JCOG0401)(†)",Yokomizo A,"BACKGROUND: No standard therapy has been established for localised prostate cancer patients with prostate-specific antigen (PSA) failure after radical prostatectomy (RP). OBJECTIVE: To determine whether radiotherapy ± hormone therapy is superior to hormone therapy alone in such patients. DESIGN, SETTING, AND PARTICIPANTS: This study is a multicentre, randomised, open-label, phase 3 trial. Patients with localised prostate cancer whose PSA concentrations had decreased to <0.1 ng/ml after RP, and then increased to 0.4-1.0 ng/ml, were randomised to the salvage hormone therapy (SHT) group (80 mg bicalutamide [BCL] followed by luteinising hormone-releasing hormone agonist in case of BCL failure) or the salvage radiation therapy (SRT) ± SHT group (64.8 Gy of SRT followed by the same regimen as in the SHT group in case of SRT failure). From May 2004 to May 2011, 210 patients (105 in each arm) were registered, with the median follow-up being 5.5 yr. OUTCOME MEASUREMENTS AND STATISTICAL ANALYSIS: The primary endpoint was time to treatment failure (TTF) of BCL. RESULTS AND LIMITATIONS: TTF of BCL was significantly longer in the SRT ± SHT group (8.6 yr) than in the SHT group (5.6 yr; hazard ratio 0.56, 90% confidence interval [0.40-0.77]; one-sided p =  0.001). Thirty-two of 102 patients (31%) in the SRT ± SHT group did not have SRT treatment failure. However, clinical relapse-free survival and overall survival did not differ between the arms. The most frequent grade 3-4 adverse event was erectile dysfunction (83 patients [80%] in the SHT group vs. 76 [74%] in the SRT ± SHT group). Limitations include the short follow-up periods and surrogate endpoint setting to allow definitive conclusions. CONCLUSIONS: Initial SRT prolongs TTF of BCL in patients with post-RP PSA failure, indicating that SRT ± SHT is more beneficial than SHT alone. PATIENT SUMMARY: Patients who have prostate-specific antigen failure after radical prostatectomy benefit from salvage radiation therapy prior to salvage hormone therapy.",Eur Urol,2020,77,689-698,doi: 10.1016/j.eururo.2019.11.023. Epub 2019 Dec 19,https://www.ncbi.nlm.nih.gov/pubmed/31866092,,negative,0,2020.0
31695139,Prostate cancer characteristics and cancer-specific mortality of Native American patients,Deuker M,"BACKGROUND: Historical epidemiological data indicate that Native American patients may have worse prostate cancer (PCa) characteristics than Caucasian patients (CAP). To test for cancer-specific mortality (CSM) differences among Native American vs. CAP, the most contemporary version of the SEER database (Surveillance, Epidemiology, and End Results database [2004-2016]) was used. METHODS: Descriptives and time trend analyses focused on a combined cohort of 357,289 Caucasian and Native American PCa patients of all stages. After 1:4 propensity-score (PS) matching for stage, grade, and other patient characteristics, cumulative incidence plots, and competing-risks-regression-models (CRR) were used, with further stratification according to non-metastatic (T<sub>any</sub>N<sub>0</sub>M<sub>0</sub>) vs. metastatic (T<sub>any</sub>N<sub>1</sub> and/or M<sub>1</sub>) stages. RESULTS: Native American patients accounted for 1804 (0.5%) of the study cohort. Native American patients had higher PSA (8 ng/ml vs. 6.3 ng/ml), higher rate of D'Amico high-risk PCa (30.8 vs. 24.8%), higher rate of T3/T4-PCa (5.5 vs. 3.7%), higher rate of N1 stage (4.5 vs. 2.8%), and higher rate of M1 stage (7.5 vs. 3.9%, all p < 0.001) than CAP. In T<sub>any</sub>N<sub>0</sub>M<sub>0</sub> patients after PS-matching, 10-year CSM was 5.7 vs. 6.2% in Native American vs. CAP. In T<sub>any</sub>N<sub>1</sub> and/or M<sub>1</sub> patients, 10-year CSM was 64.3 vs. 63.3% in Native American vs. CAP, (both p = 0.8). In CRR, Native American race did not represent an independent predictor of CSM. CONCLUSIONS: Native American patients have more unfavorable stage and grade at presentation. However, after adjustment for these characteristics, CSM in Native American patients is not higher than in CAP. In consequence, PCa prognosis does not differ between Native American and Caucasian race. Therefore, efforts should be made to diagnose PCa in Native Americans at an earlier and more favorable stage like in CAP.",Prostate Cancer Prostatic Dis,2020,23,277-285,doi: 10.1038/s41391-019-0184-8. Epub 2019 Nov 6,https://www.ncbi.nlm.nih.gov/pubmed/31695139,,negative,0,2020.0
20605366,Risk of all-cause and prostate cancer-specific mortality after brachytherapy in men with small prostate size,Nguyen PL,"BACKGROUND: Brachytherapy for prostate cancer can be technically challenging in men with small prostates (≤20 cc), but it is unknown whether their outcomes are different than those of men with larger prostates. METHODS AND MATERIALS: We studied 6,416 men treated with brachytherapy in one of 21 community-based practices. Cox regression and Fine and Gray's regression were used to determine whether volume ≤20 cc was associated with a higher risk of all-cause mortality (ACM) or prostate cancer-specific mortality (PCSM), respectively, after adjustment for other known prognostic factors. RESULTS: 443 patients (6.9%) had a prostate volume ≤20 cc. After a median follow-up of 2.91 years (interquartile range, 1.06-4.79), volume ≤20 cc was associated with a significantly higher risk of ACM (adjusted hazard ratio = 1.33 [95% CI 1.08-1.65], p = 0.0085) with 3-year estimates of ACM for ≤20 cc vs. >20 cc of 13.0% vs. 6.9% (p = 0.028). Only 23 men (0.36%) have died of prostate cancer, and no difference was seen in PCSM by volume (p = 0.4). CONCLUSION: Men with small prostates at the time of implant had a 33% higher risk of ACM, and the underlying cause of this remains uncertain. No increase in PCSM was observed in men with volume ≤20cc, suggesting that a small prostate should not in itself be a contraindication for brachytherapy, but inasmuch as absolute rates of PCSM were small, further follow-up will be needed to confirm this finding.",Int J Radiat Oncol Biol Phys,2011,1,,doi: 10.1016/j.ijrobp.2010.01.023. Epub 2010 Jun 3,https://www.ncbi.nlm.nih.gov/pubmed/20605366,,negative,0,2010.0
31411996,Nonsurgical Salvage Local Therapies for Radiorecurrent Prostate Cancer: A Systematic Review and Meta-analysis,Ingrosso G,"CONTEXT: Different nonsurgical therapeutic strategies can be adopted for intraprostatic relapse of prostate cancer after primary radiotherapy, including re-irradiation (with brachytherapy [BT] or external beam radiotherapy [EBRT]), high-intensity focused ultrasound (HIFU), and cryotherapy. The main issues to consider when choosing nonsurgical salvage local therapies are local tumor control and significant genitourinary toxicity. OBJECTIVE: To conduct a systematic review and meta-analysis of the role of nonsurgical salvage modalities in patients with radiorecurrent prostate cancer and associated clinical outcomes and toxicity profiles. EVIDENCE ACQUISITION: We performed a critical review of the Medline, Scopus, and ClinicalKey databases from January 1, 2000 through February 1, 2018 according to the Preferred Reporting Items and Meta-Analyses statement. To assess the overall quality of the literature reviewed, we used a modified Delphi tool for case-series studies. EVIDENCE SYNTHESIS: A total of 64 case-series studies were included, corresponding to a cohort of 5585 patients. The modified Delphi checklist evidenced high methodological quality overall (mean quality score of 80.6%). Biochemical control rates were lowest for patients treated with HIFU (58%, 95% confidence interval [CI] 47-68%) and highest for patients treated with BT (69%, 95% CI 62-76%) and EBRT (69%, 95% CI 53-83%). The lowest prevalence of incontinence was for patients treated with BT (3%, 95% CI 0-6%; I<sup>2</sup>=63.4%) and the highest was among patients treated with HIFU (28%, 95% CI 19-38%; I<sup>2</sup>=89.7%). CONCLUSIONS: Nonsurgical therapeutic options, especially BT, showed good outcomes in terms of biochemical control and tolerability in the local recurrence setting. PATIENT SUMMARY: The current analysis demonstrated that nonsurgical salvage local therapies offer a chance of a curative local approach in radiorecurrent prostate cancer. However, high-quality data from prospective trials are needed to validate long-term outcomes from nonsurgical strategies for the treatment of intraprostatic recurrence after previous radiotherapy.",Eur Urol Oncol,2020,3,183-197,doi: 10.1016/j.euo.2018.12.011. Epub 2019 Jan 24,https://www.ncbi.nlm.nih.gov/pubmed/31411996,,negative,0,2020.0
26713323,"Erectile function following brachytherapy, external beam radiotherapy, or radical prostatectomy in prostate cancer patients",Putora PM,"BACKGROUND AND PURPOSE: For localized prostate cancer, treatment options include external beam radiotherapy (EBRT), radical prostatectomy (RP), and brachytherapy (BT). Erectile dysfunction (ED) is a common side-effect. Our aim was to evaluate penile erectile function (EF) before and after BT, EBRT, or RP using a validated self-administered quality-of-life survey from a prospective registry. MATERIAL AND METHODS: Analysis included 478 patients undergoing RP (n = 252), EBRT (n = 91), and BT (n = 135) with at least 1 year of follow-up and EF documented using IIEF-5 scores at baseline, 6 weeks, 6 months, 1 year, and annually thereafter. RESULTS: Differences among treatments were most pronounced among patients with no or mild initial ED (IIEF-5 ≥ 17). Overall, corrected for baseline EF and age, BT was associated with higher IIEF-5 scores than RP (+ 7.8 IIEF-5 score) or EBRT (+ 3.1 IIEF-5 score). EBRT was associated with better IIEF-5 scores than RP (+ 4.7 IIEF-5 score). In patients undergoing EBRT or RP with bilateral nerve sparing (NS), recovery of EF was observed and during follow-up, the differences to BT were not statistically significant. Overall age had a negative impact on EF preservation (corrected for baseline IIEF). CONCLUSION: In our series, EF was adversely affected by each treatment modality. Considered overall, BT provided the best EF preservation in comparison to EBRT or RP.",Strahlenther Onkol,2016,192,182-9,doi: 10.1007/s00066-015-0928-x. Epub 2015 Dec 28,https://www.ncbi.nlm.nih.gov/pubmed/26713323,,negative,0,2015.0
18222596,Long-term outcome following three-dimensional conformal/intensity-modulated external-beam radiotherapy for clinical stage T3 prostate cancer.,Zelefsky MJ,"OBJECTIVE: To report the long-term tumor control and survival outcomes after conformal external-beam radiotherapy for patients with clinical stage T3 prostate cancer. METHODS: Between 1988 and 2000, 296 patients with clinical stage T3 prostate cancer were treated with three-dimensional conformal radiotherapy and intensity-modulated radiotherapy. Of these, 130 patients (44%) had stage T3a (extracapsular extension without seminal vesicle involvement [SVI]) and 166 patients (56%) had stage T3b disease (SVI). Prior to radiotherapy, 189 patients (43%) were treated with short-course androgen-deprivation therapy (ADT). The median follow-up time was 8 yr. RESULTS: The 5- and 10-yr prostate-specific antigen (PSA) relapse-free survival (PRFS) outcomes for stage T3a tumors were 69% and 44%, respectively. The corresponding PRFS outcomes for T3b tumors were 49% and 32% (p=0.005). Despite the presence of locally advanced disease, the 5- and 10-yr local progression-free survival (LPFS) outcomes for all patients were 87% and 83%. Among patients who received > or =8100 cGy and ADT, the 5- and 10-yr local control rates were 96% and 88%. The 5- and 10-yr distant metastases-free survival (DMFS) outcomes for stage T3a tumors were 85% and 73%. The corresponding DMFS outcomes for T3b tumors were 49% and 32% (p=0.005). Multivariate analysis demonstrated that ADT conferred a 7-fold risk reduction for local failure. Pretreatment PSA levels and the presence of SVI on clinical staging were important predictors of distant metastases. CONCLUSIONS: Conformal radiotherapy for T3 prostate cancer is associated with excellent tumor control and survival outcomes. These results are at least comparable to reported outcomes from surgical series for T3 disease and substantiate the role of radiotherapy as the standard management option for locally advanced stage prostate cancer.",Eur Urol,2008,53,1172-9,10.1016/j.eururo.2007.12.030,https://www.ncbi.nlm.nih.gov/pubmed/18222596,HIGH RISK,positive,1,
31735483,Focal Salvage MR Imaging-Guided Cryoablation for Localized Prostate Cancer Recurrence after Radiotherapy: 12-Month Follow-up,Bomers JGR,"PURPOSE: To evaluate safety, quality of life (QoL), and local cancer control after focal salvage MR imaging-guided cryoablation in patients with local recurrence of prostate cancer (PCa) after radiotherapy. MATERIALS AND METHODS: A retrospective, single-center study was performed in 62 patients with radiorecurrent PCa who underwent MR imaging-guided cryoablation since May 2011 with a follow-up ≥12 months in December 2017. Rates and descriptions of adverse events were reported. Ablation complications were classified according to the Clavien and SIR systems. Validated questionnaires were used to observe functional outcomes and QoL before therapy and 6 and 12 months after therapy. Cancer control was defined as no biochemical failure according to Phoenix criteria and no other clinical evidence for local or metastatic disease. RESULTS: All procedures were technically feasible. The number of complications requiring major therapy (Clavien grade 3b/4 or SIR grade D/E/F) was low (2 [3.2%] and 1 [1.6%], respectively). After 12 months, the International Consultation of Incontinence Questionnaire-Short Form (P < .001) and 5-item International Index of Erectile Function (P = .001) scores became significantly worse, indicating increased symptoms of incontinence and diminished erectile function, without compromising QoL. Six patients developed metastases within 6 months. After 12 months, 36 patients (63%) were disease-free. CONCLUSIONS: Focal salvage MR imaging-guided cryoablation is safe and is associated with a high technical success rate, preservation of QoL, and local PCa control. This treatment can be a reasonable alternative to salvage radical prostatectomy in properly selected patients with low morbidity and preservation of QoL; however, longer follow-up is needed.",J Vasc Interv Radiol,2020,31,35-41,doi: 10.1016/j.jvir.2019.07.001. Epub 2019 Nov 15,https://www.ncbi.nlm.nih.gov/pubmed/31735483,,negative,0,2020.0
25994643,Robotic radical prostatectomy in high-risk prostate cancer: current perspectives,Canda AE,"Around 20%-30% of patients diagnosed with prostate cancer (PCa) still have high-risk PCa disease (HRPC) that requires aggressive treatment. Treatment of HRPC is controversial, and multimodality therapy combining surgery, radiation therapy, and androgen deprivation therapy have been suggested. There has been a trend toward performing radical prostatectomy (RP) in HRPC and currently, robot-assisted laparoscopic RP (RARP) has become the most common approach. Number of publications related to robotic surgery in HRPC is limited in the literature. Tissue and Tumor characteristics might be different in HRPC patients compared to low-risk group and increased surgical experience for RARP is needed. Due to the current literature, RARP seems to have similar oncologic outcomes including surgical margin positivity, biochemical recurrence and recurrence-free survival rates, additional cancer therapy needs and lymph node (LN) yields with similar complication rates compared to open surgery in HRPC. In addition, decreased blood loss, lower rates of blood transfusion and shorter duration of hospital stay seem to be the advantages of robotic surgery in this particular patient group. RARP in HRPC patients seems to be safe and technically feasible with good intermediate-term oncologic results, acceptable morbidities, excellent short-term surgical and pathological outcomes and satisfactory functional results.",Asian J Androl,2015,,-,doi: 10.4103/1008-682X.153541,https://www.ncbi.nlm.nih.gov/pubmed/25994643,,negative,0,2015.0
16227156,Radiation therapy for prostate cancer and erectile (dys)function: the role of imaging,Incrocci L,"Incidence of erectile dysfunction (ED) after radiotherapy reported in the literature varies from 7 to 72% after external-beam radiotherapy to 5-51% after brachytherapy. Most of these studies are retrospective, the definition of ED is variable and sexual functioning is frequently assessed by asking only one question. Already in the 1980's it was suggested that post-radiation ED was attributable to vascular damage. The most reliable method to assess vasculogenic ED is the use of the Doppler ultrasound. More recently, many studies have assessed the relationship between radiation dose and volume of the penile bulb and post-radiation ED, though the outcome is controversial. The penile structures and the neurovascular bundles are best seen on magnetic resonance imaging (MRI). Therefore the use of a computer tomography scan/MRI image fusion can result in reducing the planning target volume and consequently the radiation dose to the penile bulb and bodies. If radiation induces vascular damage that causes ED, any means of reducing the dose to the pelvic vascular structures would likely decrease ED, therefore new radiation techniques such as the intensity modulated radiation therapy or the implant of fiducial markers can help decrease the margins and therefore ED.",Acta Oncol,2005,44,673-8,doi: 10.1080/02841860500326190,https://www.ncbi.nlm.nih.gov/pubmed/16227156,,negative,0,2005.0
15990188,3D conformal radiation therapy for prostate cancer in elderly patients,Geinitz H,"BACKGROUND AND PURPOSE: The aim of this study was to evaluate if conformal radiation therapy for localized prostate cancer with doses of 70 Gy is well tolerated in patients aged 75 years or older, and if the side effects and the biochemical recurrence free (bNED) survival are comparable to younger patients. PATIENTS AND METHODS: Eighty patients>or=75 years received definitive conformal radiotherapy for prostate cancer. Acute and late side effects as well as bNED survival (ASTRO criteria) were compared to 221 patients younger than 75 years who were treated during the same period of time. RESULTS: Median dose to the prostate was 70 Gy in both groups. There were no significant differences in acute or late side effects between age groups. The frequency of grade III late symptoms was low and ranged between 0 and 4% for the evaluated symptoms irrespective of age group. Older patients had a better bNED survival than younger patients (bNED survival at 4 years: 76 vs. 61%, P=0.042). CONCLUSIONS: High-dose conformal radiation therapy for prostate cancer is well tolerated in patients aged 75 years or older. In terms of bNED survival radiation treatment is at least as effective as it is for younger patients.",Radiother Oncol,2005,76,27-34,doi: 10.1016/j.radonc.2005.06.001,https://www.ncbi.nlm.nih.gov/pubmed/15990188,,negative,0,2005.0
16144663,PSA outcome following radical prostatectomy for patients with localized prostate cancer stratified by prostatectomy findings and the preoperative PSA level,McAleer SJ,"PURPOSE: Algorithms have been developed to predict time to biochemical failure (BF) following radical prostatectomy (RP) for patients with clinically localized prostate cancer. The purpose of this study was to validate an algorithm based on prostatectomy findings and to evaluate whether the preoperative serum prostate specific antigen (PSA) enhances the predictive ability of the algorithm. MATERIALS AND METHODS: Between 1988 and 2002, 2417 patients underwent RP for clinically localized prostate cancer at one of 2 large university hospitals. Patients were retrospectively stratified into 4 risk groups based upon prostatectomy grade, stage, and margin status, and were then dichotomized by the preoperative PSA level (cut point 10 ng/mL). Cox regression multivariable analyses were performed to evaluate the ability of the risk group and preoperative PSA level to predict time to BF (PSA more than 0.2 ng/mL) following RP. RESULTS: The preoperative PSA level (P < 0.0001) and risk group (P < 0.0001) were significant predictors of time to BF following RP. Estimates of the BF rates 7 years following RP were 13%, 30%, 51%, and 72% for groups 1-4, respectively (pairwise P values <or=0.0002). Further stratification within each risk group using the preoperative PSA level with a cut point at 10 ng/mL revealed BF rates of 8% versus 35%, 25% versus 54%, 31% versus 73%, and 63% versus 86% for risk groups 1-4, respectively (all P values <0.0001). CONCLUSIONS: An algorithm to predict BF based on prostatectomy findings has been validated, and the addition of the preoperative PSA level improved its ability to identify high risk patients who may benefit from entry into adjuvant treatment trials.",Urol Oncol,2005,,-,doi: 10.1016/j.urolonc.2004.12.013,https://www.ncbi.nlm.nih.gov/pubmed/16144663,,negative,0,2005.0
15734203,Long-term outcome of high dose rate brachytherapy in radiotherapy of localised prostate cancer,Aström L,"BACKGROUND AND PURPOSE: High dose rate brachytherapy (HDR-BT) in prostate cancer (PC) is receiving increasing interest. The steep dose gradient gives a possibility to escalate the dose to the prostate. If the alpha/beta ratio is low for PC, hypofractionation will be of advantage. A retrospective analysis of outcome in patients (pts) consecutively treated with combined HDR-BT and conformal external beam radiotherapy (ERT) was performed. MATERIAL AND METHODS: Data from 214 pts treated consecutively from 1988 to 2000 were analysed. The median age was 64 years (50-77). Median follow up was 4 years (12-165 months). Pre-irradiatory endocrine therapy was given to 150 pts (70%). The pts were divided into low-, intermediate- and high (80/87/47 pts) risk groups according to the occurrence of none, one, or more risk factors defined by T-classification, PSA and histopathology. ERT was given with 2 Gy fractions to 50 Gy. HDR-BT consisted of two 10 Gy fractions. RESULTS: Overall 5-year biochemical no evidence of disease (bNED) was 82%, and for the low-, intermediate-, and high-risk group bNED was 92, 88 and 61%, respectively. PSA-relapse was found in 17, local recurrence in 3 and distant metastases in 13 pts. Five pts died of PC. No recurrences were observed after 5 years. Severe late complications were few. Urethral stricture (13 pts) was the most frequent. No severe rectal complications were seen. CONCLUSION: Dose escalation with HDR-BT is safe and effective in radiotherapy of localised PC.",Radiother Oncol,2005,74,157-61,doi: 10.1016/j.radonc.2004.10.014. Epub 2004 Nov 25,https://www.ncbi.nlm.nih.gov/pubmed/15734203,,negative,0,2005.0
20378156,"Five year biochemical recurrence free survival for intermediate risk prostate cancer after radical prostatectomy, external beam radiation therapy or permanent seed implantation.",Vassil AD,"OBJECTIVE: To compare biochemical recurrence-free survival (bRFS) for patients with intermediate-risk prostate cancer treated by retropubic radical prostatectomy (RRP), laparoscopic radical prostatectomy (LRP), external beam radiation therapy (RT), or permanent seed implantation (PI). METHODS: Patients treated for intermediate-risk prostate cancer per National Comprehensive Cancer Network guidelines from 1996 to 2005 were studied. Variables potentially affecting bRFS were examined using univariate and multivariate Cox regression analysis. Five-year bRFS rates were calculated by actuarial methods; bRFS was calculated using Kaplan-Meier analysis. Nadir +2 definition of biochemical failure was used for RT and PI patients; a PSA ≥ 0.4 ng/mL was used for radical prostatectomy (RP) patients. Time to initiation of salvage therapy was compared for each treatment group using the Kruskal-Wallis test. RESULTS: Nine-hundred seventy-nine patients were analyzed with a median follow-up of 65 months. Five years bRFS rate was 82.8% for all patients (89.5% PI, 85.7% RT, 79.9% RRP, and 60.2% LRP). Patients treated by LRP had significantly worse bRFS than RT (P < .0001), PI (P < .0001), or RRP patients (P = .0038). Treatment modality (P < .0001) and average number of PSA tests per year (P < .0001) were the only independent predictors of bRFS on multivariate analysis. Median time to initiation of salvage therapy from time of treatment was 28.6 months for all patients (26.1 RP, 21.0 LRP, 47.4 PI, 47.8 RT; P < .0001). CONCLUSIONS: Patients with intermediate-risk prostate cancer choosing PI, RT, or RRP appear to have improved 5-year bRFS and delayed salvage therapy compared with LRP.",Urology,2010,76,1251-7,10.1016/j.urology.2010.01.010,https://www.ncbi.nlm.nih.gov/pubmed/20378156,INTERMEDIATE RISK,positive,1,
18342200,Ten-year biochemical disease control for patients with prostate cancer treated with cryosurgery as primary therapy.,Cohen JK,"OBJECTIVES: Prostate cryosurgery has been increasingly used for the management of localized prostate cancer since its introduction in a minimally invasive form in the early 1990s. We performed a retrospective study of the largest and most mature patient group treated with cryosurgery reported thus far. METHODS: We retrospectively analyzed the data from 370 patients treated consecutively from 1991 to 1996 with a focus on the determination of biochemical disease-free survival for a group of patients with T1 to T3 prostate cancer who had undergone prostate cryosurgery as primary monotherapy. Only patients with no previous radiotherapy, hormonal therapy, or surgery were included. RESULTS: The median follow-up was 12.55 years. Using a nadir plus 2 ng/dL definition, Kaplan-Meier analysis demonstrated a biochemical disease-free survival rate at 10 years of 80.56%, 74.16%, and 45.54% for low, moderate, and high-risk groups, respectively. The 10-year negative biopsy rate was 76.96%. CONCLUSIONS: The results for this pilot group of patients who underwent percutaneous prostate cryosurgery monotherapy demonstrated biochemical disease-free survival rates that overlap with those of similar groups of patients treated under similar circumstances using other types of nonextirpative monotherapy.",Urology,2008,71,515-8,10.1016/j.urology.2007.09.059,https://www.ncbi.nlm.nih.gov/pubmed/18342200,HIGH RISK,positive,1,
21074198,Comparative effectiveness of perineal versus retropubic and minimally invasive radical prostatectomy,Prasad SM,"PURPOSE: While perineal radical prostatectomy has been largely supplanted by retropubic and minimally invasive radical prostatectomy, it was the predominant surgical approach for prostate cancer for many years. In our population based study we compared the use and outcomes of perineal radical prostatectomy vs retropubic and minimally invasive radical prostatectomy. MATERIALS AND METHODS: We identified men diagnosed with prostate cancer from 2003 to 2005 who underwent perineal (452), minimally invasive (1,938) and retropubic (6,899) radical prostatectomy using Surveillance, Epidemiology and End Results-Medicare linked data through 2007. We compared postoperative 30-day and anastomotic stricture complications, incontinence and erectile dysfunction, and cancer therapy (hormonal therapy and/or radiotherapy). RESULTS: Perineal radical prostatectomy comprised 4.9% of radical prostatectomies during our study period and use decreased with time. On propensity score adjusted analysis men who underwent perineal vs retropubic radical prostatectomy had shorter hospitalization (median 2 vs 3 days, p < 0.001), received fewer heterologous transfusions (7.2% vs 20.8%, p < 0.001) and required less additional cancer therapy (4.9% vs 6.9%, p = 0.020). When comparing perineal vs minimally invasive radical prostatectomy men who underwent the former required more heterologous transfusions (7.2% vs 2.7%, p = 0.018) but experienced fewer miscellaneous medical complications (5.3% vs 10.0%, p = 0.045) and erectile dysfunction procedures (1.4 vs 2.3/100 person-years, p = 0.008). The mean and median expenditure for perineal radical prostatectomy in the first 6 months postoperatively was $1,500 less than for retropubic or minimally invasive radical prostatectomy (p < 0.001). CONCLUSIONS: Men who undergo perineal vs retropubic and minimally invasive radical prostatectomy experienced favorable outcomes associated with lower expenditure. Urologists may be abandoning an underused but cost-effective surgical approach that compares favorably with its successors.",J Urol,2011,185,111-5,doi: 10.1016/j.juro.2010.08.090. Epub 2010 Nov 12,https://www.ncbi.nlm.nih.gov/pubmed/21074198,,negative,0,2010.0
15821561,5-year urinary and sexual outcomes after radical prostatectomy: results from the prostate cancer outcomes study,Penson DF,"PURPOSE: Prior studies of postoperative outcomes following radical prostatectomy have been limited by selection bias and short-term followup. In this study we assessed temporal changes in urinary and sexual function up to 5 years following radical prostatectomy in a population based cohort. MATERIALS AND METHODS: A sample of 1,288 men with localized prostate cancer who underwent radical prostatectomy and completed a baseline survey within 6 to 12 months of diagnosis were included in the analysis. Two and 5-year functional and quality of life data were collected, as was information on the use of erectile aids. Temporal functional changes and potentially confounding or modifying factors were assessed using longitudinal regression models. RESULTS: Of these men 14% reported frequent urinary leakage or no urinary control 60 months after diagnosis, which was slightly higher than the 10% reporting incontinence at 24 months (p = 0.007). At 60 months 28% of the men had erections firm enough for intercourse compared with 22% at 24 months (p = 0.003). Sildenafil was the most commonly used erectile aid (43% ever used) and 45% of users reported that it helped ""somewhat"" or ""a lot."" CONCLUSIONS: Urinary and sexual dysfunction were common 5 years following radical prostatectomy in this large, community based cohort of prostate cancer survivors. While a small minority of subjects experienced changes in urinary or sexual function between years 2 and 5 after prostatectomy, functional outcomes remained relatively stable in the majority of participants.",J Urol,2005,173,1701-5,doi: 10.1097/01.ju.0000154637.38262.3a,https://www.ncbi.nlm.nih.gov/pubmed/15821561,,negative,0,2005.0
19111801,"Outcomes for intermediate risk prostate cancer: are there advantages for surgery, external radiation, or brachytherapy?",Klein EA,"The treatment of localized prostate cancer remains controversial because of the lack of conclusive well-controlled or randomized studies comparing outcome of various forms of radiotherapy (RT) to radical prostatectomy (RP). We review recent results from an institutional database and prospective quality of life study comparing cancer-related and quality of live (QOL) outcomes among different treatment modalities for intermediate risk prostate cancer. The results suggest similar short-term survival but domain-specific effects on QOL after treatment with radical prostatectomy, brachytherapy, or external beam radiotherapy.",Urol Oncol,2009,27,67-71,10.1016/j.urolonc.2008.04.001,https://www.ncbi.nlm.nih.gov/pubmed/19111801,INTERMEDIATE RISK,positive,1,
31551125,A Phase I/II Study of Stereotactic Hypofractionated Once-weekly Radiation Therapy (SHORT) for Prostate Cancer,Mallick I,"AIMS: Stereotactic radiation therapy has been investigated predominantly in patients with low-intermediate-risk disease. We conducted a clinical trial of stereotactic hypofractionated radiation therapy delivered in once-weekly fractions on patients with all-risk non-metastatic disease to test feasibility, acute toxicities and patient-reported outcomes. MATERIALS AND METHODS: In this phase I/II study, 30 patients with prostatic adenocarcinoma, any Gleason score, T1-4N0 and prostate-specific antigen ≤60 ng/ml were treated with volumetric intensity modulated arc radiation therapy to a dose of 35 Gy in five fractions delivered once weekly. Patients with high-risk disease also received elective nodal irradiation to a dose of 25 Gy in five fractions simultaneously. Androgen deprivation was offered to intermediate- and high-risk patients. The primary outcome was acute toxicity. Secondary outcome measures included biochemical control and late toxicity. Patient-reported outcomes were measured using the International Prostate Symptom Score and European Organization for Research and Treatment of Cancer (EORTC) Quality-of-Life Questionnaire (QLQ). RESULTS: All 30 patients completed treatment per-protocol. Most patients had T3 (60%) and Gleason 7 (50%) tumours. The median prostate-specific antigen was 17 ng/ml. High-risk disease was present in 20 patients (66.7%). There was a low incidence of acute toxicities (grade 2 + urinary 3.3%, grade 2 rectal 0%). Within the EORTC QLQ framework, only the urinary symptom score showed a clinically meaningful worsening from a mean of 20/100 at baseline to 34/100 at the end of treatment (P < 0.001), but reduced to 24/100 at 6 months (P = 0.08). With a median follow-up of 41.5 months, two patients each reported grade 2 late urinary and rectal toxicity. The 3- and 4-year biochemical control rates were 96.7 and 87.9%, respectively. CONCLUSION: In a cohort of mainly high-risk cancers, stereotactic once-weekly radiation therapy was easy to implement and well tolerated, with a low incidence of acute and late toxicity and excellent biochemical control.",Clin Oncol (R Coll Radiol),2020,32,,doi: 10.1016/j.clon.2019.09.046. Epub 2019 Sep 21,https://www.ncbi.nlm.nih.gov/pubmed/31551125,,negative,0,2020.0
26211465,Percentage of positive prostate biopsies independently predicts biochemical outcome following radiation therapy for prostate cancer,Gabriele D,"BACKGROUND: This work aims to definitely show the ability of percentage of positive biopsy cores (%PC) to independently predict biochemical outcome beyond traditional pretreatment risk-factors in prostate cancer (PCa) patients treated with radiotherapy. METHODS: A cohort of 2493 men belonging to the EUREKA-2 retrospective multicentric database on (PCa) and treated with external-beam radiation therapy (EBRT) as primary treatment comprised the study population (median follow-up 50 months). A Cox regression time to prostate-specific antigen (PSA) failure analysis was performed to evaluate the predictive power of %PC, both in univariate and multivariate settings, with age, pretreatment PSA, clinical-radiological staging, bioptic Gleason Score (bGS), RT dose and RT +/- ADT as covariates. RESULTS: P statistics for %PC is lower than 0.001 both in univariate and multivariate models. %PC as a continuous variable yields an AUC of 69% in ROC curve analysis for biochemical relapse. Four classes of %PC (1-20%, 21-50%, 51-80% and 81-100%) distinctly split patients for risk of biochemical relapse (overall log-rank test P<0.0001), with biochemical progression free survival (bPFS) at 5-years ranging from 88% to 58% and 10-years bPFS ranging from 80% to 38%. CONCLUSIONS: We strongly affirm the usefulness of %PC information beyond main risk factors (PSA, staging and bGS) in predicting biochemical recurrence after EBRT for PCa. The stratification of patients according to %PC may be valuable to further discriminate cases with favourable or adverse prognosis.",Panminerva Med,2016,58,109-14,,https://www.ncbi.nlm.nih.gov/pubmed/26211465,,negative,0,2015.0
15964706,Lack of benefit of pelvic radiation in prostate cancer patients with a high risk of positive pelvic lymph nodes treated with high-dose radiation,Vargas CE,"PURPOSE: The use of pelvic radiation for patients with a high risk of lymph node (LN) metastasis (>15%) remains controversial. We reviewed the data at three institutions treating patients with a combination of external-beam radiation therapy and high-dose-rate brachytherapy to address the prognostic implications of the use of the Roach formula and the benefit of pelvic treatment. METHODS AND MATERIALS: From 1986 to 2003, 1,491 patients were treated with external-beam radiation therapy and high-dose-rate brachytherapy. The Roach formula [2/3 prostate-specific antigen + (Gleason score -6) x 10] could be calculated for 1,357 patients. Group I consisted of patients having a risk of positive LN < or = 15% (n = 761), Group II had a risk >15% and < or = 30% (n = 422), and Group III had a risk of LN disease >30% (n = 174). A >15% risk of having positive LN was found in 596 patients and was used to determine the benefit of pelvic radiation. The pelvis was treated at two of the cancer centers (n = 312), whereas at the third center (n = 284) radiation therapy was delivered to the prostate and seminal vesicles alone. Average biologic effective dose was > or = 100 Gy (alphabeta = 1.2). Biochemical failure was as per the American Society for Therapeutic Radiology and Oncology definition. Statistics included the log-rank test as well as Cox univariate and multivariate analysis. RESULTS: For all 596 patients with a positive LN risk >15%, median follow-up was 4.3 years, with a mean of 4.8 years. For all cases, median follow-up was 4 years and mean follow-up was 4.4 years. Five-year results for the three groups based on their risk of positive LN were significantly different in terms of biochemical failure (p < 0.001), clinical control (p < 0.001), disease-free survival excluding biochemical failure (p < 0.001), cause-specific survival (p < 0.001), and overall survival (p < 0.001). For all patients with a risk of positive LN >15% (n = 596), Group II (>15-30% risk), or Group III (>30% risk), no benefit was seen in the 5-year rates of clinical failure, cause-specific survival, or overall survival with pelvic radiation. In the Cox multivariate analysis for cause-specific survival, Gleason score (p = 0.009, hazard ratio [HR] 3.1), T stage (p = 0.03, HR 1.8), and year of treatment (p = 0.05, HR 1.1) were significant. A log-rank test for cause-specific survival for all patients (n = 577) by the use of pelvic radiation was not significant (p = 0.99) accounting for high-dose-rate brachytherapy dose, neoadjuvant hormones, Gleason score, prostate-specific antigen, T stage, and year of treatment as covariates. CONCLUSIONS: The use of the Roach formula to stratify patients for clinical and biochemical outcomes is excellent. Pelvic radiation added to high prostate radiation doses did not show a clinical benefit for patients at a high risk of pelvic LN disease (>15%) selected using the Roach formula.",Int J Radiat Oncol Biol Phys,2005,1,,doi: 10.1016/j.ijrobp.2005.04.026. Epub 2005 Jun 20,https://www.ncbi.nlm.nih.gov/pubmed/15964706,,negative,0,2005.0
16278474,Parameters for treatment decisions for salvage radiation therapy,Hayes SB,"Radical prostatectomy (RP) is the most common primary treatment for prostate cancer. About 40% of those with high-risk pathologic features, such as a positive margin or seminal vesicle involvement, will develop biochemical failure at some point in the future. Radiotherapy (RT), with or without concurrent androgen deprivation, has been used liberally in the management of men with a rising prostate-specific antigen (PSA) after RP, based mostly on relatively small retrospective series. Factors such as the prostatectomy Gleason score, seminal vesicle invasion, absolute pre-RT PSA level, and pre-RT PSA doubling time are emerging as important determinants of outcome after RT. These factors should be used as a guide to the options of local therapy alone (RT), local therapy plus systemic therapy (typically androgen deprivation therapy), and systemic therapy alone.",J Clin Oncol,2005,10,,doi: 10.1200/JCO.2005.03.1575,https://www.ncbi.nlm.nih.gov/pubmed/16278474,,negative,0,2005.0
19409729,Equivalent biochemical control and improved prostate-specific antigen nadir after permanent prostate seed implant brachytherapy versus high-dose three-dimensional conformal radiotherapy and high-dose conformal proton beam radiotherapy boost.,Jabbari S,"PURPOSE: Permanent prostate implant brachytherapy (PPI), three-dimensional conformal radiotherapy (3D-CRT), and conformal proton beam radiotherapy (CPBRT) are used in the treatment of localized prostate cancer, although no head-to-head trials have compared these modalities. We studied the biochemical control (biochemical no evidence of disease [bNED]) and prostate-specific antigen (PSA) nadir achieved with contemporary PPI, and evaluated it against 3D-CRT and CPBRT. PATIENTS AND METHODS: A total of 249 patients were treated with PPI at the University of California, San Francisco, and the outcomes were compared with those from a 3D-CRT cohort and the published results of a high-dose CPBRT boost (CPBRTB) trial. For each comparison, subsets of the PPI cohort were selected with patient and disease criteria similar to those of the reference group. RESULTS: With a median follow-up of 5.3 years, the bNED rate at 5 and 7 years achieved with PPI was 92% and 86%, respectively, using the American Society for Therapeutic Radiology and Oncology (ASTRO) definition, and 93% using the PSA nadir plus 2 ng/mL definition. Using the ASTRO definition, a 5-year bNED rate of 78% was achieved for the 3D-CRT patients compared with 94% for a comparable PPI subset and 93% vs. 92%, respectively, using the PSA nadir plus 2 ng/mL definition. The median PSA nadir for patients treated with PPI and 3D-CRT was 0.10 and 0.40 ng/mL, respectively (p < .0001). For the CPBRT comparison, the 5-year bNED rate after a CPBRTB was 91% using the ASTRO definition vs. 93% for a similar group of PPI patients. A greater proportion of PPI patients achieved a lower PSA nadir compared with those achieved in the CPBRTB trial (PSA nadir < or =0.5 ng/mL, 91% vs. 59%, respectively). CONCLUSION: We have demonstrated excellent outcomes in low- to intermediate-risk patients treated with PPI, suggesting at least equivalent 5-year bNED rates and a greater proportion of men achieving lower PSA nadirs compared with 3D-CRT or CPBRTB.",Int J Radiat Oncol Biol Phys,2010,76,36-42,10.1016/j.ijrobp.2009.01.029,https://www.ncbi.nlm.nih.gov/pubmed/19409729,LOW RISK,positive,1,
24105711,125Iodine monotherapy for Japanese men with low- and intermediate-risk prostate cancer: outcomes after 5 years of follow-up.,Sekiguchi A,"Data from 305 Japanese men with low-risk (n = 175) or intermediate-risk (n = 130) prostate cancer who underwent (125)I monotherapy were retrospectively analyzed. Of the 305 patients, 93 received hormonal therapy for a median of 6 months (range, 1-33 months) before implantation. The prescribed dose to the prostate plus 3- to 5-mm margin was set at 145 Gy. The mean dose to 90% of the prostate volume at 1 month (D90) and the prostate volume receiving at least 100% dose at 1 month (V100) were 173.4 Gy and 95.8%, respectively. The median follow-up was 66 months (range, 12-94 months). The 5-year biochemical non-evidence of disease rate was 95.5% (low-risk, 94.2%; intermediate-risk, 97.3%). The 5-year freedom from clinical failure rate was 98.9% (low-risk, 98.9%; intermediate-risk, 99.2%).The initial prostate-specific antigen level was identified as a significant predictive factor for biochemical recurrence (P = 0.029). The late Grade 3 genitourinary toxicity rate was 2.0%. No patients displayed late gastrointestinal toxicity of Grade 3 or worse. Monotherapy with (125)I showed excellent outcomes with limited morbidity for Japanese men with low- and intermediate-risk prostate cancer after 5 years of follow-up.",J Radiat Res,2014,55,328-33,10.1093/jrr/rrt113,https://www.ncbi.nlm.nih.gov/pubmed/24105711,LOW RISK,positive,1,
32001198,The impact of very high initial PSA on oncological outcomes after radical prostatectomy for clinically localized prostate cancer,Tilki D,"BACKGROUND: To analyze oncological outcomes of very high-risk patients with initial PSA 50-99.9 and ≥100 ng/ml who underwent radical prostatectomy (RP) for clinically localized prostate cancer. METHODS: Overall, 2,811 RP patients (1992-2018) with negative preoperative CT-scan and bone scintigraphy were included. The impact of preoperative PSA level, categorized as 20-49.9 (n = 2,195) vs. 50-99.9 (n = 454) vs. ≥100 ng/ml (n = 162) on biochemical recurrence (BCR)-free survival, metastasis-free survival (MFS) and cancer-specific survival (CSS) was assessed using Kaplan-Meier and multivariable Cox regression models. RESULTS: Median follow-up was 47.5 months. Ten-year BCR-free survival rates were 46.9 vs. 32.1 vs. 29.0% within PSA-categories 20-49.9 vs. 50-99.9 vs. ≥100 ng/ml, respectively (P < 0.001). Ten-year MFS rates were 78.4 vs. 67.2 vs. 37.3% within PSA-categories 20-49.9 vs. 50-99.9 vs. ≥100 ng/ml (P < 0.001). 10-year CSS rates were 93.7 vs. 85.5 vs. 66.7% within PSA-categories 20-49.9 vs. 50-99.9 vs. ≥100 ng/ml (P < 0.001). In multivariable analyses, PSA-categories 50-99.9 ng/ml and ≥100 ng/ml were independently predicting higher risk of BCR (hazard ratio [HR]: 1.3 and 1.4), metastatic progression (HR: 1.4 and 2.3), and cancer-specific mortality (CSM, HR: 1.9 and 3.4) compared with PSA-category 20-49.9 ng/ml. CONCLUSION: Initial PSA levels ≥50 ng/ml are associated with higher risk of BCR, metastatic progression, and CSM compared with high-risk patients with PSA of 20-49.9 ng/ml. In consequence, these patients may be counseled about a potentially increased risk of undetected metastases prior to RP possibly necessitating intensified multimodal treatments in the future.",Urol Oncol,2020,38,379-385,doi: 10.1016/j.urolonc.2019.12.027. Epub 2020 Jan 27,https://www.ncbi.nlm.nih.gov/pubmed/32001198,,negative,0,2020.0
20869162,Biochemical recurrence following robot-assisted radical prostatectomy: analysis of 1384 patients with a median 5-year follow-up.,Menon M,"BACKGROUND: There is a paucity of data on long-term oncologic outcomes for patients undergoing robot-assisted radical prostatectomy (RARP) for prostate cancer (PCa). OBJECTIVE: To evaluate oncologic outcomes in patients undergoing RARP at a high-volume tertiary center, with a focus on 5-yr biochemical recurrence-free survival (BCRFS). DESIGN, SETTING, AND PARTICIPANTS: The study cohort consisted of 1384 consecutive patients with localized PCa who underwent RARP between September 2001 and May 2005 and had a median follow-up of 60.2 mo. No patient had secondary therapy until documented biochemical recurrence (BCR). BCR was defined as a serum prostate-specific antigen ≥ 0.2 ng/ml with a confirmatory value. BCRFS was estimated using the Kaplan-Meier method. Event-time distributions for the time to failure were compared using the log-rank test. Univariable and multivariable Cox proportional hazards regression models were used to determine variables predictive of BCR. INTERVENTION: All patients underwent RARP. MEASUREMENTS: BCRFS rates were measured. RESULTS AND LIMITATIONS: This cohort of patients had moderately aggressive PCa: 49.0% were D'Amico intermediate or high risk on biopsy; however, 60.9% had Gleason 7-10 disease, and 25.5% had ≥ T3 disease on final pathology. There were 189 incidences of BCR (31 per 1,000 person years of follow-up) at a median follow-up of 60.2 mo (interquartile range [IQR]: 37.2-69.7). The actuarial BCRFS was 95.1%, 90.6%, 86.6%, and 81.0% at 1, 3, 5, and 7 yr, respectively. In the patients who recurred, median time to BCR was 20.4 mo; 65% of BCR incidences occurred within 3 yr and 86.2% within 5 yr. On multivariable analysis, the strongest predictors of BCR were pathologic Gleason grade 8-10 (hazard ratio [HR]: 5.37; 95% confidence interval [CI], 2.99-9.65; p < 0.0001) and pathologic stage T3b/T4 (HR: 2.71; 95% CI, 1.67-4.40; p < 0.0001). CONCLUSIONS: In a contemporary cohort of patients with localized PCa, RARP confers effective 5-yr biochemical control.",Eur Urol,2010,58,838-46,10.1016/j.eururo.2010.09.010,https://www.ncbi.nlm.nih.gov/pubmed/20869162,LOW RISK,positive,1,
32034540,The effect of age on cancer-specific mortality in patients with prostate cancer: a population-based study across all stages,Knipper S,"PURPOSE: To test the effect of age on cancer-specific mortality (CSM) in most contemporary prostate cancer (PCa) patients of all stages and across all treatment modalities. METHODS: Within the Surveillance, Epidemiology, and End Results database (2004-2016), we identified 579,369 PCa patients. Cumulative incidence plots and multivariable competing-risks regression analyses (MCR) were used. Subgroup analyses were performed according to ethnicity (African-Americans), clinical stage (T1-2N0M0, T3-4N0M0, TanyN1M0, and TanyNanyM1), as well as treatment modalities. RESULTS: Patient distribution was as follows: 142,338 (24.6%) < 60 years; 113,064 (19.5%) 60-64 years; 127,158 (21.9%) 65-69 years; 94,782 (16.4%) 70-74 years; and 102,027 (17.6%) ≥ 75 years. Older patients harbored worse tumor characteristics and more frequently received no local treatment. Overall, 10-year CSM rates were 4.8, 5.3, 5.9, 7.6, and 14.6%, respectively, in patients aged < 60, 60-64, 65-69, 70-74 ,and ≥ 75 years (p < 0.001). In MCR focusing on the overall cohort and T1-2N0M0 patients, older age independently predicted higher CSM, but not in T3-4N0-1M0-1 patients. CONCLUSIONS: Older age was associated with higher grade and stage and independently predicted higher CSM in T1-2N0M0 patients, but not in higher stages. Differences in diagnostics and therapeutics seem to affect elderly patients within T1-2N0M0 PCa and should be avoided if possible.",Cancer Causes Control,2020,31,283-290,doi: 10.1007/s10552-020-01273-5. Epub 2020 Feb 7,https://www.ncbi.nlm.nih.gov/pubmed/32034540,,negative,0,2020.0
18566673,The relationship between the biochemical control outcomes and the quality of planning of high-dose rate brachytherapy as a boost to external beam radiotherapy for locally and locally advanced prostate cancer using the RTOG-ASTRO Phoenix definition.,Pellizzon AC,"PURPOSE: To evaluated prognostic factors and impact of the quality of planning of high dose rate brachytherapy (HDR-BT) for patients with local or locally advanced prostate cancer treated with external beam radiotherapy (EBRT) and HDR-BT. METHODS AND MATERIALS: Between 1997 and 2005, 209 patients with biopsy proven prostate adenocarcinoma were treated with localized EBRT and HDR-BT at the Department of Radiation-Oncology, Hospital A. C. Camargo, Sao Paulo, Brazil. Patient's age, Gleason score (GS), clinical stage (CS), initial PSA (iPSA), risk group for biochemical failure (GR), doses of EBRT and HDR-BT, use of three-dimensional planning for HDR-BT (3DHDR) and the Biological Effective Dose (BED) were evaluated as prognostic factors for biochemical control (bC). RESULTS: Median age and median follow-up time were 68 and 5.3 years, respectively. Median EBRT and HDR-BT doses were 45 Gy and 20 Gy. The crude bC at 3.3 year was 94.2%. For the Low, intermediate and high risk patients the bC rates at 3.3 years were 91.5%, 90.2% and 88.5%, respectively. Overall survival (OS) and disease specific survival rates at 3.3 years were 97.8% and 98.4%, respectively. On univariate analysis the prognostic factors related bC were GR (p= 0.040), GS < or = 6 (p= 0.002), total dose of HDR-BT > or = 20 Gy (p< 0.001), 3DHDR (p< 0.001), BED-HDR > or = 99 Gy(1.5) (p<0.001) and BED-TT > or = 185 (p<0.001). On multivariate analysis the statistical significant predictive factors related to bC were RG (p< 0.001), HDR-BT > or = 20 Gy (p=0.008) and 3DHDR (p<0.001). CONCLUSIONS: we observed that the bC rates correlates with the generally accepted risk factors described in the literature. Dose escalation, evaluated through the BED, and the quality of planning of HDR-BT are also important predictive factors when treating prostate cancer.",Int J Med Sci,2008,5,113-20,10.7150/ijms.5.113,https://www.ncbi.nlm.nih.gov/pubmed/18566673,HIGH RISK,positive,1,
19632069,Local control following permanent prostate brachytherapy: effect of high biologically effective dose on biopsy results and oncologic outcomes.,Stone NN,"PURPOSE: To determine factors that influence local control and systemic relapse in patients undergoing permanent prostate brachytherapy (PPB). METHODS AND MATERIALS: A total of 584 patients receiving PPB alone or PPB with external beam radiation therapy (19.5%) agreed to undergo prostate biopsy (PB) at 2 years postimplantion and yearly if results were positive or if the prostate-specific antigen (PSA) level increased. Short-term hormone therapy was used with 280 (47.9%) patients. Radiation doses were converted to biologically effective doses (BED) (using alpha/beta = 2). Comparisons were made by chi-square analysis and linear regression. Survival was determined by the Kaplan-Meier method. RESULTS: The median PSA concentration was 7.1 ng/ml, and the median follow-up period was 7.1 years. PB results were positive for 48/584 (8.2%) patients. Positive biopsy results by BED group were as follows: 22/121 (18.2%) patients received a BED of < or =150 Gy; 15/244 (6.1%) patients received >150 to 200 Gy; and 6/193 (3.1%; p < 0.001) patients received >200 Gy. Significant associations of positive PB results by risk group were low-risk group BED (p = 0.019), intermediate-risk group hormone therapy (p = 0.011) and BED (p = 0.040), and high-risk group BED (p = 0.004). Biochemical freedom from failure rate at 7 years was 82.7%. Biochemical freedom from failure rate by PB result was 84.7% for negative results vs. 59.2% for positive results (p < 0.001). Cox regression analysis revealed significant associations with BED (p = 0.038) and PB results (p = 0.002) in low-risk patients, with BED (p = 0.003) in intermediate-risk patients, and with Gleason score (p = 0.006), PSA level (p < 0.001), and PB result (p = 0.038) in high-risk patients. Fifty-three (9.1%) patients died, of which eight deaths were due to prostate cancer. Cause-specific survival was 99.2% for negative PB results vs. 87.6% for positive PB results (p < 0.001). CONCLUSIONS: Higher radiation doses are required to achieve local control following PPB. A BED of >200 Gy with an alpha/beta ratio of 2 yields 96.9% local control rate. Failure to establish local control impacts survival.",Int J Radiat Oncol Biol Phys,2010,76,355-60,10.1016/j.ijrobp.2009.01.078,https://www.ncbi.nlm.nih.gov/pubmed/19632069,LOW RISK,positive,1,
17189063,Five-year outcome of intraoperative conformal permanent I-125 interstitial implantation for patients with clinically localized prostate cancer.,Zelefsky MJ,"PURPOSE: To report the 5-year tumor control and toxicity outcomes for patients with localized prostate treated with I-125 permanent implantation using an intraoperative real-time conformal planning technique. METHODS AND MATERIALS: Between January 1998 and June 2002, 367 patients with prostate cancer were treated with I-125 permanent interstitial implantation using a transrectal ultrasound-guided approach. Real-time intraoperative treatment planning which incorporated inverse planning optimization was used. The median follow-up time was 63 months. RESULTS: The median V100 and D90 were 96% and 173 Gy, respectively. In 96% of cases a D90 of >140 Gy was achieved. The median urethral and rectal doses were 100% and 33% of the prescription doses, respectively. The 5-year PSA relapse-free survival outcomes for favorable and intermediate risk patients according to the ASTRO definition were 96% and 89%, respectively. In these patients no dosimetric parameter was identified which influenced the biochemical outcome. Of 38% who developed acute Grade 2 urinary symptoms, 63% had resolution of their symptoms within a median time of 6 months. The incidence of late rectal and urinary Grade 3 or higher toxicities were 1% and 4%, respectively. Seven percent (n = 27) developed late rectal bleeding (Grade 2) and 19% experienced late Grade 2 urinary symptoms. CONCLUSION: Real-time intraoperative planning consistently achieved optimal coverage of the prostate with the prescription dose with concomitant low doses delivered to the urethra and rectum. Biochemical control outcomes were excellent at 5 years and late toxicity was unusual. These data demonstrate that real-time planning methods can consistently and reliably deliver the intended dose distribution to achieve an optimal therapeutic ratio between the target and normal tissue structures.",Int J Radiat Oncol Biol Phys,2007,67,65-70,10.1016/j.ijrobp.2006.08.030,https://www.ncbi.nlm.nih.gov/pubmed/17189063,LOW RISK,positive,1,
19398902,Excellent results from high dose rate brachytherapy and external beam for prostate cancer are not improved by androgen deprivation.,Demanes DJ,"PURPOSE: Prostate cancer patients treated with high dose rate brachytherapy and external beam radiation therapy were stratified by risk group for analysis to determine whether androgen deprivation therapy (ADT) affected outcome. METHODS: From 1991 through 1998, 411 patients were treated with 4 fractions of 5.5 to 6.0 Gy high dose rate brachytherapy and a total of 36.0 to 39.6 Gy external beam radiation therapy (dose escalation over time). The dataset was prospective. Administration of ADT was not randomized, but it was the primary study variable. During this period, ADT was administered across all risk groups for various indications. It did not necessarily reflect advanced disease or large prostate size. There were 200 patients in the ""ADT Group"" (20% low, 48% intermediate, and 32% high risk) and 211 in the ""No ADT Group"" (33% low, 44% intermediate, 23% high risk). The median follow-up was 6.4 years. Cases were grouped according to low, intermediate, and high risk groups to reduce the effects of unrecognized selection bias for or against the ADT group. The prostate specific antigen (PSA) nadir plus 2.0 ng/ml (nadir + 2) was used as the biochemical control end point. Local control, PSA progression-free survival, distant metastasis free survival, and cause-specific survival were compared. RESULTS: The 10 year PSA-PFS (nadir + 2) for all 411 patients was 81%. The results stratified by risk group were: low 92%, intermediate 87%, and high 63%. The low and intermediate risk groups were not statistically different from one another but they were both significantly better than the high risk group. ADT versus No ADT 10-year survival showed no significant differences for any outcome variable: PSA-PFS (83% vs. 81% ns), local control (97% vs. 99%), distant metastasis free survival (94% vs. 97%), and cause-specific survival (97% vs. 97%). A subset analysis of PSA-PFS (nadir + 2) stratified by risk group revealed no difference between the ADT and No ADT groups. CONCLUSIONS: high dose rate brachytherapy and external beam radiation therapy resulted in high rates of local control, PSA progression-free survival, distant metastasis free survival, and cause-specific survival in all risk groups. Improved outcome from the use of androgen deprivation was not observed.",Am J Clin Oncol,2009,32,342-7,10.1097/COC.0b013e31818cd277,https://www.ncbi.nlm.nih.gov/pubmed/19398902,LOW RISK,positive,1,
21167653,Comparison of acute and late toxicities for three modern high-dose radiation treatment techniques for localized prostate cancer,Mohammed N,"PURPOSE: We compared acute and late genitourinary (GU) and gastrointestinal (GI) toxicities in prostate cancer patients treated with three different high-dose radiation techniques. METHODS AND MATERIALS: A total of 1,903 patients with localized prostate cancer were treated with definitive RT at William Beaumont Hospital from 1992 to 2006: 22% with brachytherapy alone (BT), 55% with image-guided external beam (EB-IGRT), and 23% external beam with high-dose-rate brachytherapy boost (EBRT+HDR). Median dose with BT was 120 Gy for LDR and 38 Gy for HDR (9.5 Gy × 4). Median dose with EB-IGRT was 75.6 Gy (PTV) to prostate with or without seminal vesicles. For EBRT+HDR, the pelvis was treated to 46 Gy with an additional 19 Gy (9.5 Gy × 2) delivered via HDR. GI and GU toxicity was evaluated utilizing the NCI-CTC criteria (v.3.0). Median follow-up was 4.8 years. RESULTS: The incidences of any acute ≥ Grade 2 GI or GU toxicities were 35%, 49%, and 55% for BT, EB-IGRT, and EBRT+HDR (p < 0.001). Any late GU toxicities ≥ Grade 2 were present in 22%, 21%, and 28% for BT, EB-IGRT, and EBRT+HDR (p = 0.01), respectively. Patients receiving EBRT+HDR had a higher incidence of urethral stricture and retention, whereas dysuria was most common in patients receiving BT. Any Grade ≥ 2 late GI toxicities were 2%, 20%, and 9% for BT, EB-IGRT, and EBRT+HDR (p < 0.001). Differences were most pronounced for rectal bleeding, with 3-year rates of 0.9%, 20%, and 6% (p < 0.001) for BT, EB-IGRT, and EBRT+HDR respectively. CONCLUSIONS: Each of the three modern high-dose radiation techniques for localized prostate cancer offers a different toxicity profile. These data can help patients and physicians to make informed decisions regarding radiotherapy for prostate andenocarcinoma.",Int J Radiat Oncol Biol Phys,2012,1,,doi: 10.1016/j.ijrobp.2010.10.009. Epub 2010 Dec 16,https://www.ncbi.nlm.nih.gov/pubmed/21167653,,negative,0,2010.0
32398040,PEACE V - Salvage Treatment of OligoRecurrent nodal prostate cancer Metastases (STORM): a study protocol for a randomized controlled phase II trial,De Bruycker A,"BACKGROUND: Pelvic nodal recurrences are being increasingly diagnosed with the introduction of new molecular imaging techniques, like choline and PSMA PET-CT, in the restaging of recurrent prostate cancer (PCa). At this moment, there are no specific treatment recommendations for patients with limited nodal recurrences and different locoregional treatment approaches are currently being used, mostly by means of metastasis-directed therapies (MDT): salvage lymph node dissection (sLND) or stereotactic body radiotherapy (SBRT). Since the majority of patients treated with MDT relapse within 2 years in adjacent lymph node regions, with an estimated median time to progression of 12-18 months, combining MDT with whole pelvic radiotherapy (WPRT) may improve oncological outcomes in these patients. The aim of this prospective multicentre randomized controlled phase II trial is to assess the impact of the addition of WPRT to MDT and short-term androgen deprivation therapy (ADT) on metastasis-free survival (MFS) in the setting of oligorecurrent pelvic nodal recurrence. METHODS & DESIGN: Patients diagnosed with PET-detected pelvic nodal oligorecurrence (≤5 nodes) following radical local treatment for PCa, will be randomized in a 1:1 ratio between arm A: MDT and 6 months of ADT, or arm B: WPRT added to MDT and 6 months of ADT. Patients will be stratified by type of PET-tracer (choline, FACBC or PSMA) and by type of MDT (sLND or SBRT). The primary endpoint is MFS and the secondary endpoints include clinical and biochemical progression-free survival (PFS), prostate cancer specific survival, quality of life (QoL), toxicity and time to castration-resistant prostate cancer (CRPC) and to palliative ADT. Estimated study completion: December 31, 2023. DISCUSSION: This is the first prospective multicentre randomized phase II trial assessing the potential of combined WPRT and MDT as compared to MDT alone on MFS for patients with nodal oligorecurrent PCa. TRIAL REGISTRATION: ClinicalTrials.gov Identifier: NCT03569241, registered June 14, 2018, ; Identifier on Swiss National Clinical Trials Portal (SNCTP): SNCTP000002947, registered June 14, 2018.",BMC Cancer,2020,12,,doi: 10.1186/s12885-020-06911-4,https://www.ncbi.nlm.nih.gov/pubmed/32398040,,negative,0,2020.0
16682149,Androgen-deprivation therapy does not impact cause-specific or overall survival after permanent prostate brachytherapy.,Merrick GS,"PURPOSE: To determine if androgen-deprivation therapy (ADT) has an impact on cause-specific, biochemical progression-free, or overall survival after prostate brachytherapy. METHODS AND MATERIALS: From April 1995 through June 2002, 938 consecutive patients underwent brachytherapy for clinical Stage T1b to T3a (2002 AJCC) prostate cancer. All patients underwent brachytherapy more than 3 years before analysis. A total of 382 patients (40.7%) received ADT with a duration of 6 months or less in 277 and more than 6 months in 105. The median follow-up was 5.4 years. Multiple clinical, treatment, and dosimetric parameters were evaluated as predictors of cause-specific, biochemical progression-free, and overall survival. RESULTS: The 10-year cause-specific, biochemical progression-free, and overall survival rates for the entire cohort were 96.4%, 95.9%, and 78.1%, respectively. Except for biochemical progression-free survival in high-risk patients, ADT did not statistically impact any of the three survival categories. A Cox linear-regression analysis demonstrated that Gleason score was the best predictor of cause-specific survival, whereas percent-positive biopsies, prostate volume, and risk group predicted for biochemical progression-free survival. Patient age and tobacco use were the strongest predictors of overall survival. One hundred two patients have died, with 80 of the deaths a result of cardiovascular disease (54) and second malignancies (26). To date, only 12 patients have died of metastatic prostate cancer. CONCLUSIONS: After brachytherapy, androgen-deprivation therapy did not have an impact on cause-specific or overall survival for any risk group; however, ADT had a beneficial effect on biochemical progression-free survival in high-risk patients. Cardiovascular disease and second malignancies far outweighed prostate cancer as competing causes of death.",Int J Radiat Oncol Biol Phys,2006,65,669-77,10.1016/j.ijrobp.2006.01.030,https://www.ncbi.nlm.nih.gov/pubmed/16682149,LOW RISK,positive,1,
19775807,Oncologic outcome after extraperitoneal laparoscopic radical prostatectomy: midterm follow-up of 1115 procedures,Paul A,"BACKGROUND: Although the first laparoscopic radical prostatectomy was performed in 1997, few midterm oncologic data have been published for the extraperitoneal procedure. OBJECTIVE: To determine the oncologic outcome of extraperitoneal laparoscopic radical prostatectomy (ELRP). DESIGN, SETTING, AND PARTICIPANTS: From 2000 to 2007, 1115 consecutive patients underwent ELRP for a localized prostate cancer at our department. Follow-up was scheduled and standardized for all patients and recorded into a prospective database. Median postoperative follow-up was 35.6 mo. INTERVENTION: All ELRP were performed by three surgeons at the Department of Urology, Hospital Henri Mondor, Créteil, France. MEASUREMENTS: Biochemical recurrence was defined by prostate-specific antigen level > or =0.2 ng/ml. RESULTS AND LIMITATIONS: In pN0/pNx cancers, postoperative stage was pT2 in 664 patients (59.5%), pT3 in 350 patients (31.4%), and pT4 in 77 patients (6.9%). Positive lymph nodes were reported in 24 patients (2.2%). Margins were positive in 16.1% and 34.6% of pT2 and pT3 cancers, respectively. Final Gleason score was <7 in 288 men (25.8%), =7 in 701 men (62.9%), and >7 in 126 men (11.3%). Overall prostate-specific antigen (PSA) recurrence-free survival was 83% at 5 yr. The 5-yr progression-free survival rates were 93.4% for pT2, 74.5% for pT3a, and 55.0% for pT3b tumors, respectively. Multivariate Cox model showed that PSA, Gleason score, pT category, nodal status, and surgical margins were significant independent predictors of biochemical recurrence-free survival. CONCLUSIONS: This assessment of oncologic results demonstrates that ELRP is a safe and effective procedure. On the basis of midterm follow-up data, the prognostic factors of PSA after ELRP failure are the same as those described previously in transperitoneal or open retropubic approaches. The oncologic results of ELRP also are in line with those reported with the use of the retropubic or the transperitoneal laparoscopic approaches.",Eur Urol,2010,57,267-72,doi: 10.1016/j.eururo.2009.09.029. Epub 2009 Sep 17,https://www.ncbi.nlm.nih.gov/pubmed/19775807,,negative,0,2010.0
23849172,Biochemical outcomes for patients with intermediate risk prostate cancer treated with I-125 interstitial brachytherapy monotherapy.,Tran AT,"BACKGROUND AND PURPOSE: Routine use of I-125 interstitial brachytherapy (BT) alone in intermediate risk (IR) prostate cancer is controversial. It is often combined with external beam radiotherapy (EBRT). The biochemical outcome of a large cohort of only IR disease treated with BT monotherapy is reported. MATERIALS AND METHODS: Between 2003 and 2007, 615 patients with Memorial Sloan-Kettering Cancer Centre (MSKCC) defined IR disease (one risk factor only-T2b, or Gleason score (GS) 7, or raised initial PSA (iPSA) 10.1-20ng/ml) were treated with BT monotherapy. ASTRO (3 consecutive rises) and Phoenix (nadir plus 2) criteria defined biochemical failure. Potential prognostic factors (pre- and post-implant dosimetric indices, GS 3+4 versus 4+3, androgen deprivation therapy (ADT)) were analysed. RESULTS: Median follow-up was 5.0years. Forty-three patients had stage T2b, 180 had raised iPSA, 392 had GS 7 disease. ADT was received by 108 patients. The 5-year biochemical no evidence of disease (bNED) rates are 87.3% (by ASTRO), 88.6% (by Phoenix). Stratification by risk factor (T2b, GS7, raised iPSA) demonstrated raised iPSA to have poorer outcome only by Phoenix criteria (p=0.0002). Other potential prognostic variables were non-significant. CONCLUSION: Good rates of biochemical control can be achieved in the medium term with BT monotherapy in IR disease. Raised iPSA correlated with a poorer outcome.",Radiother Oncol,2013,109,235-40,10.1016/j.radonc.2013.05.030,https://www.ncbi.nlm.nih.gov/pubmed/23849172,INTERMEDIATE RISK,positive,1,
26531200,Oncological outcomes following robotic-assisted radical prostatectomy in a multiracial Asian population,Alvin LW,"This study evaluates the oncological outcomes of RARP in a multiracial Asian population from a single institution. All suitable patients from 1st January 2003-30th June 2013 were identified from a prospectively maintained cancer registry. Peri-operative and oncological outcomes were analysed. Significance was defined as p < 0.05. There were n = 725 patients identified with a mean follow-up duration 28 months. The mean operative time, EBL and LOS were 186 min, 215 ml and 3 days, respectively. The pathological stage was pT2 in 68.6% (n = 497/725), pT3 in 31.3% (n = 227/725) and n = 1 patient with pT4 disease. The pathological Gleason scores (GS) were 6 in 27.9% (n = 202/725), GS 7 in 63.6% (n = 461/725) and GS ≥ 8 in 8.0 % (n = 58/725). The node positivity rate was 5.8% (n = 21/360). The positive margin rates were 31.0% (n = 154/497) and 70.9% (n = 161/227) for pT2 and pT3, respectively, and decreasing PSM rates are observed with surgical maturity. The biochemical recurrence rates were 9.7% (n = 48/497) and 34.2% (n = 78/228) for pT2 and pT3/T4, respectively. On multivariate analysis, independent predictors of BCR were pathological T stage and pathological Gleason score. Post-operatively, 78.5% (n = 569/725) of patients had no complications and 17.7% (n = 128/725) had minor (Clavien grade I-II) complications. This series, representing the largest from Southeast Asia, suggests that RARP can be a safe and oncologically feasible treatment for localised prostate cancer in an institution with moderate workload.",J Robot Surg,2015,9,201-9,doi: 10.1007/s11701-015-0516-1. Epub 2015 Jul 7,https://www.ncbi.nlm.nih.gov/pubmed/26531200,,negative,0,2015.0
19553031,Whole-pelvis radiotherapy in combination with interstitial brachytherapy: does coverage of the pelvic lymph nodes improve treatment outcome in high-risk prostate cancer?,Bittner N,"PURPOSE: To compare biochemical progression-free survival (bPFS), cause-specific survival (CSS), and overall survival (OS) rates among high-risk prostate cancer patients treated with brachytherapy and supplemental external beam radiation (EBRT) using either a mini-pelvis (MP) or a whole-pelvis (WP) field. METHODS AND MATERIALS: From May 1995 to October 2005, 186 high-risk prostate cancer patients were treated with brachytherapy and EBRT with or without androgen-deprivation therapy (ADT). High-risk prostate cancer was defined as a Gleason score of > or =8 and/or a prostate-specific antigen (PSA) concentration of > or =20 ng/ml. RESULTS: With a median follow-up of 6.7 years, the 10-year bPFS, CSS, and OS rates for the WP vs. the MP arms were 91.7% vs. 84.4% (p = 0.126), 95.5% vs. 92.6% (p = 0.515), and 79.5% vs. 67.1% (p = 0.721), respectively. Among those patients who received ADT, the 10-year bPFS, CSS, and OS rates for the WP vs. the MP arms were 93.6% vs. 90.1% (p = 0.413), 94.2% vs. 96.0% (p = 0.927), and 73.7% vs. 70.2% (p = 0.030), respectively. Among those patients who did not receive ADT, the 10-year bPFS, CSS, and OS rates for the WP vs. the MP arms were 82.4% vs. 75.0% (p = 0.639), 100% vs. 88% (p = 0.198), and 87.5% vs. 58.8% (p = 0.030), respectively. Based on multivariate analysis, none of the evaluated parameters predicted for CSS, while bPFS was best predicted by ADT and percent positive biopsy results. OS was best predicted by age and percent positive biopsy results. CONCLUSIONS: For high-risk prostate cancer patients receiving brachytherapy, there is a nonsignificant trend toward improved bPFS, CSS, and OS rates when brachytherapy is given with WPRT. This trend is most apparent among ADT-naïve patients, for whom a significant improvement in OS was observed.",Int J Radiat Oncol Biol Phys,2010,76,1078-84,10.1016/j.ijrobp.2009.02.069,https://www.ncbi.nlm.nih.gov/pubmed/19553031,HIGH RISK,positive,1,
14697417,"Radical prostatectomy, external beam radiotherapy <72 Gy, external beam radiotherapy > or =72 Gy, permanent seed implantation, or combined seeds/external beam radiotherapy for stage T1-T2 prostate cancer.",Kupelian PA,"PURPOSE: To review the biochemical relapse-free survival (bRFS) rates after treatment with permanent seed implantation (PI), external beam radiotherapy (EBRT) <72 Gy (EBRT <72), EBRT > or =72 Gy (EBRT > or =72), combined seeds and EBRT (COMB), or radical prostatectomy (RP) for clinical Stage T1-T2 localized prostate cancer treated between 1990 and 1998. METHODS AND MATERIALS: The study population comprised 2991 consecutive patients treated at the Cleveland Clinic Foundation or Memorial Sloan Kettering at Mercy Medical Center. All cases had pretreatment prostate-specific antigen (iPSA) levels and biopsy Gleason scores (bGSs). Neoadjuvant androgen deprivation for < or =6 months was given in 622 cases (21%). No adjuvant therapy was given after local therapy. RP was used for 1034 patients (35%), EBRT <72 for 484 (16%), EBRT > or =72 for 301 (10%), PI for 950 (32%), and COMB for 222 patients (7%). The RP, EBRT <72, EBRT > or =72, and 154 PI patients were treated at Cleveland Clinic Foundation. The median radiation doses in EBRT <72 and EBRT > or =72 case was 68.4 and 78.0 Gy, respectively. The median follow-up time for all cases was 56 months (range 12-145). The median follow-up time for RP, EBRT <72, EBRT > or =72, PI, and COMB was 66, 75, 49, 47, and 46 months, respectively. Biochemical relapse was defined as PSA levels >0.2 for RP cases and three consecutive rising PSA levels (American Society for Therapeutic Radiology Oncology consensus definition) for all other cases. A multivariate analysis for factors affecting the bRFS rates was performed using the following variables: clinical T stage, iPSA, bGS, androgen deprivation, year of treatment, and treatment modality. The multivariate analysis was repeated excluding the EBRT <72 cases. RESULTS: The 5-year bRFS rate for RP, EBRT <72, EBRT > or =72, PI, and COMB was 81%, 51%, 81%, 83%, and 77%, respectively (p <0.001). The 7-year bRFS rate for RP, EBRT <72, EBRT > or =72, PI, and COMB was 76%, 48%, 81%, 75%, and 77%, respectively. Multivariate analysis, including all cases, showed iPSA (p <0.001), bGS (p <0.001), year of therapy (p <0.001), and treatment modality (p <0.001) to be independent predictors of relapse. Because EBRT <72 cases had distinctly worse outcomes, the analysis was repeated after excluding these cases to discern any differences among the other modalities. The multivariate analysis excluding the EBRT <72 cases revealed iPSA (p <0.001), bGS (p <0.001), and year of therapy (p = 0.001) to be the only independent predictors of relapse. Treatment modality (p = 0.95), clinical T stage (p = 0.09), and androgen deprivation (p = 0.56) were not independent predictors for failure. CONCLUSION: The biochemical failure rates were similar among PI, high-dose (> or =72 Gy) EBRT, COMB, and RP for localized prostate cancer. The outcomes were significantly worse for low-dose (<72 Gy) EBRT.",Int J Radiat Oncol Biol Phys,2004,58,25-33,10.1016/s0360-3016(03)00784-3,https://www.ncbi.nlm.nih.gov/pubmed/14697417,LOW RISK,positive,1,
24183866,Outcomes following iodine-125 prostate brachytherapy with or without neoadjuvant androgen deprivation.,Ohashi T,"PURPOSE: To report the biochemical failure-free survival (BFFS), cause-specific survival (CSS), and overall survival (OS) outcomes of patients treated with iodine-125 (I-125) brachytherapy for clinically localized prostate cancer. METHODS AND MATERIALS: Between 2003 and 2009, I-125 permanent prostate brachytherapy without supplemental external-beam radiotherapy was performed for 663 patients with low-risk and low-tier intermediate-risk (defined as organ-confined disease, PSA <10ng/mL, and Gleason score 3+4 with biopsy positive core rate <33%) prostate cancer. Early in the study period, the preplanning method was used in the first 104 patients, and later the real-time planning method was used. Biochemical failure was determined using the American Society for Therapeutic Radiology Oncology (ASTRO) and Phoenix definitions. RESULTS: The 7-year BFFS rates for the ASTRO and Phoenix definitions were 96.1% and 95.9%, respectively. The corresponding BFFS rates by risk group were 97.6% and 96.7% for low-risk, and 91.8% and 93.6% for low-tier intermediate-risk disease (p=0.007 and 0.08, respectively). The median times to biochemical failure in those who failed were 29.5 and 43.9months according to the ASTRO and Phoenix definitions, respectively. The 7-year CSS and OS were 99.1% and 96.4%. There was no significant difference in CSS or OS between the low-risk and low-tier intermediate-risk groups. In multivariate Cox regression analysis, risk group and prostate D90 were independent predictors of BFFS for the ASTRO definition, while only the prostate D90 was significant for the Phoenix definition. CONCLUSION: I-125 prostate brachytherapy results in excellent 7-year BFFS, CSS, and OS for low-risk and low-tier intermediate-risk prostate cancer.",Radiother Oncol,2013,109,241-5,10.1016/j.radonc.2013.09.022,https://www.ncbi.nlm.nih.gov/pubmed/24183866,LOW RISK,positive,1,
21070079,Stereotactic body radiotherapy as boost for organ-confined prostate cancer,Katz AJ,"Stereotactic body radiotherapy (SBRT) boost following external beam radiation therapy (EBRT) for advanced localized prostate cancer may reduce toxicity while escalating the dose. We present preliminary biochemical control and urinary, rectal and sexual toxicities for 73 patients treated with SBRT as a boost to EBRT. Forty-one intermediate- and 32 high-risk localized prostate cancer patients received 45 Gy EBRT with SBRT boost. Twenty-eight patients (38.3%) received a total SBRT boost dose of 18 Gy (3 fractions of 6 Gy), 28 patients (38.3%) received 19.5 Gy (3 fractions of 6.5 Gy), and 17 patients (23.2%) received 21 Gy (3 fractions of 7 Gy). Toxicity was assessed using the Radiation Therapy Oncology Group urinary and rectal toxicity scale. Biochemical failure was assessed using the Phoenix definition. The median follow-up was 33 months (range, 22 - 43 months). Less than 7% Grade II and no higher grade acute toxicities occurred. To date, one Grade III and no Grade IV late toxicities occurred. For the 97% of patients with 24 months minimum follow-up, 71.8% achieved a PSA nadir threshold of 0.5 ng/mL. Three intermediate-risk and seven high-risk biochemical failures occurred; one high-risk patient died of his cancer. Three-year actuarial biochemical control rates were 89.5% and 77.7% for intermediate- and high-risk patients, respectively. SBRT boost for prostate cancer treatment is safe and feasible with minimal acute toxicity. At 33 months late toxicity and biochemical control are promising. Long-term durability of these findings remains to be established.",Technol Cancer Res Treat,2010,9,575-82,doi: 10.1177/153303461000900605,https://www.ncbi.nlm.nih.gov/pubmed/21070079,,negative,0,2010.0
20550722,Early clinical experience of radiotherapy of prostate cancer with volumetric modulated arc therapy,Pesce GA,"BACKGROUND: To report about initial clinical experience in radiation treatment of carcinoma of prostate with volumetric modulated arcs with the RapidArc (RA) technology. METHODS: Forty-five patients with a median age of 72 +/- 3, affected by prostate carcinoma (T1c: 22 patients, T2a-b: 17 patients, T3a-b: 6 patients. N0: 43 patients, N1-Nx: 2 patients, all M0), with initial PSA of 10.0 +/- 3.0 ng/mL, were treated with RapidArc in a feasibility study. All patients were treated with single arc using 6MV photons. Dose prescription ranged between 76 (7 patients) and 78 Gy (38 patients) in 2 Gy/fraction. Plan quality was assessed by means of Dose Volume Histogram (DVH) analysis. Technical parameters of arcs and pre-treatment quality assurance results (Gamma Agreement Index, GAI) are reported to describe delivery features. Early toxicity was scored (according to the Common Terminology Criteria of Adverse Effects scale, CTCAE, scale) at the end of treatment together with biochemical outcome (PSA). RESULTS: From DVH data, target coverage was fulfilling planning objectives: V95% was in average higher than 98% and V107% approximately 0.0% (D2% approximately 104.0% in average). Homogeneity D5%-D95% ranged between 6.2 +/- 1.0% to 6.7 +/- 1.3%. For rectum, all planning objectives were largely met (e.g. V70Gy = 10.7 +/- 5.5% against an objective of < 25%) similarly for bladder (e.g. D2% = 79.4 +/- 1.2 Gy against an objective of 80.0 Gy). Maximum dose to femurs was D2% = 36.7 +/- 5.4 Gy against an objective of 47 Gy. Monitor Units resulted: MU/Gy = 239 +/- 37. Average beam on time was 1.24 +/- 0.0 minutes. Pre-treatment GAI resulted in 98.1 +/- 1.1%. Clinical data were recorded as PSA at 6 weeks after RT, with median values of 0.4 +/- 0.4 ng/mL. Concerning acute toxicity, no patient showed grade 2-3 rectal toxicity; 5/42 (12%) patients experienced grade 2 dysuria; 18/41 (44%) patients preserved complete or partial erectile function. CONCLUSION: RapidArc proved to be a safe, qualitative and advantageous treatment modality for prostate cancer.",Radiat Oncol,2010,16,,doi: 10.1186/1748-717X-5-54,https://www.ncbi.nlm.nih.gov/pubmed/20550722,,negative,0,2010.0
31843220,The impact of time from biopsy to radical prostatectomy on Gleason score undergrading and other related factors,Virseda Rodríguez AJ,"INTRODUCTION: Gleason score biopsy undergrading (GSBU) can have an impact on the management and prognosis of patients with prostate cancer. We analyze the possible impact of time and other clinical and analytical factors in the appearance of GSBU in our series. PATIENTS AND METHOD: Ambispective, multicenter study of 1955 patients with localized prostate cancer undergoing radical prostatectomy between 2005 and 2018. Descriptive statistics and hypothesis testing are reported by univariate and multivariate analyses. RESULTS: Mean age 63.69 (44-80) years, median PSA 8.70 ng / ml (1.23-99). GSBU was observed in 34.7% of the entire cohort. In 72.8% of the cases, the GSBU occurred in one consecutive Gleason score, with the progression from 3 + 3 to 3 + 4 being the most frequent (289 patients, 47.6%). Performing radical prostatectomy 90-180 days before or after the biopsy does not have an impact on its undergrading in any of the groups. In the univariate and multivariate analysis, the presence of tumor or pathological rectal examination in both lobes, the tumor load ≥50% of cylinders and a DPSA ≥0.20, showed independent discriminative capacity to select patients who presented GSBU. CONCLUSIONS: The time from biopsy to radical prostatectomy did not show impact on GSBU. The number of affected cylinders, bilateral tumor and DPSA are easily accessible parameters that can help us select patients with greater probability of presenting GSBU.",Actas Urol Esp (Engl Ed),2020,44,187-195,doi: 10.1016/j.acuro.2019.08.004. Epub 2019 Dec 13,https://www.ncbi.nlm.nih.gov/pubmed/31843220,,negative,0,2020.0
22981709,Short-term androgen-deprivation therapy improves prostate cancer-specific mortality in intermediate-risk prostate cancer patients undergoing dose-escalated external beam radiation therapy.,Zumsteg ZS,"PURPOSE: We investigated the benefit of short-term androgen-deprivation therapy (ADT) in patients with intermediate-risk prostate cancer (PC) receiving dose-escalated external beam radiation therapy. METHODS AND MATERIALS: The present retrospective study comprised 710 intermediate-risk PC patients receiving external beam radiation therapy with doses of ≥81 Gy at a single institution from 1992 to 2005, including 357 patients receiving neoadjuvant and concurrent ADT. Prostate-specific antigen recurrence-free survival (PSA-RFS) and distant metastasis (DM) were compared using the Kaplan-Meier method and Cox proportional hazards models. PC-specific mortality (PCSM) was assessed using competing-risks analysis. RESULTS: The median follow-up was 7.9 years. Despite being more likely to have higher PSA levels, Gleason score 4 + 3 = 7, multiple National Comprehensive Cancer Network intermediate-risk factors, and older age (P≤.001 for all comparisons), patients receiving ADT had improved PSA-RFS (hazard ratio [HR], 0.598; 95% confidence interval [CI], 0.435-0.841; P=.003), DM (HR, 0.424; 95% CI, 0.219-0.819; P=.011), and PCSM (HR, 0.380; 95% CI, 0.157-0.921; P=.032) on univariate analysis. Using multivariate analysis, ADT was an even stronger predictor of improved PSA-RFS (adjusted HR [AHR], 0.516; 95% CI, 0.360-0.739; P<.001), DM (AHR, 0.347; 95% CI, 0.176-0.685; P=.002), and PCSM (AHR, 0.297; 95% CI, 0.128-0.685; P=.004). Gleason score 4 + 3 = 7 and ≥50% positive biopsy cores were other independent predictors of PCSM. CONCLUSIONS: Short-term ADT improves PSA-RFS, DM, and PCSM in patients with intermediate-risk PC undergoing dose-escalated external beam radiation therapy.",Int J Radiat Oncol Biol Phys,2013,85,1012-7,10.1016/j.ijrobp.2012.07.2374,https://www.ncbi.nlm.nih.gov/pubmed/22981709,INTERMEDIATE RISK,positive,1,
18932254,Biochemical recurrence after radical prostatectomy for prevalent versus incident cases of prostate cancer : implications for management.,Nguyen PL,"BACKGROUND: Among screened populations, it is unknown whether men with prostate cancer (PC) diagnosed at the initial screening (prevalent cases) have a different outcome than men who are diagnosed at subsequent screenings (incident cases) after adjusting for known prognostic factors. METHODS: The current study cohort was comprised of 1923 men from a prospective PC screening study who underwent radical prostatectomy (RP) between September 19, 1989 and May 22, 2002. Cox regression multivariate analysis was used to determine whether having prevalent PC versus incident PC was associated with the time to prostate-specific antigen (PSA) failure after RP after adjusting for PSA level, Gleason score, clinical tumor (T) classification, and year of RP. RESULTS: Men with prevalent PC had higher PSA levels (P < .001) and more advanced clinical T classification (P < .001) than men with incident PC. After a median follow-up of 6.1 years, factors that were associated with a significantly shorter time to PSA failure after RP were prevalent PC (adjusted hazard ratio [AHR], 1.8; 95% confidence interval [95% CI], 1.3-2.6; P = .0005), baseline PSA (AHR, 1.07; 95%CI, 1.04-1.09; P < .001), Gleason 7 disease (AHR, 2.5; 95% CI, 1.9-3.3; P < .001), Gleason 8 to 10 disease (AHR, 2.3; 95%CI, 1.5-3.5; P < .001), and the year of RP (AHR, 0.92; 95%CI, 0.86-0.97; P = .003). Men with prevalent PC also had worse outcomes after adjusting for their more advanced pathologic features. CONCLUSIONS: After adjusting for known prognostic factors, men with prevalent PC had a poorer outcome after RP than men with incident PC. The authors believe that this finding should be taken into consideration when weighing the risk of recurrence and treatment options for men who are diagnosed with PC on their initial screening.",Cancer,2008,113,3146-52,10.1002/cncr.23926,https://www.ncbi.nlm.nih.gov/pubmed/18932254,LOW RISK,positive,1,
19540075,Long-term biochemical and survival outcome of 921 patients treated with I-125 permanent prostate brachytherapy.,Hinnen KA,"PURPOSE: To assess long-term biochemical and survival outcome after permanent prostate brachytherapy (BT). METHODS AND MATERIALS: Data on 921 patients, treated with permanent interstitial BT monotherapy between 1989 and 2004 for <or=T2c Nx/0 Mx/0 prostate cancer were evaluated. All patients were treated with I-125 seeds (prescription dose 144 Gy). Eighty-five patients with a gland volume >or=50cc received 6 months of antiandrogen therapy before treatment. Patients were classified into risk groups with 232 defined as low-, 369 intermediate-, and 320 high-risk disease. The median follow-up was 69 months (range, 4-186 months); mean age was 67 years. RESULTS: Average 5- and 10-year biochemical no evidence of disease (bNED) rates were 79% and 57%. Average 10-year bNED rates by risk group were 88% for low-risk, 61% for intermediate-risk, and 30% for high-risk disease. The average 10-year overall and disease-specific survival rates were 59% and 82%. Ten-year overall and disease-specific survival rates by risk group were, respectively, 68% and 96% for low-risk, and 64% 87% for intermediate-risk, and 49% and 69% for high-risk disease. In multivariate Cox regression analysis, both risk group and treatment era were independent predictors of bNED and survival. CONCLUSIONS: These data on long-term survival continue to support the use of I-125 monotherapy for prostate cancer in low-risk patients and, in particular, demonstrate its efficacy in intermediate-risk patients.",Int J Radiat Oncol Biol Phys,2010,76,1433-8,10.1016/j.ijrobp.2009.03.049,https://www.ncbi.nlm.nih.gov/pubmed/19540075,LOW RISK,positive,1,
25711672,Salvage radical prostatectomy for recurrent prostate cancer: verification of European Association of Urology guideline criteria,Mandel P,"OBJECTIVE: To analyse oncological and functional outcomes of salvage radical prostatectomy (SRP) in patients with recurrent prostate cancer and to compare outcomes of patients within and outside the European Association of Urology (EAU) guideline criteria (organ-confined prostate cancer ≤T2b, Gleason score ≤7 and preoperative PSA level <10 ng/mL) for SRP. PATIENTS AND METHODS: In all, 55 patients who underwent SRP from January 2007 to December 2012 were retrospectively analysed. Kaplan-Meier curves assessed time to biochemical recurrence (BCR), metastasis-free survival (MFS) and cancer-specific survival. Cox regressions addressed factors influencing BCR and MFS. BCR was defined as a PSA level of >0.2 ng/mL and rising, continence as the use of 0-1 safety pad/day, and potency as a five-item version of the International Index of Erectile Function score of ≥18. RESULTS: The median follow-up was 36 months. After SRP, 42.0% of the patients experienced BCR, 15.9% developed metastasis, and 5.5% died from prostate cancer. Patients fulfilling the EAU guideline criteria were less likely to have positive lymph nodes (LNs) and had significantly better BCR-free survival (5-year BCR-free survival 73.9% vs 11.6%; P = 0.001). In multivariate analysis, low-dose-rate brachytherapy as primary treatment (P = 0.03) and presence of positive LNs at SRP (P = 0.02) were significantly associated with worse BCR-free survival. The presence of positive LNs or Gleason score >7 at SRP were independently associated with metastasis. The urinary continence rate at 1 year after SRP was 74%. Seven patients (12.7%) had complications ≥III (Clavien grade). CONCLUSION: SRP is a safe procedure providing good cancer control and reasonable urinary continence. Oncological outcomes are significantly better in patients who met the EAU guideline recommendations.",BJU Int,2016,117,55-61,doi: 10.1111/bju.13103. Epub 2015 May 11,https://www.ncbi.nlm.nih.gov/pubmed/25711672,,negative,0,2015.0
16165919,Surgical treatment of localized prostate cancer,Damber JE,"Radical retropubic prostatectomy (RRP) is the reference method for treatment of localised, organ confined prostate cancer. Since the introduction of nerve-sparing procedure for RRP in the 1980's, the operation has become widespread and is today one of the most common surgical procedures in Urology. In this overview the indications, operative procedure and side effects of RRP are briefly discussed.",Acta Oncol,2005,44,599-604,doi: 10.1080/02841860510029734,https://www.ncbi.nlm.nih.gov/pubmed/16165919,,negative,0,2005.0
22386416,Ten-year follow-up of neoadjuvant therapy with goserelin acetate and flutamide before radical prostatectomy for clinical T3 and T4 prostate cancer: update on Southwest Oncology Group Study 9109.,Berglund RK,"OBJECTIVE: To update the results with 10-year data of a phase II prospective trial of neoadjuvant hormonal therapy with goserelin acetate and flutamide followed by radical prostatectomy for locally advanced prostate cancer (SWOG 9109). The optimal management for clinical stage T3 and T4 N0,M0 prostate cancer is uncertain. MATERIALS AND METHODS: Sixty-two patients with clinical stage T3 and T4 N0,M0 prostate cancer were enrolled. Cases were classified by stage T3 vs T4 and by volume of disease (bulky >4 cm and nonbulky ≤ 4 cm). RESULTS: Fifty-five of 61 eligible patients completed the trial with radical prostatectomy after neoadjuvant androgen deprivation therapy (ADT). The median preoperative prostate-specific antigen value was 19.8 ng/mL, and 67% of patients had a Gleason score of ≥ 7. Among 41 patients last known to be alive, median follow-up is 10.6 years (range 5.1-12.6). In all, 38 patients have had disease progression (30/55, 55%) or died without progression (8/55, 15%) for a 10-year progression-free survival (PFS) estimate of 40% (95% CI 27-53). Median PFS was 7.5 years, and median survival has not been reached. The 10-year overall survival (OS) estimate is 68% (95% CI 56-80). CONCLUSIONS: In this small, prospective phase II study, neoadjuvant hormonal therapy with goserelin acetate and flutamide followed by radical prostatectomy achieves long-term PFS and OS comparable with alternative treatments. This approach is feasible and may be an alternative to a strategy of combined radiation and ADT.",Urology,2012,79,633-7,10.1016/j.urology.2011.11.019,https://www.ncbi.nlm.nih.gov/pubmed/22386416,HIGH RISK,positive,1,
15747374,Cryosurgical ablation of the prostate: high risk patient outcomes,Prepelica KL,"BACKGROUND: The authors report their experience with cryosurgical ablation of the prostate in men with high-risk features for prostate carcinoma who were unwilling to undergo radical surgery or radiation therapy. METHODS: Between January 1998 and April 2002, 65 men underwent primary cryosurgery for prostate carcinoma with high-risk features. All patients had biopsy-proven prostate carcinoma without evidence for metastatic disease on magnetic resonance images, computed tomography scans, or radionuclide images of bones. High-risk parameters were defined as either a prostate-specific antigen (PSA) level >/= 10 ng/mL, or a Gleason sum score >/= 8, or both. Patients who had undergone prior surgery, radiation therapy, or cryoablation for prostate carcinoma were excluded from the study. Patients were monitored with physical examination and PSA screening every 3 months and with radiologic imaging when indicated. RESULTS: The median patient age was 72 years (range, 41-86 years), and t he median follow-up was 35 months (range, 4-77 months). There were 2 patients (3.1%) with rectal pain and incontinence. Durable PSA biochemical disease-free survival was noted in 83.3% of patients according to the American Society for Therapeutic Radiology and Oncology (ASTRO) criteria. A 6-year Kaplan-Meier analysis revealed an 81.7% ASTRO survival probability as well as PSA nadir < 4.0 ng/mL and PSA nadir < 1.0 ng/mL projections of 50% and 35%, respectively. One of 8 postcryosurgery biopsies (12.5%) were positive. No patient had progressed at last follow-up, and the overall survival rate was 100%. CONCLUSIONS: Cryoablation was a feasible treatment option in patients with organ-confined prostate carcinoma who had high-risk features. Longer follow-up will be necessary to determine the effectiveness of this approach.",Cancer,2005,15,,doi: 10.1002/cncr.20944,https://www.ncbi.nlm.nih.gov/pubmed/15747374,,negative,0,2005.0
21470787,Comparison of high-dose proton radiotherapy and brachytherapy in localized prostate cancer: a case-matched analysis.,Coen JJ,"PURPOSE: To report a case-matched analysis comparing high-dose external-beam radiation (EBRT) for prostate cancer delivered on Proton Radiation Oncology Group (PROG) 95-09, a randomized trial, with permanent prostate brachytherapy over the same era. METHODS: From 1996 to 1999, 196 patients were accrued to the high-dose arm (79.2 Gray equivalent (GyE) using photons and protons) of PROG 95-09 at the Massachusetts General Hospital and Loma Linda University Medical Center. Entry criteria specified T1-2 and prostate-specific antigen ≤ 15 ng/mL. When Gleason score >7 was excluded, 177 men were left for case matching. At Massachusetts General Hospital, 203 similar patients were treated by a single brachytherapist from 1997 to 2002. Minimum follow-up was 3 years. Case matching, based on T stage, Gleason score, prostate-specific antigen, and age resulted in 141 matches (282 patients). Median follow-up was 8.6 and 7.4 years for EBRT and brachytherapy, respectively. The primary endpoint was biochemical failure (BF). RESULTS: Using the Phoenix definition, the 8-year BF rates were 7.7% and 16.1% for EBRT and brachytherapy, respectively (p = 0.42). A stratified analysis was performed by risk group. In the EBRT group, 113 and 28 patients were low and intermediate risk, respectively. In the brachytherapy group, 118 and 23 were. When stratified by risk group, the BF rates were similar by either technique. CONCLUSIONS: High-dose EBRT and brachytherapy result in similar BF rates for men with localized prostate cancer. Comparative quality-of-life and cost-effectiveness studies are warranted.",Int J Radiat Oncol Biol Phys,2012,82,e25-31,10.1016/j.ijrobp.2011.01.039,https://www.ncbi.nlm.nih.gov/pubmed/21470787,LOW RISK,positive,1,
15629591,Impact of supplemental external beam radiotherapy and/or androgen deprivation therapy on biochemical outcome after permanent prostate brachytherapy.,Merrick GS,"PURPOSE: To evaluate the impact of supplemental external beam radiotherapy (EBRT) and/or androgen deprivation therapy (ADT) on 8-year biochemical outcome after permanent prostate brachytherapy. METHODS AND MATERIALS: Between April 1995 and January 2001, 668 consecutive patients underwent brachytherapy using either (103)Pd or (125)I for clinical Stage T1b-T3aNxM0 (2002 American Joint Committee on Cancer) adenocarcinoma of the prostate gland. No patient underwent seminal vesicle biopsy or pathologic lymph node staging. The median follow-up was 58.6 months. Biochemical progression-free survival was defined by the American Society for Therapeutic Radiology and Oncology consensus definition. The clinical, treatment, and dosimetric parameters evaluated for biochemical progression-free survival included supplemental EBRT, ADT, patient age, clinical stage, Gleason score, preimplant prostate specific antigen (PSA), risk group, percentage of positive biopsies, isotope used, prostate volume, planning volume, percentage of target volume receiving 100%, 150%, and 200% of prescribed dose, minimal percentage of dose covering 90% of target volume, tobacco status, hypertension, and diabetes. RESULTS: For the entire group, the actuarial 8-year biochemical progression-free survival rate was 98.2%, 98.4%, and 88.2% for low-, intermediate-, and high-risk patients, respectively, with a median PSA level of <0.1 ng/mL for all risk groups and ADT and EBRT subgroups. At last follow-up, only 5 patients (0.8%) had died of metastatic prostate cancer. In multivariate analysis, Gleason score, percentage of positive biopsies, and ADT predicted for biochemical outcome in high-risk patients. In low- and intermediate-risk patients, none of the evaluated variables predicted for biochemical outcome. For the entire population, pretreatment PSA level, Gleason score, ADT, and clinical stage predicted for 8-year biochemical progression-free survival, with the percentage of positive biopsies approaching statistical significance. CONCLUSION: Prostate brachytherapy results in a high probability of 8-year biochemical progression-free survival for low-, intermediate-, and high-risk patients. Although the role of supplemental EBRT could not be adequately evaluated in high-risk patients, it did not improve biochemical outcome in low- and intermediate-risk patients. However, ADT resulted in a statistically significant improvement in progression-free survival for high-risk patients.",Int J Radiat Oncol Biol Phys,2005,61,32-43,10.1016/j.ijrobp.2004.05.003,https://www.ncbi.nlm.nih.gov/pubmed/15629591,HIGH RISK,positive,1,
32215577,Outcomes of Observation vs Stereotactic Ablative Radiation for Oligometastatic Prostate Cancer: The ORIOLE Phase 2 Randomized Clinical Trial,Phillips R,"IMPORTANCE: Complete metastatic ablation of oligometastatic prostate cancer may provide an alternative to early initiation of androgen deprivation therapy (ADT). OBJECTIVE: To determine if stereotactic ablative radiotherapy (SABR) improves oncologic outcomes in men with oligometastatic prostate cancer. DESIGN, SETTING, AND PARTICIPANTS: The Observation vs Stereotactic Ablative Radiation for Oligometastatic Prostate Cancer (ORIOLE) phase 2 randomized study accrued participants from 3 US radiation treatment facilities affiliated with a university hospital from May 2016 to March 2018 with a data cutoff date of May 20, 2019, for analysis. Of 80 men screened, 54 men with recurrent hormone-sensitive prostate cancer and 1 to 3 metastases detectable by conventional imaging who had not received ADT within 6 months of enrollment or 3 or more years total were randomized. INTERVENTIONS: Patients were randomized in a 2:1 ratio to receive SABR or observation. MAIN OUTCOMES AND MEASURES: The primary outcome was progression at 6 months by prostate-specific antigen level increase, progression detected by conventional imaging, symptomatic progression, ADT initiation for any reason, or death. Predefined secondary outcomes were toxic effects of SABR, local control at 6 months with SABR, progression-free survival, Brief Pain Inventory (Short Form)-measured quality of life, and concordance between conventional imaging and prostate-specific membrane antigen (PSMA)-targeted positron emission tomography in the identification of metastatic disease. RESULTS: In the 54 men randomized, the median (range) age was 68 (61-70) years for patients allocated to SABR and 68 (64-76) years for those allocated to observation. Progression at 6 months occurred in 7 of 36 patients (19%) receiving SABR and 11 of 18 patients (61%) undergoing observation (P = .005). Treatment with SABR improved median progression-free survival (not reached vs 5.8 months; hazard ratio, 0.30; 95% CI, 0.11-0.81; P = .002). Total consolidation of PSMA radiotracer-avid disease decreased the risk of new lesions at 6 months (16% vs 63%; P = .006). No toxic effects of grade 3 or greater were observed. T-cell receptor sequencing identified significant increased clonotypic expansion following SABR and correlation between baseline clonality and progression with SABR only (0.082085 vs 0.026051; P = .03). CONCLUSIONS AND RELEVANCE: Treatment with SABR for oligometastatic prostate cancer improved outcomes and was enhanced by total consolidation of disease identified by PSMA-targeted positron emission tomography. SABR induced a systemic immune response, and baseline immune phenotype and tumor mutation status may predict the benefit from SABR. These results underline the importance of prospective randomized investigation of the oligometastatic state with integrated imaging and biological correlates. TRIAL REGISTRATION: ClinicalTrials.gov Identifier: NCT02680587.",JAMA Oncol,2020,1,,doi: 10.1001/jamaoncol.2020.0147,https://www.ncbi.nlm.nih.gov/pubmed/32215577,,negative,0,2020.0
20815417,CyberKnife radiosurgery for prostate cancer,Katz AJ,"Treatment of prostate cancer with SBRT is an area of significant controversy for many in the radiation oncology community despite radiobiologic data that strongly suggest the prostate would be an excellent SBRT target. Recently, new data have emerged that show promising outcomes with minimal toxicity for CyberKnife SBRT of prostate cancer. In the following we present the motivating factors for prostate cancer SBRT followed by a critical evaluation of the current literature and discussion of the future of prostate cancer treatment with SBRT.",Technol Cancer Res Treat,2010,9,463-72,doi: 10.1177/153303461000900504,https://www.ncbi.nlm.nih.gov/pubmed/20815417,,negative,0,2010.0
23669165,Whole-gland ablation of localized prostate cancer with high-intensity focused ultrasound: oncologic outcomes and morbidity in 1002 patients.,Crouzet S,"BACKGROUND: High-intensity focused ultrasound (HIFU) is a nonsurgical therapy for selected patients with localized prostate cancer (PCa). OBJECTIVE: The long-term oncologic and morbidity outcomes of primary HIFU therapy for localized PCa were evaluated in a prospective, single-arm, single-institution cohort study. DESIGN, SETTING, AND PARTICIPANTS: Participants were patients treated with HIFU for localized PCa from 1997 to 2009. Excluded were patients with local recurrence following radiotherapy. A second HIFU session was systematically performed in patients with biopsy-proven local recurrence. INTERVENTION: Whole-gland prostate ablation with transrectal HIFU. OUTCOME MEASUREMENTS AND STATISTICAL ANALYSIS: Incontinence was assessed using the Ingelman-Sundberg score, and potency was assessed using the five-item version of the International Index of Erectile Function (IIEF-5) scores. Primary outcomes were survival rates (biochemical-free, cancer-specific, metastasis-free, and overall survival). Secondary outcomes were morbidity rates. Median follow-up was 6.4 yr (range: 0.2-13.9). The Kaplan-Meier method was used to determine survival estimates, and multivariate analysis was used to determine predictive factors of biochemical progression. RESULTS AND LIMITATIONS: A total of 1002 patients were included. The median nadir prostate-specific antigen (PSA) was 0.14 ng/ml, with 63% of patients reaching a nadir PSA ≤0.3 ng/ml. Sixty percent of patients received one HIFU session, 38% received two sessions, and 2% received three sessions. The 8-yr biochemical-free survival rates (Phoenix definition) were 76%, 63%, and 57% for low-, intermediate-, and high-risk patients, respectively (p < 0.001). At 10 yr, the PCa-specific survival rate and metastasis-free survival rate (MFSR) were 97% and 94%, respectively. Salvage therapies included external-beam radiation therapy (EBRT) (13.8%), EBRT plus androgen-deprivation therapy (ADT) (9.7%), and ADT alone (12.1%). Severe incontinence and bladder outlet obstruction decreased with refinement in the technology, from 6.4% and 34.9% to 3.1% and 5.9%, respectively. Limitations included the fact that the study was a single-arm study without a comparison group, technological improvements, changes in surgical protocol during the study, and the use of ADT to downsize the prostate in 39% of patients. CONCLUSIONS: HIFU is a potentially effective treatment of localized PCa, with a low PCa-specific mortality rate and a high MFSR at 10 yr as well as acceptable morbidity.",Eur Urol,2014,65,907-14,10.1016/j.eururo.2013.04.039,https://www.ncbi.nlm.nih.gov/pubmed/23669165,LOW RISK,positive,1,
20303100,"Quality of life after open or robotic prostatectomy, cryoablation or brachytherapy for localized prostate cancer",Malcolm JB,"PURPOSE: Health related quality of life concerns factor prominently in prostate cancer management. We describe health related quality of life impact and recovery profiles of 4 commonly used operative treatments for localized prostate cancer. MATERIALS AND METHODS: Beginning in February 2000 all patients treated with open radical prostatectomy, robot assisted laparoscopic prostatectomy, brachytherapy or cryotherapy were asked to complete the UCLA-PCI questionnaire before treatment, and at 3, 6, 12, 18, 24, 30 and 36 months after treatment. Outcomes were compared across treatment types with statistical analysis using univariate and multivariate models. RESULTS: A total of 785 patients treated between February 2000 and December 2008 were included in the analysis with a mean followup of 24 months. All health related quality of life domains were adversely affected by all treatments and recovery profiles varied significantly by treatment type. Overall urinary function and bother outcomes scored significantly higher after brachytherapy and cryotherapy compared to open radical prostatectomy and robotic assisted laparoscopic radical prostatectomy. Brachytherapy and cryotherapy had a 3-fold higher rate of return to baseline urinary function compared to open radical prostatectomy and robotic assisted laparoscopic radical prostatectomy. Sexual function and bother scores were highest after brachytherapy, with a 5-fold higher rate of return to baseline function compared to cryotherapy, open radical prostatectomy and robotic assisted laparoscopic radical prostatectomy. All 4 treatments were associated with relatively transient and less pronounced impact on bowel function and bother. CONCLUSIONS: In a study of sequential health related quality of life assessments brachytherapy and cryotherapy were associated with higher urinary function and bother scores compared to open radical prostatectomy and da Vinci prostatectomy. Brachytherapy was associated with higher sexual function and bother scores compared to open radical prostatectomy, robotic assisted laparoscopic radical prostatectomy and cryotherapy.",J Urol,2010,183,1822-8,doi: 10.1016/j.juro.2009.12.102. Epub 2010 Mar 29,https://www.ncbi.nlm.nih.gov/pubmed/20303100,,negative,0,2010.0
20124169,Randomized trial comparing conventional-dose with high-dose conformal radiation therapy in early-stage adenocarcinoma of the prostate: long-term results from proton radiation oncology group/american college of radiology 95-09.,Zietman AL,"PURPOSE To test the hypothesis that increasing radiation dose delivered to men with early-stage prostate cancer improves clinical outcomes. PATIENTS AND METHODS Men with T1b-T2b prostate cancer and prostate-specific antigen </= 15 ng/mL were randomly assigned to a total dose of either 70.2 Gray equivalents (GyE; conventional) or 79.2 GyE (high). No patient received androgen suppression therapy with radiation. Local failure (LF), biochemical failure (BF), and overall survival (OS) were outcomes. Results A total of 393 men were randomly assigned, and median follow-up was 8.9 years. Men receiving high-dose radiation therapy were significantly less likely to have LF, with a hazard ratio of 0.57. The 10-year American Society for Therapeutic Radiology and Oncology BF rates were 32.4% for conventional-dose and 16.7% for high-dose radiation therapy (P < .0001). This difference held when only those with low-risk disease (n = 227; 58% of total) were examined: 28.2% for conventional and 7.1% for high dose (P < .0001). There was a strong trend in the same direction for the intermediate-risk patients (n = 144; 37% of total; 42.1% v 30.4%, P = .06). Eleven percent of patients subsequently required androgen deprivation for recurrence after conventional dose compared with 6% after high dose (P = .047). There remains no difference in OS rates between the treatment arms (78.4% v 83.4%; P = .41). Two percent of patients in both arms experienced late grade >/= 3 genitourinary toxicity, and 1% of patients in the high-dose arm experienced late grade >/= 3 GI toxicity. CONCLUSION This randomized controlled trial shows superior long-term cancer control for men with localized prostate cancer receiving high-dose versus conventional-dose radiation. This was achieved without an increase in grade >/= 3 late urinary or rectal morbidity.",J Clin Oncol,2010,28,1106-11,10.1200/JCO.2009.25.8475,https://www.ncbi.nlm.nih.gov/pubmed/20124169,LOW RISK,positive,1,
16278473,Role of salvage radical prostatectomy for recurrent prostate cancer after radiation therapy,Stephenson AJ,"Patients with isolated local recurrence of prostate cancer after radiation therapy may potentially be cured of their disease by salvage radical prostatectomy (RP). The stage-specific 5-year cancer-control rates of salvage RP resemble those of standard RP. However, the ability to effectively administer salvage treatment to patients with radiorecurrent disease is compromised by the lack of diagnostic tests with sufficient sensitivity and specificity to detect local recurrence at an early stage while it is amenable to local salvage therapy. By the time biochemical recurrence is declared using the current American Society for Therapeutic Radiology and Oncology definition, the majority of patients have advanced local disease, precluding successful local salvage therapy. When salvage RP is performed at prostate-specific antigen levels of 10 ng/mL or less, an estimated 70% of patients are free of disease at 5 years. With better patient selection and technical modifications, the morbidity associated with salvage RP has improved substantially. Rates of urinary incontinence and anastomotic stricture are acceptable, although one third of patients will experience these complications. Salvage cryotherapy is a minimally invasive alternative to salvage RP, but cancer-control rates appear to be inferior and it does not provide a clear advantage over salvage RP in terms of reduced morbidity. Patients with local recurrence after radiation therapy are at increased risk of metastatic progression and cancer-specific mortality. Currently, salvage RP represents the only curative treatment option for these patients. Salvage RP may favorably alter the natural history of biochemical recurrence after radiation therapy, but it must be instituted early in the course of recurrent disease to be effective.",J Clin Oncol,2005,10,,doi: 10.1200/JCO.2005.03.1468,https://www.ncbi.nlm.nih.gov/pubmed/16278473,,negative,0,2005.0
16216365,192Ir or 125I prostate brachytherapy as a boost to external beam radiotherapy in locally advanced prostatic cancer: a dosimetric point of view,Nickers P,"PURPOSE: This work aims at comparing the dosimetric possibilities of 125I or 192Ir prostate brachytherapy (Bt) as a boost to external beam radiotherapy in the treatment of locally advanced adenocarcinoma. METHODS AND MATERIALS: From 1/1997 to 12/2002, 260 patients were treated. Until 12/2001 a low dose rate (LDR) treatment with 192Ir wires was used, later replaced by a high dose rate (HDR) delivered with an 192Ir stepping source technology. For the present work, we selected 40 patients including the last 20 treated, respectively, by LDR and HDR. The planning CT Scans of all these 40 patients were transferred into the 3D Prowess system for 125I permanent implants design according to the Seattle method. The reference data for dosimetric comparisons were the V100 and the prescribed dose for 192Ir as well as the dose delivered with 125I techniques to the 192Ir V100. We compared V100-150 data as well as doses to the organs at risks (OR) and cold spots (CS). RESULTS: The V100 is 85.3+/-8% for 192Ir LDR and 96+/-2% for HDR techniques (P < 0.0001). In comparison with 125I, the 192Ir LDR mode induces higher hyperdosage volumes inside the CTV but also more CS, while maximal doses to urethra and rectum are, respectively, 17 and 39% less with 125I (P < 0.0001). In comparison with the 192Ir HDR mode, 125I Bt induces higher hyperdosage volumes and slightly more CS deliberately planned around the bladder neck. If delivered doses to urethra are identical, those to the 20% anterior part of the rectum are 33% less with 125I (P < 0,0001). The 125I Bt technique was only possible in 24 out of the 40 patients studied due to pelvic bone arch interference. CONCLUSIONS: At the present time, there is no evident dosimetric superiority of one Bt method when all the criteria are taken into account. However, improving Bt techniques to implant any prostatic size could found the superiority of the 125I or permanent implants. 125I indeed allows large hyperdosage volumes inside the CTV in comparison with 192Ir HDR techniques while lowering doses to OR and minimizing CS.",Radiother Oncol,2006,78,47-52,doi: 10.1016/j.radonc.2005.09.002. Epub 2005 Oct 10,https://www.ncbi.nlm.nih.gov/pubmed/16216365,,negative,0,2005.0
31610249,External Beam Radiation Therapy (EBRT) and High-Dose-Rate (HDR) Brachytherapy for Intermediate and High-Risk Prostate Cancer: The Impact of EBRT Volume,Tharmalingam H,"PURPOSE: Whole pelvis radiation therapy (WPRT) may improve clinical outcomes over prostate-only radiation therapy (PORT) in high-risk prostate cancer patients by sterilization of micrometastatic nodal disease, provided there is optimal control of the primary site. METHODS AND MATERIALS: A prospective multicenter cohort study of eligible patients (stage ≥T2c, Gleason score ≥7 or presenting prostate-specific antigen ≥10) treated between 2009 and 2013 were enrolled in a United Kingdom national protocol delivering combined external beam radiation therapy and high-dose-rate brachytherapy. Centers elected to deliver WPRT, 46 Gy in 23 fractions or PORT 37.5 Gy in 15 fractions with 15 Gy single dose high-dose-rate brachytherapy. The primary endpoint was biochemical progression-free survival (bPFS). Secondary endpoints were overall survival, genitourinary, and gastrointestinal toxicity. This was not a randomized comparison and was subject to bias; the findings are therefore hypothesis generating, but not conclusive. RESULTS: Eight hundred and twelve patients were entered; 401 received WPRT and 411 received PORT. With a median follow-up of 4.7 years, 5-year bPFS rates for WPRT versus PORT arms were 89% versus 81% (P = .007) for all patients and 84% versus 77% (P = .001) for high-risk patients. Differences in bPFS remained significant after accounting for Gleason score, presenting prostate-specific antigen, T stage, and androgen deprivation therapy duration as covariates. There was no difference in overall survival. The overall post treatment toxicities across both cohorts were low with no greater than 1.5% of ≥grade 3 toxicities at any follow-up time point. WPRT increased both prevalence and cumulative incidence of acute genitourinary toxicity (P = .004) and acute gastrointestinal toxicity (P = .003). No difference in late radiation toxicity was observed. CONCLUSIONS: A significant improvement in 5-year bPFS was seen in intermediate and high-risk prostate cancer treated with WPRT compared with PORT in a combined external beam radiation therapy and brachytherapy schedule with no increase in late radiation toxicity.",Int J Radiat Oncol Biol Phys,2020,1,,doi: 10.1016/j.ijrobp.2019.09.044. Epub 2019 Oct 11,https://www.ncbi.nlm.nih.gov/pubmed/31610249,,negative,0,2020.0
16053667,The impact of primary Gleason grade on biochemical outcome following brachytherapy for hormone-naive Gleason score 7 prostate cancer,Merrick GS,"PURPOSE: Although the perception exists that biochemical outcome in patients with a Gleason score of 7 with dominant pattern 4 histology is inferior to that of patients with a Gleason score of 7 with a primary Gleason grade of 3, conflicting conclusions have been reported for radical prostatectomy and brachytherapy. In this study, we evaluate the effect of the dominant histologic pattern in Gleason score 7 prostate cancer on biochemical progression-free survival after brachytherapy. MATERIAL AND METHODS: Between April 1995 and October 2001, 273 consecutive patients underwent permanent interstitial brachytherapy without androgen deprivation therapy for clinical T1c-T3a NxM0 (2002 American Joint Committee on Cancer) prostate cancer. No patient underwent seminal vesicle biopsy or pathological lymph node staging. All patients underwent brachytherapy more than 3 years before analysis. Biochemical progression-free survival was defined by a prostate specific antigen (PSA) cut point < or = 0.4 ng/mL after nadir or by the American Society for Therapeutic Radiology and Oncology (ASTRO) consensus definition. The median follow-up was 4.7 years. Clinical, treatment, and dosimetric parameters evaluated for biochemical progression-free survival included primary Gleason grade; clinical T stage; pretreatment PSA level; risk group; percent positive biopsy results; perineural invasion; patient age; isotope; supplemental external-beam radiation therapy; prostate volume; brachytherapy planning volume; percent of the target volume receiving 100%, 150%, and 200% of the prescribed dose (V100/150/200); minimum percent of the prescribed dose covering 90% of the target volume (D90); tobacco consumption; hypertension; and diabetes. RESULTS: For the entire cohort, the actuarial 8-year biochemical progression-free survival rate was 94.5% and 94.8% using a PSA cut point < or = 0.4 ng/mL after nadir and the ASTRO consensus definition, respectively. For biochemically disease free patients, the median posttreatment PSA level was < 0.1 ng/mL. When the group was stratified by the dominant histologic pattern, no statistical difference in outcome was noted for any of the evaluated parameters. In forward conditional Cox regression analysis, pretreatment PSA level and percent positive biopsy results were statistically significant predictors of biochemical outcome. CONCLUSIONS: In hormone-naive patients with a Gleason score of 7, prostate brachytherapy results in a high probability of 8-year biochemical progression-free survival and is independent of Gleason 3 + 4 versus 4 + 3 histology.",Cancer J,2005,,-,doi: 10.1097/00130404-200505000-00010,https://www.ncbi.nlm.nih.gov/pubmed/16053667,,negative,0,2005.0
21093164,Early outcomes from three prospective trials of image-guided proton therapy for prostate cancer,Mendenhall NP,"PURPOSE: To report early outcomes with image-guided proton therapy for prostate cancer. METHODS AND MATERIALS: We accrued 211 prostate cancer patients on prospective Institutional Review Board-approved trials of 78 cobalt gray equivalent (CGE) in 39 fractions for low-risk disease, dose escalation from 78 to 82 CGE for intermediate-risk disease, and 78 CGE with concomitant docetaxel followed by androgen deprivation for high-risk disease. Minimum follow-up was 2 years. RESULTS: One intermediate-risk patient and 2 high-risk patients had disease progression. Pretreatment genitourinary (GU) symptom management was required in 38% of patients. A cumulative 88 (42%) patients required posttreatment GU symptom management. Four transient Grade 3 GU toxicities occurred, all among patients requiring pretreatment GU symptom management. Multivariate analysis showed correlation between posttreatment GU 2+ symptoms and pretreatment GU symptom management (p < 0.0001) and age (p = 0.0048). Only 1 Grade 3+ gastrointestinal (GI) symptom occurred. The prevalence of Grade 2+ GI symptoms was 0 (0%), 10 (5%), 12 (6%), and 8 (4%) at 6, 12, 18, and 24 months, with a cumulative incidence of 20 (10%) patients at 2 years after proton therapy. Univariate and multivariate analyses showed significant correlation between Grade 2+ rectal bleeding and proctitis and the percentage of rectal wall (rectum) receiving doses ranging from 40 CGE (10 CGE) to 80 CGE. CONCLUSIONS: Early outcomes with image-guided proton therapy suggest high efficacy and minimal toxicity with only 1.9% Grade 3 GU symptoms and <0.5% Grade 3 GI toxicities.",Int J Radiat Oncol Biol Phys,2012,1,,doi: 10.1016/j.ijrobp.2010.09.024. Epub 2010 Nov 17,https://www.ncbi.nlm.nih.gov/pubmed/21093164,,negative,0,2010.0
20540878,"[Metastatic progression, cancer-specific mortality and need for secondary treatments in patients with clinically high-risk prostate cancer treated initially with radical prostatectomy].",Rubio-Briones J,"PURPOSE: To determine our results in high risk (HR) prostate cancer (PCa) patients treated with radical prostatectomy (RP) and to establish preoperative prognosis factors. MATERIAL AND METHODS: Retrospective study of 925 RP. Mean follow-up for the HR group was 89.8+/-53.6 months. Following NCCN criteria, we operated 210 (22.7%) HR and 715 (77.3%) low/intermediate risk patients. End point was metastatic progression. Kaplan-Meier method for survival comparison among groups and Cox regression model for multivariate analysis of preoperative prognostic factors were used. RESULTS: Revised period; 1986-2007. Fifty-four patients (25.7%) were free of disease and 8 patients (3.8%) died for other causes free of disease. Disease progressed in 148 patients (70.5%); death due to tumour progression occurred in 42 cases (20%) and due to other causes in 25 patients (11.9%). Seventy-nine patients in HR group (38%) vs 549 low/intermediate risk group (78.5%) did not deserve further treatments (p<0.001). The uni and multivariate analysis for metastatic progression showed both Gleason score at biopsy (RR=1.922; 95% CI 1.106-3.341, p=0.020) and clinical stage (RR=2.290; 95% CI 1.269-4.133, p=0.006) showed independent prognostic value for metastatic progression, but not PSA. CONCLUSIONS: A HR patient can be cured in a third of the cases and will need multimodal treatments in more than half of the times. We prompt surgery in a young healthy patient with a resectable tumour, mainly if just one bad prognostic factor is present and defiantly if this is just PSA elevation.",Actas Urol Esp,2010,34,610-7,,https://www.ncbi.nlm.nih.gov/pubmed/20540878,HIGH RISK,positive,1,
32367438,Oncologic outcomes of patients with incidental prostate cancer who underwent RARC: a comparison between nerve sparing and non-nerve sparing approach,Chessa F,"BACKGROUND: Incidental Prostate cancer (iPCa) is a relatively common finding during histopathological evaluation of radical cystectomy (RC) specimens. To reduce the high impact of RC on erectile function, several sexual-preserving techniques have been proposed. The aim of this study was to evaluate and compare the oncologic outcomes of patients with iPCa who underwent nerve spring and no-nerve sparing robot-assisted radical cystectomy (RARC). METHODS: The clinicopathologic data of male patients who underwent RARC at our institution between 2006 and 2016 were retrospectively analysed. Patients with iPCa at definitive pathological examinations were stratified in two groups, according to the preservation of the neurovascular bundles (nerve sparing vs no nerve sparing). Significant PCa was defined as any Gleason score ≥ 3 + 4. Biochemical recurrence (BR) was defined as a sustained PSA level > 0.2 ng/mL on two or more consecutive appraisals. BR rate was assessed only in patients with incidental prostate cancer and at least 2 years of follow-up. Differences in categorical and continuous variables were analysed using the chi-squared test and the Mann-Withney U test, respectively. Biochemical recurrence curves were generated using the Kaplan-Meier method and compared with the Log-rank test. RESULTS: Overall, 343 male patients underwent RARC for bladder cancer within the study period. Nerve-sparing surgery was performed in 143 patients (41%), of these 110 had at least 2 years of follow up after surgery. Patients who underwent nerve-sparing surgery were significantly younger (p < 0.001). Clinically significant PCa was found in 24% of patients. No significant differences regarding preoperative PSA value (p = 0.3), PCa pathological stage (p = 0.5), Gleason score (p = 0.3) and positive surgical margin rates (p = 0.3) were found between the two groups. After a median follow-up of 51 months only one patient, in the no-nerve-sparing group had developed a biochemical recurrence (p = 0.4). CONCLUSIONS: In our series most of the iPca detected in RC specimens can be considered as insignificant with a low rate of BR (0.9%). Nerve-sparing RARC is a safe procedure which did not affect oncological outcomes of patients with iPCa.",J Robot Surg,2021,15,105-114,doi: 10.1007/s11701-020-01081-8. Epub 2020 May 4,https://www.ncbi.nlm.nih.gov/pubmed/32367438,,negative,0,2020.0
20100637,Management of prostate cancer recurrence after definitive radiation therapy,Boukaram C,"The management of prostate cancer (PC) recurrence after definitive radiation therapy (RT) is shifting and there is no consensus regarding the optimal strategy. The major challenge is determining the anatomical site of relapse. In case of biochemical relapse (BR), androgen deprivation therapy (ADT) is a non-curative option commonly used, while patients with a local PC recurrence could be managed through a curative intent. Based on a Pubmed data search, this manuscript focused on the management of post-RT local PC recurrences. In case of BR (nadir+2 ng/ml), classical imaging work-up is not contributive for PSA levels <10 ng/ml while new imaging investigations (diffusion MRI, 11C-choline PET) are more sensitive to detect local and distant recurrences at lower PSA levels. Positive prostate biopsies are the only method for confirming local recurrence, although this technique presents limitations. Primary PC presentation as well as PSA-related features (interval to failure, PSA kinetic) and patient features (life expectancy, urinary, sexual status) are important to consider. Results of curative salvage options (radical prostatectomy, cryotherapy, brachytherapy and high-intensity focused ultrasound-HIFU) are analyzed and discussed. Each of these therapies appears feasible and has its own set of experience and toxicity profile. Other therapeutic options (photodynamic therapy, ADT, observation) are discussed. Longer follow-up and mature series are needed to evaluate the optimal strategy and prospective trials are warranted. Each clinical situation should be discussed in a multidisciplinary setting. Different options should be explained to the patient and decision should be taken after balancing treatment outcomes with life expectancy.",Cancer Treat Rev,2010,36,91-100,doi: 10.1016/j.ctrv.2009.06.006. Epub 2010 Jan 25,https://www.ncbi.nlm.nih.gov/pubmed/20100637,,negative,0,2010.0
19168203,Population-based study of biochemical and survival outcomes after permanent 125I brachytherapy for low- and intermediate-risk prostate cancer.,Morris WJ,"OBJECTIVES: To analyze the biochemical and survival outcomes after permanent low-dose-rate prostate brachytherapy in a large, consecutive, population-based cohort of patients. METHODS: A total of 1006 consecutive implants were performed from July 20, 1998 to October 23, 2003 for men with low-risk and ""low-tier"" intermediate-risk prostate cancer. The prescribed minimal peripheral dose was 144 Gy, using 0.33 mCi (125)I sources and a preplan technique with a strong posterior-peripheral dose bias. Most patients (65%) had received 6 months of androgen deprivation therapy. Supplemental external beam radiotherapy was not used. The prognostic features, dose metrics, and follow-up data were prospectively collected. Kaplan-Meier and Cox regression analyses were used to assess the factors associated with freedom from biochemical recurrence and survival. RESULTS: The median patient age at treatment was 66 years. The median follow-up was 54 months for biochemical outcomes and 66 months for survival. The actuarial freedom from biochemical recurrence rate was 95.6% +/- 1.6% at 5 years and 94.0% +/- 2.2% at 7 years. On multivariate analysis, the pretreatment prostate-specific antigen level (P = .03) and androgen deprivation therapy use (P = .04) were predictive of the freedom from biochemical recurrence. The actuarial rates of distant metastasis and disease-specific death at 5 years were both <1%. The overall survival rate at 5 years was 95.2% +/- 1.4% and was 93.4% +/- 1.8% at 7 years. On multivariate analysis, only age was predictive of overall survival (P = .011). CONCLUSIONS: When consistently planned and delivered, low-dose-rate brachytherapy, without supplemental external beam radiotherapy or intraoperative planning, can produce cancer-specific outcomes for men with low- and ""low-tier"" intermediate-risk prostate cancer at least equal to that produced by dose-escalated external beam radiotherapy or surgical prostatectomy.",Urology,2009,73,860-5; discussion 865-7,10.1016/j.urology.2008.07.064,https://www.ncbi.nlm.nih.gov/pubmed/19168203,LOW RISK,positive,1,
19493260,"Outcomes for patients with high-grade prostate cancer treated with a combination of brachytherapy, external beam radiotherapy and hormonal therapy.",Stock RG,"OBJECTIVE: To assess the outcomes for patients with Gleason score 8-10 prostate cancer treated with brachytherapy, external beam radiotherapy (EBRT) and hormonal therapy (HT). PATIENTS AND METHODS: In all, 181 patients with Gleason scores 8-10 prostate cancer were treated from 1994 to 2006 with a (103)Pd implant (prescription dose 100 Gy), 45 Gy of EBRT and 9 months of HT. The median (range) follow-up was 65 (24-150) months; freedom from biochemical failure (FBF) rates were calculated using the Phoenix definition. RESULTS: The 8-year actuarial FBF, freedom from distant metastases, prostate-cancer specific survival and overall survival were 73%, 80%, 87% and 79%, respectively. The pretreatment prostate-specific antigen (PSA) level significantly affected FBF, with 8-year rates of 72%, 82% and 58% for patients with PSA level of <or=10, >10-20 and >20 ng/mL, respectively (P = 0.006). The PSA level had no significant effect on rates of distant metastases. The Gleason score had the most significant affect on FBF in a multivariate analysis, and was the only factor to significantly affect rates of distant metastases; the 8-year FBF rates were 84%, 55% and 30% for scores of 8, 9 and 10, respectively (P = 0.003). The corresponding freedom from distant metastases and prostate-cancer specific survival rates were 86%, 76%, 30% (P < 0.001) and 92%, 80%, 62.5% (P = 0.003), respectively. CONCLUSIONS: The 8-year outcomes after this regimen showed favourable biochemical and distant control, as well disease-specific survival rates for patients with Gleason scores of 8-10. This treatment approach should be considered as a viable option for this subset of patients with high-risk disease.",BJU Int,2009,104,1631-6,10.1111/j.1464-410X.2009.08661.x,https://www.ncbi.nlm.nih.gov/pubmed/19493260,HIGH RISK,positive,1,
16234081,Outcomes of radical prostatectomy in thai men with prostate cancer,Leewansangtong S,"OBJECTIVE: Radical prostatectomy remains the standard treatment for early prostate cancer. Few data in the literature are from South East Asia. This study was conducted to evaluate the outcome of radical prostatectomy in Thai men. METHODS: A total of 151 patients with prostate cancer underwent radical prostatectomy at Siriraj Hospital, Bangkok, between 1994 and 2003. Clinical staging, preoperative prostate-specific antigen (PSA) and Gleason score were evaluated with pathological stage and margin status. Follow-up PSA monitoring and survival were analysed. RESULTS: Of 121 patients with clinical localized disease, 79 (65.3%), 40 (33.1%) and two (1.6%) had localized, locally advanced and metastatic disease, respectively, on pathology. The chance of localized disease with a preoperative PSA of 10 ng/mL or less, more than 10-50 ng/mL and more than 50 ng/mL was 75.5%, 50% and 12.5%, respectively (all p < 0.001). The chance of localized disease with a Gleason score of 2-4, 5-7 and 8-10 was 85%, 55.1% and 20.8%, respectively (all p < 0.02). Mean follow-up was 30 months. Among 140 evaluable patients, 51 (36.4%) had adjuvant therapy and 136 (97.1%) had undetectable PSA without clinical progression. The cumulative PSA progression-free survival among patients with pathological T1N0, T2N0 and T3N0 disease was 0.83 at 82 months, 0.48 at 85 months and 0.31 at 57 months, respectively. CONCLUSION: Radical prostatectomy in Thai men shows excellent results. The trend is the same as in Western series. The chance of organ-confined disease and free margin was high in patients with clinical T2 or less, PSA less than 10 ng/mL and low Gleason score. PSA progression-free survival was high in patients with organ-confined disease.",Asian J Surg,2005,28,286-90,doi: 10.1016/S1015-9584(09)60362-6,https://www.ncbi.nlm.nih.gov/pubmed/16234081,,negative,0,2005.0
20951450,Analysis of second malignancies after modern radiotherapy versus prostatectomy for localized prostate cancer,Huang J,"PURPOSE: To clarify the risk of developing second primary cancers (SPCs) after radiotherapy (RT) versus prostatectomy for localized prostate cancer (PCa) in the modern era. METHODS: The RT cohort consisted of 2120 patients matched on a 1:1 basis with surgical patients according to age and follow-up time. RT techniques consisted of conventional or two-dimensional RT (2DRT, 36%), three-dimensional conformal RT and/or intensity modulated RT (3DCRT/IMRT, 29%), brachytherapy (BT, 16%), and a combination of 2DRT and BT (BT boost, 19%). RESULTS: The overall SPC risk was not significantly different between the matched-pair (HR 1.14, 95% CI 0.94-1.39), but the risk became significant >5years or >10years after RT (HR 1.86, 95% CI 1.36-2.55; HR 4.94, 95% CI 2.18-11.2, respectively). The most significant sites of increased risk were bladder, lymphoproliferative, and sarcoma. Of the different RT techniques, only 2DRT was associated with a significantly higher risk (HR 1.76, 95% CI 1.32-2.35), but not BT boost (HR 0.83, 95% CI 0.50-1.38), 3DCRT/IMRT (HR 0.81, 95% CI 0.55-1.21), or BT (HR 0.53, 95% CI 0.28-1.01). CONCLUSIONS: Radiation-related SPC risk varies depending on the RT technique and may be reduced by using BT, BT boost, or 3DCRT/IMRT.",Radiother Oncol,2011,98,81-6,doi: 10.1016/j.radonc.2010.09.012. Epub 2010 Oct 14,https://www.ncbi.nlm.nih.gov/pubmed/20951450,,negative,0,2010.0
25733275,"Complications after radical prostatectomy or radiotherapy for prostate cancer: results of a population-based, propensity score-matched analysis",Wallis CJ,"OBJECTIVE: To assess rates of treatment-related complications after radical prostatectomy or radiotherapy monotherapy, using propensity score matching to account for baseline differences between these patient populations. METHODS: On the basis of a population-based study of men undergoing surgery or radiotherapy for prostate cancer in Ontario between 2002 and 2009, we undertook a propensity score-matched analysis including age, comorbidity, and year of treatment to assess treatment-related complication end points. These included hospital admission; urologic, rectal, or anal procedures; open surgeries; and secondary malignancies. RESULTS: From the original cohort of 32,465 patients, 15,870 (48.9%) had surgery and 16,595 (51.1%) had radiation. Propensity score matching produced 8797 pairs (17,594 patients). Among these, when compared with patients treated with surgery, those treated with radiation experienced fewer admissions to hospital (hazard ratio [HR], 0.85; 95% confidence interval [CI], 0.78-0.92) and urologic procedures (HR, 0.50; 95% CI, 0.46-0.53) at year 1 but higher rates at year 3 (HR, 5.65; 95% CI, 4.61-6.91 and HR, 1.86; 95% CI, 1.62-2.13, respectively) and year 5. Although there was no significant difference in open surgeries at year 1, patients undergoing radiotherapy were at higher risk by year 3 (HR, 2.06; 95% CI, 1.23-3.47) and this rose by year 5. Over the study period, patients undergoing radiotherapy experienced more rectal-anal procedures (HR, 2.64; 95% CI, 2.37-2.95) and were diagnosed with more secondary malignancies (HR, 2.44; 95% CI, 1.16-5.14). Direct matching produced similar results. CONCLUSION: From a propensity score-matched analysis, we found that patients undergoing radiation therapy for prostate cancer had higher rates of long-term complications in all 5 categories studied than patients undergoing surgery.",Urology,2015,85,621-7,doi: 10.1016/j.urology.2014.11.037,https://www.ncbi.nlm.nih.gov/pubmed/25733275,,negative,0,2015.0
17315165,Radical prostatectomy for clinical stage T3a disease.,Freedland SJ,"BACKGROUND: Men with clinical stage T3a disease are at high risk and are often encouraged to undergo radiation therapy with concomitant hormonal therapy. The long-term outcomes among men treated with radical prostatectomy for clinical stage T3a disease were examined. METHODS: Among 3397 men treated by radical prostatectomy by 1 surgeon between 1987 and 2003, 62 (1.8%) men were identified who had clinical stage T3a disease. Among the 56 men not treated with neoadjuvant or adjuvant therapies before prostate-specific antigen (PSA) recurrence, the long-term outcomes of PSA-free survival, metastasis-free survival, and prostate cancer specific survival were examined. Median and mean follow-up after surgery were 10.3 and 13 years, respectively (range, 1-17). RESULTS: Ninety-one percent of men in this group had pathological T3 disease. PSA-free survival at 15 years after surgery was 49%. Metastasis-free survival and cause-specific survival at 15 years after surgery were 73% and 84%, respectively. Among men with a PSA recurrence, 46% received secondary therapy before metastasis. The only preoperative or pathological feature that predicted risk of prostate cancer death was lymph node metastasis (hazard ratio [HR]: 9.22, 95% confidence interval [CI]: 1.06-80.02, P = .044). Among the 28 men with a PSA recurrence, PSA doubling time (PSADT) data were available for 23, of which 11 (48%) has a PSADT >/=9 months. No patient with a PSADT >/=9 months died of prostate cancer. A PSADT <9 months was significantly associated with increased risk of prostate cancer death (log-rank, P = .004). CONCLUSIONS: In a select cohort of men with clinical stage T3a disease, radical prostatectomy alone provides long-term cancer control in about half of the men and results in a prostate cancer-specific survival of 84%. Among men with a PSA recurrence, PSADT at the time of recurrence is a useful determinant of risk of prostate cancer death.",Cancer,2007,109,1273-8,10.1002/cncr.22544,https://www.ncbi.nlm.nih.gov/pubmed/17315165,HIGH RISK,positive,1,
21872499,Low risk prostate cancer in men ≥ 70 years old: to treat or not to treat.,Rice KR,"OBJECTIVES: Prostate cancer (CaP) in the aging male will become an increasingly important and controversial health care issue. We evaluated the outcomes between a variety of treatments for low-risk CaP in patients 70 years of age and older. METHODS AND MATERIALS: A total of 3,650 men diagnosed with CaP between 1989 and 2009 were identified in the Center for Prostate Disease Research database to be 70 years of age or older at time of diagnosis. Of these patients, 770 men met the D'Amico criteria ([13]) for low-risk disease and were treated with radical prostatectomy, external beam radiation therapy, or watchful waiting. Cox proportional hazard models were used to compare clinicopathologic features across treatment groups. Kaplan-Meier analysis was used to compare biochemical recurrence-free, progression-free, and overall survival. RESULTS: Of the 770 patient cohort, 194 (25%) chose radical prostatectomy, 252 (33%) chose external beam radiation therapy, and 324 (42%) were initially managed by watchful waiting with 110 (34%) of this subset ultimately undergoing secondary treatment. The median follow-up was 6.4 years. There were no significant differences in distributions of race/ethnicity, number of medical comorbidities, or clinical stage across the treatment groups. Patients managed on watchful waiting without secondary treatment had the poorest overall survival on Kaplan-Meier analysis (P = 0.0001). Additionally, multivariate analysis confirmed this result for watchful waiting without secondary treatment as being a statistically significant predictor of overall mortality (HR 1.938, P = 0.0084).",Urol Oncol,2013,31,755-60,10.1016/j.urolonc.2011.07.004,https://www.ncbi.nlm.nih.gov/pubmed/21872499,LOW RISK,positive,1,
22831750,Clinical outcomes of high-dose-rate brachytherapy and external beam radiotherapy in the management of clinically localized prostate cancer.,Kotecha R,"PURPOSE: To report prostate-specific antigen (PSA) relapse-free survival and treatment-related toxicity outcomes after combining high-dose-rate (HDR) brachytherapy with external beam radiotherapy (EBRT) for patients with clinically localized prostate cancer. METHODS AND MATERIALS: Between 1998 and 2009, 229 patients were treated with HDR brachytherapy followed 3 weeks later by supplemental EBRT. The HDR brachytherapy boost consisted of three fractions of (192)Ir (5.5-7.5Gy per fraction), and EBRT consisted of intensity-modulated radiotherapy delivering an additional 45.0-50.4Gy directed to the prostate gland and seminal vesicles. Median follow-up was 61 months. RESULTS: Seven-year PSA relapse-free survival for low-, intermediate-, and high-risk patients were 95%, 90%, and 57%, respectively (p<0.001). Among high-risk patients treated with biological equivalent doses in excess of 190Gy, 7-year PSA relapse-free survival was 81%. In multivariate analysis, Gleason scores of ≥8 predicted for increased risk of biochemical failure, whereas the use of short-term neoadjuvant androgen deprivation therapy did not influence tumor-control outcomes even among intermediate- or high-risk patients. Seven-year incidence of distant metastases for low-, intermediate-, and high-risk patients were 5%, 3%, and 17%, respectively. Seven-year incidence of late Grade 2 and 3 genitourinary toxicities were 22.1% and 4.9%, respectively and the 7-year incidence of Grade 2 and 3 gastrointestinal toxicities were 1% and 0.4%, respectively. CONCLUSION: HDR prostate brachytherapy in conjunction with supplemental EBRT results in excellent biochemical relapse-free survival rates with a low incidence of severe late genitourinary or gastrointestinal toxicities. The use of short-term neoadjuvant androgen deprivation did not influence long-term biochemical tumor control in this cohort.",Brachytherapy,2013,12,44-9,10.1016/j.brachy.2012.05.003,https://www.ncbi.nlm.nih.gov/pubmed/22831750,INTERMEDIATE RISK,positive,1,
11490237,High dose radiation delivered by intensity modulated conformal radiotherapy improves the outcome of localized prostate cancer.,Zelefsky MJ,"PURPOSE: We present the long-term outcome and tolerance of 3-dimensional (D) conformal and intensity modulated radiation therapy for localized prostate cancer. MATERIALS AND METHODS: Between October 1988 and December 1998, 1,100 patients with clinical stages T1c-T3 prostate cancer were treated with 3-D conformal or intensity modulated radiation therapy. Patients were categorized into prognostic risk groups based on pretreatment prostate specific antigen (PSA), Gleason score and clinical stage. Sextant biopsies were performed 2.5 years or greater after treatment to assess local control. PSA relapse was defined according to the consensus guidelines of the American Society for Therapeutic Radiation Oncology. Late toxicity was classified according to the Radiation Therapy Oncology Group morbidity grading scale. Median followup was 60 months. RESULTS: At 5 years the PSA relapse-free survival rate in patients at favorable, intermediate and unfavorable risk was 85% (95% confidence interval [CI] +/- 4), 58% (95% CI +/- 6) and 38% (95% CI +/- 6), respectively (p <0.001). Radiation dose was the most powerful variable impacting PSA relapse-free survival in each prognostic risk group. The 5-year actuarial PSA relapse-free survival rate for patients at favorable risk who received 64.8 to 70.2 Gy. was 77% (95% CI +/- 8) compared to 90% (95% CI +/- 8) for those treated with 75.6 to 86.4 Gy. (p = 0.04) [corrected]. The corresponding rates were 50% (95% CI +/- 8) versus 70% (95% CI +/- 6) in intermediate risk cases (p = 0.001), and 21% (95% CI +/- 8) versus 47% (95% CI +/- 6) in unfavorable risk cases (p = 0.008) [corrected]. Only 4 of 41 patients (10%) who received 81 Gy. had a positive biopsy 2.5 years or greater after treatment compared with 27 of 119 (23%) after 75.6, 23 of 68 (34%) after 70.2 and 13 of 24 (54%) after 64.8 Gy. The incidence of toxicity after 3-D conformal radiation therapy was dose dependent. The 5-year actuarial rate of grade 2 rectal toxicity in patients who received 75.6 Gy. or greater was 14% (95% CI +/- 2) compared with 5% (95% CI +/- 2) in those treated at lower dose levels (p <0.001). Treatment with intensity modulated radiation therapy significantly decreased the incidence of late grade 2 rectal toxicity since the 3-year actuarial incidence in 189 cases managed by 81 Gy. was 2% (95% CI +/- 2) compared with 14% (95% CI +/- 2) in 61 managed by the same dose of 3-D conformal radiation therapy (p = 0.005). The 5-year actuarial rate of grade 2 urinary toxicity in patients who received 75.6 Gy. or greater 3-D conformal radiation therapy was 13% compared with 4% in those treated up to lower doses (p <0.001). Intensity modulated radiation therapy did not affect the incidence of urinary toxicity. CONCLUSIONS: Sophisticated conformal radiotherapy techniques with high dose 3-D conformal and intensity modulated radiation therapy improve the biochemical outcome in patients with favorable, intermediate and unfavorable risk prostate cancer. Intensity modulated radiation therapy is associated with minimal rectal and bladder toxicity, and, hence, represents the treatment delivery approach with the most favorable risk-to-benefit ratio.",J Urol,2001,166,876-81,,https://www.ncbi.nlm.nih.gov/pubmed/11490237,HIGH RISK,positive,1,
20189847,Prospective comparison of PSA kinetics following two different prostate cancer brachytherapy planning methods: preoperative and real-time intraoperative dosimetry planning,Matzkin H,"OBJECTIVES: Preoperative planning (PP) and intraoperative planning (IoP) are established (125)I-brachytherapy techniques for the treatment of localized prostate cancer. We prospectively compared the effects of each method on reducing PSA levels. MATERIALS AND METHODS: One hundred eighty patients treated with brachytherapy as monotherapy without neoadjuvant androgen deprivation therapy or external beam radiation using PP (75) or IoP (105) methodologies and with ≥ 5 years of follow-up were included in the study. CT-based dosimetry was calculated 1 month postoperatively. PSA was obtained every 3 months for the first year and semiannually thereafter. Available PSA and dosimetric data from both groups were analyzed and compared. RESULTS: At 5 years after brachytherapy, the probability of having a nadir PSA value < 0.5 ng/ml was 90% in the IoP group compared with 60% in the PP group (P < 0.0001). The rate of PSA decline was 3-fold faster in the IoP group than in the PP group. Dosimetry results highly favored the IoP method: mean V(100) (%) and D(90) (Gy) were 95 and 180 vs. 60 and 81 (P < 0.001), respectively. CONCLUSIONS: Our initial finding of highly superior postimplant CT dosimetry calculations of the IoP method are now substantiated by the biochemical favorable results (PSA kinetics) of this method.",Urol Oncol,2012,,-,doi: 10.1016/j.urolonc.2009.12.001. Epub 2010 Mar 2,https://www.ncbi.nlm.nih.gov/pubmed/20189847,,negative,0,2010.0
26251127,Urethra-sparing high-intensity focused ultrasound for localized prostate cancer: Functional and oncological outcomes,Shoji S,"OBJECTIVES: To evaluate longitudinal changes in urinary function and quality of life, and the oncological outcomes of patients treated with urethra-sparing high-intensity focused ultrasound for localized prostate cancer. METHODS: Patients with negative findings in the urethra and the anterior urethral zone using transrectal ultrasound-guided targeted biopsies, and magnetic resonance imaging, received urethra-sparing or whole-gland high-intensity focused ultrasound as the primary therapy for localized prostate cancer without transurethral resection of the prostate. Longitudinal changes in urinary function and quality of life, and the oncological outcomes of the patients were analyzed retrospectively. RESULTS: The median follow-up times for urethra-sparing and whole-gland high-intensity focused ultrasound were 36 and 30 months, respectively. Comparing the patients treated with urethra-sparing high-intensity focused ultrasound (n = 45) with those treated with whole-gland high-intensity focused ultrasound (n = 65), there were significant differences in the International Prostate Symptom Score (P = 0.014) at 3 months, International Prostate Symptom Score quality of life (P = 0.033) at 3 months, maximum urinary flow rate (mL/s; at 3 months, P = 0.010; at 6 months, P = 0.038) and residual urine volume (mL; at 3 months, P < 0.0001; at 6 months, P = 0.016; at 12 months, P = 0.028). For quality of life, there were significant differences in Functional Assessment of Cancer Therapy - General (at 3 months, P = 0.022) and Functional Assessment of Cancer Therapy - Prostate (at 3 months, P = 0.028; at 6 months, P = 0.034). There were no significant differences in oncological outcomes regarding negative biopsy rates on follow up (91% vs 92%; P = 0.8) or biochemical disease-free survival rates (86.7% vs 89.2%; P = 0.7). CONCLUSIONS: Urethra-sparing high-intensity focused ultrasound might prevent prolonged bladder outlet obstruction, and could be a treatment option for localized prostate cancer.",Int J Urol,2015,22,1043-9,doi: 10.1111/iju.12876. Epub 2015 Aug 6,https://www.ncbi.nlm.nih.gov/pubmed/26251127,,negative,0,2015.0
26499318,Passive proton therapy vs. IMRT planning study with focal boost for prostate cancer,Yeo I,"BACKGROUND: Exploiting biologic imaging, studies have been performed to boost dose to gross intraprostatic tumor volumes (GTV) while reducing dose elsewhere in the prostate. Interest in proton beams has increased due to superior normal-tissue sparing they afford. Our goal was to dosimetrically compare 3D conformal proton boost plans with intensity-modulated radiation therapy (IMRT) plans with respect to target coverage and avoiding organs at risk. METHODS: Treatment planning computer tomography scans of ten patients were selected. For each patient, two hypothetical but realistic GTVs each with a fixed volume were contoured in different anatomical locations of the prostate. IMRT and proton beam plans were created with a prescribed dose of 50.4 Gy to the initial planning target volume (PTV) including the PTV of the seminal vesicles (PSV), 70.2 Gy to the PTV of the prostate (PPS), and 90 Gy to the PTV of the gross tumor volumes (PGTVs). For proton plans, uncertainties of range and patient setup were accounted for; apertures were adjusted until the dose-volume coverage of PTVs matched that of the IMRT plan. For both plans, prescribed PTV doses were made identical to allow for comparing normal-tissue doses. RESULTS: Protons delivered more homogeneous but less conformal doses to PGTVs than IMRT did and comparable doses to PSV and PPS. Volumes of bladder and rectum receiving doses higher than 65 Gy were similar for both plans. However, volumes receiving less than 65 Gy were significantly reduced, i.e., protons reduced integral dose by 45.6 % and 26.5 % for rectum and bladder, respectively. This volume-sparing was also seen in femoral heads and penile bulb. CONCLUSIONS: Protons delivered comparable doses to targets in dose homogeneity and conformity and spared normal tissues from intermediate-to-low doses better than IMRT did. Further improvement of dose sparing and changes in homogeneity and conformity may be achieved by reducing proton range uncertainties and from implementing intensity modulation.",Radiat Oncol,2015,24,,doi: 10.1186/s13014-015-0522-5,https://www.ncbi.nlm.nih.gov/pubmed/26499318,,negative,0,2015.0
21163590,Phase I trial of pelvic nodal dose escalation with hypofractionated IMRT for high-risk prostate cancer,Adkison JB,"PURPOSE: Toxicity concerns have limited pelvic nodal prescriptions to doses that may be suboptimal for controlling microscopic disease. In a prospective trial, we tested whether image-guided intensity-modulated radiation therapy (IMRT) can safely deliver escalated nodal doses while treating the prostate with hypofractionated radiotherapy in 5½ weeks. METHODS AND MATERIALS: Pelvic nodal and prostatic image-guided IMRT was delivered to 53 National Comprehensive Cancer Network (NCCN) high-risk patients to a nodal dose of 56 Gy in 2-Gy fractions with concomitant treatment of the prostate to 70 Gy in 28 fractions of 2.5 Gy, and 50 of 53 patients received androgen deprivation for a median duration of 12 months. RESULTS: The median follow-up time was 25.4 months (range, 4.2-57.2). No early Grade 3 Radiation Therapy Oncology Group or Common Terminology Criteria for Adverse Events v.3.0 genitourinary (GU) or gastrointestinal (GI) toxicities were seen. The cumulative actuarial incidence of Grade 2 early GU toxicity (primarily alpha blocker initiation) was 38%. The rate was 32% for Grade 2 early GI toxicity. None of the dose-volume descriptors correlated with GU toxicity, and only the volume of bowel receiving ≥30 Gy correlated with early GI toxicity (p = 0.029). Maximum late Grades 1, 2, and 3 GU toxicities were seen in 30%, 25%, and 2% of patients, respectively. Maximum late Grades 1 and 2 GI toxicities were seen in 30% and 8% (rectal bleeding requiring cautery) of patients, respectively. The estimated 3-year biochemical control (nadir + 2) was 81.2 ± 6.6%. No patient manifested pelvic nodal failure, whereas 2 experienced paraaortic nodal failure outside the field. The six other clinical failures were distant only. CONCLUSIONS: Pelvic IMRT nodal dose escalation to 56 Gy was delivered concurrently with 70 Gy of hypofractionated prostate radiotherapy in a convenient, resource-efficient, and well-tolerated 28-fraction schedule. Pelvic nodal dose escalation may be an option in any future exploration of potential benefits of pelvic radiation therapy in high-risk prostate cancer patients.",Int J Radiat Oncol Biol Phys,2012,1,,doi: 10.1016/j.ijrobp.2010.09.018. Epub 2010 Dec 14,https://www.ncbi.nlm.nih.gov/pubmed/21163590,,negative,0,2010.0
23871661,"Comparison of dose-escalated, image-guided radiotherapy vs. dose-escalated, high-dose-rate brachytherapy boost in a modern cohort of intermediate-risk prostate cancer patients.",Marina O,"PURPOSE: We compared outcomes in intermediate-risk prostate cancer patients treated with dose-escalated adaptive image-guided radiation therapy (IGRT) or dose-escalated high-dose-rate brachytherapy boost (HDR-B). METHODS AND MATERIALS: Patients with intermediate-risk prostate cancer by National Comprehensive Cancer Network criteria were treated with either CT-based off-line adaptive IGRT (n = 734) or HDR-B (n = 282). IGRT was delivered with 3D-conformal or intensity-modulated radiation therapy with a median dose of 77.4 Gy. For HDR-B, the whole pelvis received a median 46 Gy, and the prostate 2 implants of 9.5 Gy (n = 71), 10.5 Gy (n = 155), or 11.5 Gy (n = 56). RESULTS: Median followup was 3.7 years for IGRT and 8.0 years for HDR-B (p < 0.001). Eight-year biochemical control was 86% for IGRT and 91% for HDR-B (p = 0.22), disease-free survival 67% for IGRT and 79% for HDR-B (p = 0.006), and overall survival 75% for IGRT and 86% for HDR-B (p = 0.009). Cause-specific survival (8-year, 100% vs. 99%), freedom from distant metastases (98% vs. 97%), and freedom from local recurrence (98% vs. 98%) did not differ (p > 0.50 each). A worse prognosis group was defined by percent positive prostate biopsy cores >50%, perineural invasion, or stage T2b-c, encompassing 260 (35%) IGRT and 171 (61%) HDR-B patients. These patients evidenced a 5-year biochemical control of 96% for HDR-B and 87% for IGRT (p = 0.002). CONCLUSIONS: Dose-escalated IGRT and HDR-B both yield excellent clinical outcomes for patients with intermediate-risk prostate cancer. Improved biochemical control with HDR-B for patients with worse pretreatment characteristics suggests that a subgroup of intermediate-risk prostate cancer patients may benefit from dual-modality treatment.",Brachytherapy,2014,13,59-67,10.1016/j.brachy.2013.05.004,https://www.ncbi.nlm.nih.gov/pubmed/23871661,INTERMEDIATE RISK,positive,1,
31721315,Focal salvage low-dose-rate brachytherapy for recurrent prostate cancer based on magnetic resonance imaging/transrectal ultrasound fusion biopsy technique,Yamada Y,"OBJECTIVE: To examine the effect of permanent salvage brachytherapy in prostate cancer patients suffering recurrence after three-dimensional conformal external beam radiotherapy. METHODS: The ultra-focal (target lesion alone), hemi-lobe (within a hemi-lobe) or focused whole-gland (focusing on the lesion, but extending into the whole gland) pattern was selected based on the Gleason score for the targeted biopsy, the numbers of positive cores in the targeted and systematic biopsies, and the locations of the positive cores. Novel dosimetry criteria derived from three-dimensional cancer mapping, which was based on targeted magnetic resonance imaging/transrectal ultrasound fusion biopsies, were used in these cases. RESULTS: Permanent salvage brachytherapy was carried out in 13 patients who suffered prostate-specific antigen failure (prostate-specific antigen 2.1-6.8 ng/mL; age range 57-75 years; Gleason score ≤7 [n = 10], Gleason score ≥8 [n = 2] and Gleason score not available [n = 1]) since 2012. The targeted biopsy showed a single focus in three patients. The ultra-focal, hemi-lobe and focused whole-gland patterns were chosen in three, five and five patients, respectively. During the follow-up period (median duration 48 months), prostate-specific antigen failure occurred in zero of three, one of five and three of five of the patients treated with the ultra-focal, hemi-lobe and focused whole-gland patterns, respectively. The 4-year biochemical recurrence-free survival rate was 74%. No grade 3-4 adverse intestinal or urological events occurred. CONCLUSIONS: Targeted fusion biopsy-based three-dimensional cancer mapping should be used for permanent salvage brachytherapy treatment planning to reduce the incidence of treatment-related adverse events while maintaining good oncological outcomes.",Int J Urol,2020,27,149-155,doi: 10.1111/iju.14151. Epub 2019 Nov 13,https://www.ncbi.nlm.nih.gov/pubmed/31721315,,negative,0,2020.0
20122161,Stereotactic body radiotherapy for organ-confined prostate cancer,Katz AJ,"BACKGROUND: Improved understanding of prostate cancer radiobiology combined with advances in delivery of radiation to the moving prostate offer the potential to reduce treatment-related morbidity and maintain quality of life (QOL) following prostate cancer treatment. We present preliminary results following stereotactic body radiotherapy (SBRT) treatment for organ-confined prostate cancer. METHODS: SBRT was performed on 304 patients with clinically localized prostate cancer: 50 received 5 fractions of 7 Gy (total dose 35 Gy) and 254 received 5 fractions of 7.25 Gy (total dose 36.25 Gy). Acute and late toxicity was assessed using the Radiation Therapy Oncology Group scale. The Expanded Prostate Cancer Index Composite questionnaire was used to assess QOL. Prostate-specific antigen response was monitored. RESULTS: At a median 30-month (26 - 37 month, range) follow-up there were no biochemical failures for the 35-Gy dose level. Acute Grade II urinary and rectal toxicities occurred in 4% of patients with no higher Grade acute toxicities. One Grade II late urinary toxicity occurred with no other Grade II or higher late toxicities. At a median 17-month (8 - 27 month, range) follow-up the 36.25 Gy dose level had 2 low- and 2 high-risk patients fail biochemically (biopsy showed 2 low- and 1 high-risk patients were disease-free in the gland). Acute Grade II urinary and rectal toxicities occurred in 4.7% (12/253) and 3.6% (9/253) of patients, respectively. For those patients with a minimum of 12 months follow-up, 5.8% (12/206) had late Grade II urinary toxicity and 2.9% (6/206) had late Grade II rectal toxicities. One late Grade III urinary toxicity occurred; no Grade IV toxicities occurred. For both dose levels at 17 months, bowel and urinary QOL returned to baseline values; sexual QOL decreased by 10%. CONCLUSIONS: The low toxicity and maintained QOL are highly encouraging. Additional follow-up is needed to determine long-term biochemical control and maintenance of low toxicity and QOL.",BMC Urol,2010,1,,doi: 10.1186/1471-2490-10-1,https://www.ncbi.nlm.nih.gov/pubmed/20122161,,negative,0,2010.0
31437121,Focal Therapy for Localized Prostate Cancer with Either High Intensity Focused Ultrasound or Cryoablation: A Single Institution Experience,Tourinho-Barbosa RR,"PURPOSE: We report oncologic outcomes in patients treated with focal therapy for prostate cancer. MATERIALS AND METHODS: We retrospectively analyzed a single institution cohort of men with localized prostate cancer who received focal therapy using high intensity focused ultrasound or cryotherapy from 2009 to 2018. Focal therapy was offered for low or intermediate risk disease (prostate specific antigen less than 20 ng/ml, Gleason score 7 or less and clinical stage T2b or less). Patients with previous prostate cancer treatment or less than 6 months of followup were excluded from study. Failure was defined as local or systemic salvage treatment, a positive biopsy Gleason score of 7 or greater in-field or out-of-field in nontreated patients, prostate cancer metastasis or prostate cancer specific death. Cox regression analysis was done to identify independent predictors of failure after focal therapy. RESULTS: Of the 309 patients included in study 190 and 119 were treated with high intensity focused ultrasound and cryotherapy, respectively. Median followup was 45 months. At 1, 3 and 5 years the failure-free survival rate was 95%, 67% and 54%, and the radical treatment-free survival rate was 99%, 79% and 67%, respectively. The 5-year metastasis-free survival rate was 98% and no prostate cancer specific death was registered in this cohort. Before focal therapy a biopsy Gleason score of 7 (3 + 4) or greater (HR 2.4, p <0.001) and nadir prostate specific antigen (HR 2.2, p <0.001) were independently associated with failed focal therapy. In the salvage focal therapy setting in-field recurrence after primary focal therapy was associated with poorer failure-free survival (p=0.02). CONCLUSIONS: Almost half of the men were free of focal therapy failure 5 years after treatment. Still, a significant proportion experienced recurrence at the midterm followup. The preoperative biopsy Gleason score and nadir prostate specific antigen were significantly associated with treatment failure.",J Urol,2020,203,320-330,doi: 10.1097/JU.0000000000000506. Epub 2019 Aug 22,https://www.ncbi.nlm.nih.gov/pubmed/31437121,,negative,0,2020.0
20224263,Outcome of adjuvant radiotherapy after radical prostatectomy for prostate cancer patients,Suzuki K,"AIM: To examine the outcome and risk factors of biochemical failure (BCF) in Japanese prostate cancer (PCa) patients treated with adjuvant radiotherapy (RT) after radical prostatectomy (RP). PATIENTS AND METHOD: In this study we enrolled 83 Japanese patients having clinically organ-confined PCa without neoadjuvant treatments who received conventional RT (60 Gy) after RP. All patients had extracapsular extension (ECE) and/or positive surgical margin (PSM) of the RP specimens, but no lymph node metastasis. The disease-specific, clinical failure-free, and BCF-free survivals were analyzed. Furthermore, the risk factors affecting the BCF-free survival were examined in detail. RESULTS: The 5-year disease-specific, clinical failure-free, and BCF-free survival rates were 100, 99, and 87%, respectively. The clinicopathological factors associated with BCF were seminal vesicle invasion (SVI) (p = 0.024), perineural invasion (PNI) (p = 0.03), and pre-RT prostate-specific antigen (PSA) (p = 0.014). In the patients with PSM (n = 59), the entire surgical margin-positive patients had a significantly higher risk of BCF than the focal surgical margin-positive patients (p = 0.015). Multivariate analysis showed that SVI and pre-RT PSA were independent prognostic factors of BCF (p = 0.0142, p = 0.0225, respectively). 22% of our patients had only low-grade adverse effects. CONCLUSION: The outcome of adjuvant RT after RP in the Japanese patients with ECE and/or PSM was excellent, and the adverse effects were mild and tolerable. However, the patients with SVI, PNI, entire surgical margin-positive specimens, or high pre-RT PSA had poor biochemical control by only adjuvant RT after RP.",Urol Int,2010,84,382-7,doi: 10.1159/000296288. Epub 2010 Mar 13,https://www.ncbi.nlm.nih.gov/pubmed/20224263,,negative,0,2010.0
20561698,Development of a patient-reported questionnaire for collecting toxicity data following prostate brachytherapy,Farnell DJ,"PURPOSE: To improve a questionnaire used to collect patient-reported outcomes from patients with early stage prostate cancer treated with brachytherapy. A secondary aim was to adapt the Late Effects of Normal Tissue (LENT) subjective toxicity questionnaire for use to collect Common Terminology Criteria for Adverse Events (CTCAE) data, the current preferred platform for assessing radiation toxicity. MATERIALS AND METHODS: Three hundred and seventy-seven patients were treated with permanent iodine-125 seed implant brachytherapy for early prostate cancer. Toxicity data were collected before and at nine time points post-treatment (0-36 months). Compliance rates for patients completing individual items and item-subsection correlation coefficients were calculated. A factor analysis was carried out to analyse responses to the questionnaire and identify less informative questions, which could be removed. Cronbach's α coefficient was used to measure reliability. RESULTS: Two thousand one hundred and eighty-eight questionnaires were analysed. There was poor compliance for questions specifically relating to operations and bowel medication. We found that the division of the questionnaire into subsections based on anatomical site was reasonable and that certain items could be safely removed. The high mean value for Cronbach's α across all questionnaires (0.752; 95% CI: 0.726-0.779) indicated that the questionnaire was reliable. Fifteen of the 44 questions were removed from the original questionnaires. Questions on urinary incontinence severity, management of urinary and bowel incontinence, effects of reduced flow of urine and the effects of symptoms on activity of daily living and change in sexual function were required to adapt the LENT subjective questionnaire for use to collect CTCAE data. CONCLUSIONS: A questionnaire, validated over 6 years to collect LENT subjective data were adapted and is a reliable approach for collecting CTCAE data after prostate brachytherapy.",Radiother Oncol,2010,97,136-42,doi: 10.1016/j.radonc.2010.05.011. Epub 2010 Jun 17,https://www.ncbi.nlm.nih.gov/pubmed/20561698,,negative,0,2010.0
25578739,Systematic review and meta-analysis of the survival outcomes of first-line treatment options in high-risk prostate cancer,Lei JH,"Prostate cancer (PCa) is the most common non-dermatologic cancer in the western countries in western countries. High-risk PCa accounts for 15% of the diagnosed cases. In this study, we compare the long-term survival outcomes of radical prostatectomy (RP), radiation therapy (RT), brachytherapy (BT), androgen- deprivation therapy (ADT), and watchful waiting (WW) in high-risk prostate cancer (PCa). Overall, RP/(RT plus ADT) gave the best survival outcome in patients with high-risk PCa, whereas ADT/WW had the worst outcome. The overall priority for treatment strategy could be ranked as follows: RP/(RT plus ADT), RT, and ADT/WW. RP had significant better overall survival (OS) than RT or BT, and RP had significant lower cancer-specific mortality (CSM) than RT (0.51 [95% CI 0.30-0.73], P<0.001). ADT improved the cancer-specific survival (CSS) of RP based on a case-controlled study; added ADT to RT failed to challenge the position of RP but could improve the outcome of RT. In conclusions,RP/(RT plus adjuvant ADT) could both be used for the first-line therapy of high-risk PCa. When encountering an individual patient, urologists should consider various factors like tumors themselves, preferences of individuals, and so on.",Sci Rep,2015,12,,doi: 10.1038/srep07713,https://www.ncbi.nlm.nih.gov/pubmed/25578739,,negative,0,2015.0
26632846,Role of Focal Therapy with High-Intensity Focused Ultrasound in the Management of Clinically Localized Prostate Cancer,Kuru TH,"Overtreatment of prostate cancer (PC) remains one of the main burdens in uro-oncology. Focal therapy may be a reasonable alternative with less side effects and morbidity. Application of high-intensity focused ultrasound (HIFU) induces immediate and irreversible coagulation. The treatment leads to consecutive necrosis with sharply delineated margins, making HIFU a promising tool for the focal therapy of localized PC. Unlike radiation, the treatment leaves no collateral damage outside of the heated tissue, allowing repeated use of HIFU, if necessary. In case of non-organ-confined relapse, additional radical salvage therapy can be performed. This review gives an overview of the existing evidence on focal HIFU. Today, 3 HIFU devices are approved for the treatment of localized PC: Sonablate™, Ablatherm™ and the FocalOne™ device. In summary, the first published results of focal HIFU are promising. The quality of life and potency of the patients are well preserved. Therefore, HIFU treatment, and especially focal ablation of tumor foci, seems to be a safe alternative to standard treatment, with low side effects. The oncologic results seem satisfactory but need further follow-up to validate this practice of PC control.",Oncol Res Treat,2015,38,634-8,doi: 10.1159/000441600. Epub 2015 Nov 9,https://www.ncbi.nlm.nih.gov/pubmed/26632846,,negative,0,2015.0
19464818,Salvage radiotherapy for rising prostate-specific antigen levels after radical prostatectomy for prostate cancer: dose-response analysis,Bernard JR Jr,"PURPOSE: To investigate the association between external beam radiotherapy (EBRT) dose and biochemical failure (BcF) of prostate cancer in patients who received salvage prostate bed EBRT for a rising prostate-specific antigen (PSA) level after radical prostatectomy. METHODS AND MATERIALS: We evaluated patients with a rising PSA level after prostatectomy who received salvage EBRT between July 1987 and October 2007. Patients receiving pre-EBRT androgen suppression were excluded. Cox proportional hazards models were used to investigate the association between EBRT dose and BcF. Dose was considered as a numeric variable and as a categoric variable (low, <64.8 Gy; moderate, 64.8-66.6 Gy; high, >66.6 Gy). RESULTS: A total of 364 men met study selection criteria and were followed up for a median of 6.0 years (range, 0.1-19.3 years). Median pre-EBRT PSA level was 0.6 ng/mL. The estimated cumulative rate of BcF at 5 years after EBRT was 50% overall and 57%, 46%, and 39% for the low-, moderate-, and high-dose groups, respectively. In multivariable analysis adjusting for potentially confounding variables, there was evidence of a linear trend between dose and BcF, with risk of BcF decreasing as dose increased (relative risk [RR], 0.77 [5.0-Gy increase]; p = 0.05). Compared with the low-dose group, there was evidence of a decreased risk of BcF for the high-dose group (RR, 0.60; p = 0.04), but no difference for the moderate-dose group (RR, 0.85; p = 0.41). CONCLUSIONS: Our results suggest a dose response for salvage EBRT. Doses higher than 66.6 Gy result in decreased risk of BcF.",Int J Radiat Oncol Biol Phys,2010,1,,doi: 10.1016/j.ijrobp.2009.02.049. Epub 2009 May 21,https://www.ncbi.nlm.nih.gov/pubmed/19464818,,negative,0,2010.0
26033633,Impact of obesity on outcomes after definitive dose-escalated intensity-modulated radiotherapy for localized prostate cancer,Wang LS,"BACKGROUND: Previous publications have demonstrated conflicting results regarding body mass index (BMI) and prostate cancer (CaP) outcomes after definitive radiotherapy (RT) before the dose escalation era. The goal of the current study was to determine whether increasing BMI was associated with outcomes in men with localized CaP who were treated with dose-escalated RT. METHODS: The authors identified patients with localized (T1b-T4N0M0) CaP who were treated with definitive intensity-modulated RT and image-guided RT from 2001 through 2010. BMI was analyzed as a continuous variable. Adjusting for confounders, multivariable competing risk and Cox proportional hazards regression models were used to assess the association between BMI and the risk of biochemical failure (BF), distant metastases (DM), cause-specific mortality (CSM), and overall mortality. RESULTS: Of the 1442 patients identified, approximately 20% had a BMI <25 kg/m(2) , 48% had a BMI of 25 to 29.9 kg/m(2) , 23% had a BMI of 30 to 34.9 kg/m(2) , 6% had a BMI of 35 to 39.9 kg/m(2) , and 4% had a BMI of ≥40 kg/m(2) . The median follow-up was 47.6 months (range, 1-145 months), with a median age of 68 years (range, 36-89 years). The median dose was 78 grays (range, 76-80 grays) and 30% of patients received androgen deprivation therapy. Increasing BMI was found to be inversely associated with age (P<.001) and pretreatment prostate-specific antigen level (P = .018). On multivariable analysis, increasing BMI was associated with an increased risk of BF (hazard ratio [HR], 1.03; 95% confidence interval [95% CI], 1.00-1.07 [P = .042]), DM (HR, 1.07; 95% CI, 1.02-1.11 [P = .004]), CSM (HR, 1.15; 95% CI, 1.07-1.23 [P<.001]), and overall mortality (HR, 1.05; 95% CI, 1.02-1.08 [P = .004]). CONCLUSIONS: For patients with CaP receiving dose-escalated intensity-modulated RT with daily image-guidance, increasing BMI appears to be associated with an increased risk of BF, DM, CSM, and overall mortality.",Cancer,2015,1,,doi: 10.1002/cncr.29472. Epub 2015 May 29,https://www.ncbi.nlm.nih.gov/pubmed/26033633,,negative,0,2015.0
20044216,Young men have equivalent biochemical outcomes compared with older men after treatment with brachytherapy for prostate cancer.,Burri RJ,"PURPOSE: To evaluate retrospectively the biochemical outcomes of young men treated with low-dose-rate brachytherapy for prostate cancer. METHODS AND MATERIALS: From 1990 to 2005, 1,665 men with clinically localized prostate cancer were treated with low-dose-rate brachytherapy +/- hormone therapy (HT) +/- external beam radiotherapy and underwent > or = 2 years of follow-up. Patients were stratified on the basis of age: < or = 60 (n = 378) and >60 years (n = 1,287). Biochemical failure was defined as a prostate-specific antigen (PSA) nadir plus 2 ng/mL. Univariate and multivariate analyses were used to determine the association of variables with freedom from biochemical failure (FFbF). RESULTS: Median follow-up was 68 months (range, 24-180) for men < or = 60 years and 66 months (range, 24-200) for men >60. For the entire group, the actuarial 5- and 8-year FFbF rates were 94% and 88%, respectively. Men < or = 60 demonstrated similar 5- and 8-year FFbF (95% and 92%) compared with men >60 (93% and 87%; p = 0.071). A larger percent of young patients presented with low-risk disease; lower clinical stage, Gleason score (GS), and pretreatment PSA values; were treated after 1997; did not receive any HT; and had a high biologic effective dose (BED) of radiation (all ps <0.001). On multivariate analysis, PSA (p = 0.001), GS (p = 0.005), and BED (p < 0.001) were significantly associated with FFbF, but age was not (p = 0.665). CONCLUSION: Young men achieve excellent 5- and 8-year biochemical control rates that are comparable to those of older men after prostate brachytherapy. Young age should not be a deterrent when considering brachytherapy as a primary treatment option for clinically localized prostate cancer.",Int J Radiat Oncol Biol Phys,2010,77,1315-21,10.1016/j.ijrobp.2009.06.052,https://www.ncbi.nlm.nih.gov/pubmed/20044216,LOW RISK,positive,1,
32350585,Surgery associated with increased survival compared to radiation in clinically localized Gleason 9-10 prostate cancer: a SEER analysis,Nemirovsky A,"PURPOSE: Men with Gleason score 9-10 prostate cancer have worse outcomes compared to those with Gleason 8 disease. Upfront treatments remain controversial for these patients. Using the Surveillance, Epidemiology, and End Results (SEER) database, we evaluated the impact of initial treatment with external beam radiation therapy (EBRT), external beam radiation therapy with brachytherapy (EBRT + BT), or surgery on prostate cancer-specific mortality (PCSM) and overall mortality (OM) in Gleason 9-10 disease. METHODS: The SEER database was queried for men diagnosed with biopsy Gleason 9-10 prostate cancer from 2005 to 2014. Gathered data included demographic, pathologic, therapy received, and survival outcomes. Kaplan-Meier survival curves and crude and multivariate analyses were generated for initial therapy with EBRT, EBRT + BT, or surgery. RESULTS: A total of 7877 men were included, 4465 (56.7%) who underwent upfront treatment with EBRT alone, 623 (7.9%) with EBRT + BT, and 2789 (35.4%) with surgery. The 7 year PCSM rates were 29.2, 15.0, and 14.6% for EBRT, EBRT + BT, and surgery respectively (p < 0.001). The 7 year OM rates were 43.8, 27.2, and 20.0% for EBRT, EBRT + BT, and surgery, respectively (p < 0.001).When controlling for age, year of diagnosis, Gleason score, clinical T stage, and PSA level on multivariate analysis, EBRT had greater PCSM and OM than surgery (HR 0.41, 95% CI 0.28-0.61, p < 0.001 and HR 0.44, 95% CI 0.34-0.57, p < 0.001 respectively), but the mortality differences was not statistically significant between EBRT and EBRT + BT. CONCLUSION: Among men with localized Gleason 9-10 disease, surgery was associated with statistically significant improved survival outcomes compared to EBRT alone.",World J Urol,2021,39,415-423,doi: 10.1007/s00345-020-03215-x. Epub 2020 Apr 29,https://www.ncbi.nlm.nih.gov/pubmed/32350585,,negative,0,2020.0
16309852,Disease-specific survival following the brachytherapy management of prostate cancer,Stock RG,"PURPOSE: To determine disease-specific survival (DSS) and associated predictive factors after prostate brachytherapy. METHODS AND MATERIALS: A total of 1561 patients underwent brachytherapy for prostate cancer from 1990 to 2004 (median follow-up, 3.8 years). Treatment included brachytherapy alone (n = 634), brachytherapy and hormonal therapy (n = 420), and implant and external beam therapy (n = 507). RESULTS: The DSS and overall survival rates at 10 years were 96% and 74%, respectively. Gleason score significantly impacted DSS, with 10-year rates of 98%, 91%, and 92% for scores of < or = 6, 7, and > or = 8, respectively (p < 0.0001). Multivariate analysis revealed that PSA status after treatment had the most significant effect on DSS. Ten-year DSS rates were 100%, 52%, and 98%, respectively for patients without PSA failure (n = 1430), failure with a doubling time (DT) < or = 10 months (n = 64), and failure with a DT > 10 months (n = 67), respectively (p < 0.0001). In patients with PSA failure, DSS rates were 30%, 67%, and 98%, for those with DT < or = 6 months, > 6-10 months, and > 10 months, respectively (p < 0.0001). CONCLUSIONS: The 10-year DSS rate supports the efficacy of brachytherapy. Patients dying with disease within 10 years after treatment harbor inherently aggressive cancer with high Gleason scores and short DT.",Int J Radiat Oncol Biol Phys,2006,1,,doi: 10.1016/j.ijrobp.2005.09.005. Epub 2005 Nov 23,https://www.ncbi.nlm.nih.gov/pubmed/16309852,,negative,0,2005.0
20675072,"10-year experience with I-125 prostate brachytherapy at the Princess Margaret Hospital: results for 1,100 patients",Crook J,"PURPOSE: To report outcomes for 1,111 men treated with iodine-125 brachytherapy (BT) at a single institution. METHODS AND MATERIALS: A total of 1,111 men (median age, 63) were treated with iodine-125 prostate BT for low- or intermediate-risk prostate cancer between March 1999 and November 2008. Median prostate-specific antigen (PSA) level was 5.4 ng/ml (range, 0.9-26.1). T stage was T1c in 66% and T2 in 34% of patients. Gleason score was 6 in 90.1% and 7 or 8 in 9.9% of patients. Neoadjuvant hormonal therapy (2-6 months course) was used in 10.1% of patients and combined external radiotherapy (45 Gy) with BT (110 Gy) in 4.1% (n = 46) of patients. Univariate and multivariate Cox proportional hazards were used to determine predictors of failure. RESULTS: Median follow-up was 42 months (range, 6-114), but for biochemical freedom from relapse, a minimum PSA test follow-up of 30 months was required (median 54; n = 776). There were 27 failures, yielding an actuarial 7-year disease-free survival rate of 95.2% (96 at risk beyond 84 months). All failures underwent repeat 12-core transrectal ultrasound -guided biopsies, confirming 8 local failures. On multivariate analysis, Gleason score was the only independent predictor of failure (p = 0.001; hazard ratio, 4.8 (1.9-12.4). Median International Prostate Symptom score from 12 to 108 months ranged between 3 and 9. Of the men reporting baseline potency, 82.8% retained satisfactory erectile function beyond 5 years. CONCLUSION: Iodine-125 prostate BT is a highly effective treatment option for favorable- and intermediate-risk prostate cancer and is associated with maintenance of good urinary and erectile functions.",Int J Radiat Oncol Biol Phys,2011,1,,doi: 10.1016/j.ijrobp.2010.04.038. Epub 2010 Aug 1,https://www.ncbi.nlm.nih.gov/pubmed/20675072,,negative,0,2010.0
26768965,Radiotherapy Boost for the Dominant Intraprostatic Cancer Lesion-A Systematic Review and Meta-Analysis,von Eyben FE,"External beam radiotherapy (EBRT) for prostate cancer can be performed with a high dose of 86 Gy; however, one-tenth or more of the patients will develop recurrence. Prostate cancer is mainly multifocal, but a dominant intraprostatic lesion (DIL) is often the site of local recurrence after EBRT. We undertook a systematic review and meta-analysis to clarify whether functional imaging might identify the DIL and whether a RT boost to the DIL might be increased to an ultrahigh dose level of ≥ 90 Gy without increased toxicity. Of 62 selected studies, 13 reported the size of the DIL. The mean of the median DIL volumes was 2.4 cm(3) (95% confidence interval, 0.9-4.4 cm(3)). Eighteen diagnostic studies with 1205 patients evaluated the diagnostic accuracy using multiparametric magnetic resonance imaging for intraprostatic cancer lesions. Evaluating 14,654 prostate segments, the diagnostic accuracy was 77%. Eleven therapeutic studies with 988 patients reported a RT boost for the DIL. The summary boost dose for the DIL was a mean of 89 Gy in 5 studies using intensity modulated RT (calculated as the equivalent dose in 2-Gy fractions) and a mean of 141 Gy in 4 studies using a combination of EBRT and brachytherapy (P = .018, t test). In 1 therapeutic study, 239 patients had a 98% 10-year disease-free survival rate. Many of our therapeutic studies used a boost dose to the DIL of > 90 Gy. The reported boost for DIL is effective and safe.",Clin Genitourin Cancer,2016,14,189-97,doi: 10.1016/j.clgc.2015.12.005. Epub 2015 Dec 17,https://www.ncbi.nlm.nih.gov/pubmed/26768965,,negative,0,2015.0
25614253,Ten-year outcomes of I¹²⁵ low-dose-rate brachytherapy for clinically localized prostate cancer: a single-institution experience in Japan,Hayashi N,"PURPOSE: To report 10-year outcomes of patients treated with I(125) low-dose-rate brachytherapy (BT) for clinically localized prostate cancer. METHODS: A group of 1,060 patients with clinically localized prostate cancer treated with I(125) BT between March 2004 and December 2013 at the Yokohama City University Hospital were identified. The records of 743 patients with a minimum of 2 years of follow-up were reviewed. Cohorts were categorized according to National Comprehensive Cancer Network risk classification, and biochemical outcomes plus overall survival were examined. Biochemical failure was defined as nadir prostate-specific antigen (PSA) level + 2 ng/mL. Univariate and multivariate Cox proportional hazards were used to determine predictors of biochemical failure. RESULTS: A total of 743 patients met the criteria with a median follow-up of 54.6 months (range 24-114 months). The median age was 70 years (range 48-83). The 5- and 7-year overall survival rates were 98.8 and 97.6 %, and the 5- and 7-year biochemical failure-free survival rates were 92.6 and 91.0 %, respectively. With regard to distant metastases and survival, the 5- and 7-year metastatic-free survival rates were 98.2 and 95.9 %, respectively. A multivariate analysis revealed that initial PSA (p = 0.005; HR 1.097, 95 % CI 1.028-1.170), age (p = 0.001; HR 0.931, 95 % CI 0.893-0.971), and T stage (T1c vs. T2a) (p = 0.002; HR2.417, 95 % CI 1.319-4.267) were independent predictors of biochemical failure. CONCLUSIONS: I(125) low-dose-rate BT resulted in excellent survival and morbidity outcomes for localized prostate cancer at a single institution. Further studies are needed to obtain long-term outcomes.",World J Urol,2015,33,1519-26,doi: 10.1007/s00345-015-1480-0. Epub 2015 Jan 23,https://www.ncbi.nlm.nih.gov/pubmed/25614253,,negative,0,2015.0
21163586,High-dose-rate brachytherapy boost for prostate cancer: comparison of two different fractionation schemes,Kaprealian T,"PURPOSE: This is a retrospective study comparing our experience with high-dose-rate (HDR) brachytherapy boost for prostate cancer, using two different fractionation schemes, 600 cGy × 3 fractions (patient group 1) and 950 cGy × 2 fractions (patient group 2). METHODS AND MATERIALS: A total of 165 patients were treated for prostate cancer using external beam radiation therapy up to a dose of 45 Gy, followed by an HDR brachytherapy prostate radiation boost. Between July 1997 and Nov 1999, 64 patients were treated with an HDR boost of 600 cGy × 3 fractions; and between June 2000 and Nov 2005, 101 patients were treated with an HDR boost of 950 cGy × 2 fractions. All but 9 patients had at least one of the following risk features: pretreatment prostate-specific antigen (PSA) level >10, a Gleason score ≥7, and/or clinical stage T3 disease. RESULTS: Median follow-up was 105 months for group 1 and 43 months for group 2. Patients in group 2 had a greater number of high-risk features than group 1 (p = 0.02). Adjusted for comparable follow-up, there was no difference in biochemical no-evidence-of-disease (bNED) rate between the two fractionation scheme approaches, with 5-year Kaplan-Meier estimates of 93.5% in group 1 and 87.3% in group 2 (p = 0.19). The 5-year estimates of progression-free survival were 86% for group 1 and 83% for group 2 (p = 0.53). Among high-risk patients, there were no differences in bNED or PFS rate due to fractionation. CONCLUSIONS: Results were excellent for both groups. Adjusted for comparable follow-up, no differences were found between groups.",Int J Radiat Oncol Biol Phys,2012,1,,doi: 10.1016/j.ijrobp.2010.09.021. Epub 2010 Dec 14,https://www.ncbi.nlm.nih.gov/pubmed/21163586,,negative,0,2010.0
