pmid,title,author,abstract,journal,year,volume,pages,doi,url,risk_category,dataset,label,year_group
20675072,"10-year experience with I-125 prostate brachytherapy at the Princess Margaret Hospital: results for 1,100 patients",Crook J,"PURPOSE: To report outcomes for 1,111 men treated with iodine-125 brachytherapy (BT) at a single institution. METHODS AND MATERIALS: A total of 1,111 men (median age, 63) were treated with iodine-125 prostate BT for low- or intermediate-risk prostate cancer between March 1999 and November 2008. Median prostate-specific antigen (PSA) level was 5.4 ng/ml (range, 0.9-26.1). T stage was T1c in 66% and T2 in 34% of patients. Gleason score was 6 in 90.1% and 7 or 8 in 9.9% of patients. Neoadjuvant hormonal therapy (2-6 months course) was used in 10.1% of patients and combined external radiotherapy (45 Gy) with BT (110 Gy) in 4.1% (n = 46) of patients. Univariate and multivariate Cox proportional hazards were used to determine predictors of failure. RESULTS: Median follow-up was 42 months (range, 6-114), but for biochemical freedom from relapse, a minimum PSA test follow-up of 30 months was required (median 54; n = 776). There were 27 failures, yielding an actuarial 7-year disease-free survival rate of 95.2% (96 at risk beyond 84 months). All failures underwent repeat 12-core transrectal ultrasound -guided biopsies, confirming 8 local failures. On multivariate analysis, Gleason score was the only independent predictor of failure (p = 0.001; hazard ratio, 4.8 (1.9-12.4). Median International Prostate Symptom score from 12 to 108 months ranged between 3 and 9. Of the men reporting baseline potency, 82.8% retained satisfactory erectile function beyond 5 years. CONCLUSION: Iodine-125 prostate BT is a highly effective treatment option for favorable- and intermediate-risk prostate cancer and is associated with maintenance of good urinary and erectile functions.",Int J Radiat Oncol Biol Phys,2011,1,,doi: 10.1016/j.ijrobp.2010.04.038. Epub 2010 Aug 1,https://www.ncbi.nlm.nih.gov/pubmed/20675072,,negative,0,2010.0
31542882,External beam radiation therapy improves survival in high- and intermediate-risk non-metastatic octogenarian prostate cancer patients,Knipper S,"PURPOSE: There is no contemporary proof of cancer-control benefits in octogenarian clinically localized prostate cancer (PCa) patients with life expectancy (LE) < 10 years. Therefore, cancer-specific mortality (CSM) rates after external beam radiation therapy (EBRT) vs. no local treatment (NLT) were tested in octogenarian PCa patients with LE < 10 years. METHODS: Within the surveillance, epidemiology, and end results database (2004-2015), we identified 22,361 octogenarian clinically localized PCa patients who either received EBRT or NLT. Temporal trends, cumulative incidence plots and multivariable competing-risks regression analyses (MCR) were used after propensity score matching. Sensitivity analyses were performed according to D'Amico risk groups and LE > 5 years. RESULTS: Of all, 7325 (32.8%) received EBRT vs. 15,036 (67.2%) received NLT. Rates of EBRT significantly increased over time (25.0-42.4%). Overall, 10-year CSM rates were 10.6% vs. 17.0% and 10-year other-cause mortality rates were 50.3% vs. 58.1%, in EBRT vs. NLT patients (both p < 0.001). In MCR focusing on the overall cohort, EBRT represented an independent predictor of lower CSM (hazard ratio: 0.5). In sensitivity analyses, hazard ratios of 0.5 (p < 0.001), 0.5 (p < 0.001) and 0.8 (p = 0.5) were, respectively, recorded in D'Amico high-, intermediate- and low-risk patients. In sensitivity analyses addressing patients with LE > 5 years virtually the same results were recorded. CONCLUSIONS: In octogenarian patients with LE < 10 years, EBRT seems to be associated with lower CSM in D'Amico high-risk, as well as in D'Amico intermediate-risk patients relative to their NLT counterparts. Based on these observations, greater consideration for EBRT may be given in octogenarian patients.",Int Urol Nephrol,2020,52,59-66,doi: 10.1007/s11255-019-02284-1. Epub 2019 Sep 21,https://www.ncbi.nlm.nih.gov/pubmed/31542882,,negative,0,2020.0
32399639,Efficacy of repeated PSMA PET-directed radiotherapy for oligorecurrent prostate cancer after initial curative therapy,Henkenberens C,"PURPOSE: To assess the outcome of prostate cancer (PCa) patients diagnosed with oligorecurrent disease and treated with a first and a second PSMA (prostate-specific membrane antigen ligand) PET(positron-emission tomography)-directed radiotherapy (RT). PATIENTS AND METHODS: Thirty-two patients with oligorecurrent relapse after curative therapy received a first PSMA PET-directed RT of all metastases. After biochemical progression, all patients received a second PSMA PET-directed RT of all metastases. The main outcome parameters were biochemical progression-free survival (bPFS) and androgen deprivation therapy-free survival (ADT-FS). The intervals of BPFS were analyzed separately as follows: the interval from the last day of PSMA PET-directed RT to the first biochemical progression was defined as bPFS_1 and the interval from second PSMA PET-directed RT to further biochemical progression was defined as bPFS_2. RESULTS: The median follow-up duration was 39.5 months (18-60). One out of 32 (3.1%) patients died after 47 months of progressive metastatic prostate cancer (mPCa). All patients showed biochemical responses after the first PSMA PET-directed RT and the median prostate-specific antigen (PSA) level before RT was 1.70 ng/mL (0.2-3.8), which decreased significantly to a median PSA nadir level of 0.39 ng/mL (range <0.07-3.8; p = 0.004). The median PSA level at biochemical progression after the first PSMA PET-directed RT was 2.9 ng/mL (range 0.12-12.80; p = 0.24). Furthermore, the PSA level after the second PSMA PET-directed RT at the last follow-up (0.52 ng/mL, range <0.07-154.0) was not significantly different (p = 0.36) from the median PSA level (1.70 ng/mL, range 0.2-3.8) before the first PSMA PET-directed RT. The median bPFS_1 was 16.0 months after the first PSMA PET-directed RT (95% CI 11.9-19.2) and the median bPFS_2 was significantly shorter at 8.0 months (95% CI 6.3-17.7) after the second PSMA PET-directed RT (p = 0.03; 95% CI 1.9-8.3). Multivariate analysis revealed no significant parameter for bPFS_1, whereas extrapelvic disease was the only significant parameter (p = 0.02, OR 2.3; 95% CI 0.81-4.19) in multivariate analysis for bPFS_2. The median ADT-FS was 31.0 months (95% CI 20.1-41.8) and multivariate analysis showed that patients with bone metastases, compared to patients with only lymph node metastases at first PSMA PET-directed RT, had a significantly higher chance (p = 0.007, OR 4.51; 95% CI 1.8-13.47) of needing ADT at the last follow-up visit. CONCLUSION: If patients are followed up closely, including PSMA PET scans, a second PSMA PET-directed RT represents a viable treatment option for well-informed and well-selected patients.",Strahlenther Onkol,2020,196,1006-1017,doi: 10.1007/s00066-020-01629-5. Epub 2020 May 12,https://www.ncbi.nlm.nih.gov/pubmed/32399639,,negative,0,2020.0
11490237,High dose radiation delivered by intensity modulated conformal radiotherapy improves the outcome of localized prostate cancer.,Zelefsky MJ,"PURPOSE: We present the long-term outcome and tolerance of 3-dimensional (D) conformal and intensity modulated radiation therapy for localized prostate cancer. MATERIALS AND METHODS: Between October 1988 and December 1998, 1,100 patients with clinical stages T1c-T3 prostate cancer were treated with 3-D conformal or intensity modulated radiation therapy. Patients were categorized into prognostic risk groups based on pretreatment prostate specific antigen (PSA), Gleason score and clinical stage. Sextant biopsies were performed 2.5 years or greater after treatment to assess local control. PSA relapse was defined according to the consensus guidelines of the American Society for Therapeutic Radiation Oncology. Late toxicity was classified according to the Radiation Therapy Oncology Group morbidity grading scale. Median followup was 60 months. RESULTS: At 5 years the PSA relapse-free survival rate in patients at favorable, intermediate and unfavorable risk was 85% (95% confidence interval [CI] +/- 4), 58% (95% CI +/- 6) and 38% (95% CI +/- 6), respectively (p <0.001). Radiation dose was the most powerful variable impacting PSA relapse-free survival in each prognostic risk group. The 5-year actuarial PSA relapse-free survival rate for patients at favorable risk who received 64.8 to 70.2 Gy. was 77% (95% CI +/- 8) compared to 90% (95% CI +/- 8) for those treated with 75.6 to 86.4 Gy. (p = 0.04) [corrected]. The corresponding rates were 50% (95% CI +/- 8) versus 70% (95% CI +/- 6) in intermediate risk cases (p = 0.001), and 21% (95% CI +/- 8) versus 47% (95% CI +/- 6) in unfavorable risk cases (p = 0.008) [corrected]. Only 4 of 41 patients (10%) who received 81 Gy. had a positive biopsy 2.5 years or greater after treatment compared with 27 of 119 (23%) after 75.6, 23 of 68 (34%) after 70.2 and 13 of 24 (54%) after 64.8 Gy. The incidence of toxicity after 3-D conformal radiation therapy was dose dependent. The 5-year actuarial rate of grade 2 rectal toxicity in patients who received 75.6 Gy. or greater was 14% (95% CI +/- 2) compared with 5% (95% CI +/- 2) in those treated at lower dose levels (p <0.001). Treatment with intensity modulated radiation therapy significantly decreased the incidence of late grade 2 rectal toxicity since the 3-year actuarial incidence in 189 cases managed by 81 Gy. was 2% (95% CI +/- 2) compared with 14% (95% CI +/- 2) in 61 managed by the same dose of 3-D conformal radiation therapy (p = 0.005). The 5-year actuarial rate of grade 2 urinary toxicity in patients who received 75.6 Gy. or greater 3-D conformal radiation therapy was 13% compared with 4% in those treated up to lower doses (p <0.001). Intensity modulated radiation therapy did not affect the incidence of urinary toxicity. CONCLUSIONS: Sophisticated conformal radiotherapy techniques with high dose 3-D conformal and intensity modulated radiation therapy improve the biochemical outcome in patients with favorable, intermediate and unfavorable risk prostate cancer. Intensity modulated radiation therapy is associated with minimal rectal and bladder toxicity, and, hence, represents the treatment delivery approach with the most favorable risk-to-benefit ratio.",J Urol,2001,166,876-81,,https://www.ncbi.nlm.nih.gov/pubmed/11490237,HIGH RISK,positive,1,
25770484,"Urinary Incontinence and Erectile Dysfunction After Robotic Versus Open Radical Prostatectomy: A Prospective, Controlled, Nonrandomised Trial",Haglind E,"BACKGROUND: Robot-assisted laparoscopic radical prostatectomy (RALP) has become widely used without high-grade evidence of superiority regarding long-term clinical outcomes compared with open retropubic radical prostatectomy (RRP), the gold standard. OBJECTIVE: To compare patient-reported urinary incontinence and erectile dysfunction 12 mo after RALP or RRP. DESIGN, SETTING, AND PARTICIPANTS: This was a prospective, controlled, nonrandomised trial of patients undergoing prostatectomy in 14 centres using RALP or RRP. Clinical-record forms and validated patient questionnaires at baseline and 12 mo after surgery were collected. OUTCOME MEASUREMENTS AND STATISTICAL ANALYSES: Odds ratios (ORs) were calculated with logistic regression and adjusted for possible confounders. The primary end point was urinary incontinence (change of pad less than once in 24h vs one time or more per 24h) at 12 mo. Secondary end points were erectile dysfunction at 12 mo and positive surgical margins. RESULTS AND LIMITATIONS: At 12 mo after RALP, 366 men (21.3%) were incontinent, as were 144 (20.2%) after RRP. The unadjusted OR was 1.08 (95% confidence interval [CI], 0.87–1.34). Erectile dysfunction was observed in 1200 men (70.4%) 12 mo after RALP and 531 (74.7%) after RRP. The unadjusted OR was 0.81 (95% CI, 0.66–0.98). CONCLUSIONS: In a Swedish setting, RALP for prostate cancer was modestly beneficial in preserving erectile function compared with RRP, without a statistically significant difference regarding urinary incontinence or surgical margins. PATIENT SUMMARY: We compared patient-reported urinary incontinence after prostatectomy with two types of surgical technique. There was no statistically significant improvement in the rate of urinary leakage, but there was a small improvement regarding erectile function after robot-assisted operation.",Eur Urol,2015,68,216-25,doi: 10.1016/j.eururo.2015.02.029. Epub 2015 Mar 12,https://www.ncbi.nlm.nih.gov/pubmed/25770484,,negative,0,2015.0
16234081,Outcomes of radical prostatectomy in thai men with prostate cancer,Leewansangtong S,"OBJECTIVE: Radical prostatectomy remains the standard treatment for early prostate cancer. Few data in the literature are from South East Asia. This study was conducted to evaluate the outcome of radical prostatectomy in Thai men. METHODS: A total of 151 patients with prostate cancer underwent radical prostatectomy at Siriraj Hospital, Bangkok, between 1994 and 2003. Clinical staging, preoperative prostate-specific antigen (PSA) and Gleason score were evaluated with pathological stage and margin status. Follow-up PSA monitoring and survival were analysed. RESULTS: Of 121 patients with clinical localized disease, 79 (65.3%), 40 (33.1%) and two (1.6%) had localized, locally advanced and metastatic disease, respectively, on pathology. The chance of localized disease with a preoperative PSA of 10 ng/mL or less, more than 10-50 ng/mL and more than 50 ng/mL was 75.5%, 50% and 12.5%, respectively (all p < 0.001). The chance of localized disease with a Gleason score of 2-4, 5-7 and 8-10 was 85%, 55.1% and 20.8%, respectively (all p < 0.02). Mean follow-up was 30 months. Among 140 evaluable patients, 51 (36.4%) had adjuvant therapy and 136 (97.1%) had undetectable PSA without clinical progression. The cumulative PSA progression-free survival among patients with pathological T1N0, T2N0 and T3N0 disease was 0.83 at 82 months, 0.48 at 85 months and 0.31 at 57 months, respectively. CONCLUSION: Radical prostatectomy in Thai men shows excellent results. The trend is the same as in Western series. The chance of organ-confined disease and free margin was high in patients with clinical T2 or less, PSA less than 10 ng/mL and low Gleason score. PSA progression-free survival was high in patients with organ-confined disease.",Asian J Surg,2005,28,286-90,doi: 10.1016/S1015-9584(09)60362-6,https://www.ncbi.nlm.nih.gov/pubmed/16234081,,negative,0,2005.0
24105711,125Iodine monotherapy for Japanese men with low- and intermediate-risk prostate cancer: outcomes after 5 years of follow-up.,Sekiguchi A,"Data from 305 Japanese men with low-risk (n = 175) or intermediate-risk (n = 130) prostate cancer who underwent (125)I monotherapy were retrospectively analyzed. Of the 305 patients, 93 received hormonal therapy for a median of 6 months (range, 1-33 months) before implantation. The prescribed dose to the prostate plus 3- to 5-mm margin was set at 145 Gy. The mean dose to 90% of the prostate volume at 1 month (D90) and the prostate volume receiving at least 100% dose at 1 month (V100) were 173.4 Gy and 95.8%, respectively. The median follow-up was 66 months (range, 12-94 months). The 5-year biochemical non-evidence of disease rate was 95.5% (low-risk, 94.2%; intermediate-risk, 97.3%). The 5-year freedom from clinical failure rate was 98.9% (low-risk, 98.9%; intermediate-risk, 99.2%).The initial prostate-specific antigen level was identified as a significant predictive factor for biochemical recurrence (P = 0.029). The late Grade 3 genitourinary toxicity rate was 2.0%. No patients displayed late gastrointestinal toxicity of Grade 3 or worse. Monotherapy with (125)I showed excellent outcomes with limited morbidity for Japanese men with low- and intermediate-risk prostate cancer after 5 years of follow-up.",J Radiat Res,2014,55,328-33,10.1093/jrr/rrt113,https://www.ncbi.nlm.nih.gov/pubmed/24105711,LOW RISK,positive,1,
16029786,Neoadjuvant hormone therapy and external-beam radiation for localized high-risk prostate cancer: the importance of PSA nadir before radiation,Ludgate CM,"PURPOSE: To examine the impact of various patient, disease, and treatment characteristics on outcome in patients treated with neoadjuvant hormone therapy (NAHT) and external-beam radiation therapy (EBRT) for clinically localized, high-risk prostate adenocarcinoma (initial prostate-specific antigen [PSA] level >20, Gleason score 8-10 or Stage > or = T3). METHODS AND MATERIALS: A retrospective chart review was conducted on 407 patients treated between 1991 and 2001 with NAHT and EBRT for high-risk prostate cancer. The effect of tumor (PSA level, Gleason score, and T stage) and treatment (NAHT duration, total-hormone duration, preradiation PSA) characteristics on rates of biochemical disease-free survival (bDFS), prostate cancer-specific survival, and overall survival were examined. RESULTS: Median follow-up time was 78 months (range: 5-140 months). Actuarial bDFS at 5 years was 52% (95% confidence interval [CI], 46% to 57%) for the entire group. On multivariate analysis, initial PSA level (p = 0.004), Gleason score (p = 0.005), and preradiation PSA level (p < 0.001) were predictive of bDFS, whereas age, T stage, duration of NAHT, and duration of total hormone therapy were not predictive of outcomes. Gleason score and preradiation PSA level were also predictive of prostate cancer-specific survival rates. CONCLUSION: Improved bDFS in patients with high-risk prostate cancer was associated with lower initial PSA level, lower Gleason score, and lower preradiation PSA level. The duration of NAHT did not have an impact on outcomes, but the preradiation PSA was an important predictor of bDFS in high-risk patients.",Int J Radiat Oncol Biol Phys,2005,1,,doi: 10.1016/j.ijrobp.2005.01.001,https://www.ncbi.nlm.nih.gov/pubmed/16029786,,negative,0,2005.0
30245170,Selection of patients who would not require long-term prostate-specific antigen monitoring after low-dose-rate brachytherapy.,Niwa N,"PURPOSE: To identify patients at extremely low risk of biochemical recurrence (BCR) of prostate cancer after low-dose-rate brachytherapy (LDR-BT) to determine when prostate-specific antigen (PSA) monitoring can be stopped. METHODS AND MATERIALS: We retrospectively reviewed clinicopathologic data of patients with prostate cancer who underwent LDR-BT between 2003 and 2011. Of 1569 patients reviewed, 689 (43.9%) received combination external beam radiotherapy, and 970 (61.8%) had neoadjuvant hormonal therapy. We stratified patients according to risk factors identified by multivariate analysis and assessed the factors for an association with BCR (defined as ≥2 ng/mL higher than the nadir). RESULTS: The median followup was 96 months. Of 1531 patients who were BCR-free at 3 years after treatment, 76 subsequently developed BCR; of 1500 who were BCR-free at 5 years, 45 eventually had BCR. On multivariate analysis, independent risk factors for BCR were the National Comprehensive Cancer Network risk group at diagnosis and PSA levels at 3 or 5 years after radiotherapy. In the low-risk group, no patient with a PSA level ≤0.2 ng/mL at 3 years after radiotherapy subsequently developed BCR. In the intermediate-risk group, no patients with a PSA level ≤0.2 ng/mL at 5 years subsequently developed BCR. CONCLUSIONS: The National Comprehensive Cancer Network risk group at diagnosis and PSA values at 3 and 5 years after LDR-BT are independently associated with a risk of later BCR. Using these two factors may help to select patients for whom PSA monitoring could be stopped because they have an extremely low risk of later BCR.",Brachytherapy,2018,17,899-905,10.1016/j.brachy.2018.08.018,https://www.ncbi.nlm.nih.gov/pubmed/30245170,,positive,1,
23871661,"Comparison of dose-escalated, image-guided radiotherapy vs. dose-escalated, high-dose-rate brachytherapy boost in a modern cohort of intermediate-risk prostate cancer patients.",Marina O,"PURPOSE: We compared outcomes in intermediate-risk prostate cancer patients treated with dose-escalated adaptive image-guided radiation therapy (IGRT) or dose-escalated high-dose-rate brachytherapy boost (HDR-B). METHODS AND MATERIALS: Patients with intermediate-risk prostate cancer by National Comprehensive Cancer Network criteria were treated with either CT-based off-line adaptive IGRT (n = 734) or HDR-B (n = 282). IGRT was delivered with 3D-conformal or intensity-modulated radiation therapy with a median dose of 77.4 Gy. For HDR-B, the whole pelvis received a median 46 Gy, and the prostate 2 implants of 9.5 Gy (n = 71), 10.5 Gy (n = 155), or 11.5 Gy (n = 56). RESULTS: Median followup was 3.7 years for IGRT and 8.0 years for HDR-B (p < 0.001). Eight-year biochemical control was 86% for IGRT and 91% for HDR-B (p = 0.22), disease-free survival 67% for IGRT and 79% for HDR-B (p = 0.006), and overall survival 75% for IGRT and 86% for HDR-B (p = 0.009). Cause-specific survival (8-year, 100% vs. 99%), freedom from distant metastases (98% vs. 97%), and freedom from local recurrence (98% vs. 98%) did not differ (p > 0.50 each). A worse prognosis group was defined by percent positive prostate biopsy cores >50%, perineural invasion, or stage T2b-c, encompassing 260 (35%) IGRT and 171 (61%) HDR-B patients. These patients evidenced a 5-year biochemical control of 96% for HDR-B and 87% for IGRT (p = 0.002). CONCLUSIONS: Dose-escalated IGRT and HDR-B both yield excellent clinical outcomes for patients with intermediate-risk prostate cancer. Improved biochemical control with HDR-B for patients with worse pretreatment characteristics suggests that a subgroup of intermediate-risk prostate cancer patients may benefit from dual-modality treatment.",Brachytherapy,2014,13,59-67,10.1016/j.brachy.2013.05.004,https://www.ncbi.nlm.nih.gov/pubmed/23871661,INTERMEDIATE RISK,positive,1,
15817332,High-dose-rate intensity-modulated brachytherapy with external beam radiotherapy for prostate cancer: California endocurietherapy's 10-year results,Demanes DJ,"PURPOSE: To present the long-term outcome and morbidity of high-dose-rate brachytherapy (HDR-BT) combined with external beam radiotherapy (EBRT) for localized prostate cancer. METHODS AND MATERIALS: Between September 1991 and December 1998, 209 consecutive patients with no prior androgen suppression were treated with HDR-BT plus EBRT. The median follow-up was 7.25 years (range, 5-12 years). The patients were stratified into three risk groups: low (Stage T2a or less, Gleason score </=6, and prostate-specific antigen [PSA] level </=10 ng/mL), intermediate (Stage T2b,c, Gleason score 7, and PSA level 10-20 ng/mL), and high (Stage T3, Gleason score 8-10, and PSA level >20). Four definitions of PSA progression were compared with the general clinical failure outcome: the American Society for Therapeutic Radiology and Oncology (ASTRO) definition, nadir plus 2.0 ng/mL, two consecutive rises >/=0.5 ng/mL, and PSA level >0.2 ng/mL. Morbidity was scored using Radiation Therapy Oncology Group criteria. RESULTS: The general clinical control rate was 90% (188 of 209), and the general clinical failure rate was 10% (21 of 209). The overall survival rate was 79%, and the cause-specific survival rate was 97%. The PSA progression-free survival (ASTRO definition) rate was 90%, 87%, and 69% for the low-, intermediate-, and high-risk groups, respectively. The nadir plus 2 ng/mL and two rises >/=0.5 definitions correlated better with the actual clinical outcome than did the ASTRO and PSA >0.2 ng/mL definitions. The rate of Grade 3 and 4 late urinary morbidity was 6.7% and 1%, respectively, mostly occurring in patients who had undergone post-RT transurethral prostate resection. No late Grade 3 or 4 rectal morbidity developed. The sexual potency preservation rate was 67%. CONCLUSION: Our 10-year results have demonstrated HDR-BT plus EBRT is a proven treatment for all stages of localized prostate cancer. The morbidity was low, but post-RT transurethral resection should be avoided.",Int J Radiat Oncol Biol Phys,2005,1,,doi: 10.1016/j.ijrobp.2004.08.014,https://www.ncbi.nlm.nih.gov/pubmed/15817332,,negative,0,2005.0
31586543,Effect of bladder neck sparing at robot-assisted laparoscopic prostatectomy on postoperative continence rates and biochemical recurrence,Preisser F,"OBJECTIVES: Previous studies reported improved continence recovery by bladder neck sparing (BNS) in prostate cancer patients treated with robot-assisted laparoscopic radical prostatectomy (RALP), without compromising biochemical recurrence (BCR). We compared the continence outcomes, surgical margin rates, and BCR risk of BNS vs. bladder neck reconstruction (BNR) patients during RALP. METHODS: Overall, 1,512 patients who underwent RALP with BNS or BNR between 2010 and 2017 in a single high-volume center, were identified. Logistic regression models tested the effect of BNS on continence and surgical margin rates. Cox regression models tested the effect of BNS on BCR. Continence was defined as the use of 0 or 1-safety pad per day. RESULTS: Three hundred and eighty-two vs. 1,130 patients underwent BNS vs. BNR. The median time to catheter removal was significantly shorter (5 vs. 8 days) in patients with BNS. Pad-free rates at 7 days after catheter removal were 60.0% vs. 54.5%, continence rates were 80.1% vs. 78.3% after 3 months and 85.3% vs. 89.6% after 1 year for BNS and BNR, respectively. Multivariable models revealed that BNS is an independent predictor to be pad-free at 7 days after catheter removal (OR: 1.39, P = 0.04), but no predictor for continence at 3 months (OR: 1.02, P = 0.9) and 1 year (OR: 0.78, P = 0.4) after RALP, as well as for positive surgical margin (OR: 0.95, P = 0.8) and BCR (Hazard ratio: 0.95, P = 0.9). CONCLUSION: Patients with BNS had a better chance to be pad-free at 7 days after catheter removal and had a significant shorter time to catheter removal. However, this beneficial effect disappeared with time and no differences in continence rates at 3 months and 1 year were recorded. Moreover, BNS did not negatively affect positive margin or BCR rates.",Urol Oncol,2020,38,1,doi: 10.1016/j.urolonc.2019.09.005. Epub 2019 Oct 2,https://www.ncbi.nlm.nih.gov/pubmed/31586543,,negative,0,2020.0
22893254,The addition of low-dose-rate brachytherapy and androgen-deprivation therapy decreases biochemical failure and prostate cancer death compared with dose-escalated external-beam radiation therapy for high-risk prostate cancer.,Shilkrut M,"BACKGROUND: The objective of this study was to determine whether the addition of low-dose-rate brachytherapy or androgen-deprivation therapy (ADT) improves clinical outcome in patients with high-risk prostate cancer (HiRPCa) who received dose-escalated radiotherapy (RT). METHODS: Between 1995 and 2010, 958 patients with HiRPCa were treated at Schiffler Cancer Center (n = 484) or at the University of Michigan (n = 474) by receiving either dose-escalated external-beam RT (EBRT) (n = 510; minimum prescription dose, 75 grays [Gy]; median dose, 78 Gy) or combined-modality RT (CMRT) consisting of (103) Pd implants (n = 369) or (125) I implants (n = 79) both with pelvic irradiation (median prescription dose, 45 Gy). The cumulative incidences of biochemical failure (BF) and prostate cancer-specific mortality (PCSM) were estimated by using the Kaplan-Meier method and Fine and Gray regression analysis. RESULTS: The median follow-up was 63.2 months (interquartile range, 35.4-99.0 months), and 250 patients were followed for >8 years. Compared with CMRT, patients who received EBRT had higher prostate-specific antigen levels, higher tumor classification, lower Gleason sum, and more frequent receipt of ADT for a longer duration. The 8-year incidence BF and PCSM among patients who received EBRT was 40% (standard error, 38%-44%) and 13% (standard error, 11%-15%) compared with 14% (standard error, 12%-16%; P < .0001) and 7% (standard error 6%-9%; P = .003) among patients who received CMRT. On multivariate analysis, the hazard ratios (HRs) for BF and PCSM were 0.35 (95% confidence interval [CI], 0.23-0.52; P < .0001) and 0.41 (95% CI, 0.23-0.75; P < .003), favoring CMRT. Increasing duration of ADT predicted decreased BF (P = .04) and PCSM (P = .001), which was greatest with long-term ADT (BF: HR, 0.33; P < .0001; 95% CI, 0.21-0.52; PCSM: HR, 0.30; P = .001; 95% CI, 0.15-0.6) even in the subgroup that received CMRT. CONCLUSIONS: In this retrospective comparison, both low-dose-rate brachytherapy boost and ADT were associated with decreased risks of BF and PCSM compared with EBRT.",Cancer,2013,119,681-90,10.1002/cncr.27784,https://www.ncbi.nlm.nih.gov/pubmed/22893254,HIGH RISK,positive,1,
17698095,Importance of tumor location in patients with high preoperative prostate specific antigen levels (greater than 20 ng/ml) treated with radical prostatectomy.,Magheli A,"PURPOSE: We investigated the effect of tumor location (anterior vs posterior) on pathological characteristics and biochemical-free survival in patients with a preoperative prostate specific antigen level of greater than 20 ng/ml undergoing radical prostatectomy since transition zone tumors are known to present with higher prostate specific antigen levels. MATERIALS AND METHODS: We retrospectively studied the records of 265 patients treated with radical prostatectomy between 1984 and 2005 who had preoperative prostate specific antigen levels greater than 20 ng/ml. Review of pathology reports was performed and tumor location (anterior vs posterior) was defined. Differences in clinicopathological characteristics and prostate specific antigen recurrence rates were examined. RESULTS: Of 265 patients with a preoperative prostate specific antigen level of greater than 20 ng/ml who underwent radical prostatectomy 50 (19%) had anterior tumors and 215 (81%) had posterior tumors. Patients with anterior tumors had lower clinical stage and less seminal vesicle involvement than patients with posterior tumors (p = 0.006 and <0.001, respectively). Although Kaplan-Meier analysis demonstrated significantly higher rates of 5-year biochemical recurrence-free survival for patients with anterior vs posterior tumors (63% vs 40%, p = 0.020), anterior tumor location was not an independent predictor of biochemical recurrence. CONCLUSIONS: Radical prostatectomy is a feasible treatment option in patients with a preoperative prostate specific antigen level of greater than 20 ng/ml. The 5-year biochemical-free survival rate was 47%. Although anterior tumor location was associated with favorable pathological features and improved biochemical-free survival, it was not an independent predictor of biochemical recurrence. Further studies are warranted to identify patients with high preoperative prostate specific antigen levels most likely to have recurrence.",J Urol,2007,178,1311-5,10.1016/j.juro.2007.05.143,https://www.ncbi.nlm.nih.gov/pubmed/17698095,HIGH RISK,positive,1,
29029889,"Brachytherapy for Intermediate-Risk Prostate Cancer, Androgen Deprivation, and the Risk of Death.",Pickles T,"PURPOSE: To determine whether the use of 6 months' adjuvant androgen deprivation therapy (ADT) combined with brachytherapy for intermediate-risk (IR) and low-risk (LR) prostate cancer is associated with an increased risk of cardiovascular death. METHODS AND MATERIALS: This is a retrospective analysis of prospectively collected data from men treated in the British Columbia Cancer Agency brachytherapy program from 1998 to 2012. Men were categorized by risk group and ADT use. Cardiac and other comorbidities were recorded and compared between groups. Biochemical control (Phoenix definition, nadir + 2 ng/mL) was ascertained. Overall, prostate, cardiac, and other-cause mortality were analyzed by the Kaplan-Meier method and Fine and Gray competing-risk analysis. RESULTS: The study included 3155 men (1142 with LR cancer and 2013 with IR cancer) who have been followed up for a median of 7.9 years. ADT was received by 47% of IR patients and 37% of LR patients for a median of 6 months. Men with IR cancer were older and had more cardiac and other comorbidities than LR cases (P<.01). Biochemical control improved from 86% to 89% at 10 years with the use of ADT (P=.006). Overall survival was inferior in patients receiving ADT (84% vs 86% at 10 years, P=.0274), and on competing-risk analysis, cardiovascular mortality in patients receiving ADT was higher in IR cases, 5.2% versus 3.6% at 10 years (P=.0493), but not in LR cases. Multivariate analysis confirmed increased cardiac mortality in IR patients receiving ADT (hazard ratio, 1.95 [95% confidence interval, 1.15-3.34]; P=.014). CONCLUSIONS: ADT adds little meaningful benefit in terms of biochemical control for IR men treated with low-dose-rate brachytherapy but likely decreases overall survival because of increased cardiac mortality. IR patients were older and had more cardiac risk factors than LR prostate cases; this may be because of a screening effect, case selection, or common etiologic cause.",Int J Radiat Oncol Biol Phys,2018,100,45-52,10.1016/j.ijrobp.2017.08.042,https://www.ncbi.nlm.nih.gov/pubmed/29029889,,positive,1,
26825856,Survival outcomes of combined external beam radiotherapy and brachytherapy vs. brachytherapy alone for intermediate-risk prostate cancer patients using the National Cancer Data Base.,Amini A,"PURPOSE: The purpose was to evaluate survival outcomes between external beam radiotherapy (EBRT) plus brachytherapy and brachytherapy alone for intermediate-risk prostate cancer, using the National Cancer Data Base. METHODS AND MATERIALS: The National Cancer Data Base was queried for cN0M0 intermediate-risk patients treated from 2004 to 2006, with available data for Gleason score (GS), prostate-specific antigen (PSA), tumor stage, and receipt of radiation therapy (RT) and androgen deprivation therapy. RT comparison groups were the following: EBRT (40-50.4 Gy) plus brachytherapy and brachytherapy alone. RESULTS: A total of 10,571 patients were included: 3,148 received EBRT plus brachytherapy and 7,423 received brachytherapy alone. Median followup was 84 months (2-122 months); median age was 68 years (40-90 years). Unadjusted 5- and 7-year overall survival (OS) rates between EBRT plus brachytherapy vs. brachytherapy alone were 91.4% vs. 90.2% and 85.7% vs. 82.9%, respectively (p < 0.001). EBRT plus brachytherapy was associated with longer OS compared with brachytherapy alone under multivariate (hazard ratio [HR], 0.84; 95% confidence interval [CI], 0.75-0.93; p = 0.001) and propensity score-matched analyses (HR, 0.85; 95% CI, 0.75-0.97; p = 0.006). Further subset analysis performed based on the Radiation Therapy Oncology Group 0232 inclusion criteria (GS 7 if PSA < 10 or GS < 7 if PSA 10-20) also demonstrated longer OS with EBRT plus brachytherapy (HR, 0.87; 95% CI, 0.77-0.98; p = 0.026). CONCLUSIONS: EBRT plus brachytherapy is associated with a modest OS improvement compared with brachytherapy alone in this population-based analysis. Although this benefit appears statistically significant, the relatively small difference in OS raises the question of overall clinical benefit with combined modality RT for intermediate-risk prostate cancer, given the potential increased risk for toxicities. Future results from Radiation Therapy Oncology Group 0232 should provide further insight on this topic.",Brachytherapy,2016,15,136-46,10.1016/j.brachy.2015.11.006,https://www.ncbi.nlm.nih.gov/pubmed/26825856,,positive,1,
15538238,10-year disease-free survival rates after simultaneous irradiation for prostate cancer with a focus on calculation methodology.,Critz FA,"PURPOSE: We documented the 10-year disease-free survival rate after simultaneous irradiation for prostate cancer and suggested standards for outcome calculation methodology. MATERIALS AND METHODS: From 1992 to 1998, 1,469 consecutive men with clinical stage T1T2NxM0 prostate cancer who did not receive neoadjuvant hormones were treated with simultaneous irradiation, an ultrasound guided transperineal prostate I seed implant followed by external irradiation. Median pretreatment prostate specific antigen (PSA) was 7.1 ng/ml (range 0.3 to 88). All men were treated 5 or more years ago. Median followup was 6 years (range 3 months to 11 years). Disease freedom was defined as the achievement and maintenance of PSA 0.2 ng/ml or less, and treatment failure was defined as a PSA nadir greater than 0.2 ng/ml or a subsequent PSA increase above this level. RESULTS: The overall 10-year disease-free survival rate was 83%. Median time to recurrence was 30 months (range 3 months to 8 years) and 24% of recurrences were after 5-year followup. The 10-year outcome according to low, intermediate and high risk group was 93%, 80% and 61%, respectively (p <0.0001). Multivariate analysis of factors related to disease freedom documents that pretreatment PSA, Gleason score and percent positive biopsies were significant but stage and age were not. CONCLUSIONS: By calculating outcome with PSA cut point 0.2 ng/ml and evaluation only of men treated 5 or more years ago, the 10-year disease-free survival rates from this study can be reasonably compared with the outcome of radical prostatectomy performed in the PSA era.",J Urol,2004,172,2232-8,10.1097/01.ju.0000144033.61661.31,https://www.ncbi.nlm.nih.gov/pubmed/15538238,LOW RISK,positive,1,
25765848,Salvage radical prostatectomy after external beam radiation therapy: a systematic review of current approaches,Matei DV,"BACKGROUND: Radical external beam radiotherapy (EBRT) is a standard treatment for prostate cancer patients. Despite this, the rate of intraprostatic relapses after primary EBRT is still not negligible. There is no consensus on the most appropriate management of these patients after EBRT failure. For these patients, local salvage therapy such as radical prostatectomy, cryotherapy, and brachytherapy may be indicated. OBJECTIVE: The objectives of this review were to analyze the eligibility criteria for careful selection of appropriate patients and to evaluate the oncological results and complications for each method. METHODS: A review of the literature was performed to identify studies of local salvage therapy for patients who had failed primary EBRT for localized prostate cancer. RESULTS: Most studies demonstrated that local salvage therapy after EBRT may provide long-term local control in appropriately selected patients, although toxicity is often significant. CONCLUSIONS: Our results suggest that for localized prostate cancer recurrence after EBRT, the selection of a local treatment modality should be made on a patient-by-patient basis. An improvement in selection criteria and an integrated definition of biochemical failure for all salvage methods are required to determine which provides the best oncological outcome and least comorbidity.",Urol Int,2015,94,373-82,doi: 10.1159/000371893. Epub 2015 Mar 4,https://www.ncbi.nlm.nih.gov/pubmed/25765848,,negative,0,2015.0
17315165,Radical prostatectomy for clinical stage T3a disease.,Freedland SJ,"BACKGROUND: Men with clinical stage T3a disease are at high risk and are often encouraged to undergo radiation therapy with concomitant hormonal therapy. The long-term outcomes among men treated with radical prostatectomy for clinical stage T3a disease were examined. METHODS: Among 3397 men treated by radical prostatectomy by 1 surgeon between 1987 and 2003, 62 (1.8%) men were identified who had clinical stage T3a disease. Among the 56 men not treated with neoadjuvant or adjuvant therapies before prostate-specific antigen (PSA) recurrence, the long-term outcomes of PSA-free survival, metastasis-free survival, and prostate cancer specific survival were examined. Median and mean follow-up after surgery were 10.3 and 13 years, respectively (range, 1-17). RESULTS: Ninety-one percent of men in this group had pathological T3 disease. PSA-free survival at 15 years after surgery was 49%. Metastasis-free survival and cause-specific survival at 15 years after surgery were 73% and 84%, respectively. Among men with a PSA recurrence, 46% received secondary therapy before metastasis. The only preoperative or pathological feature that predicted risk of prostate cancer death was lymph node metastasis (hazard ratio [HR]: 9.22, 95% confidence interval [CI]: 1.06-80.02, P = .044). Among the 28 men with a PSA recurrence, PSA doubling time (PSADT) data were available for 23, of which 11 (48%) has a PSADT >/=9 months. No patient with a PSADT >/=9 months died of prostate cancer. A PSADT <9 months was significantly associated with increased risk of prostate cancer death (log-rank, P = .004). CONCLUSIONS: In a select cohort of men with clinical stage T3a disease, radical prostatectomy alone provides long-term cancer control in about half of the men and results in a prostate cancer-specific survival of 84%. Among men with a PSA recurrence, PSADT at the time of recurrence is a useful determinant of risk of prostate cancer death.",Cancer,2007,109,1273-8,10.1002/cncr.22544,https://www.ncbi.nlm.nih.gov/pubmed/17315165,HIGH RISK,positive,1,
28514929,Five-year outcomes from a prospective trial of image-guided accelerated hypofractionated proton therapy for prostate cancer.,Henderson RH,"PURPOSE: To report 5-year outcomes of a prospective trial of image-guided accelerated hypofractionated proton therapy (AHPT) for prostate cancer. PATIENTS AND METHODS: 215 prostate cancer patients accrued to a prospective institutional review board-approved trial of 70Gy(RBE) in 28 fractions for low-risk disease (n = 120) and 72.5Gy(RBE) in 29 fractions for intermediate-risk disease (n = 95). This trial excluded patients with prostate volumes of ≥60 cm<sup>3</sup> or International Prostate Symptom Scores (IPSS) of ≥15, patients on anticoagulants or alpha-blockers, and patients in whom dose-constraint goals for organs at risk (OAR) could not be met. Toxicities were graded prospectively according to Common Terminology Criteria for Adverse Events (CTCAE), version 3.0. This trial can be found on ClinicalTrials.gov (NCT00693238). RESULTS: Median follow-up was 5.2 years. Five-year rates of freedom from biochemical and clinical disease progression were 95.9%, 98.3%, and 92.7% in the overall group and the low- and intermediate-risk subsets, respectively. Actuarial 5-year rates of late radiation-related CTCAE v3.0 grade 3 or higher gastrointestinal and urologic toxicities were 0.5% and 1.7%, respectively. Median IPSS before treatment and at 4+ years after treatment were 6 and 5 for low-risk patients and 4 and 6 for intermediate-risk patients. CONCLUSIONS: Image-guided AHPT 5-year outcomes show high efficacy and minimal physician-assessed toxicity in selected patients. These results are comparable to the 5-year results of our prospective trials of standard fractionated proton therapy for patients with low-risk and intermediate-risk prostate cancer. Longer follow-up and a larger cohort are necessary to confirm these findings.",Acta Oncol,2017,56,963-970,10.1080/0284186X.2017.1287946,https://www.ncbi.nlm.nih.gov/pubmed/28514929,,positive,1,
16360430,"Statins, especially atorvastatin, may favorably influence clinical presentation and biochemical progression-free survival after brachytherapy for clinically localized prostate cancer.",Moyad MA,"OBJECTIVES: To conduct a preliminary investigation on statin use and its impact on clinical presentation and biochemical progression-free survival after brachytherapy. METHODS: A total of 512 consecutive patients were treated with permanent brachytherapy for clinical Stage T1c-T3aNxM0 prostate cancer at least 3 years before analysis. Biochemical progression-free survival was defined by a prostate-specific antigen (PSA) level of 0.4 ng/mL or less after nadir. The median follow-up was 5.3 years. The clinical, treatment, and dosimetric parameters evaluated included use of any and specific statins, age, body mass index, PSA level, Gleason score, percentage of positive biopsies, perineural invasion, prostate volume, planning volume, dosimetric quality, supplemental external beam radiotherapy, tobacco use, hypertension, and diabetes. RESULTS: The actuarial 8-year biochemical progression-free survival rate for the entire group was 94.6%. On forward conditional Cox regression analysis, the pretreatment PSA level and percentage of positive biopsies were statistically significant predictors of biochemical outcome. However, a significantly lower pretreatment PSA level, percentage of positive biopsy cores, and PSA density and earlier clinical stage were found in the statin group. Almost every clinical presentation parameter comparison at least favored statin users. When stratified by any or specific statin use, 97.0% of patients taking statins compared with 94.3% not taking statins and 97.8% of patients taking atorvastatin compared with 94.7% taking other statins were free of biochemical progression. CONCLUSIONS: The results of this brachytherapy investigation with the longest reported follow-up period to date suggest that statins, especially atorvastatin, may improve most clinical presentations with a nonsignificant improvement in 8-year biochemical progression-free survival.",Urology,2005,66,1150-4,10.1016/j.urology.2005.08.053,https://www.ncbi.nlm.nih.gov/pubmed/16360430,LOW RISK,positive,1,
25229051,"Stereotactic body radiotherapy as treatment for organ confined low- and intermediate-risk prostate carcinoma, a 7-year study.",Katz AJ,"OBJECTIVES: Stereotactic body radiation therapy (SBRT) takes advantage of the prostate's low α/β ratio to deliver a large radiation dose in few fractions. Initial studies on small groups of low-risk patients support SBRT's potential for clinical efficacy while limiting treatment-related morbidity and maintained quality of life. This prospective study expands upon prior studies to further evaluate SBRT efficacy for a large patient population with organ confined, low- and intermediate-risk prostate cancer patients. METHODS: Four hundred seventy-seven patients with prostate cancer received CyberKnife SBRT. The median age was 68.6 years and the median PSA was 5.3 ng/mL. Three hundred twenty-four patients were low-risk (PSA <10 ng/mL and Gleason <7), 153 were intermediate-risk (PSA 10-20 ng/mL or Gleason = 7). Androgen deprivation therapy was administered to 51 patients for up to 6 months. One hundred fifty-four patients received 35 Gy delivered in five daily fractions; the remaining patients received a total dose of 36.25 Gy in five daily fractions. Biochemical failure was assessed using the phoenix criterion. RESULTS: Median follow-up was 72 months. The median PSA at 7 years was 0.11 ng/mL. Biochemical failures occurred for 11 low-risk patients (2 locally), 14 intermediate-risk patients (3 locally). The actuarial 7-year freedom from biochemical failure was 95.6 and 89.6% for low- and intermediate-risk groups, respectively (p < 0.012). Among patients with intermediate-risk disease, those considered to have low intermediate-risk (Gleason 6 with PSA >10, or Gleason 3 + 4 with PSA <10; n = 106) had a significantly higher bDFS than patients with high intermediate-risk (Gleason 3 + 4 with PSA 10-20 or Gleason 4 + 3; n = 47), with bDFS of 93.5 vs. 79.3%, respectively. For the low-risk and low intermediate-risk groups, there was no difference in median PSA nadir or biochemical disease control between doses of 35 and 36.25 Gy. CONCLUSION: CyberKnife SBRT produces excellent biochemical control rates. Median PSA levels compare favorably with other radiation modalities and strongly suggest durability of response. These results also strongly suggest that 35 Gy is as effective as 36.25 Gy for low- and intermediate-risk patients.",Front Oncol,2014,4,240,10.3389/fonc.2014.00240,https://www.ncbi.nlm.nih.gov/pubmed/25229051,,positive,1,
33085712,68Ga-PSMA-PET/CT-based radiosurgery and stereotactic body radiotherapy for oligometastatic prostate cancer,Kalinauskaite G,"BACKGROUND: Androgen deprivation therapy (ADT) remains the standard therapy for patients with oligometastatic prostate cancer (OMPC). Prostate-specific membrane antigen positron emission tomography/computed tomography (PSMA-PET/CT)-based stereotactic body radiotherapy (SBRT) is emerging as an alternative option to postpone starting ADT and its associated side effects including the development of drug resistance. The aim of this study was to determine progression free-survival (PFS) and treatment failure free-survival (TFFS) after PSMA-PET/CT-based SBRT in OMPC patients. The efficacy and safety of single fraction radiosurgery (SFRS) and ADT delay were investigated. METHODS: Patients with ≤5 metastases from OMPC, with/without ADT treated with PSMA-PET/CT-based SBRT were retrospectively analyzed. PFS and TFFS were primary endpoints. Secondary endpoints were local control (LC), overall survival (OS) and ADT-free survival (ADTFS). RESULTS: Fifty patients with a total of 75 metastases detected by PSMA-PET/CT were analyzed. At the time of SBRT, 70% of patients were castration-sensitive. Overall, 80% of metastases were treated with SFRS (median dose 20 Gy, range: 16-25). After median follow-up of 34 months (range: 5-70) median PFS and TFFS were 12 months (range: 2-63) and 14 months (range: 2-70), respectively. Thirty-two (64%) patients had repeat oligometastatic disease. Twenty-four (48%) patients with progression underwent second SBRT course. Two-year LC after SFRS was 96%. Grade 1 and 2 toxicity occurred in 3 (6%) and 1 (2%) patients, respectively. ADTFS and OS rates at 2-years were 60.5% and 100%, respectively. In multivariate analysis, TFFS significantly improved in patients with time to first metastasis (TTM) >36 months (p = 0.01) and PSA before SBRT ≤1 ng/ml (p = 0.03). CONCLUSION: For patients with OMPC, SBRT might be used as an alternative to ADT. This way, the start/escalation of palliative ADT and its side effects can be deferred. Metastases treated with PSMA-PET/CT-based SFRS reached excellent LC with minimal toxicity. Low PSA levels and longer TTM predict elongated TFFS.",PLoS One,2020,21,,doi: 10.1371/journal.pone.0240892. eCollection 2020,https://www.ncbi.nlm.nih.gov/pubmed/33085712,,negative,0,2020.0
32093688,The efficacy and safety of radical prostatectomy and radiotherapy in high-risk prostate cancer: a systematic review and meta-analysis,Wang Z,"BACKGROUND: The optimal treatment for patients with high-risk prostate cancer (PCa) remains a debate and selection of patients to receive proper therapy is still an unsettled question. This systematic review was conducted to compare the effectiveness of prostatectomy (RP) and radiotherapy (RT) in patients with high-risk PCa and to select candidates for optimal treatment. METHODS: PubMed, EMBASE, and Cochrane Central Register of Controlled Trials were searched for eligible studies. We extracted hazard ratios (HRs) and 95% confidence interval (CI) of all included studies. The primary outcomes were overall survival (OS) and cancer-specific survival (CSS); the secondary outcomes were biochemical recurrence-free survival (BRFS), metastasis-free survival (MFS) and clinical recurrence-free survival (CRFS). The meta-analysis was performed using Review Manager 5.3. Subgroup analyses were conducted according to Gleason score (GS), T stage and RT types. Quality of life (QoL) was compared with these two treatments. RESULTS: A total of 25 studies were included in this meta-analysis. Overall, RP showed more survival benefits than RT on CSS (P = 0.003) and OS (P = 0.002); while RT was associated with better BRFS (P = 0.002) and MFS (P = 0.004). Subgroup analyses showed RT was associated with similar or even better survival outcomes compared to RP in patients with high GS, high T stage or received external beam radiotherapy plus brachytherapy (EBRT + BT). As for QoL, RP was associated with poorer urinary and sexual function but better performance in the bowel domain. CONCLUSION: RP could prolong the survival time of patients with high-risk PCa; however, RT could delay the disease progression, and combined RT (EBRT + BT) even brought preferable CSS and similar OS compared to RP. RT might be the prior choice for patients with high T stage or high GS. RP could lead to poorer urinary and sexual function, while bringing better performance in the bowel domain.",World J Surg Oncol,2020,24,,doi: 10.1186/s12957-020-01824-9,https://www.ncbi.nlm.nih.gov/pubmed/32093688,,negative,0,2020.0
16289906,"A phase II study of external beam radiotherapy combined with permanent source brachytherapy for intermediate-risk, clinically localized adenocarcinoma of the prostate: preliminary results of RTOG P-0019",Lee WR,"PURPOSE: To estimate the rate of acute and late Grade 3-5 genitourinary and gastrointestinal toxicity after treatment with external beam radiotherapy and permanent source brachytherapy in a multi-institutional, cooperative group setting. METHODS AND MATERIALS: All patients were treated with external beam radiotherapy (45 Gy in 25 fractions), followed 2-6 weeks later by an interstitial implant using 125I to deliver an additional 108 Gy. Late genitourinary toxicity was graded according to the Common Toxicity Criteria Version 2.0, and the Radiation Therapy Oncology Group/European Organization for Research and Treatment of Cancer late radiation morbidity scoring system was used for all other toxicity. RESULTS: A total of 138 patients from 28 institutions were entered on this study. Acute toxicity information was available in 131 patients, and 127 patients were analyzable for late toxicity. Acute Grade 3 toxicity was documented in 10 of 131 patients (7.6%). No Grade 4 or 5 acute toxicity has been observed. The 18-month month estimate of late Grade 3 genitourinary and gastrointestinal toxicity was 3.3% (95% confidence interval, 0.1-6.5). No late Grade 4 or 5 toxicity has been observed. CONCLUSIONS: The acute and late morbidity observed in this multi-institutional, cooperative group study is consistent with previous reports from single institutions with significant prostate brachytherapy experience.",Int J Radiat Oncol Biol Phys,2006,1,,doi: 10.1016/j.ijrobp.2005.09.002. Epub 2005 Nov 14,https://www.ncbi.nlm.nih.gov/pubmed/16289906,,negative,0,2005.0
32933541,Stereotactic body radiotherapy versus conventional/moderate fractionated radiation therapy with androgen deprivation therapy for unfavorable risk prostate cancer.,Patel SA,"BACKGROUND: Ultrahypofractionation using stereotactic body radiotherapy (SBRT) is an increasingly utilized technique for men with prostate cancer (PC). The comparative efficacy of SBRT plus androgen deprivation therapy (ADT) compared to fractionated radiotherapy (EBRT) plus ADT in higher-risk prostate cancer is unknown. METHODS: Men > 40 years old with localized PC treated with external beam radiation and concomitant ADT for curative intent between 2004 and 2016 were analyzed from the National Cancer Database. Patients who lacked ADT or risk stratification data were excluded. 558 men treated with SBRT versus 40,797 men treated with conventional or moderately hypofractionated EBRT were included. Patients were stratified by unfavorable intermediate (UIR) and high (HR) risk using NCCN criteria. Kaplan Meier and Cox proportional hazards were used to compare overall survival (OS) between RT modality, adjusting for age, race, and comorbidity index. RESULTS: With a median follow up of 74 months, there was no difference in estimated 6-year OS between men treated with SBRT versus EBRT regardless of risk group. On multivariable analysis, there was no difference in risk of death for men treated with SBRT compared to EBRT (UIR: adjusted HR 1.09, 95% CI 0.68-1.74, p = .72; HR: adjusted HR 0.93, 95% CI 0.76-1.14, p = .51). On sensitivity analyses, when confining the cohort to men treated with NCCN-preferred dose fractionations, with no comorbidities, or < 65 years old, there remained no survival difference between treatment groups for both UIR and HR. CONCLUSION: Within study limitations, we found no difference in survival between SBRT+ADT and standard of care EBRT+ADT for UIR or HR PC. These results support recent NCCN guideline updates, which include SBRT as a non-preferred option for higher risk men. Prospective validation would further strengthen the evidence basis behind these recommendations.",Radiat Oncol,2020,15,217,10.1186/s13014-020-01658-5,https://www.ncbi.nlm.nih.gov/pubmed/32933541,,positive,1,
31158102,Phase 2 Multicenter Trial of Heterogeneous-dosing Stereotactic Body Radiotherapy for Low- and Intermediate-risk Prostate Cancer: 5-year Outcomes.,Fuller DB,"BACKGROUND: Stereotactic body radiation therapy is an emerging treatment for prostate cancer (PC), with potential biological and oncologic advantages. A well-established radiation dosing schedule (38Gy in 4 fractions) has shown excellent long-term efficacy in high-dose-rate (HDR) brachytherapy. OBJECTIVE: To report 5-yr efficacy, toxicity, and quality-of-life (QOL) outcomes of a novel 4-d SBRT regimen. DESIGN, SETTING, AND PARTICIPANTS: This was a single-arm prospective phase 2 trial involving 259 patients with low- or intermediate-risk PC treated at 18 US centers from December 2007 to February 2012. The median follow-up was 5yr (interquartile range 37-85mo). INTERVENTION: SBRT with 38Gy in four fractions; radiation plans mimicked HDR brachytherapy dosimetry. OUTCOME MEASUREMENTS AND STATISTICAL ANALYSIS: We measured freedom from biochemical recurrence (BCR) and assessed toxicities using the Common Terminology Criteria for Adverse Events v3.0 and QOL using the Expanded Prostate Cancer Index Composite. RESULTS AND LIMITATIONS: The 5-yr BCR-free rates were 100% and 88.5% for patients with low- and intermediate-risk PC, respectively. The cumulative 5-yr grade 2, 3, and 4 toxicity rates were 12.4%, 1.9%, and 0.4% for urinary, and 3.4%, 0%, and 0% for gastrointestinal toxicities, respectively. The median baseline prostate-specific antigen (PSA) level of 5.12ng/ml decreased to 0.1ng/ml by ≥42mo. QOL scores decreased at 1mo but returned to baseline by 6mo, with a later decline (≥24mo) in the urinary continence domain (pad use was 2% at baseline and 10% at 5yr), and lower sexual potency over time. Comparative outcomes versus other types of radiotherapy are difficult because the trial was not randomized. CONCLUSIONS: This regimen yields a high rate of BCR-free survival, with a very low median PSA nadir suggesting prostate ablation. For properly selected patients with low- or intermediate-risk PC who choose SBRT, this treatment regimen is effective. PATIENT SUMMARY: This potent four-treatment stereotactic body radiotherapy regimen appears to be effective for patients with early prostate cancer.",Eur Urol Oncol,2018,1,540-547,10.1016/j.euo.2018.06.013,https://www.ncbi.nlm.nih.gov/pubmed/31158102,,positive,1,
24571244,Impact of laparoscopic radical prostatectomy on clinical T3 prostate cancer: experience of a single centre with long-term follow-up,Gözen AS,"OBJECTIVE: To investigate the oncological safety and effectiveness of laparoscopic radical prostatectomy (LRP) for patients with clinical T3 (cT3) prostate cancer compared with patients with cT1 and cT2 prostate cancer. PATIENTS AND METHODS: In all, 2375 consecutive LRPs were evaluated between 1999 and 2013. Of the 1751 patients enrolled with complete follow-up data (>24 months), patients were divided into three groups according to clinical stage of prostate cancer using Tumour-Node-Metastasis (TNM) classification. Group 1 consisted of patients with cT1 stage prostate cancer, group 2 those with cT2, and group 3 those with cT3. Demographic, postoperative, and long-term data of patients were recorded and statistical analyses were performed. RESULTS: The mean (SD) age was 63.6 (6.2) years. The mean (SD) follow-up was 104 (28.4) months. There were 417 patients in group 1, 842 patients in group 2, and 492 patients in group 3. The mean prostate-specific antigen level, biopsy Gleason score, tumour volume, body mass index, and age, were all higher in group 3 (P < 0.001). Nerve-sparing techniques were used more in group 1 than in the other groups (P < 0.001). Extracapsular extension, seminal vesicle invasion, Gleason score, positive surgical margin (PSM), and rate of adjuvant hormone and radiotherapies were highest in group 3. However, urinary continence was similar in all groups. Group 1 contained the most patients with an erection sufficient for intercourse. Group 1 had the best cancer-specific survival rate, whereas overall survival (OS) rates and complications were similar in all groups. CONCLUSION: LRP seems effective and safe for patients with cT3 prostate cancer with similar OS rates as for those with cT1 and cT2; however, additional therapies may have contributed to these rates. LRP can be considered for the treatment of patients with cT3 prostate cancer.",BJU Int,2015,116,102-8,doi: 10.1111/bju.12710. Epub 2015 Mar 27,https://www.ncbi.nlm.nih.gov/pubmed/24571244,,negative,0,2015.0
31705700,Hemi-ablative low-dose-rate prostate brachytherapy for unilateral localised prostate cancer,Langley S,"OBJECTIVES: To report clinical outcomes of the Hemi-Ablative Prostate Brachytherapy (HAPpy) trial evaluating treatment-related toxicity and effectiveness of hemi-gland (HG) low-dose-rate (LDR) prostate brachytherapy as a focal approach to control unilateral localised prostate cancer. PATIENTS AND METHODS: Single institution phase IIS pilot study of patients treated with focal 4D Brachytherapy™ (BXTAccelyon, Burnham, Buckinghamshire, UK). The primary outcome was patient-reported toxicity 24 months after implant. The secondary outcome was assessment of disease control. Outcomes in HG patients were compared to whole-gland (WG) controls obtained from our prospective cohort registry by negative binomial and linear regression models. RESULTS: Pre-treatment demography was similar between the 30 HG patients and 362 WG controls. Post-implant dosimetry was similar for the prostate gland target volumes and significantly reduced for the urethra and bowel in HG patients relative to WG controls, but this did not translate into a difference in post-implant mean symptom scores between the two groups. Nevertheless, the change in score from baseline indicated that the impact on pre-treatment symptom status was less after HG implants. Only HG patients showed a return to baseline urinary scores as early as 12 months. Sexual potency was conserved in 73% and 67% of HG and WG patients, respectively (P = 0.84). Post-implant prostate-specific antigen (PSA) kinetics revealed that baseline PSA was reduced at 24 months by 78% and 88% in HG and WG patients, respectively (P < 0.05). Treatment relapse occurred in one (3%) HG patient 55 months after implant and in nine (3%) WG patients at 32-67 months after implant. CONCLUSION: This pilot study suggests that treatment-related toxicity and biochemical outcomes after HG implants are broadly similar to those observed with WG treatment despite the lower dose delivered by HG implants.",BJU Int,2020,125,383-390,doi: 10.1111/bju.14948. Epub 2019 Dec 23,https://www.ncbi.nlm.nih.gov/pubmed/31705700,,negative,0,2020.0
32169590,A Prospective Multi-Institutional Phase I/II Trial of Step-Wise Dose-per-Fraction Escalation in Low and Intermediate Risk Prostate Cancer.,Ritter MA,"PURPOSE: This phase I/II, multi-institutional trial explored the tolerance and efficacy of stepwise increasing hypofractionation (HPFX) radiation therapy regimens for fraction sizes up to 4.3 Gy in localized prostate cancer. METHODS AND MATERIALS: Three escalating dose-per-fraction schedules were designed to yield similar predicted tumor control while maintaining equivalent predicted late toxicity. HPFX levels I, II, and III were carried out sequentially and delivered schedules of 64.7 Gy/22 fx/2.94 Gy, 58.08 Gy/16 fx/3.63 Gy, and 51.6 Gy/12 fx/4.3 Gy, respectively with next level escalations contingent upon acceptable gastrointestinal (GI) toxicity. The primary endpoints were biochemical control and toxicity. RESULTS: A total of 347 patients were recruited by 5 institutions with 101, 111, and 135 patients treated on HPFX levels I, II, and III with median follow-ups of 100, 85.5, and 61.7 months, respectively (83.2 months combined). The National Comprehensive Cancer Network low- or intermediate-risk group distribution was 46% and 54%, respectively. Sixteen percent of patients, primarily intermediate risk, received 6 months of androgen deprivation therapy. The 8-year nadir + 2 actuarial biochemical control rates for HPFX levels I, II, and III were 91.1% ± 3.0%, 92.7% ± 2.7%, and 88.5% ± 4.6%, respectively (Kaplan-Meier log rank, 0.903). Among clinical covariates, only Gleason score reached near significance in multivariate analysis (P = .054). Twenty-six patients failed biochemically (crude incidence of 7.5%), and there were 5 cause-specific deaths. GI and genitourinary toxicities were acceptable and similar across the 3 HPFX levels. The combined actuarial cumulative incidence of grade 2+ GI and genitourinary toxicities at 7 years were 16.3% ± 2.1% and 22.1% ± 2.4%, respectively. CONCLUSIONS: HPFX employing fraction sizes extending into the 3.6 to 4.3 Gy/fraction range can be delivered with excellent oncologic outcomes. Such schedules, positioned between moderate and ultra-HPFX, may provide additional options for patients wishing to avoid prolonged treatment schedules associated with conventionally fractionated radiation therapy for prostate cancer.",Pract Radiat Oncol,2020,10,345-353,10.1016/j.prro.2020.02.013,https://www.ncbi.nlm.nih.gov/pubmed/32169590,,positive,1,
16314345,Phase II feasibility study of high-dose radiotherapy for prostate cancer using proton boost therapy: first clinical trial of proton beam therapy for prostate cancer in Japan,Nihei K,"OBJECTIVE: To assess the feasibility of high-dose radiotherapy for prostate cancer using proton boost therapy following photon radiotherapy. METHODS: The primary endpoint was acute grade 3 or greater genitourinary (GU) and gastrointestinal (GI) toxicities. The study included patients with clinical stage T1-3N0M0 prostate cancer. Radiotherapy consisted of 50 Gy/25 fx photon irradiation to the prostate and the bilateral seminal vesicles followed by proton boost of 26 Gy(E)/13 fx to the prostate alone. Hormonal therapy was allowed before and during the radiation therapy. RESULTS: Between January 2001 and January 2003, 30 patients were enrolled in this study. Acute grade 1/2 GU and GI toxicities were observed in 20/4 and 17/0 patients, respectively. With the median follow-up period of 30 months (range 20-45), late grade 1/2 GU and GI toxicities occurred in 2/3 and 8/3 patients, respectively. No grade 3 or greater acute or late toxicities were observed. All patients were alive, but six patients relapsed biochemically after 7-24 months. CONCLUSIONS: Proton boost therapy following photon radiotherapy for prostate cancer is feasible. To evaluate the efficacy and safety of proton beam therapy, a multi-institutional phase II trial is in progress in Japan.",Jpn J Clin Oncol,2005,35,745-52,doi: 10.1093/jjco/hyi193. Epub 2005 Nov 28,https://www.ncbi.nlm.nih.gov/pubmed/16314345,,negative,0,2005.0
28586945,Low-Dose-Rate Brachytherapy Versus Cryotherapy in Low- and Intermediate-Risk Prostate Cancer.,Gestaut MM,"PURPOSE: Cryotherapy and brachytherapy are definitive local treatment options for low- to intermediate-risk prostate cancer. There are both prospective and retrospective data for brachytherapy, but the use of cryotherapy has been limited primarily to single-institution retrospective studies. Currently, no published evidence has compared low-dose-rate brachytherapy versus cryotherapy. METHODS AND MATERIALS: Institutional review board approval was obtained to conduct a retrospective chart review of consecutive patients treated at our institution from 1990 to 2012. For inclusion, patients must have received a prostate cancer diagnosis and have been considered to have low- to intermediate-risk disease according to the National Comprehensive Cancer Network criteria. All patients received brachytherapy or cryotherapy treatment. Disease specifics and failure details were collected for all patients. Failure was defined as prostate-specific antigen nadir +2 ng/mL. RESULTS: A total of 359 patients were analyzed. The groups comprised 50 low-risk cryotherapy (LRC), 92 intermediate-risk cryotherapy (IRC), 133 low-risk brachytherapy (LRB), and 84 intermediate-risk brachytherapy (IRB) patients. The median prostate-specific antigen follow-up periods were 85.6 months (LRC), 59.2 months (IRC), 74.9 months (LRB), and 59.8 months (IRB). The 5-year biochemical progression-free survival (bPFS) rate was 57.9% in the cryotherapy group versus 89.6% in the brachytherapy group (P<.0001). The 5-year bPFS rate was 70.0% (LRC), 51.4% (IRC), 89.4% (LRB), and 89.7% (IRB). The bPFS rate was significantly different between brachytherapy and cryotherapy for low- and intermediate-risk groups (P<.05). The mean nadir temperature reached for cryotherapy patients was -35°C (range, -96°C to -6°C). Cryotherapy used a median of 2 freeze-thaw cycles (range, 2-4 freeze-thaw cycles). CONCLUSIONS: Results from this study suggest that cryotherapy is inferior to brachytherapy for patients with low- to intermediate-risk prostate cancer. Patient selection criteria for consideration of cryotherapy and brachytherapy are similar in terms of anesthesia candidacy. Therefore, cryotherapy would not be recommended as a first-line local therapy for this particular patient subset.",Int J Radiat Oncol Biol Phys,2017,98,101-107,10.1016/j.ijrobp.2017.01.030,https://www.ncbi.nlm.nih.gov/pubmed/28586945,,positive,1,
22672442,Long-term oncological and continence outcomes after laparoscopic radical prostatectomy: a single-centre experience.,Busch J,"UNLABELLED: Study Type--Therapy (case series) Level of Evidence 4. What's known on the subject? and What does the study add? Over the past decade, minimally invasive laparoscopic radical prostatectomy and more recently robot-assisted laparoscopic prostatectomy have been introduced and have proven equally effective compared with open surgery in terms of mid-term cancer control and complication rates. Because long-term data is lacking, open prostatectomy is still considered the 'gold standard' by some authors, who argue that minimally invasive approaches have to measure up to the excellent long-term results of open surgery. This study represents one of the largest series (1845 patients) of minimally invasive radical prostatectomy with extended follow-up (11.3 years) and detailed data on oncological outcome and postoperative incontinence. It therefore supplies previously lacking information on these details for minimally invasive prostate surgery and provides important information for patient counselling. OBJECTIVE: • To investigate biochemical recurrence (BCR) rates and data on postoperative incontinence in a large laparoscopic radical prostatectomy (LRP) cohort with extended follow-up. MATERIALS AND METHODS: • BCR and independent predictors of BCR were identified using Kaplan-Meier and Cox regression analysis of 1845 patients who underwent LRP from 1999 to 2007. • Urinary incontinence was evaluated by pads per day and stratified as follows: 0-1 pad: no incontinence; 2-3 pads: mild incontinence; and ≥ 3 pads: severe incontinence. RESULTS: • Organ-confined disease, extraprostatic extension, seminal vesicle invasion and lymph node metastasis were present in 71.3%, 20.5%, 6.7% and 3.2% of patients, respectively. The positive surgical margin rate was 29.2%. • Postoperatively, 74.9% of the patients were continent, while 9.2% had mild and 15.9% severe incontinence. • The mean follow-up was 5 years with a maximum follow-up of 11.3 years. • There were 51 overall deaths and six deaths from prostate cancer. The 5-year, 8-year and 10-year BCR-free survival rates were 83.9%, 78.6% and 75.6%, respectively. • On univariate analyses preoperative D'Amico risk classification, pathological tumour stage, postoperative Gleason sum and surgical margin status were predictors of BCR (P < 0.001). • On multivariable analysis, D'Amico classification, Gleason sum (P < 0.001), postoperative tumour stage (P < 0.001), nodal status (P < 0.001) and surgical margin status (P = 0.002) were independent predictors of BCR. CONCLUSIONS: • LRP offers excellent long-term functional and oncological results with a low incidence of BCR for patients with localized disease. • These results could be used for patient counselling before robot-assisted laparascopic prostatectomy (RALP) until long-term follow-up data for RALP is available.",BJU Int,2012,110,E985-90,10.1111/j.1464-410X.2012.11279.x,https://www.ncbi.nlm.nih.gov/pubmed/22672442,LOW RISK,positive,1,
32442822,A biochemical definition of cure after brachytherapy for prostate cancer,Crook JM,"BACKGROUND AND PURPOSE: To identify a PSA threshold value at an intermediate follow-up time after low dose rate (LDR) prostate brachytherapy associated with cure, defined as long-term (10-15 year) freedom from prostate cancer. MATERIALS AND METHODS: Data from 7 institutions for 14,220 patients with localized prostate cancer treated with LDR brachytherapy, either alone (8552) or with external beam radiotherapy (n = 1175), androgen deprivation (n = 3165), or both (n = 1328), were analyzed. Risk distribution was 42.4% favorable, 49.2% intermediate, and 8.4% high-risk. Patients with clinical failure before 3.5 years were excluded. Kaplan-Meier analysis was used with clinical failure (local, distant, regional or biochemical triggering salvage) as an endpoint for each of four PSA categories: PSA ≤ 0.2, >0.2 to ≤0.5, >0.5 to ≤1.0, and >1.0 ng/mL. PSA levels at 4 years (±6 months) in 8746 patients without clinical failure were correlated with disease status at 10-15 years. RESULTS: For the 77.1% of patients with 4-year PSA ≤ 0.2, the freedom-from-recurrence (FFR) rates were 98.7% (95% CI 98.3-99.0) at 10 years and 96.1% (95% CI 94.8-97.2) at 15 years. Three independent validation cohorts confirmed 97-99% 10-year FFR rates with 4-year PSA ≤ 0.2. Successive PSA categories were associated with diminished disease-free rates at 10 and 15 years. PSA category was strongly associated with treatment success (p < 0.0005). CONCLUSIONS: Since 98.7% of patients with PSA ≤ 0.2 ng/mL at 4 years after LDR prostate brachytherapy were disease-free beyond 10 years, we suggest adopting this biochemical definition of cure for patients with ≥4 years' follow-up after LDR brachytherapy.",Radiother Oncol,2020,149,64-69,doi: 10.1016/j.radonc.2020.04.038. Epub 2020 Apr 27,https://www.ncbi.nlm.nih.gov/pubmed/32442822,,negative,0,2020.0
32034540,The effect of age on cancer-specific mortality in patients with prostate cancer: a population-based study across all stages,Knipper S,"PURPOSE: To test the effect of age on cancer-specific mortality (CSM) in most contemporary prostate cancer (PCa) patients of all stages and across all treatment modalities. METHODS: Within the Surveillance, Epidemiology, and End Results database (2004-2016), we identified 579,369 PCa patients. Cumulative incidence plots and multivariable competing-risks regression analyses (MCR) were used. Subgroup analyses were performed according to ethnicity (African-Americans), clinical stage (T1-2N0M0, T3-4N0M0, TanyN1M0, and TanyNanyM1), as well as treatment modalities. RESULTS: Patient distribution was as follows: 142,338 (24.6%) < 60 years; 113,064 (19.5%) 60-64 years; 127,158 (21.9%) 65-69 years; 94,782 (16.4%) 70-74 years; and 102,027 (17.6%) ≥ 75 years. Older patients harbored worse tumor characteristics and more frequently received no local treatment. Overall, 10-year CSM rates were 4.8, 5.3, 5.9, 7.6, and 14.6%, respectively, in patients aged < 60, 60-64, 65-69, 70-74 ,and ≥ 75 years (p < 0.001). In MCR focusing on the overall cohort and T1-2N0M0 patients, older age independently predicted higher CSM, but not in T3-4N0-1M0-1 patients. CONCLUSIONS: Older age was associated with higher grade and stage and independently predicted higher CSM in T1-2N0M0 patients, but not in higher stages. Differences in diagnostics and therapeutics seem to affect elderly patients within T1-2N0M0 PCa and should be avoided if possible.",Cancer Causes Control,2020,31,283-290,doi: 10.1007/s10552-020-01273-5. Epub 2020 Feb 7,https://www.ncbi.nlm.nih.gov/pubmed/32034540,,negative,0,2020.0
32174775,Comparison of Biochemical Recurrence After Robot-assisted Laparoscopic Radical Prostatectomy with Volatile and Total Intravenous Anesthesia,Kim NY,"<b>Aims</b>: Recurrence after cancer surgery is a major concern in patients with cancer. Growing evidence from preclinical studies has revealed that various anesthetics can influence the immune system in different ways. The current study compared the long-term biochemical recurrence of prostate cancer after robot-assisted laparoscopic radical prostatectomy (RALP) in terms of selection of anesthetic agent between total intravenous anesthesia (TIVA) with propofol/remifentanil and volatile anesthetics (VA) with sevoflurane or desflurane/remifentanil. <b>Methods</b>: We followed up oncologic outcomes of patients who underwent RALP from two previous prospective randomized controlled trials, and the outcomes of those who received TIVA (n = 64) were compared with those who received VA (n = 64). The follow-up period lasted from November 2010 to March 2019. <b>Results</b>: Both TIVA and VA groups showed identical biochemical recurrence-free survivals at all-time points after RALP. The following predictive factors of prostate cancer recurrence were determined by Cox regression: colloid input [hazard ratio (HR)=1.002, 95% confidence interval (CI): 1.000-1.003; P = 0.011], initial prostate-specific antigen level (HR=1.025, 95% CI: 1.007-1.044; P = 0.006), and pathological tumor stage 3b (HR=4.217, 95% CI:1.207-14.735; P = 0.024), but not the anesthetic agent. <b>Conclusions</b>: Our findings demonstrate that both TIVA with propofol/remifentanil and VA with sevoflurane or desflurane/remifentanil have comparable effects on oncologic outcomes in patients undergoing RALP.",Int J Med Sci,2020,4,,doi: 10.7150/ijms.40958. eCollection 2020,https://www.ncbi.nlm.nih.gov/pubmed/32174775,,negative,0,2020.0
16216365,192Ir or 125I prostate brachytherapy as a boost to external beam radiotherapy in locally advanced prostatic cancer: a dosimetric point of view,Nickers P,"PURPOSE: This work aims at comparing the dosimetric possibilities of 125I or 192Ir prostate brachytherapy (Bt) as a boost to external beam radiotherapy in the treatment of locally advanced adenocarcinoma. METHODS AND MATERIALS: From 1/1997 to 12/2002, 260 patients were treated. Until 12/2001 a low dose rate (LDR) treatment with 192Ir wires was used, later replaced by a high dose rate (HDR) delivered with an 192Ir stepping source technology. For the present work, we selected 40 patients including the last 20 treated, respectively, by LDR and HDR. The planning CT Scans of all these 40 patients were transferred into the 3D Prowess system for 125I permanent implants design according to the Seattle method. The reference data for dosimetric comparisons were the V100 and the prescribed dose for 192Ir as well as the dose delivered with 125I techniques to the 192Ir V100. We compared V100-150 data as well as doses to the organs at risks (OR) and cold spots (CS). RESULTS: The V100 is 85.3+/-8% for 192Ir LDR and 96+/-2% for HDR techniques (P < 0.0001). In comparison with 125I, the 192Ir LDR mode induces higher hyperdosage volumes inside the CTV but also more CS, while maximal doses to urethra and rectum are, respectively, 17 and 39% less with 125I (P < 0.0001). In comparison with the 192Ir HDR mode, 125I Bt induces higher hyperdosage volumes and slightly more CS deliberately planned around the bladder neck. If delivered doses to urethra are identical, those to the 20% anterior part of the rectum are 33% less with 125I (P < 0,0001). The 125I Bt technique was only possible in 24 out of the 40 patients studied due to pelvic bone arch interference. CONCLUSIONS: At the present time, there is no evident dosimetric superiority of one Bt method when all the criteria are taken into account. However, improving Bt techniques to implant any prostatic size could found the superiority of the 125I or permanent implants. 125I indeed allows large hyperdosage volumes inside the CTV in comparison with 192Ir HDR techniques while lowering doses to OR and minimizing CS.",Radiother Oncol,2006,78,47-52,doi: 10.1016/j.radonc.2005.09.002. Epub 2005 Oct 10,https://www.ncbi.nlm.nih.gov/pubmed/16216365,,negative,0,2005.0
30143400,Long-term outcomes analysis of low-dose-rate brachytherapy in clinically T3 high-risk prostate cancer.,Agarwal M,"PURPOSE: The available data demonstrating that superiority of LDR brachytherapy (LDR-BT) boost in high-risk prostate cancer patients under represents patients with extracapsular extension (T3a) and/or seminal vesicle invasion (T3b) have been limited. We report long-term clinical outcomes data for patients with cT3a/b disease receiving LDR-BT. METHODS AND MATERIALS: Ninety-nine men (median age: 69.4 years) with cT3a/bN0M0 high-risk prostate adenocarcinoma received definitive LDR-BT or LDR-BT boost after external beam radiation therapy (EBRT) at a single institution between 1998 and 2007. About 86% of patients received androgen deprivation therapy. Freedom from biochemical failure (FFBF), prostate cancer-specific survival (PCSS), and overall survival (OS) was calculated using the Kaplan-Meier method with the Phoenix definition used as definition of failure. Cox regression analysis was used to compare outcomes between clinical stage, initial PSA, Gleason Score, and percent core positive rate. RESULTS: With a median followup of 7 years, 7-year rate of FFBF, PCSS, and OS for the entire cohort was 65.2% (±5.6%), 90.1% (±3.6%), and 77.9% (±4.7%), respectively. LDR-BT boost patients achieved a 7-year FFBF rate of 73.5 (±6.5%). No significant difference in outcomes was present between T3a or T3b disease, Gleason score, iPSA stratification and percent core positive rates. CONCLUSIONS: LDR-BT, primarily as a boost in conjunction with ADT and EBRT, is not only feasible, but also highly effective in men with cT3a and cT3b high-risk prostate cancer resulting in excellent biochemical control and survival outcomes. LDR-BT boost implantation of patients should be strongly considered for cT3 patients given the merits of trimodality care.",Brachytherapy,2018,17,882-887,10.1016/j.brachy.2018.07.001,https://www.ncbi.nlm.nih.gov/pubmed/30143400,,positive,1,
16520907,Hypofractionated conformal HDR brachytherapy in hormone naïve men with localized prostate cancer. Is escalation to very high biologically equivalent dose beneficial in all prognostic risk groups?,Galalae RM,"PURPOSE: To analyze the long-term effect of local dose escalation using conformal hypofractionated high-dose-rate brachytherapy (HDR-BT) boost and pelvic external-beam radiation therapy (EBRT) in hormone-naïve men with localized prostate cancer. PATIENTS AND METHODS: A total of 579 men were consecutively treated with pelvic EBRT and dose escalating HDR-BT since 1986 in two prospective trials: 378 patients at William Beaumont Hospital (1991-2002), and 201 patients at Kiel University (1986-1999). BT optimization was done modulating both, the dwell times and spatial source positions. A short course of neoadjuvant/concurrent androgen deprivation therapy was given to 222 patients. Hormone-naïve patients only (n = 324) with a follow-up > or = 18 months were analyzed. All patients had at least one poor prognostic factor (stage > or = T2b, Gleason Score > or = 7, pretreatment prostate-specific antigen [PSA] > or = 10 ng/ml): any one factor 122 patients, any two factors 122 patients, and three factors 80 patients. This cohort was stratified by equivalent dose (ED): dose level 1, < or = 94 Gy, n = 58, and dose level 2, > 94 Gy, n = 266, assuming an alpha/beta ratio of 1.2. The ASTRO definition for biochemical failure was used. RESULTS: Mean follow-up was 5.3 years (1.5-13.9 years). For all 324 patients, the 5-year biochemical control (BC) rate was 79%. Cancer-specific survival was 98%, and overall survival 90%. Similar analysis by institution demonstrated no difference in outcomes. For the entire cohort of hormone-naïve men, dose escalation to > 94 Gy resulted in a better 5-year BC of 59% versus 85% (p < 0.001). Discriminating by risk group a striking dose escalation effect was seen in the groups with two or three poor prognostic factors (p = 0.022 and < 0.001, respectively). In the group with only one poor prognostic factor, no statistical difference could be detected questioning the need for ED > 94 Gy. CONCLUSION: The results demonstrate that conformal HDR-BT is a successful method for delivering very high radiation dose to the prostate. The ability to escalate dose to ED > 94 Gy was reflected in improved long-term outcomes in terms of BC, significantly for those patients with two or three poor prognostic factors reaching BC rates of 85%.",Strahlenther Onkol,2006,182,135-41,10.1007/s00066-006-1448-5,https://www.ncbi.nlm.nih.gov/pubmed/16520907,INTERMEDIATE RISK,positive,1,
16813890,Long-term outcome following radical prostatectomy in men with clinical stage T3 prostate cancer.,Carver BS,"PURPOSE: We evaluated patients at our institution who underwent radical prostatectomy for clinical stage T3 prostate cancer to determine their long-term clinical outcomes. MATERIALS AND METHODS: We reviewed our prospective surgical database and identified 176 men who underwent radical retropubic prostatectomy for clinical stage T3 prostate cancer from 1983 to 2003. Clinical and pathological data were reviewed and evaluated in a Cox proportional hazards model to determine preoperative predictors of biochemical recurrence. Clinical progression following biochemical recurrence was evaluated and clinical failure was defined as the development of clinical metastases or progression to hormone refractory prostate cancer. RESULTS: Of the 176 patients with cT3 prostate cancer 64 (36%) received neoadjuvant hormonal therapy. At a mean followup of 6.4 years 84 (48%) patients had disease recurrence with a median time to biochemical recurrence of 4.6 years. The actuarial 10-year probability of freedom from recurrence was 44%. On multivariate analysis biopsy Gleason score, pretreatment serum prostate specific antigen and year of surgery were independent predictors of biochemical recurrence. Neoadjuvant hormonal therapy was not a significant predictor of biochemical recurrence. Following biochemical recurrence clinical failure developed in 30 of 84 (36%) men with a median time of 11 years. Overall the 5, 10 and 15-year probabilities of death from prostate cancer were 6%, 15% and 24%, respectively. CONCLUSIONS: More than half (52%) of our patients remained free of disease recurrence following radical prostatectomy. In our series neoadjuvant hormonal therapy offered no advantage with respect to disease recurrence. Radical prostatectomy remains an integral component in the treatment of select patients with clinical stage T3 prostate cancer.",J Urol,2006,176,564-8,10.1016/j.juro.2006.03.093,https://www.ncbi.nlm.nih.gov/pubmed/16813890,HIGH RISK,positive,1,
25962627,"Long-Term Efficacy and Toxicity of Low-Dose-Rate ¹²⁵I Prostate Brachytherapy as Monotherapy in Low-, Intermediate-, and High-Risk Prostate Cancer.",Kittel JA,"PURPOSE/OBJECTIVES: To report long-term efficacy and toxicity for a single-institution cohort of patients treated with low-dose-rate prostate brachytherapy permanent implant (PI) monotherapy. METHODS AND MATERIALS: From 1996 to 2007, 1989 patients with low-risk (61.3%), intermediate-risk (29.8%), high-intermediate-risk (4.5%), and high-risk prostate cancer (4.4%) were treated with PI and followed up prospectively in a registry. All patients were treated with (125)I monotherapy to 144 Gy. Late toxicity was coded retrospectively according to a modified Common Terminology Criteria for Adverse Events 4.0 scale. The rates of biochemical relapse-free survival (bRFS), distant metastasis-free survival (DMFS), overall survival (OS), and prostate cancer-specific mortality (PCSM) were calculated. We identified factors associated with late grade ≥3 genitourinary (GU) and gastrointestinal (GI) toxicity, bRFS, DMFS, OS, PCSM, and incontinence. RESULTS: The median age of the patients was 67 years, and the median overall and prostate-specific antigen follow-up times were 6.8 years and 5.8 years, respectively. The overall 5-year rates for bRFS, DMFS, OS, and PCSM were 91.9%, 97.8%, 93.7%, and 0.71%, respectively. The 10-year rates were 81.5%, 91.5%, 76.1%, and 2.5%, respectively. The overall rates of late grade ≥3 GU and GI toxicity were 7.6% and 0.8%, respectively. On multivariable analysis, age and prostate length were significantly associated with increased risk of late grade ≥3 GU toxicity. The risk of incontinence was highly correlated with both pre-PI and post-PI transurethral resection of the prostate. CONCLUSIONS: Prostate brachytherapy as monotherapy is an effective treatment for low-risk and low-intermediate-risk prostate cancer and appears promising as a treatment for high-intermediate-risk and high-risk prostate cancer. Significant long-term toxicities are rare when brachytherapy is performed as monotherapy.",Int J Radiat Oncol Biol Phys,2015,92,884-93,10.1016/j.ijrobp.2015.02.047,https://www.ncbi.nlm.nih.gov/pubmed/25962627,,positive,1,
31629640,Comparison of outcome endpoints in intermediate- and high-risk prostate cancer after combined-modality radiotherapy.,Boehle A,"PURPOSE: To compare a standard radio-oncological and a surgical biochemical failure definition after combined-modality radiation therapy (CRT) in men with intermediate- and high-risk prostate cancer. METHODS: 425 men were treated with external beam radiotherapy (59.4 Gy, 33 fractions) and <sup>125</sup>J seed-brachytherapy (S-BT, 100 Gy). Biochemical recurrence (BR) was defined either as radio-oncologic (rBR), using a +2 ng/mL prostate-specific antigen (PSA) increase above a nadir value, or as surgical (sBR), using a 2-year posttreatment PSA of ≥0.2 ng/mL. Biochemical recurrence-free, metastasis-free, cancer-specific, and overall survival were calculated at 5 and 10 years using the Kaplan-Meier method. Standard validation tests were used to compare both thresholds. RESULTS: After a median of 7 years, overall recurrence rates were 10.4% and 31.5% for rBR and sBR definitions, respectively. Both failure definitions proved sensitive for the prediction of metastases and cancer-specific death, whereas the rBR definition was significantly more specific. The accuracies of a correct prediction of metastases and death of prostate cancer were 73.1% vs. 96.2% and 72.2% vs. 92.9% for sBR vs. rBR, respectively. The inferior validity results of the sBR definition were attributable to a PSA-bounce phenomenon occurring in 56% of patients with sBR. Still, using the less suitable sBR definition, the results of CRT compared favorably to BRFS rates of surgical interventions. CONCLUSION: After CRT, the radio-oncological (aka Phoenix) failure definition is more reliable than a fixed surgical endpoint. Exclusively in high-risk patients, sBR offers a direct comparison across surgical and nonsurgical treatment options at 5 and 10 years.",Brachytherapy,2020,19,24-32,10.1016/j.brachy.2019.09.001,https://www.ncbi.nlm.nih.gov/pubmed/31629640,,positive,1,
29491101,Moderate Hypofractionation in Patients with Low-risk Prostate Cancer: Long-term Outcomes.,Valeriani M,"BACKGROUND/AIM: To evaluate outcomes in patients with low-risk prostate cancer treated with hypofractionated radiotherapy (HyRT). PATIENTS AND METHODS: Between April 2004 and December 2015, 175 patients with low-risk prostate cancer were treated with HyRT 60 Gy in 20 fractions with or without image guidance and reduction of margin from clinical target volume to planning target volume. RESULTS: The median follow-up was 66 months. The 8-year overall survival for the whole patient cohort was 88.9%. The 8-year biochemical no evidence of disease was higher in patients treated with image-guided HyRT (98.8% vs. 88%, p=0.023). During treatment, patients treated with image-guided HyRT presented a lower rate of grade 1-2 gastrointestinal toxicity (25.3% vs. 42.2%, p=0.001). At the last follow-up, the grade 1 Gastro-intestinal toxicity rate was 4.0% and the grade 1-2 genito-urinary toxicity rate was 25.1%. CONCLUSION: Our study demonstrated the efficacy of the schedule used with a low rate of acute and late toxicities. Therefore, reduction of margins with image-guided HyRT is safe.",Anticancer Res,2018,38,1671-1676,10.21873/anticanres.12400,https://www.ncbi.nlm.nih.gov/pubmed/29491101,,positive,1,
20724223,Prostatic length predicts functional outcomes after iodine-125 prostate brachytherapy,Pal RP,"PURPOSE: To determine the value of prostatic length as a predictor of urinary morbidity after brachytherapy for prostate cancer. METHODS AND MATERIALS: Between May 2002 and September 2008, 214 consecutive patients received brachytherapy for localized prostate cancer at our institution. A prospective analysis of factors predicting urinary toxicity was carried out for these patients. To evaluate urinary morbidity, the posttreatment International Prostate Symptom Score (IPSS) at 3, 9, and 18 months together with rates of urinary retention was recorded. RESULTS: The mean patient age was 62 years, and the mean followup period was 24.4 months. The median IPSS before treatment was 5 (range, 0-20). This increased to 15 (0-33) at 3 months, before subsequently falling to 8 (0-31) and 6 (0-35) at 9 and 18 months, respectively. Twenty-six of 214 (12%) patients experienced urinary retention. Both prostatic length (p-value=0.001, <0.001) and volume (p-value=0.002, <0.001) correlated with a higher posttreatment IPSS at 3 and 9 months. In addition, prostate length and volume predicted those patients developing urinary retention requiring catheterization (p-value <0.001, <0.001). Pretreatment IPSS predicted IPSS at 3, 9, and 18 months (p-value <0.001, <0.001, and 0.011) but did not significantly correlate with retention rates. Other factors predicting IPSS at 3 months included radiation dose (D(90)) (p-value=0.01) and number of needles used (p-value=0.01). CONCLUSION: Prostatic length is a useful tool for determining urinary toxicity after brachytherapy for prostate cancer and should be included in the pretreatment assessment.",Brachytherapy,2011,,-,doi: 10.1016/j.brachy.2010.06.010. Epub 2010 Aug 19,https://www.ncbi.nlm.nih.gov/pubmed/20724223,,negative,0,2010.0
31866092,"Salvage Radiotherapy Versus Hormone Therapy for Prostate-specific Antigen Failure After Radical Prostatectomy: A Randomised, Multicentre, Open-label, Phase 3 Trial (JCOG0401)(†)",Yokomizo A,"BACKGROUND: No standard therapy has been established for localised prostate cancer patients with prostate-specific antigen (PSA) failure after radical prostatectomy (RP). OBJECTIVE: To determine whether radiotherapy ± hormone therapy is superior to hormone therapy alone in such patients. DESIGN, SETTING, AND PARTICIPANTS: This study is a multicentre, randomised, open-label, phase 3 trial. Patients with localised prostate cancer whose PSA concentrations had decreased to <0.1 ng/ml after RP, and then increased to 0.4-1.0 ng/ml, were randomised to the salvage hormone therapy (SHT) group (80 mg bicalutamide [BCL] followed by luteinising hormone-releasing hormone agonist in case of BCL failure) or the salvage radiation therapy (SRT) ± SHT group (64.8 Gy of SRT followed by the same regimen as in the SHT group in case of SRT failure). From May 2004 to May 2011, 210 patients (105 in each arm) were registered, with the median follow-up being 5.5 yr. OUTCOME MEASUREMENTS AND STATISTICAL ANALYSIS: The primary endpoint was time to treatment failure (TTF) of BCL. RESULTS AND LIMITATIONS: TTF of BCL was significantly longer in the SRT ± SHT group (8.6 yr) than in the SHT group (5.6 yr; hazard ratio 0.56, 90% confidence interval [0.40-0.77]; one-sided p =  0.001). Thirty-two of 102 patients (31%) in the SRT ± SHT group did not have SRT treatment failure. However, clinical relapse-free survival and overall survival did not differ between the arms. The most frequent grade 3-4 adverse event was erectile dysfunction (83 patients [80%] in the SHT group vs. 76 [74%] in the SRT ± SHT group). Limitations include the short follow-up periods and surrogate endpoint setting to allow definitive conclusions. CONCLUSIONS: Initial SRT prolongs TTF of BCL in patients with post-RP PSA failure, indicating that SRT ± SHT is more beneficial than SHT alone. PATIENT SUMMARY: Patients who have prostate-specific antigen failure after radical prostatectomy benefit from salvage radiation therapy prior to salvage hormone therapy.",Eur Urol,2020,77,689-698,doi: 10.1016/j.eururo.2019.11.023. Epub 2019 Dec 19,https://www.ncbi.nlm.nih.gov/pubmed/31866092,,negative,0,2020.0
26062525,CyberKnife stereotactic radiotherapy for isolated recurrence in the prostatic bed,Detti B,"PURPOSE: To report a clinical experience of stereotactic body radiation therapy (SBRT) for isolated recurrence in the prostatic bed from prostate cancer. MATERIALS AND METHODS: Between November 2011 and November 2013, 16 patients were treated with SBRT for a macroscopic isolated recurrence of prostate cancer in the prostatic bed. All patients were initially treated with radical prostatectomy, and half of them also received radiotherapy. Two schedules of SBRT were used: 30 Gy in 5 fractions in previously irradiated patients, 35 Gy in five fractions in radiotherapy-naïve patients. RESULTS: At a median follow-up of 10 months (range 2-21 months), a significant biochemical response was found in all but one patient. At imaging evaluation, no local progression was noted: 10 patients showed partial response while four stable disease. At the moment of analysis, all 16 patients were alive. Seven of them experienced distant relapse, while nine maintained biochemical control, with no further therapy. Median time to relapse was 9.3 months (range 3-15.2 months). The treatment was well tolerated: One patient experienced G2 acute genitourinary and gastrointestinal toxicity. CONCLUSIONS: Our experience shows that SBRT with CyberKnife for isolated nodal relapse is a safe and well-tolerated treatment.",World J Urol,2016,34,311-7,doi: 10.1007/s00345-015-1613-5. Epub 2015 Jun 11,https://www.ncbi.nlm.nih.gov/pubmed/26062525,,negative,0,2015.0
32763123,Survival Outcomes for Metastatic Prostate Cancer Patients Treated With Radical Prostatectomy or Radiation Therapy: A SEER-based Study,Jin K,"BACKGROUND: Patients with metastatic prostate cancer (mPCa) have a very low 5-year survival rate. How to choose proper treatment of mPCa remains controversial. METHOD: Within the Surveillance, Epidemiology, and End Results (SEER) database (2004-2015), we performed analyses of cancer-specific mortality (CSM) and overall mortality (OM) in the comparisons of local treatment (LT) versus no local treatment (NLT) and radical prostatectomy (RP) versus radiation therapy (RT). To balance the characteristics between 2 treatment groups, propensity score matching was performed. Considering the selection bias, we additionally used an instrument variate (IVA) to calculate the unmeasured confounders. RESULT: Multivariate regression showed that patients receiving LT had the lower risks of OM and CSM after adjustment of covariates (hazard ratio [HR] 0.39, 95% confidence interval [CI] 0.35-0.44 and HR 0.39, 95% CI 0.34-0.45). In the IVA-adjusted model, LT showed more survival benefits compared with NLT, with HR of 0.57 (95% CI 0.50-0.65) and cancer-specific HR of 0.59 (95% CI 0.51-0.68), respectively. For those receiving LT, adjusted multivariate regression indicated that RP is superior to RT (HR 0.60; 95% CI 0.43-0.83 for OM and HR 0.61; 95% CI 0.42-0.91 for CSM). The IVA-adjusted model also showed that RP presented with potentially better survival outcome compared with RT, although the effect was not statistically significant (HR 0.63; 95% CI 0.26-1.54 for OM and HR 0.47; 95% CI 0.16-1.35 for CSM). CONCLUSION: Among patients with metastatic prostate cancer, LT might bring better survival benefits in decreasing CSM and all-cause mortality compared with NLT. For those receiving LT, RP showed better survival outcomes than RT.",Clin Genitourin Cancer,2020,18,,doi: 10.1016/j.clgc.2020.05.005. Epub 2020 May 11,https://www.ncbi.nlm.nih.gov/pubmed/32763123,,negative,0,2020.0
26525214,Is supplemental external beam radiation therapy essential to maximize brachytherapy outcomes in patients with unfavorable intermediate-risk disease?,Merrick GS,"PURPOSE: To evaluate whether supplemental external beam radiotherapy (EBRT) is essential to maximize Pd-103 brachytherapy outcomes in patients with unfavorable intermediate-risk (IR) disease. METHODS AND MATERIALS: A total of 630 patients were assessed from two prospective randomized brachytherapy trials evaluating the role of supplemental EBRT in patients with higher risk features. Patients were stratified into unfavorable IR (primary Gleason pattern 4, ≥50% positive biopsies, or ≥2 IR features), favorable IR, and high-risk (HR) cohorts. Median follow-up was 7.5 years. The brachytherapy prescription dose was prescribed to the prostate gland with generous periprostatic margins. Biochemical failure (BF) was defined as a prostate-specific antigen >0.40 ng/mL after nadir. Patients with metastatic prostate cancer or nonmetastatic castrate-resistant disease who died of any cause were classified as dead of prostate cancer. Multiple parameters were evaluated for effect on outcomes. RESULTS: The 10-year BF for favorable IR, unfavorable IR, and HR was 1.7%, 6.6%, and 15.5% (p < 0.001). At 10 years, prostate cancer-specific mortality (PCSM) and overall mortality (OM) were 0% and 20.4%, 2.1% and 23.2%, and 4.3% and 42.4% for favorable IR, unfavorable IR, and HR. Although unfavorable IR patients had a greater incidence of BF, PCSM, and OM when compared with favorable IR, neither the addition nor dose of supplemental EBRT influenced outcome. CONCLUSIONS: Outcomes for favorable IR were superior to those with unfavorable IR. Within the confines of this study, neither the addition nor dose of supplemental EBRT influenced BF, PCSM, or OM in patients with IR disease.",Brachytherapy,2016,15,79-84,10.1016/j.brachy.2015.09.011,https://www.ncbi.nlm.nih.gov/pubmed/26525214,,positive,1,
29890979,"Long-term oncologic outcomes of radiotherapy combined with maximal androgen blockade for localized, high-risk prostate cancer.",Luo Y,"BACKGROUND: To assess the oncologic outcomes of radiation therapy (RT) combined with maximal androgen blockade (MAB) and prostate-specific antigen (PSA) kinetics in patients with localized, high-risk prostate carcinoma (PCa). METHODS: Three-hundred twenty individuals with localized PCa who underwent RT + MAB in 2001-2015 were evaluated retrospectively. All patients had received 36 months of MAB therapy and 45 Gy of pelvic irradiation, plus a dose-escalated external beam radiation therapy (DE-EBRT) boost to 76~81 Gy (MAB + EBRT group), or a low-dose-rate prostate permanent brachytherapy (LDR-PPB) boost to 110 Gy with I-125 (MAB + EBRT + PPB group). RESULTS: Follow-up median is 90 months, ranging from 12 to 186 months; 117 (36.6%) and 203 (63.4%) cases underwent MAB + EBRT and MAB + EBRT + PPB, respectively. Multivariate Cox regression showed that the PPB regimen and PSA kinetics were positive indicators of oncologic outcomes. Compared with MAB + EBRT, MAB + EBRT + PPB remarkably improved PSA kinetics more pronouncedly: PSA nadir (1.3 ± 0.7 vs 0.11 ± 0.06 ng/mL); time of PSA decrease to nadir (7.5 ± 1.8 vs 3.2 ± 2.1 months); PSA doubling time (PSADT; 15.6 ± 4.2 vs 22.6 ± 6.1 months); decrease in PSA (84.6 ± 6.2% vs 95.8 ± 3.4%). Additionally, median times of several important oncologic events were prolonged in the MAB + EBRT + PPB group compared with the MAB + EBRT group: overall survival (OS; 12.3 vs 9.1 years, P < 0.001), biochemical recurrence-free survival (BRFS; 9.8 vs 6.5 years, P < 0.001), skeletal-related event (SRE; 10.4 vs 8.2 years, P < 0.001), and cytotoxic chemotherapy (CCT; 11.6 vs 8.8 years, P = 0.007). CONCLUSION: MAB + EBRT + PPB is extremely effective in patients with localized, high-risk PCa, indicating that PPB may play a synergistic role in improving PSA kinetics and independently predicts oncologic outcomes.",World J Surg Oncol,2018,16,107,10.1186/s12957-018-1395-5,https://www.ncbi.nlm.nih.gov/pubmed/29890979,,positive,1,
25911994,Combination therapy improves prostate cancer survival for patients with potentially lethal prostate cancer: The impact of Gleason pattern 5.,Liss AL,"PURPOSE: To investigate the impact of Gleason pattern 5 (GP5) prostate cancer after either external beam radiotherapy (EBRT) or the combination of EBRT with low-dose rate brachytherapy boost (combo). METHODS AND MATERIALS: Between 1998 and 2008, 467 patients with National Comprehensive Cancer Network high-risk prostate cancer were treated with EBRT (n = 326) or combo (low-dose rate to 90-108 Gy using I-125 followed by EBRT) (n = 141). Freedom from biochemical failure, freedom from metastasis (FFM), cancer-specific survival (CSS), and overall survival were evaluated. RESULTS: Combo patients were younger (66 vs. 72 years, p < 0.001) and had fewer comorbidities (Charlson comorbidity index 3.7 vs. 4.4, p < 0.001). EBRT patients had higher tumor stages (T3-4: 30% vs. 21%, p = 0.03) and lower Gleason scores (8-10: 61% vs. 75%, p = 0.01). Androgen deprivation therapy use was similar between cohorts (85% vs. 87%, p = 0.5), but EBRT patients had longer androgen deprivation therapy use (median 14 vs. 12 months, p = 0.05). GP5 predicted worse FFM (p < 0.001, hazard ratio [HR] 3.3, 95% confidence interval [CI]1.8-6.2]) and CSS (p < 0.001, HR 5.9, 95% CI 2.7-12.9) for the EBRT group, but not for the combo group (p = 0.86, HR 0.48, 95% CI 0.1-2.4 for metastasis and p = 0.5, HR 1.6, 95% CI 0.33-8.0 for CSS). In those with GP5 (n = 143), combo was associated with improved outcomes in all endpoints. On univariate analysis, 5-year outcomes for combo vs. EBRT were as follows: freedom from biochemical failure 89% vs. 65%, FFM 89% vs. 67%, CSS 93% vs. 78%, and overall survival 88% vs. 67% (p < 0.05 for all). CONCLUSION: Combo was associated with improved outcomes for men with GP5 prostate cancer. This highlights the importance of local therapy, especially in patients with the highest pathologic grade disease.",Brachytherapy,2015,14,502-10,10.1016/j.brachy.2015.02.389,https://www.ncbi.nlm.nih.gov/pubmed/25911994,,positive,1,
17482880,Escalated-dose versus standard-dose conformal radiotherapy in prostate cancer: first results from the MRC RT01 randomised controlled trial.,Dearnaley DP,"BACKGROUND: In men with localised prostate cancer, conformal radiotherapy (CFRT) could deliver higher doses of radiation than does standard-dose conventional radical external-beam radiotherapy, and could improve long-term efficacy, potentially at the cost of increased toxicity. We aimed to present the first analyses of effectiveness from the MRC RT01 randomised controlled trial. METHODS: The MRC RT01 trial included 843 men with localised prostate cancer who were randomly assigned to standard-dose CFRT or escalated-dose CFRT, both administered with neoadjuvant androgen suppression. Primary endpoints were biochemical-progression-free survival (bPFS), freedom from local progression, metastases-free survival, overall survival, and late toxicity scores. The toxicity scores were measured with questionnaires for physicians and patients that included the Radiation Therapy Oncology Group (RTOG), the Late Effects on Normal Tissue: Subjective/Objective/Management (LENT/SOM) scales, and the University of California, Los Angeles Prostate Cancer Index (UCLA PCI) scales. Analysis was done by intention to treat. This trial is registered at the Current Controlled Trials website http://www.controlled-trials.com/ISRCTN47772397. FINDINGS: Between January, 1998, and December, 2002, 843 men were randomly assigned to escalated-dose CFRT (n=422) or standard-dose CFRT (n=421). In the escalated group, the hazard ratio (HR) for bPFS was 0.67 (95% CI 0.53-0.85, p=0.0007). We noted 71% bPFS (108 cumulative events) and 60% bPFS (149 cumulative events) by 5 years in the escalated and standard groups, respectively. HR for clinical progression-free survival was 0.69 (0.47-1.02; p=0.064); local control was 0.65 (0.36-1.18; p=0.16); freedom from salvage androgen suppression was 0.78 (0.57-1.07; p=0.12); and metastases-free survival was 0.74 (0.47-1.18; p=0.21). HR for late bowel toxicity in the escalated group was 1.47 (1.12-1.92) according to the RTOG (grade >/=2) scale; 1.44 (1.16-1.80) according to the LENT/SOM (grade >/=2) scales; and 1.28 (1.03-1.60) according to the UCLA PCI (score >/=30) scale. 33% of the escalated and 24% of the standard group reported late bowel toxicity within 5 years of starting treatment. HR for late bladder toxicity according to the RTOG (grade >/=2) scale was 1.36 (0.90-2.06), but this finding was not supported by the LENT/SOM (grade >/=2) scales (HR 1.07 [0.90-1.29]), nor the UCLA PCI (score >/=30) scale (HR 1.05 [0.81-1.36]). INTERPRETATION: Escalated-dose CFRT with neoadjuvant androgen suppression seems clinically worthwhile in terms of bPFS, progression-free survival, and decreased use of salvage androgen suppression. This additional efficacy is offset by an increased incidence of longer term adverse events.",Lancet Oncol,2007,8,475-87,10.1016/S1470-2045(07)70143-2,https://www.ncbi.nlm.nih.gov/pubmed/17482880,HIGH RISK,positive,1,
20122161,Stereotactic body radiotherapy for organ-confined prostate cancer,Katz AJ,"BACKGROUND: Improved understanding of prostate cancer radiobiology combined with advances in delivery of radiation to the moving prostate offer the potential to reduce treatment-related morbidity and maintain quality of life (QOL) following prostate cancer treatment. We present preliminary results following stereotactic body radiotherapy (SBRT) treatment for organ-confined prostate cancer. METHODS: SBRT was performed on 304 patients with clinically localized prostate cancer: 50 received 5 fractions of 7 Gy (total dose 35 Gy) and 254 received 5 fractions of 7.25 Gy (total dose 36.25 Gy). Acute and late toxicity was assessed using the Radiation Therapy Oncology Group scale. The Expanded Prostate Cancer Index Composite questionnaire was used to assess QOL. Prostate-specific antigen response was monitored. RESULTS: At a median 30-month (26 - 37 month, range) follow-up there were no biochemical failures for the 35-Gy dose level. Acute Grade II urinary and rectal toxicities occurred in 4% of patients with no higher Grade acute toxicities. One Grade II late urinary toxicity occurred with no other Grade II or higher late toxicities. At a median 17-month (8 - 27 month, range) follow-up the 36.25 Gy dose level had 2 low- and 2 high-risk patients fail biochemically (biopsy showed 2 low- and 1 high-risk patients were disease-free in the gland). Acute Grade II urinary and rectal toxicities occurred in 4.7% (12/253) and 3.6% (9/253) of patients, respectively. For those patients with a minimum of 12 months follow-up, 5.8% (12/206) had late Grade II urinary toxicity and 2.9% (6/206) had late Grade II rectal toxicities. One late Grade III urinary toxicity occurred; no Grade IV toxicities occurred. For both dose levels at 17 months, bowel and urinary QOL returned to baseline values; sexual QOL decreased by 10%. CONCLUSIONS: The low toxicity and maintained QOL are highly encouraging. Additional follow-up is needed to determine long-term biochemical control and maintenance of low toxicity and QOL.",BMC Urol,2010,1,,doi: 10.1186/1471-2490-10-1,https://www.ncbi.nlm.nih.gov/pubmed/20122161,,negative,0,2010.0
22386416,Ten-year follow-up of neoadjuvant therapy with goserelin acetate and flutamide before radical prostatectomy for clinical T3 and T4 prostate cancer: update on Southwest Oncology Group Study 9109.,Berglund RK,"OBJECTIVE: To update the results with 10-year data of a phase II prospective trial of neoadjuvant hormonal therapy with goserelin acetate and flutamide followed by radical prostatectomy for locally advanced prostate cancer (SWOG 9109). The optimal management for clinical stage T3 and T4 N0,M0 prostate cancer is uncertain. MATERIALS AND METHODS: Sixty-two patients with clinical stage T3 and T4 N0,M0 prostate cancer were enrolled. Cases were classified by stage T3 vs T4 and by volume of disease (bulky >4 cm and nonbulky ≤ 4 cm). RESULTS: Fifty-five of 61 eligible patients completed the trial with radical prostatectomy after neoadjuvant androgen deprivation therapy (ADT). The median preoperative prostate-specific antigen value was 19.8 ng/mL, and 67% of patients had a Gleason score of ≥ 7. Among 41 patients last known to be alive, median follow-up is 10.6 years (range 5.1-12.6). In all, 38 patients have had disease progression (30/55, 55%) or died without progression (8/55, 15%) for a 10-year progression-free survival (PFS) estimate of 40% (95% CI 27-53). Median PFS was 7.5 years, and median survival has not been reached. The 10-year overall survival (OS) estimate is 68% (95% CI 56-80). CONCLUSIONS: In this small, prospective phase II study, neoadjuvant hormonal therapy with goserelin acetate and flutamide followed by radical prostatectomy achieves long-term PFS and OS comparable with alternative treatments. This approach is feasible and may be an alternative to a strategy of combined radiation and ADT.",Urology,2012,79,633-7,10.1016/j.urology.2011.11.019,https://www.ncbi.nlm.nih.gov/pubmed/22386416,HIGH RISK,positive,1,
27458572,Predicting Biochemical Disease-Free Survival after Prostate Stereotactic Body Radiotherapy: Risk-Stratification and Patterns of Failure.,Katz A,"BACKGROUND AND PURPOSE: To determine appropriate risk-stratification factors for prostate cancer patients undergoing stereotactic body radiotherapy (SBRT). MATERIALS AND METHODS: Between 2006 and 2010, 515 patients with organ-confined prostate cancer were treated with a regimen of five-fraction SBRT to dose of 35-36.25 Gy. By NCCN criteria, 324 patients were low risk, 153 were intermediate risk, and 38 were high risk. Patients were defined as unfavorable intermediate risk if Gleason 4 + 3 = 7 or >1 intermediate-risk factors (cT2b, c, PSA 10-20, Gleason 3 + 4 = 7). Cox regression analysis was used to determine risk factors significantly associated biochemical failure, and patterns of failure analyzed. RESULTS: With median follow-up of 84 months, the 8-year disease-free survival was 93.6, 84.3, and 65.0% for low, intermediate, and high-risk group patients, respectively. Based on the above definition, 106 favorable intermediate-risk patients had excellent outcomes, with no significant difference compared to low-risk patients (7-year DFS 95.2 vs. 93.2%, respectively). The 47 unfavorable intermediate-risk patients had worse outcomes, similar to high-risk patients (7-year DFS 68.2 vs. 65.0%, respectively). Gleason score was the only significant factor associated with biochemical failure on multivariate analysis (p = 0.0003). CONCLUSION: Patients with favorable intermediate-risk disease have excellent outcomes, comparable to low-risk patients. Patients with unfavorable intermediate-risk disease have significantly worse outcomes after SBRT, and should be considered for clinical trials or treatment intensification.",Front Oncol,2016,6,168,10.3389/fonc.2016.00168,https://www.ncbi.nlm.nih.gov/pubmed/27458572,,positive,1,
26960506,Outcome of radical prostatectomy as primary treatment for high-risk prostate cancer patients.,Kulkarni JN,"CONTEXT: Recently, there has been considerable interest in the role of radical prostatectomy (RP) in men with high-risk prostate cancer. AIMS: The objective of our study is to report the outcome of upfront RP in our patients with high-risk prostate cancer (Stage ≥ cT2c, a pre-operative serum prostate specific antigen >20 ng/ml or a biopsy Gleason score [GS] 8-10). SUBJECTS AND METHODS: From 1996 to 2010, 208 patients of prostate cancer (high risk category D'Amico's criteria) underwent open RP with bilateral pelvic lymphadenectomy. STATISTICAL ANALYSIS USED: The data was statistically analyzed using Kaplan Meier method and log rank test to calculate progression free, metastasis free survival (MFS) and cancer specific survival (CSS). Furthermore multivariate analysis (MVA) was carried out using SPSS 14 software. (IBM company). RESULTS: At 7 and 10 years, prostate cancer-specific survival (PCSS) was found to be 79.7% and 65%, respectively, biochemical recurrence free survival (BRFS) was 42.4% and 36.7%, respectively and the MFS was 71.1% and 64.4% respectively. High GS was highly predictable of PCSS, BRFS and MFS. Node positivity was the single poor risk factor on MVA whereas biopsy GS, pStage (P = 0.016) and seminal vesicle invasion (P = 0.045) had statistical significance in predicting the MFS. CONCLUSIONS: RP provides accurate pathologic staging of patients with high risk prostate cancer, allows better stratification of patients for further adjuvant therapy and either as an initial approach or part of a multimodal regimen, can provide durable local control and provides excellent CSS.",Indian J Cancer,2015,52,646-52,10.4103/0019-509X.178446,https://www.ncbi.nlm.nih.gov/pubmed/26960506,,positive,1,
26774347,Survival Outcomes in Men Undergoing Radical Prostatectomy After Primary Radiation Treatment for Adenocarcinoma of the Prostate,Pokala N,"PURPOSE: Salvage radical prostatectomy (SRP) is a treatment modality for patients with radio-recurrent prostate cancer but is currently underutilized. We analyzed the survival outcomes in patients receiving SRP for radio-recurrent prostate cancer. The secondary outcome was effect of lymph node dissection on survival following SRP. MATERIALS AND METHODS: The Surveillance, Epidemiology, and End Results (SEER) 18 registry was used to identify patients that underwent radical prostatectomy between 1988 and 2010. Search identified 2628 patients with prostate cancer that underwent surgery after radiation. Following exclusion, 364 patients remained. Endpoints included overall survival (OS) and cancer-specific survival (CSS). Effect of pelvic lymph node dissection (PLND) status and number of nodes retrieved were also studied. Kaplan-Meier analysis, log-rank tests, and Cox-proportional hazard models were used, and P < .05 was considered to be significant. RESULTS: OS was 77.5% at 10 years and 37.3% at 20 years; CSS was 88.6% at 10 years and 72.7% at 20 years. The hazard of mortality was higher in men who did not undergo PLND with a hazard ratio of 1.4 for OS (P = .2) and 2.7 for CSS (P = .01). No significant increase in OS or CC was seen with increasing number of lymph nodes retrieved. Some limitations are inherent to the SEER database and include the lack of hormone manipulation status and PSA data. CONCLUSIONS: Excellent long-term survival can be achieved with SRP. PLND improves CSS but increasing nodal yield does not significantly improve survival. Small sample sizes limit the overall power of this study.",Clin Genitourin Cancer,2016,14,218-25,doi: 10.1016/j.clgc.2015.12.010. Epub 2015 Dec 17,https://www.ncbi.nlm.nih.gov/pubmed/26774347,,negative,0,2015.0
31695139,Prostate cancer characteristics and cancer-specific mortality of Native American patients,Deuker M,"BACKGROUND: Historical epidemiological data indicate that Native American patients may have worse prostate cancer (PCa) characteristics than Caucasian patients (CAP). To test for cancer-specific mortality (CSM) differences among Native American vs. CAP, the most contemporary version of the SEER database (Surveillance, Epidemiology, and End Results database [2004-2016]) was used. METHODS: Descriptives and time trend analyses focused on a combined cohort of 357,289 Caucasian and Native American PCa patients of all stages. After 1:4 propensity-score (PS) matching for stage, grade, and other patient characteristics, cumulative incidence plots, and competing-risks-regression-models (CRR) were used, with further stratification according to non-metastatic (T<sub>any</sub>N<sub>0</sub>M<sub>0</sub>) vs. metastatic (T<sub>any</sub>N<sub>1</sub> and/or M<sub>1</sub>) stages. RESULTS: Native American patients accounted for 1804 (0.5%) of the study cohort. Native American patients had higher PSA (8 ng/ml vs. 6.3 ng/ml), higher rate of D'Amico high-risk PCa (30.8 vs. 24.8%), higher rate of T3/T4-PCa (5.5 vs. 3.7%), higher rate of N1 stage (4.5 vs. 2.8%), and higher rate of M1 stage (7.5 vs. 3.9%, all p < 0.001) than CAP. In T<sub>any</sub>N<sub>0</sub>M<sub>0</sub> patients after PS-matching, 10-year CSM was 5.7 vs. 6.2% in Native American vs. CAP. In T<sub>any</sub>N<sub>1</sub> and/or M<sub>1</sub> patients, 10-year CSM was 64.3 vs. 63.3% in Native American vs. CAP, (both p = 0.8). In CRR, Native American race did not represent an independent predictor of CSM. CONCLUSIONS: Native American patients have more unfavorable stage and grade at presentation. However, after adjustment for these characteristics, CSM in Native American patients is not higher than in CAP. In consequence, PCa prognosis does not differ between Native American and Caucasian race. Therefore, efforts should be made to diagnose PCa in Native Americans at an earlier and more favorable stage like in CAP.",Prostate Cancer Prostatic Dis,2020,23,277-285,doi: 10.1038/s41391-019-0184-8. Epub 2019 Nov 6,https://www.ncbi.nlm.nih.gov/pubmed/31695139,,negative,0,2020.0
18280056,Long-term results of conformal radiotherapy for prostate cancer: impact of dose escalation on biochemical tumor control and distant metastases-free survival outcomes.,Zelefsky MJ,"PURPOSE: To report prostate-specific antigen (PSA) relapse-free survival and distant metastases-free survival (DMFS) outcomes for patients with clinically localized prostate cancer treated with high-dose conformal radiotherapy. METHODS AND MATERIALS: Between 1988 and 2004, a total of 2,047 patients with clinically localized prostate cancer were treated with three-dimensional conformal radiotherapy or intensity-modulated radiotherapy. Prescribed dose levels ranged from 66-86.4 Gy. Median follow-up was 6.6 years (range, 3-18 years). RESULTS: Although no differences were noted among low-risk patients for the various dose groups, significant improvements were observed with higher doses for patients with intermediate- and high-risk features. In patients with intermediate-risk features, multivariate analysis showed that radiation dose was an important predictor for improved PSA relapse-free survival (p < 0.0001) and improved DMFS (p = 0.04). In patients with high-risk features, multivariate analysis showed that the following variables predict for improved PSA relapse-free survival: dose (p < 0.0001); age (p = 0.0005), and neoadjuvant-concurrent androgen deprivation therapy (ADT; p = 0.01). In this risk group, only higher radiation dose was an important predictor for improved DMFS (p = 0.04). CONCLUSIONS: High radiation dose levels were associated with improved biochemical tumor control and decreased risk of distant metastases. For high-risk patients, despite the delivery of high radiation dose levels, the use of ADT conferred an additional benefit for improved tumor control outcomes. We observed a benefit for ADT in high-risk patients who received higher doses.",Int J Radiat Oncol Biol Phys,2008,71,1028-33,10.1016/j.ijrobp.2007.11.066,https://www.ncbi.nlm.nih.gov/pubmed/18280056,LOW RISK,positive,1,
25925789,Androgen deprivation therapy and the risk of death from prostate cancer among men with favorable or unfavorable intermediate-risk disease.,Keane FK,"BACKGROUND: Radiotherapy (RT), short-course androgen deprivation therapy (ADT), and brachytherapy in various combinations are treatment options for patients with intermediate-risk prostate cancer (PC), but the question of which combination if any is necessary to minimize PC-specific mortality (PCSM) risk in patients with favorable or unfavorable intermediate-risk PC is unknown. The authors assessed PCSM risk after commonly used treatments. METHODS: The cohort consisted of 2510 men with favorable (1902 men; 75.78%) or unfavorable (608 men; 24.22%) intermediate-risk PC who were treated from 1997 to 2013. Treatment included brachytherapy with or without neoadjuvant ADT among men with favorable disease and brachytherapy with neoadjuvant RT or ADT among men with unfavorable disease. Fine and Gray's competing-risks regression model was used to assess whether ADT among men with favorable disease or RT or ADT among men with unfavorable disease decreased PCSM risk after adjusting for treatment propensity score, year of brachytherapy, and PC prognostic factors. RESULTS: After a median follow-up of 7.78 years, 366 deaths (14.58%) were observed, 29 of which (7.92%) were from PC. There was a significant reduction in PCSM risk in men with unfavorable disease who were treated with ADT versus RT (adjusted hazard ratio, 0.34; 95% confidence interval, 0.13-0.91 [P = .03]), but no significant difference in PCSM risk in men with favorable disease who received ADT and brachytherapy versus brachytherapy (adjusted hazard ratio, 0.67; 95% confidence interval, 0.18-2.57 [P =.56]). CONCLUSIONS: Neoadjuvant ADT does not appear to reduce PCSM risk in men undergoing brachytherapy for favorable intermediate-risk PC and should not be considered a standard; however, it appears superior to neoadjuvant RT in men with unfavorable intermediate-risk PC undergoing brachytherapy, making neoadjuvant ADT and brachytherapy a preferred option in these men.",Cancer,2015,121,2713-9,10.1002/cncr.29420,https://www.ncbi.nlm.nih.gov/pubmed/25925789,,positive,1,
31704459,Ten-Year Treatment Outcomes of Radical Prostatectomy Vs External Beam Radiation Therapy Vs Brachytherapy for 1503 Patients With Intermediate-risk Prostate Cancer.,Goy BW,"OBJECTIVE: To compare 10-year oncologic treatment outcomes of radical prostatectomy (RP) vs external beam radiation therapy (EBRT) vs brachytherapy (BT) for patients with intermediate-risk prostate cancer (IRPC). METHODS: A retrospective analysis using propensity score matching was performed on 1503 IRPC patients who underwent treatment from 2004 to 2007. Eight hundred and nineteen underwent RP, 574 underwent EBRT to a median dose of 75.3 Gray, and 110 underwent BT using Iodine-125. Biochemical failure was defined by the American Urological Association definition of failure for RP, and the Phoenix definition for EBRT and BT. RESULTS: Median follow-up was 10.0 years for RP, 9.6 for EBRT, and 9.8 for BT. Neoadjuvant androgen deprivation therapy was given in 0.6% of RP, 58.9% of EBRT, and 12.7% of BT patients, P <.0001. Only 14% of BT received supplemental external radiation. The adjusted 10-year freedom from biochemical failure was 80.2% for BT vs 57.1% for RP vs 57.0% for EBRT, P = .0003. Subset analysis of unfavorable IRPC also showed improved freedom from biochemical failure with BT, P <.0001. There were no significant differences in metastases-free survival or prostate cancer-specific survival after adjusting for age and Charlson comorbidity index. CONCLUSION: BT using Iodine-125, used alone or in combination with supplemental external radiation, is a reasonable treatment option for IRPC patients, yielding equivalent rates of metastases-free survival and prostate cancer-specific survival.",Urology,2020,136,180-189,10.1016/j.urology.2019.09.040,https://www.ncbi.nlm.nih.gov/pubmed/31704459,,positive,1,
19952715,High-dose-rate prostate brachytherapy: an excellent accelerated-hypofractionated treatment for favorable prostate cancer,Martinez AA,"PURPOSE: The radiobiology of prostate cancer appears to favor large fractions. Accelerated hypofractionation treatments may therefore be used to improve the therapeutic ratio, particularly when the doses to rectum and bladder are kept below the prostate dose. The 5-year experience at William Beaumont Hospital (WBH) and the California Endocurietherapy Center (CET) with accelerated-hypofractionated high-dose-rate (HDR) monotherapy in favorable prostate cancer is presented. MATERIALS AND METHODS: Between 1993 and 2004, 454 patients were treated with brachytherapy of which 248 treated with HDR and 206 patients treated with low-dose-rate Palladium (LDR-Pd¹⁰³). The WBH-HDR dose was 38 Gy, in 4 fractions, twice a day. The CET-HDR dose was 42 Gy in 6 fractions in 2 separate implants 1 week apart. The WBH-LDR dose was 120 Gy. RESULTS: Median follow-up was 4.8 years. The 5-year Phoenix biochemical control (BC) was 89%, 91%, and 88% for WBH-LDR, WBH- HDR, and CET-HDR, respectively. The majority of complications were grade 1. HDR was associated with less acute grade 1 to 3 dysuria 60% versus 39%, (P < 0.001), urinary frequency/urgency 90% to58% (P < 0.001), and rectal pain 17% to 6.5% (P < 0.001). Long-term urinary frequency/urgency 54% versus 43%, (P = 0.03) and dysuria 22% versus 15% were less with HDR. The 5-year actuarial impotence rate was 30% for LDR and 20% for HDR (P = 0.23). CONCLUSIONS: Although the same 5-year BC rates were achieved with HDR (248 patients) and LDR (206 patients) monotherapy, HDR brachytherapy was associated with less acute and chronic genitourinary and gastrointestinal toxicities. As another accepted standard of care, accelerated hypofractionated HDR monotherapy is target specific and efficient radiobiologically than EBRT which has many smaller doses per fraction. It could be considered today as the best option in accelerated hypofractionated prostate cancer treatment.",Am J Clin Oncol,2010,33,481-8,doi: 10.1097/COC.0b013e3181b9cd2f,https://www.ncbi.nlm.nih.gov/pubmed/19952715,,negative,0,2010.0
23062705,Long-term outcomes and prognostic factors in patients treated with intraoperatively planned prostate brachytherapy.,Vargas C,"PURPOSE: Evaluate outcomes and prognostic factors in men with localized prostate cancer. METHODS AND MATERIALS: A total of 3760 patients have undergone prostate seed implantation at our institution. This review is of our initial 304 consecutive patients treated before January 30, 2001. A total of 124 patients were treated with (125)I implant monotherapy and 180 with (103)Pd implant combined with 45-Gy external beam radiation therapy. RESULTS: The median followup was 10.3 years. A 10-year biochemical control for low risk (LR) was 98% , intermediate risk (IR) 94%, high risk (HR) 78%, and HR with one HR factor 88% (p < 0.001); cause-specific survival was 99%, 98%, and 84% for LR, IR, and HR, respectively (p < 0.001); No significant difference in outcome was seen for LR and IR patients (p > 0.3). On multivariate analysis, only pretreatment PSA, Gleason score, and T-stage were significant for biochemical control. Most biochemical failures occurred within 5 years (93%). CONCLUSIONS: With a minimum followup of 10 years, results are excellent and do not differ for LR or IR prostate cancer patients. HR patients are a very heterogeneous group, and excellent results can still be achieved for HR patients with only one HR feature.",Brachytherapy,2013,12,120-5,10.1016/j.brachy.2012.08.002,https://www.ncbi.nlm.nih.gov/pubmed/23062705,LOW RISK,positive,1,
28296582,Randomized Trial of a Hypofractionated Radiation Regimen for the Treatment of Localized Prostate Cancer.,Catton CN,"Purpose Men with localized prostate cancer often are treated with external radiotherapy (RT) over 8 to 9 weeks. Hypofractionated RT is given over a shorter time with larger doses per treatment than standard RT. We hypothesized that hypofractionation versus conventional fractionation is similar in efficacy without increased toxicity. Patients and Methods We conducted a multicenter randomized noninferiority trial in intermediate-risk prostate cancer (T1 to 2a, Gleason score ≤ 6, and prostate-specific antigen [PSA] 10.1 to 20 ng/mL; T2b to 2c, Gleason ≤ 6, and PSA ≤ 20 ng/mL; or T1 to 2, Gleason = 7, and PSA ≤ 20 ng/mL). Patients were allocated to conventional RT of 78 Gy in 39 fractions over 8 weeks or to hypofractionated RT of 60 Gy in 20 fractions over 4 weeks. Androgen deprivation was not permitted with therapy. The primary outcome was biochemical-clinical failure (BCF) defined by any of the following: PSA failure (nadir + 2), hormonal intervention, clinical local or distant failure, or death as a result of prostate cancer. The noninferiority margin was 7.5% (hazard ratio, < 1.32). Results Median follow-up was 6.0 years. One hundred nine of 608 patients in the hypofractionated arm versus 117 of 598 in the standard arm experienced BCF. Most of the events were PSA failures. The 5-year BCF disease-free survival was 85% in both arms (hazard ratio [short v standard], 0.96; 90% CI, 0.77 to 1.2). Ten deaths as a result of prostate cancer occurred in the short arm and 12 in the standard arm. No significant differences were detected between arms for grade ≥ 3 late genitourinary and GI toxicity. Conclusion The hypofractionated RT regimen used in this trial was not inferior to conventional RT and was not associated with increased late toxicity. Hypofractionated RT is more convenient for patients and should be considered for intermediate-risk prostate cancer.",J Clin Oncol,2017,35,1884-1890,10.1200/JCO.2016.71.7397,https://www.ncbi.nlm.nih.gov/pubmed/28296582,,positive,1,
20201836,Radical prostatectomy in older men: survival outcomes in septuagenarians and octogenarians,Pierorazio PM,"OBJECTIVE: To examine the survival outcomes of septuagenarians and octogenarians (aged > or =80 years) who underwent radical prostatectomy (RP) at our institution, as the US Preventive Services Task Force recently released recommendations that men aged > or =75 years should not be screened for prostate cancer. PATIENTS AND METHODS: Our institutional RP database (1982-2008) was queried for men aged > or =70 years at the time of surgery to evaluate actuarial survival after RP; 386 aged 70-81 years (median 71) underwent RP. The median (range) follow-up was 6.5 (1-22) years. Clinicopathological characteristics and mortality data were evaluated; mortality data were gathered through Social Security Administration Death Index and causes of death were confirmed with the Center for Disease Control National Death Index information. Kaplan-Meier analysis was used to evaluate cause-specific survival. RESULTS: Ten patients (2.6%) had clinical stage T1a-b, 213 (55.3%) had T1c, and 143 (37.1%) had T2 prostate cancer. The median (range) preoperative prostate-specific antigen (PSA) level was 6.2 (0.2-49.9) ng/mL, and the biopsy and pathological Gleason sum was 6 (3-9) and 7 (4-9), respectively. Causes of death included prostate cancer (17), other malignancies (14), cardiovascular causes (14), neurological disease (four), pneumonia (two) and accident (one). The prostate cancer-specific survival rate was 97.6%, 94.0% and 90.2% at 5, 10 and 15 years after RP, respectively; the respective cardiovascular survival rate was 99.5%, 97.6% and 92.5%, and the overall survival rate was 93.1%, 82.5% and 68.9%, respectively. CONCLUSIONS: If appropriately selected, older men have excellent overall and prostate-cancer specific survival after RP. The benefits of surgery should be weighed against the increased risks of surgical and anaesthetic complications.",BJU Int,2010,106,791-5,doi: 10.1111/j.1464-410X.2010.09239.x. Epub 2010 Mar 1,https://www.ncbi.nlm.nih.gov/pubmed/20201836,,negative,0,2010.0
29359988,Long-term outcomes following proton therapy for prostate cancer in young men with a focus on sexual health.,Ho CK,"BACKGROUND: We investigated long-term outcomes for men ≤60 years old treated with proton therapy (PT). METHODS: Of 254 men ≤60 years old were treated with proton therapy alone for prostate cancer. Risk stratification included 56% with low-, 42% with intermediate- and 2% with high-risk disease. Patients received 76-82 Gy at 2 Gy/fraction or 70-72.5 Gy at 2.5 Gy/fraction. Before treatment and every 6-12 months for 5 years, patients were evaluated by a physician, answered health-related quality of life surveys, including the EPIC, IIEF and IPSS, and had PSA evaluated. RESULTS: Median follow-up for the cohort was 7.1 years; 7-year biochemical-free survival was 97.8%. Eight men (one high-risk; five intermediate-risk and two low-risk) experienced biochemical progression, including one who died of disease 9 years after treatment. Potency (erections firm enough for sexual intercourse) was 90% at baseline and declined to 72% at the first-year follow-up, but declined to only 67% at 5 years. Only 2% of patients developed urinary incontinence requiring pads. The bowel habits mean score declined from a baseline of 96 to 88 at 1 year, which improved over the following years to 93 at 5 years. CONCLUSIONS: Young men with prostate cancer continue to have excellent results with respect to 7-year biochemical control and 5-year erectile function, without clinically significant urinary incontinence 5 years after proton therapy. Comparative effectiveness studies of proton therapy with surgery and IMRT are needed.",Acta Oncol,2018,57,582-588,10.1080/0284186X.2018.1427886,https://www.ncbi.nlm.nih.gov/pubmed/29359988,,positive,1,
31935027,"Patient-Reported Outcomes Through 5 Years for Active Surveillance, Surgery, Brachytherapy, or External Beam Radiation With or Without Androgen Deprivation Therapy for Localized Prostate Cancer",Hoffman KE,"IMPORTANCE: Understanding adverse effects of contemporary treatment approaches for men with favorable-risk and unfavorable-risk localized prostate cancer could inform treatment selection. OBJECTIVE: To compare functional outcomes associated with prostate cancer treatments over 5 years after treatment. DESIGN, SETTING, AND PARTICIPANTS: Prospective, population-based cohort study of 1386 men with favorable-risk (clinical stage cT1 to cT2bN0M0, prostate-specific antigen [PSA] ≤20 ng/mL, and Grade Group 1-2) prostate cancer and 619 men with unfavorable-risk (clinical stage cT2cN0M0, PSA of 20-50 ng/mL, or Grade Group 3-5) prostate cancer diagnosed in 2011 through 2012, accrued from 5 Surveillance, Epidemiology and End Results Program sites and a US prostate cancer registry, with surveys through September 2017. EXPOSURES: Treatment with active surveillance (n = 363), nerve-sparing prostatectomy (n = 675), external beam radiation therapy (EBRT; n = 261), or low-dose-rate brachytherapy (n = 87) for men with favorable-risk disease and treatment with prostatectomy (n = 402) or EBRT with androgen deprivation therapy (n = 217) for men with unfavorable-risk disease. MAIN OUTCOMES AND MEASURES: Patient-reported function, based on the 26-item Expanded Prostate Index Composite (range, 0-100), 5 years after treatment. Regression models were adjusted for baseline function and patient and tumor characteristics. Minimum clinically important difference was 10 to 12 for sexual function, 6 to 9 for urinary incontinence, 5 to 7 for urinary irritative symptoms, and 4 to 6 for bowel and hormonal function. RESULTS: A total of 2005 men met inclusion criteria and completed the baseline and at least 1 postbaseline survey (median [interquartile range] age, 64 [59-70] years; 1529 of 1993 participants [77%] were non-Hispanic white). For men with favorable-risk prostate cancer, nerve-sparing prostatectomy was associated with worse urinary incontinence at 5 years (adjusted mean difference, -10.9 [95% CI, -14.2 to -7.6]) and sexual function at 3 years (adjusted mean difference, -15.2 [95% CI, -18.8 to -11.5]) compared with active surveillance. Low-dose-rate brachytherapy was associated with worse urinary irritative (adjusted mean difference, -7.0 [95% CI, -10.1 to -3.9]), sexual (adjusted mean difference, -10.1 [95% CI, -14.6 to -5.7]), and bowel (adjusted mean difference, -5.0 [95% CI, -7.6 to -2.4]) function at 1 year compared with active surveillance. EBRT was associated with urinary, sexual, and bowel function changes not clinically different from active surveillance at any time point through 5 years. For men with unfavorable-risk disease, EBRT with ADT was associated with lower hormonal function at 6 months (adjusted mean difference, -5.3 [95% CI, -8.2 to -2.4]) and bowel function at 1 year (adjusted mean difference, -4.1 [95% CI, -6.3 to -1.9]), but better sexual function at 5 years (adjusted mean difference, 12.5 [95% CI, 6.2-18.7]) and incontinence at each time point through 5 years (adjusted mean difference, 23.2 [95% CI, 17.7-28.7]), than prostatectomy. CONCLUSIONS AND RELEVANCE: In this cohort of men with localized prostate cancer, most functional differences associated with contemporary management options attenuated by 5 years. However, men undergoing prostatectomy reported clinically meaningful worse incontinence through 5 years compared with all other options, and men undergoing prostatectomy for unfavorable-risk disease reported worse sexual function at 5 years compared with men who underwent EBRT with ADT.",JAMA,2020,14,,doi: 10.1001/jama.2019.20675,https://www.ncbi.nlm.nih.gov/pubmed/31935027,,negative,0,2020.0
31828412,MRI targeted single fraction HDR Brachytherapy for localized Prostate Carcinoma: a feasibility study of focal radiation therapy (ProFocAL),Fischbach F,"OBJECTIVES: The aim of the study was to establish the setup and workflow for delivering focal MRI-guided high-dose-rate (HDR) brachytherapy for prostate cancer (PCA) and to assess patient comfort and safety aspects of MRI-guided single-fraction HDR. METHODS: Patients with histologically proven focal low- to intermediate-risk PCA with a single PIRADS 4/5 lesion were treated with percutaneous interstitial HDR brachytherapy in a single fraction with a minimum dose for the gross tumor volume of 20 Gy while sparing the organ at risk (OAR). Using a 3T-MRI, brachytherapy catheters were placed transgluteal in freehand technique. No antibiotic therapy or general analgesics were administered. Patient data, procedure time, patient discomfort, and complications were recorded. Quarterly PSA controls, biannual follow-up imaging, and annual re-biopsy were planned. RESULTS: So far, 9 patients were successfully treated and followed for 6 months. Mean intervention time was 34 min. Using the VAS scale, the pain reported for the intervention ranged from 2 to 3. Short-term follow-up showed no acute genitourinary or gastrointestinal toxicity so far. None of the patients displayed signs of infection. PSA levels in all patients decreased significantly. On follow up no residual PCA was detected treated region so far. PSA levels in all patients decreased significantly. On follow-up, no residual PCA was detected so far. CONCLUSIONS: MR-guided single-fraction focal HDR brachytherapy for localized PCA is feasible as well as safe for the individual patient. Catheters can be placed accurately and maximum therapeutic dose distribution can be restricted to the tumor. Countersigning the minimally invasive character of the procedure, no general anesthesia or antibiosis is necessary. KEY POINTS: • MR-guided focal HDR brachytherapy allows an accurate placement of catheters with maximum therapeutic dose distribution restricted to the tumor. • No major anesthesia or antibiosis is necessary emphasizing the minimal invasive character of the procedure. • Patients with low- and intermediate-risk prostate carcinoma in particular may benefit to halt disease progression whereas treatment-related morbidity is reduced compared with radical therapy.",Eur Radiol,2020,30,2072-2081,doi: 10.1007/s00330-019-06505-0. Epub 2019 Dec 11,https://www.ncbi.nlm.nih.gov/pubmed/31828412,,negative,0,2020.0
25079940,Improved outcomes with advancements in high intensity focused ultrasound devices for the treatment of localized prostate cancer.,Uchida T,"PURPOSE: We evaluated the association between long-term clinical outcomes and morbidity with high intensity focused ultrasound. MATERIALS AND METHODS: We included patients with stage T1c-T3N0M0 prostate cancer who were treated with Sonablate® (SB) devices during 1999 to 2012 and followed for more than 2 years. Risk stratification and complication rates were compared among the treatment groups (ie SB200/500 group, SB500 version 4 group and SB500 tissue change monitor group). Primary study outcomes included overall, cancer specific and biochemical disease-free survival rates determined using Kaplan-Meier analysis (Phoenix definition). Secondary outcomes included predictors of biochemical disease-free survival using Cox models. RESULTS: A total of 918 patients were included in the study. Median followup in the SB200/500, SB500 version 4 and the SB500 tissue change monitor groups was 108, 83 and 47 months, respectively. The 10-year overall and cancer specific survival rates were 89.6% and 97.4%, respectively. The 5-year biochemical disease-free survival rate in the SB200/500, SB500 version 4 and SB500 tissue change monitor group was 48.3%, 62.3% and 82.0%, respectively (p < 0.0001). The overall negative biopsy rate was 87.3%. On multivariate analysis pretreatment prostate specific antigen, Gleason score, stage, neoadjuvant androgen deprivation therapy and high intensity focused ultrasound devices were significant predictors of biochemical disease-free survival. Urethral stricture, epididymitis, urinary incontinence and rectourethral fistula were observed in 19.7%, 6.2%, 2.3% and 0.1% of cases, respectively. CONCLUSIONS: Long-term followup of patients with high intensity focused ultrasound demonstrated improved clinical outcomes due to technical, imaging and technological advancements.",J Urol,2015,193,103-10,10.1016/j.juro.2014.07.096,https://www.ncbi.nlm.nih.gov/pubmed/25079940,,positive,1,
26867889,Image Guided Hypofractionated Postprostatectomy Intensity Modulated Radiation Therapy for Prostate Cancer,Lewis SL,"PURPOSE: Hypofractionated radiation therapy (RT) has promising long-term biochemical relapse-free survival (bRFS) with comparable toxicity for definitive treatment of prostate cancer. However, data reporting outcomes after adjuvant and salvage postprostatectomy hypofractionated RT are sparse. Therefore, we report the toxicity and clinical outcomes after postprostatectomy hypofractionated RT. METHODS AND MATERIALS: From a prospectively maintained database, men receiving image guided hypofractionated intensity modulated RT (HIMRT) with 2.5-Gy fractions constituted our study population. Androgen deprivation therapy was used at the discretion of the radiation oncologist. Acute toxicities were graded according to the Common Terminology Criteria for Adverse Events version 4.0. Late toxicities were scored using the Radiation Therapy Oncology Group/European Organization for Research and Treatment of Cancer scale. Biochemical recurrence was defined as an increase of 0.1 in prostate-specific antigen (PSA) from posttreatment nadir or an increase in PSA despite treatment. The Kaplan-Meier method was used for the time-to-event outcomes. RESULTS: Between April 2008 and April 2012, 56 men received postoperative HIMRT. The median follow-up time was 48 months (range, 21-67 months). Thirty percent had pre-RT PSA <0.1; the median pre-RT detectable PSA was 0.32 ng/mL. The median RT dose was 65 Gy (range, 57.5-65 Gy). Ten patients received neoadjuvant and concurrent hormone therapy. Posttreatment acute urinary toxicity was limited. There was no acute grade 3 toxicity. Late genitourinary (GU) toxicity of any grade was noted in 52% of patients, 40% of whom had pre-RT urinary incontinence. The 4-year actuarial rate of late grade 3 GU toxicity (exclusively gross hematuria) was 28% (95% confidence interval [CI], 16%-41%). Most grade 3 GU toxicity resolved; only 7% had persistent grade ≥3 toxicity at the last follow-up visit. Fourteen patients experienced biochemical recurrence at a median of 20 months after radiation. The 4-year bPFS rate was 75% (95% CI, 63%-87%). CONCLUSIONS: The biochemical control in this series appears promising, although relatively short follow-up may lead to overestimation. Late grade 3 GU toxicity was higher than anticipated with hypofractionated radiation of 65 Gy to the prostate bed, although most resolved.",Int J Radiat Oncol Biol Phys,2016,1,,doi: 10.1016/j.ijrobp.2015.11.025. Epub 2015 Dec 2,https://www.ncbi.nlm.nih.gov/pubmed/26867889,,negative,0,2015.0
27138879,High-dose radiotherapy with helical tomotherapy and long-term androgen deprivation therapy for prostate cancer: 5-year outcomes.,Tomita N,"PURPOSE: We aimed to examine outcomes of high-dose radiotherapy with helical tomotherapy (HT) and long-term androgen deprivation therapy (ADT) for T1-4N0M0 prostate cancer. METHODS: A total of 391 patients treated with HT between June 2006 and December 2013 were included in this retrospective study. All patients received neoadjuvant ADT for a median duration of 10 months followed by HT at a median dose of 78 Gy [interquartile range (IQR) 78-78]. The times of median adjuvant and total ADT were 19 and 27 months (IQR 20-31), respectively. The risk stratification followed the 2015 National Comprehensive Cancer Network criteria. Biochemical disease-free survival (bDFS) followed the Phoenix definition. Toxicity was scored according to the Radiation Therapy Oncology Group morbidity grading scale. RESULTS: Median follow-up from HT start was 60 months (IQR 42-81). Five-year bDFS rates for low-, intermediate-, high-, and very-high-risk groups were 100, 98.2, 97.7, and 87.9 %, respectively. We observed clinical relapse in nine very-high-risk patients and one high-risk patient, resulting in a 5-year clinical relapse-free survival of 100, 100, 99.4, and 91.7 %, respectively, for each risk group. Three patients died of prostate cancer, resulting in a 5-year prostate cancer-specific survival of 99.6 %. The late grade 2 or higher gastrointestinal and genitourinary toxicities were 9.7 and 10.7 %. No cardiovascular fatal events were observed. CONCLUSIONS: This report confirmed the excellent outcomes with acceptable late toxicities with the combination of HT and long-term ADT. Longer follow-up is crucial to further determine the treatment effect and toxicity.",J Cancer Res Clin Oncol,2016,142,1609-19,10.1007/s00432-016-2173-9,https://www.ncbi.nlm.nih.gov/pubmed/27138879,,positive,1,
11743287,Radical prostatectomy for pathological Gleason 8 or greater prostate cancer: influence of concomitant pathological variables.,Lau WK,"PURPOSE: We evaluated the long-term outcome of radical prostatectomy for pathological Gleason score 8 or greater prostate cancer and characterized the prognostic significance of other pathological variables. MATERIALS AND METHODS: A total of 6,419 patients underwent radical prostatectomy between 1987 and 1996. There were 407 patients classified as having pathological Gleason 8 or greater, including 8 in 48%, 9 in 49% and 10 in 3%. Adjuvant treatment was used in 45% of patients and adjuvant hormonal therapy was administered to 155 (38%). Progression-free, including local or systemic, and/or prostate specific antigen (PSA) 0.4 ng./ml. or greater, and cancer specific survival were determined by the Kaplan-Meier method. The effect of pathological grade and stage, preoperative PSA, DNA ploidy, margin status, tumor dimension, seminal vesicle invasion, and adjuvant treatment was assessed with the univariate and multivariate analyses. RESULTS: Pathological stage distribution was pT2 in 26% of patients, pT3 48% and pTxN+ 27%. Overall and progression-free survival at 10 years was 67% and 36%, respectively, compared to cancer specific survival 85%. Adjuvant treatment, pathological stage, preoperative PSA and pathological grade were significant (less than 0.05) univariate predictors of progression-free survival. Pathological stage, margin status and ploidy were univariately associated with cancer specific survival. Progression-free survival at 10 years of those patients who did and did not receive adjuvant treatment was 52% and 23%, respectively. In the multivariate analysis pathological grade (p=0.02), preoperative PSA (p <0.0001), adjuvant therapy (p <0.0001) and pathological stage (p=0.036) were significant independent predictors of progression-free survival. CONCLUSIONS: High grade prostate cancer can be controlled with radical prostatectomy in some patients with disease confined pathologically, and 10-year cause specific survival is 96%. Predictors of outcome in patients with Gleason 8 disease or greater are similar to established predictors derived by using all grades. Although adjuvant hormonal therapy appears to improve disease progression rates after radical prostatectomy on the basis of this nonrandomized study, it may not affect prostate cancer death rates within 10 years in patients with high grade cancer.",J Urol,2002,167,117-22,,https://www.ncbi.nlm.nih.gov/pubmed/11743287,HIGH RISK,positive,1,
28126300,Effect of Long-Term Hormonal Therapy (vs Short-Term Hormonal Therapy): A Secondary Analysis of Intermediate-Risk Prostate Cancer Patients Treated on NRG Oncology RTOG 9202.,Mirhadi AJ,"PURPOSE: NRG Oncology RTOG 9202 was a randomized trial testing long-term adjuvant androgen deprivation (LTAD) versus initial androgen deprivation only (STAD) with external beam radiation therapy (RT) in mostly high-risk and some intermediate-risk prostate cancer patients. RTOG 9408 found an overall survival (OS) advantage in patients with cT1b-T2b disease and prostate-specific antigen (PSA) <20 ng/mL, with benefit observed mostly among intermediate-risk patients. It was still unknown whether intermediate-risk patients would experience an additional survival benefit with LTAD; thus, we performed a secondary analysis to explore whether LTAD had any incremental benefit beyond STAD among the intermediate-risk subset of RTOG 9202. The study endpoints were OS, disease-specific survival (DSS), and PSA failure (PSAF). METHODS AND MATERIALS: An analysis was performed for all patients enrolled in RTOG 9202 defined as intermediate-risk (cT2 disease, PSA<10 ng/mL, and Gleason score = 7 or cT2 disease, PSA 10-20 ng/mL, and Gleason score <7). This review yielded 133 patients: 74 (STAD) and 59 (LTAD). The Kaplan-Meier method was used to estimate OS; the cumulative incidence approach was used to estimate DSS and PSAF. A 2-sided test was used, with significance level defined to be .05. RESULTS: With over 11 years of median follow-up, 39 STAD patients were alive and 33 LTAD patients were alive. There was no difference in OS (10-year estimates, 61% STAD vs 65% LTAD; P=.53), DSS (10-year DSS, 96% vs 97%; P=.72), or PSAF (10-year PSAF, 53% vs 55%; P=.99) between groups. CONCLUSION: LTAD did not confer a benefit in terms of OS, DSS, or PSAF rates in the intermediate-risk subset in this study. Whereas the subset was relatively small, treatment assignment was randomly applied, and a trend in favor of LTAD would have been of interest. Given the small number of disease-specific deaths observed and lack of benefit with respect to our endpoints, this secondary analysis does not suggest that exploration of longer hormonal therapy is worth testing in the intermediate-risk prostate cancer subset.",Int J Radiat Oncol Biol Phys,2017,97,511-515,10.1016/j.ijrobp.2016.11.002,https://www.ncbi.nlm.nih.gov/pubmed/28126300,,positive,1,
32349700,Efficacy of PSMA ligand PET-based radiotherapy for recurrent prostate cancer after radical prostatectomy and salvage radiotherapy,Oehus AK,"BACKGROUND: A substantial number of patients will develop further biochemical progression after radical prostatectomy (RP) and salvage radiotherapy (sRT). Recently published data using prostate-specific membrane antigen ligand positron emission tomography (PSMA - PET) for re-staging suggest that those recurrences are often located outside the prostate fossa and most of the patients have a limited number of metastases, making them amenable to metastasis-directed treatment (MDT). METHODS: We analyzed 78 patients with biochemical progression after RP and sRT from a retrospective European multicenter database and assessed the biochemical recurrence-free survival (bRFS; PSA < nadir + 0.2 ng/ml or no PSA decline) as well as the androgen deprivation therapy- free survival (ADT-FS) using Kaplan-Meier curves. Log-rank test and multivariate analysis was performed to determine influencing factors. RESULTS: A total of 185 PSMA - PET positive metastases were detected and all lesions were treated with radiotherapy (RT). Concurrent ADT was prescribed in 16.7% (13/78) of patients. The median PSA level before RT was 1.90 ng/mL (range, 0.1-22.1) and decreased statistically significantly to a median PSA nadir level of 0.26 ng/mL (range, 0.0-12.25; p < 0.001). The median PSA level of 0.88 ng/mL (range, 0.0-25.8) at the last follow-up was also statistically significantly lower (p = 0.008) than the median PSA level of 1.9 ng/mL (range, 0.1-22.1) before RT. The median bRFS was 17.0 months (95% CI, 14.2-19.8). After 12 months, 55.3% of patients were free of biochemical progression. Multivariate analyses showed that concurrent ADT was the most important independent factor for bRFS (p = 0.01). The median ADT-FS was not reached and exploratory statistical analyses estimated a median ADT-FS of 34.0 months (95% CI, 16.3-51.7). Multivariate analyses revealed no significant parameters for ADT-FS. CONCLUSIONS: RT as MDT based on PSMA - PET of all metastases of recurrent prostate cancer after RP and sRT represents a viable treatment option for well-informed and well-selected patients.",BMC Cancer,2020,29,,doi: 10.1186/s12885-020-06883-5,https://www.ncbi.nlm.nih.gov/pubmed/32349700,,negative,0,2020.0
25255713,Long-term oncologic outcomes of radical prostatectomy compared with brachytherapy-based approaches for intermediate- and high-risk prostate cancer,Crook J,"PURPOSE: To review the recently published contemporary long-term outcomes from tertiary care urologic practices comparing brachytherapy-based management strategies and radical prostatectomy (RP) across intermediate- and high-risk groups. METHODS AND MATERIALS: Literature was reviewed for the past 5 years under the search terms localized prostate cancer, outcomes, brachytherapy, and adical prostatectomy. Abstracts were reviewed and excluded if results were not reported according to the recognized risk groupings or if followup was less than 5 years. RESULTS: A total of 1237 abstracts concerning adical prostatectomy and 600 concerning brachytherapy were retrieved in the initial search. Of these, 80 met the inclusion criteria, and the articles were retrieved and reviewed in detail. CONCLUSIONS: For intermediate- and high-risk prostate cancer, brachytherapy-based approaches provide superior long-term oncologic and functional outcomes. Irritative and obstructive symptoms are prominent in the first 6-12 months but resolve by 3 years for all but <5%. High-risk patients do very well with multimodality treatment combining external beam radiotherapy, a brachytherapy boost, and androgen deprivation for 9-12 months.",Brachytherapy,2015,,-,doi: 10.1016/j.brachy.2014.08.047. Epub 2014 Sep 23,https://www.ncbi.nlm.nih.gov/pubmed/25255713,,negative,0,2015.0
29764692,Combined high dose rate brachytherapy and external beam radiotherapy for clinically localised prostate cancer.,Strouthos I,"PURPOSE: To report the clinical outcomes and treatment-related toxicities after combined high-dose-rate (HDR) brachytherapy (BRT) with external beam radiotherapy (EBRT) for patients with clinically localised high-risk prostate cancer. MATERIAL AND METHODS: Between 2008 and 2012, three hundred and three consecutive patients with organ-confined high-risk prostate cancer were treated with definitive radiotherapy consisting of HDR-BRT followed by supplemental EBRT. The transrectal 3D-ultrasound-based HDR-BRT boost consisted of two single-fraction implants of 10.5 Gy, prescribed to the 90% of the gland (D90), for a total physical dose of 21.0 Gy delivered to the prostatic gland. EBRT was delivered with conventional fractionation, prescribing 45.0 Gy to the prostatic gland and seminal vesicles. Biochemical failure was defined according to the Phoenix Consensus Criteria, genitourinary (GU)/gastrointestinal (GI) toxicity was evaluated using the Common Toxicity Criteria for Adverse Events (version 3.0). RESULTS: The median follow-up was 71.6 months. The 7-year overall survival, biochemical control and metastasis-free-survival rates for the entire cohort were 85.7%, 88.3% and 93.8%, respectively. Androgen deprivation therapy was initiated prior to treatment for 92.7% of patients with a median duration of 12 months. Toxicity was scored per event with late Grade 2, 3 and 4 GU adverse events and was found to be 15.3%, 2.2% and 0.3%, respectively. Late Grade 2 GI toxicity accounted for 0.3% with no instances of Grade 3 or higher late adverse events. CONCLUSION: HDR-BRT with supplemental EBRT results in low biochemical relapse-free survival rates associated with a very low incidence of higher-grade late adverse events.",Radiother Oncol,2018,128,301-307,10.1016/j.radonc.2018.04.031,https://www.ncbi.nlm.nih.gov/pubmed/29764692,,positive,1,
14575824,Ten-year biochemical relapse-free survival after external beam radiation and brachytherapy for localized prostate cancer: the Seattle experience.,Sylvester JE,"PURPOSE: The role of external beam radiation therapy in addition to brachytherapy continues to be scrutinized for long term control of PSA levels after prostate cancer diagnosis. METHODS AND MATERIALS: We report 10-year biochemical relapse-free survival (BRFS) on 232 patients presenting with localized prostate cancer and consecutively treated with iodine(125) (I(125)) or palladium(103) (Pd(103)) brachytherapy and neoadjuvant external beam radiation therapy. Multivariate regression analysis was used to create a pretreatment clinical prognostic risk model using a modified ASTRO consensus definition (two consecutive rises in serum PSA) as the outcome. Gleason scoring was performed by pathologists at a small community hospital. Derived risk categories are the following: low = PSA <or=10 ng/mL, Gleason sum score <7, and stage <T2c; intermediate = PSA >10 ng/mL or Gleason Score >or=7 or stage >or=T2c (1 intermediate risk factor); and high = 2 or more intermediate risk factors. Time to PSA failure (local, distant, or biochemical) was calculated and compared using Kaplan-Meier plots. RESULTS: Ten-year BRFS for the entire treatment group was 70%. Biochemical control rates by risk cohort analysis (95% confidence interval): low risk, 85% (83.3-90.7%); intermediate risk, 77% (73.0-84.5%); and high risk, 45% (45.4-57.2%). Using a risk grouping proposed by the Mt. Sinai group, the BRFS was: low risk, 84%; intermediate risk, 93%; and high risk, 57%. Grouping by the risk classification used by D'Amico, the BRFS was: low risk, 86%; intermediate risk, 90%; and high risk, 48%. CONCLUSIONS: I(125) or Pd(103) brachytherapy, as a boost combined with EBRT, continues to result in high rates of biochemical control at 10 years. Different risk group classification schemes lead to different BRFS results.",Int J Radiat Oncol Biol Phys,2003,57,944-52,10.1016/s0360-3016(03)00739-9,https://www.ncbi.nlm.nih.gov/pubmed/14575824,HIGH RISK,positive,1,
20449749,Long-term outcomes of salvage radiotherapy for PSA-recurrent prostate cancer: validation of the Stephenson nomogram,Hugen CM,"PURPOSE: Approximately one-third of patients who undergo radical prostatectomy for clinically localized prostate cancer will ultimately develop a biochemical recurrence. We report our long-term outcomes of salvage radiotherapy (SRT), and in so doing, validate a recently published prognostic nomogram. METHODS: A retrospective chart review was performed of all patients treated with SRT following radical prostatectomy for biochemical PSA recurrence at our institution between 1992 and 2003. We calculated the probability of 6-year biochemical progression-free survival following SRT and performed a goodness-of-fit test to ascertain whether the previously published nomogram correctly predicted our observations. RESULTS: During the study period, 96 patients were treated with SRT. At a median follow-up of 71 months, 44 (46%) had a durable PSA-free response. There was no significant difference between the observed progression-free survival and that predicted by the Stephenson nomogram (P = 0.7). Multivariate logistic regression analysis determined that PSA value at the initiation of SRT (P = 0.02) and pathologic Gleason Score (P = 0.04) were significantly associated with the probability of recurrence. CONCLUSIONS: During the study period, nearly half of patients treated with SRT for PSA recurrence following radical prostatectomy had a durable treatment response. We found the predictive nomogram developed by Stephenson, et al. to be valid when tested on our independent cohort of patients.",World J Urol,2010,28,741-4,doi: 10.1007/s00345-010-0559-x. Epub 2010 May 7,https://www.ncbi.nlm.nih.gov/pubmed/20449749,,negative,0,2010.0
25976294,High-dose-rate brachytherapy boost for prostate cancer: Outcomes and genitourinary toxicity.,Bece A,"AIMS: To report disease outcomes and late urinary toxicity profile. To assess the impact of changing technique and evolving quality assurance on genitourinary toxicity rates. METHODS AND MATERIALS: One hundred eighty patients were treated with external beam radiation therapy and high-dose-rate brachytherapy (HDRB) for localized intermediate- and high-risk prostate cancer, between December 2002 and February 2012. The HDRB technique evolved over the period of this study, from 19.5 Gy/3 (n = 68), to 17 Gy/2 (n = 40), 18 Gy/2 (n = 39), and most recently 19 Gy/2 (n = 33). In the two fraction cohort, 68 patients underwent additional correction for catheter displacement before each fraction. RESULTS: With a median followup of 5.2 years, 5-year freedom from failure was 93.7% for intermediate, and 76.0% for high risk patients. The 3- and 6-year cumulative stricture incidence for all patients was 7.8% and 15.3%, respectively. There was no statistically significant difference in stricture rate for the four dose levels used nor between the three fractions and the two fraction technique overall. The 19 Gy/2 fractionation group had the lowest 3-year stricture rate (3.0%). The addition of correction for intrafraction catheter displacement did not result in a statistically significant difference in stricture rates, although the severity of strictures has been reduced. CONCLUSIONS: Our biochemical control is consistent with other similar series. We found no increase in late urinary toxicity with a two fraction, two implant HDRB technique compared with three fractions. The HDRB dose did not correlate with stricture rates in our series. Correction of intra-fraction catheter displacement did not lead to a statistically significant reduction in stricture rates, although may have mitigated the effects of dose escalation.",Brachytherapy,2015,14,670-6,10.1016/j.brachy.2015.04.004,https://www.ncbi.nlm.nih.gov/pubmed/25976294,,positive,1,
22457326,Long-term oncological outcome and risk stratification in men with high-risk prostate cancer treated with radical prostatectomy.,Yamamoto S,"OBJECTIVE: To evaluate the long-term oncological outcome of radical prostatectomy for patients with high-risk prostate cancer. METHODS: Among 378 patients with prostate cancer who underwent radical prostatectomy at our hospital, 189 had high-risk prostate cancer defined as presenting with at least one of the following high-risk factors: prostate-specific antigen >20 ng/ml, clinical T3 and biopsy Gleason score ≥8. RESULTS: The median follow-up was 8.1 years. Of all patients, 106 and 61 had one and two high-risk factors, respectively, and the remaining 22 had all three high-risk factors. Pathological examination of the prostatectomy specimens revealed organ-confined disease, specimen-confined disease and lymph node metastasis in 80 (42%), 102 (54%) and 22 (12%), respectively. The 10-year prostate-specific antigen failure-free and local progression-free survival rates were 48.5 and 87.6%, respectively. The 10-year cancer-specific and overall survival rates were 94.1 and 88.7%, respectively. The 10-year prostate-specific antigen failure-free survivals of patients with one, two and all three high-risk factors were 58.5, 39.9 and 22.7%, respectively (P = 0.0001). Of the 106 patients with one high-risk factor only, the high Gleason score group had the best 10-year prostate-specific antigen failure-free survival (69.1%); in particular, that of patients without Gleason grade 5 was 100% (P= 0.032). CONCLUSIONS: Approximately half of patients with high-risk prostate cancer can be cured by radical prostatectomy without any adjuvant treatment. Radical prostatectomy for high-risk prostate cancer provides good long-term local cancer control and cancer-specific survival. In particular, radical prostatectomy for patients with only one high-risk factor can be considered a valuable therapeutic option as the first treatment.",Jpn J Clin Oncol,2012,42,541-7,10.1093/jjco/hys043,https://www.ncbi.nlm.nih.gov/pubmed/22457326,HIGH RISK,positive,1,
20619958,Multicentric oncologic outcomes of high-intensity focused ultrasound for localized prostate cancer in 803 patients,Crouzet S,"BACKGROUND: High-intensity focused ultrasound (HIFU) is an emerging treatment for select patients with localized prostate cancer (PCa). OBJECTIVES: To report the oncologic outcome of HIFU as a primary care option for localized prostate cancer from a multicenter database. DESIGN, SETTING, AND PARTICIPANTS: Patients with localized PCa treated with curative intent and presenting at least a 2-yr follow-up from February 1993 were considered in this study. Previously irradiated patients were excluded from this analysis. In case of any residual or recurrent PCa, patients were systematically offered a second session. Kaplan-Meier analysis was performed to determine disease-free survival rates (DFSR). MEASUREMENTS: Prostate-specific antigen (PSA), clinical stage, and pathologic results were measured pre- and post-HIFU. RESULTS AND LIMITATIONS: A total of 803 patients from six urologic departments met the inclusion criteria. Stratification according to d'Amico's risk group was low, intermediate, and high in 40.2%, 46.3%, and 13.5% of patients, respectively. Mean follow-up was 42+/-33 mo. Mean PSA nadir was 1.0+/-2.8 ng/ml with 54.3% reaching a nadir of < or =0.3 ng/ml. Control biopsies were negative in 85% of cases. The overall and cancer-specific survival rates at 8 yr were 89% and 99%, respectively. The metastasis-free survival rate at 8 yr was 97%. Initial PSA value and Gleason score value significantly influence the DFSR. The 5- and 7-yr biochemical-free survival rates (Phoenix criteria) were 83-75%, 72-63%, and 68-62% (p=0.03) and the additional treatment-free survival rates were 84-79%, 68-61%, and 52-54% (p<0.001) for low-, intermediate-, and high-risk patients, respectively. PSA nadir was a major predictive factor for HIFU success: negative biopsies, stable PSA, and no additional therapy. CONCLUSIONS: Local control and DFSR achieved with HIFU were similar to those expected with conformal external-beam radiation therapy (EBRT). The excellent cancer-specific survival rate is also explained by the possibility to repeat HIFU and use salvage EBRT.",Eur Urol,2010,58,559-66,doi: 10.1016/j.eururo.2010.06.037. Epub 2010 Jul 3,https://www.ncbi.nlm.nih.gov/pubmed/20619958,,negative,0,2010.0
14697417,"Radical prostatectomy, external beam radiotherapy <72 Gy, external beam radiotherapy > or =72 Gy, permanent seed implantation, or combined seeds/external beam radiotherapy for stage T1-T2 prostate cancer.",Kupelian PA,"PURPOSE: To review the biochemical relapse-free survival (bRFS) rates after treatment with permanent seed implantation (PI), external beam radiotherapy (EBRT) <72 Gy (EBRT <72), EBRT > or =72 Gy (EBRT > or =72), combined seeds and EBRT (COMB), or radical prostatectomy (RP) for clinical Stage T1-T2 localized prostate cancer treated between 1990 and 1998. METHODS AND MATERIALS: The study population comprised 2991 consecutive patients treated at the Cleveland Clinic Foundation or Memorial Sloan Kettering at Mercy Medical Center. All cases had pretreatment prostate-specific antigen (iPSA) levels and biopsy Gleason scores (bGSs). Neoadjuvant androgen deprivation for < or =6 months was given in 622 cases (21%). No adjuvant therapy was given after local therapy. RP was used for 1034 patients (35%), EBRT <72 for 484 (16%), EBRT > or =72 for 301 (10%), PI for 950 (32%), and COMB for 222 patients (7%). The RP, EBRT <72, EBRT > or =72, and 154 PI patients were treated at Cleveland Clinic Foundation. The median radiation doses in EBRT <72 and EBRT > or =72 case was 68.4 and 78.0 Gy, respectively. The median follow-up time for all cases was 56 months (range 12-145). The median follow-up time for RP, EBRT <72, EBRT > or =72, PI, and COMB was 66, 75, 49, 47, and 46 months, respectively. Biochemical relapse was defined as PSA levels >0.2 for RP cases and three consecutive rising PSA levels (American Society for Therapeutic Radiology Oncology consensus definition) for all other cases. A multivariate analysis for factors affecting the bRFS rates was performed using the following variables: clinical T stage, iPSA, bGS, androgen deprivation, year of treatment, and treatment modality. The multivariate analysis was repeated excluding the EBRT <72 cases. RESULTS: The 5-year bRFS rate for RP, EBRT <72, EBRT > or =72, PI, and COMB was 81%, 51%, 81%, 83%, and 77%, respectively (p <0.001). The 7-year bRFS rate for RP, EBRT <72, EBRT > or =72, PI, and COMB was 76%, 48%, 81%, 75%, and 77%, respectively. Multivariate analysis, including all cases, showed iPSA (p <0.001), bGS (p <0.001), year of therapy (p <0.001), and treatment modality (p <0.001) to be independent predictors of relapse. Because EBRT <72 cases had distinctly worse outcomes, the analysis was repeated after excluding these cases to discern any differences among the other modalities. The multivariate analysis excluding the EBRT <72 cases revealed iPSA (p <0.001), bGS (p <0.001), and year of therapy (p = 0.001) to be the only independent predictors of relapse. Treatment modality (p = 0.95), clinical T stage (p = 0.09), and androgen deprivation (p = 0.56) were not independent predictors for failure. CONCLUSION: The biochemical failure rates were similar among PI, high-dose (> or =72 Gy) EBRT, COMB, and RP for localized prostate cancer. The outcomes were significantly worse for low-dose (<72 Gy) EBRT.",Int J Radiat Oncol Biol Phys,2004,58,25-33,10.1016/s0360-3016(03)00784-3,https://www.ncbi.nlm.nih.gov/pubmed/14697417,LOW RISK,positive,1,
18242383,Limited pelvic lymph node dissection does not improve biochemical relapse-free survival at 10 years after radical prostatectomy in patients with low-risk prostate cancer.,Weight CJ,"OBJECTIVES: To compare the long-term differences in actuarial biochemical relapse-free survival rates from a contemporary series of patients who underwent radical prostatectomy with and without pelvic lymph node dissection (PLND). METHODS: The records of 806 consecutive radical prostatectomy cases performed from January 1995 to June 1999 were reviewed. The entire subset of patients (n = 336) with low-risk disease, defined by a prostate-specific antigen level of 10 ng/mL or less, biopsy Gleason score of 6 or less, and clinical Stage T1 or T2a, who had not received adjuvant or neoadjuvant therapy were divided into two groups according to whether PLND was performed (PLND group, n = 140) or omitted (no-PLND group, n = 196). A Cox proportional hazards model was used to analyze the effect of demographic, pretreatment, surgical, and pathologic factors on the likelihood of biochemical failure. Biochemical relapse-free survival for each group was estimated by Kaplan-Meier analysis. The median prostate-specific antigen follow-up time for the entire group was 89.0 months, with a similar follow-up for both cohorts (PLND group 94.5 months and no-PLND group 88.0 months, Mann-Whitney U test, P = 0.14). RESULTS: The long-term biochemical relapse-free survival rate for the entire cohort was 86.1% at 10 years. The 10-year actuarial biochemical relapse-free rate for the PLND and no-PLND groups was 83.8% and 87.9%, respectively (log-rank, P = 0.33). On univariate analysis, PLND was not an independent predictor of outcome (Wald, P = 0.33). CONCLUSIONS: The results of our study have shown that the omission of limited PLND in patients with favorable tumor characteristics does not adversely affect biochemical relapse-free survival at 10 years. Such patients can be spared the morbidity and cost of PLND without affecting their chance for cure.",Urology,2008,71,141-5,10.1016/j.urology.2007.08.027,https://www.ncbi.nlm.nih.gov/pubmed/18242383,LOW RISK,positive,1,
27965117,High-dose-rate brachytherapy monotherapy without androgen deprivation therapy for intermediate-risk prostate cancer.,Patel S,"PURPOSE: Outcomes using high-dose-rate (HDR) brachytherapy monotherapy (without androgen deprivation therapy or external beam radiation therapy) for National Comprehensive Cancer Network-defined intermediate-risk (IR) patients are limited. We report our long-term data using HDR monotherapy for this patient population. METHODS AND MATERIALS: One-hundred ninety IR prostate cancer patients were treated 1996-2013 with HDR monotherapy. Biochemical prostate-specific antigen (PSA) failure was per the Phoenix definition. Acute and late genitourinary and gastrointestinal toxicities were graded according to Common Toxicity Criteria of Adverse Events, version 4. Kaplan-Meier (KM) biochemical progression-free survival (BPFS), cause-specific survival, and overall survival rates were calculated. Univariate analyses were performed to determine relationships with BPFS. The median patient age was 66 years (43-90), and the median initial PSA was 7.4 ng/mL. The Gleason score was ≤6 in 26%, 3 + 4 in 62%, and 4 + 3 in 12%. The median treatment BED<sub>1.5</sub> was 254 Gy; 83% of patients were treated with a dose of 7.25 Gy × six fractions delivered in two separate implants. RESULTS: With a median follow-up of 6.2 years, KM BPFS at 5/8 years was 97%/90%, cause-specific survival at 8 years was 100%, and overall survival at 5/8 years was 93%/88%. Late genitourinary toxicities were 36.3% Grade 1, 18.9% Grade 2, and 3.7% Grade 3. Late gastrointestinal toxicities were 6.3% Grade 1, 1.1% Grade 2, and no Grade ≥3. Of the patients with no sexual dysfunction before treatment, 68% maintained potency. Age, initial PSA, T stage, Gleason score, prostate volume, and percent positive cores did not correlate with BPFS. Stratifying by favorable vs. unfavorable IR groups did not affect BPFS. CONCLUSIONS: HDR brachytherapy monotherapy represents a safe and highly effective treatment for IR prostate cancer patients with long-term follow-up.",Brachytherapy,2017,16,299-305,10.1016/j.brachy.2016.11.002,https://www.ncbi.nlm.nih.gov/pubmed/27965117,,positive,1,
26916105,Defining the value framework for prostate brachytherapy using patient-centered outcome metrics and time-driven activity-based costing.,Thaker NG,"PURPOSE: Value, defined as outcomes over costs, has been proposed as a measure to evaluate prostate cancer (PCa) treatments. We analyzed standardized outcomes and time-driven activity-based costing (TDABC) for prostate brachytherapy (PBT) to define a value framework. METHODS AND MATERIALS: Patients with low-risk PCa treated with low-dose-rate PBT between 1998 and 2009 were included. Outcomes were recorded according to the International Consortium for Health Outcomes Measurement standard set, which includes acute toxicity, patient-reported outcomes, and recurrence and survival outcomes. Patient-level costs to 1 year after PBT were collected using TDABC. Process mapping and radar chart analyses were conducted to visualize this value framework. RESULTS: A total of 238 men were eligible for analysis. Median age was 64 (range, 46-81). Median followup was 5 years (0.5-12.1). There were no acute Grade 3-5 complications. Expanded Prostate Cancer Index Composite 50 scores were favorable, with no clinically significant changes from baseline to last followup at 48 months for urinary incontinence/bother, bowel bother, sexual function, and vitality. Ten-year outcomes were favorable, including biochemical failure-free survival of 84.1%, metastasis-free survival 99.6%, PCa-specific survival 100%, and overall survival 88.6%. TDABC analysis demonstrated low resource utilization for PBT, with 41% and 10% of costs occurring in the operating room and with the MRI scan, respectively. The radar chart allowed direct visualization of outcomes and costs. CONCLUSIONS: We successfully created a visual framework to define the value of PBT using the International Consortium for Health Outcomes Measurement standard set and TDABC costs. PBT is associated with excellent outcomes and low costs. Widespread adoption of this methodology will enable value comparisons across providers, institutions, and treatment modalities.",Brachytherapy,2016,15,274-282,10.1016/j.brachy.2016.01.003,https://www.ncbi.nlm.nih.gov/pubmed/26916105,,positive,1,
21163586,High-dose-rate brachytherapy boost for prostate cancer: comparison of two different fractionation schemes,Kaprealian T,"PURPOSE: This is a retrospective study comparing our experience with high-dose-rate (HDR) brachytherapy boost for prostate cancer, using two different fractionation schemes, 600 cGy × 3 fractions (patient group 1) and 950 cGy × 2 fractions (patient group 2). METHODS AND MATERIALS: A total of 165 patients were treated for prostate cancer using external beam radiation therapy up to a dose of 45 Gy, followed by an HDR brachytherapy prostate radiation boost. Between July 1997 and Nov 1999, 64 patients were treated with an HDR boost of 600 cGy × 3 fractions; and between June 2000 and Nov 2005, 101 patients were treated with an HDR boost of 950 cGy × 2 fractions. All but 9 patients had at least one of the following risk features: pretreatment prostate-specific antigen (PSA) level >10, a Gleason score ≥7, and/or clinical stage T3 disease. RESULTS: Median follow-up was 105 months for group 1 and 43 months for group 2. Patients in group 2 had a greater number of high-risk features than group 1 (p = 0.02). Adjusted for comparable follow-up, there was no difference in biochemical no-evidence-of-disease (bNED) rate between the two fractionation scheme approaches, with 5-year Kaplan-Meier estimates of 93.5% in group 1 and 87.3% in group 2 (p = 0.19). The 5-year estimates of progression-free survival were 86% for group 1 and 83% for group 2 (p = 0.53). Among high-risk patients, there were no differences in bNED or PFS rate due to fractionation. CONCLUSIONS: Results were excellent for both groups. Adjusted for comparable follow-up, no differences were found between groups.",Int J Radiat Oncol Biol Phys,2012,1,,doi: 10.1016/j.ijrobp.2010.09.021. Epub 2010 Dec 14,https://www.ncbi.nlm.nih.gov/pubmed/21163586,,negative,0,2010.0
25339310,Radical prostatectomy versus external beam radiotherapy for localized prostate cancer: Comparison of treatment outcomes,Kim YJ,"PURPOSE: We retrospectively compared the treatment outcomes of localized prostate cancer between radical prostatectomy (RP) and external beam radiotherapy (EBRT). MATERIALS AND METHODS: We retrospectively analyzed 738 patients with localized prostate cancer who underwent either RP (n = 549) or EBRT (n = 189) with curative intent at our institution between March 2001 and December 2011. Biochemical failure was defined as a prostate-specific antigen (PSA)  level of ≥ 0.2 ng/ml in the RP group and the nadir of + ≥ 2 ng/ml in the EBRT group. RESULTS: The median (range) follow-up duration was 48.8 months (0.7-133.2 months) and 48.7 months (1.0-134.8 months) and the median age was 66 years (45-89 years) and 71 years (51-84 years; p < 0.001) in the RP and EBRT groups, respectively. Overall, 21, 42, and 36 % of patients in the RP group, and 15, 27, and 58 % of patients in the EBRT group were classified as low, intermediate, and high risk, respectively (p < 0.001). Androgen-deprivation therapy was more common in the EBRT group (59 vs. 27 %, respectively; p < 0.001). The 8-year biochemical failure-free survival rates were 44 and 72 % (p < 0.001) and the disease-specific survival rates were 98 % and 97 % (p = 0.543) in the RP and EBRT groups, respectively. CONCLUSIONS: Although the EBRT group included more high-risk patients than did the RP group, the outcomes of EBRT were not inferior to those of RP. Our data suggest that EBRT is a viable alternative to RP for treating localized prostate cancer.",Strahlenther Onkol,2015,191,321-9,doi: 10.1007/s00066-014-0765-3. Epub 2014 Oct 23,https://www.ncbi.nlm.nih.gov/pubmed/25339310,,negative,0,2015.0
15001244,Long-term outcome by risk factors using conformal high-dose-rate brachytherapy (HDR-BT) boost with or without neoadjuvant androgen suppression for localized prostate cancer.,Galalae RM,"PURPOSE: The aim of this study is to analyze, during the prostate-specific antigen (PSA) era, the long-term outcome of patients treated with conformal high-dose-rate (HDR) brachytherapy boost to the prostate with or without androgen deprivation therapy (ADT) when patients are stratified by risk factors for failure. METHODS AND MATERIALS: Between 1986 and 2000, 611 patients were treated for clinically localized prostate cancer in three prospective trials of external beam radiation therapy (EBRT) and dose-escalating HDR brachytherapy (BT) boost. There were 104 patients treated at Seattle, 198 at Kiel University, and 309 at William Beaumont Hospital. Of the 611 patients, 177 received a short course of neoadjuvant/concurrent ADT. The patients were divided into three risk groups. Group I, comprised of 46 patients, had stage < or =T2a, Gleason score (GS) < or = 6, and initial PSA (iPSA) < or = 10 ng/mL. Group II comprised 188 patients with stage > or =T2b, GS > or = 7, and iPSA > or = 10, with any one factor higher. Group III included 359 patients with any two risk factors higher. The American Society for Therapeutic Radiology and Oncology definition for biochemical failure was used. RESULTS: The mean follow-up was 5 years (range, 0.2-15.3). For the 611 patients, the 5-year and 10-year biochemical control (BC) rates were 77% and 73%, disease-free survival (DFS) was 67% and 49%, and cause-specific survival (CSS) was 96% and 92%, respectively. BC at 5 years for Group I patients was 96%, for Group II 88%, and for Group III patients 69%. CSS at 5 years was 100% in Group I, 99% in Group II, and 95% in Group III patients. In univariate and multiple regression analyses for BC, risk group, stage, iPSA, and GS were significant in predicting failure. However, age, follow-up interval, and ADT did not. CONCLUSIONS: EBRT with HDR-BT produced excellent long-term outcomes in terms of BC, DFS, and CSS in patients with prostate cancer even for those at highest risk. Conformal HDR-BT is both a precise dose delivery system and an effective treatment for both favorable and unfavorable prostate cancer. The addition of a short course of neoadjuvant/concurrent ADT failed to improve outcome. The results were similar at all three institutions, giving credence to the reproducibility of the brachytherapy treatment.",Int J Radiat Oncol Biol Phys,2004,58,1048-55,10.1016/j.ijrobp.2003.08.003,https://www.ncbi.nlm.nih.gov/pubmed/15001244,INTERMEDIATE RISK,positive,1,
21493015,Gleason pattern 5 is the greatest risk factor for clinical failure and death from prostate cancer after dose-escalated radiation therapy and hormonal ablation.,Sabolch A,"PURPOSE: The division of Gleason score (GS) into three categories (2-6, 7, 8-10) may not fully use its prognostic power, as revealed by recent reports demonstrating the presence of Gleason Pattern 5 (GP5) as a strong predictor for biochemical recurrence. Therefore, we analyzed the clinical outcomes in patients treated with dose-escalated radiation therapy (RT) based on the presence or absence of GP5. METHODS AND MATERIALS: Outcomes were analyzed for 718 men treated for localized prostate cancer with external-beam RT to a minimum planning target volume dose of at least 75 Gy. We assessed the impact of GP5 and that of pretreatment- and treatment-related factors on freedom from biochemical failure, freedom from metastasis (FFM), cause-specific survival (CSS), and overall survival (OS). RESULTS: At biopsy, 89% of patients had no GP5, and 11% (76/718) had GP5. There were no differences in age, comorbid illness, T stage, prostate-specific antigen, or the use or duration of androgen deprivation therapy between GS8 without GP5 and GS8-10 with GP5. The presence of GP5 predicted lower FFM (p < 0.002; hazard ratio [HR] 3.4 [1.7-7.1]); CSS (p < 0.0001; HR 12.9 [5.4-31]); and OS (p < 0.0001; HR 3.6 [2.0-6.5]) in comparison with GS8 (without GP5). The 8-year FFM, CSS, and OS were 89%, 98%, and 57%, respectively, for those with Gleason 8 prostate cancer without GP5 in comparison with 61%, 55%, and 31%, respectively, for those with GP5. In addition, both FFM and CSS were strongly influenced by androgen deprivation therapy given concurrently with RT. On multivariate analysis, GP5 was the strongest prognostic factor for all clinical endpoints, including OS. CONCLUSION: The presence of GP5 predicts for worse clinical behavior, which therefore needs to be accounted for by risk stratification schemes. Further intensification of local and/or systemic therapy may be appropriate for such patients.",Int J Radiat Oncol Biol Phys,2011,81,e351-60,10.1016/j.ijrobp.2011.01.063,https://www.ncbi.nlm.nih.gov/pubmed/21493015,LOW RISK,positive,1,
24351458,"Analysis of prognostic factors in localized high-risk prostate cancer patients treated with HDR brachytherapy, hypofractionated 3D-CRT and neoadjuvant/adjuvant androgen deprivation therapy (trimodality therapy).",Aoki M,"Trimodality therapy consisting of high dose rate (HDR) brachytherapy combined with external beam radiation therapy (EBRT), neoadjuvant hormonal therapy (NHT) and adjuvant hormonal therapy (AHT) has been used to treat localized high-risk prostate cancer. In this study, an analysis of patients receiving the trimodality therapy was performed to identify prognostic factors of biochemical relapse-free survival (bRFS). Between May 2005 and November 2008, 123 high-risk prostate cancer patients (D'Amico classification) were treated with NHT prior to HDR brachytherapy combined with hypofractionated EBRT. Among these patients, 121 had completed AHT. The patients were assigned by time to be treated with a low-dose or high-dose arm of HDR brachytherapy with subsequent hypofractionated 3D conformal radiation therapy (3D-CRT). Multivariate analysis was used to determine prognostic factors for bRFS. With a median follow-up of 60 months, the 5-year bRFS for all patients was 84.3% (high-dose arm, 92.9%; low-dose arm, 72.4%, P = 0.047). bRFS in the pre-HDR PSA ≤ 0.1 ng/ml subgroup was significantly improved compared with that in the pre-HDR PSA > 0.1 ng/ml subgroup (88.3% vs 68.2%, P = 0.034). On multivariate analysis, dose of HDR (P = 0.045, HR = 0.25, 95% CI = 0.038-0.97) and pre-HDR PSA level (P = 0.02 HR = 3.2, 95% CI = 1.18-10.16) were significant prognostic factors predicting bRFS. In high-risk prostate cancer patients treated with the trimodality therapy, the dose of HDR and pre-HDR PSA were significant prognostic factors. The pre-HDR PSA ≤ 0.1 subgroup had significantly improved bRFS. Further studies are needed to confirm the relevance of pre-HDR PSA in trimodality therapy.",J Radiat Res,2014,55,527-32,10.1093/jrr/rrt134,https://www.ncbi.nlm.nih.gov/pubmed/24351458,,positive,1,
21070079,Stereotactic body radiotherapy as boost for organ-confined prostate cancer,Katz AJ,"Stereotactic body radiotherapy (SBRT) boost following external beam radiation therapy (EBRT) for advanced localized prostate cancer may reduce toxicity while escalating the dose. We present preliminary biochemical control and urinary, rectal and sexual toxicities for 73 patients treated with SBRT as a boost to EBRT. Forty-one intermediate- and 32 high-risk localized prostate cancer patients received 45 Gy EBRT with SBRT boost. Twenty-eight patients (38.3%) received a total SBRT boost dose of 18 Gy (3 fractions of 6 Gy), 28 patients (38.3%) received 19.5 Gy (3 fractions of 6.5 Gy), and 17 patients (23.2%) received 21 Gy (3 fractions of 7 Gy). Toxicity was assessed using the Radiation Therapy Oncology Group urinary and rectal toxicity scale. Biochemical failure was assessed using the Phoenix definition. The median follow-up was 33 months (range, 22 - 43 months). Less than 7% Grade II and no higher grade acute toxicities occurred. To date, one Grade III and no Grade IV late toxicities occurred. For the 97% of patients with 24 months minimum follow-up, 71.8% achieved a PSA nadir threshold of 0.5 ng/mL. Three intermediate-risk and seven high-risk biochemical failures occurred; one high-risk patient died of his cancer. Three-year actuarial biochemical control rates were 89.5% and 77.7% for intermediate- and high-risk patients, respectively. SBRT boost for prostate cancer treatment is safe and feasible with minimal acute toxicity. At 33 months late toxicity and biochemical control are promising. Long-term durability of these findings remains to be established.",Technol Cancer Res Treat,2010,9,575-82,doi: 10.1177/153303461000900605,https://www.ncbi.nlm.nih.gov/pubmed/21070079,,negative,0,2010.0
32220567,Outcomes for Young Men With Localized Intermediate-Risk Prostate Cancer: An Analysis of the NCDB,Chua S,"BACKGROUND: Primary management of localized, intermediate-risk prostate cancer consists of radical prostatectomy (RP), radiotherapy (RT) with short-course androgen deprivation therapy (ADT), or RT alone. The purpose of this study was to determine if these treatment strategies have equivalent overall survival (OS) in patients < 55 years old with intermediate-risk prostate cancer. PATIENTS AND METHODS: We identified 35,134 patients in the National Cancer Data Base with localized intermediate-risk prostate cancer treated with RP, RT + ADT, or RT from 2004 to 2013. Ten-year OS rates were estimated by the Kaplan-Meier method. Adjusted hazard ratios (HR) with 95% confidence intervals (CI) were computed by multivariate Cox regression. RESULTS: A total of 29,920 patients (85.2%) underwent RP, 1393 (4.0%) RT + ADT, and 3821 (10.9%) RT. Median patient age was 51 years old, and median follow-up was 59.9 months. Ten-year OS was estimated to be 94.2% for RP, 80.7% for RT + ADT, and 85.2% for RT (P < .0001). On multivariate analysis, treatment with RT + ADT or RT was associated with significantly worse OS compared to treatment with RP (RT + ADT HR = 2.06, 95% CI 1.67-2.54, P < .0001; RT HR = 2.0, 95% CI 1.71-2.33, P < .0001). Patients who met all 3 of the intermediate-risk criteria showed worse OS compared to patients who met only one criterion (HR = 1.80; 95% CI, 1.32-2.44; P = .0002). CONCLUSION: RP is significantly more likely than RT + ADT or RT to be used as a primary treatment for young men with localized intermediate prostate cancer. RP was also associated with improved OS compared to RT + ADT and RT.",Clin Genitourin Cancer,2020,18,,doi: 10.1016/j.clgc.2020.02.002. Epub 2020 Feb 22,https://www.ncbi.nlm.nih.gov/pubmed/32220567,,negative,0,2020.0
20575980,Early oncological outcomes of robot-assisted radical prostatectomy for high-grade prostate cancer,Wambi CO,"OBJECTIVE: To evaluate the oncological outcomes of patients with specimen Gleason 8 and 9 prostate cancers and to determine factors that predict biochemical recurrence-free survival (BCRFS) after robot-assisted radical prostatectomy (RARP). PATIENTS AND METHODS: Of 4156 patients who underwent RARP from January 2001 to 2009, we identified 368 men with Gleason 8 or 9 tumours who met the inclusion criteria. BCR was defined as a PSA level of ≥0.2 ng/mL with a second rising value. The Kaplan-Meier method and log-rank test were used to compare BCRFS while factors that predict BCRFS were determined by Cox proportional hazards modelling. RESULTS: The median age and PSA level were 62 years and 6.4 ng/mL for men with Gleason 8, and 63 years and 6.7 ng/mL for Gleason 9 cancers. The median (interquartile range, IQR) overall follow-up was 23 (10-46) months and 19 (7-37) months for Gleason 8 and 9 tumours, respectively. At 60 months the mean (se) overall BCRFS was 36 (5)% and for Gleason 8 it was 47 (6)% and for Gleason 9 it was 21 (7)% (P < 0.001). At 5 years, extraprostatic extension (pT3a) resulted in BCRFS of 52 (9)% for Gleason 8 tumours and 21 (11)% for Gleason 9 (P= 0.012). On multivariable analysis, lymph node invasion, specimen Gleason score, pathological stage and tumour volume predicted BCRFS. CONCLUSIONS: Early results suggest RARP monotherapy performs comparably to RP for BCRFS in men with high-grade prostate cancer. There are significant oncological differences between Gleason 8 and 9 tumours.",BJU Int,2010,106,1739-45,doi: 10.1111/j.1464-410X.2010.09484.x,https://www.ncbi.nlm.nih.gov/pubmed/20575980,,negative,0,2010.0
16275680,Long-term outcomes of 60 Gy conventional radiotherapy combined with androgen deprivation for localized or locally advanced prostate cancer,Hashine K,"BACKGROUND: Until 1998 in Japan, very few institutions were treating prostate cancer solely with radiotherapy (RT) >70 Gy and most were using < or =65 Gy in combination with hormone therapy. The present study reports the long-term results of RT combined with hormone therapy for localized and locally advanced prostate cancer. METHODS: We investigated 57 patients who were treated by external beam RT plus hormone therapy (median age 79 years, median prostate-specific antigen concentration 15.0 ng/ml) between 1992 and 1998. Patients received 40 Gy of radiation to the pelvis and an additional 20 Gy as a prostatic boost. Hormone therapy was begun on the first day of irradiation and continued thereafter. RESULTS: The median follow-up was 93.3 months and the 5 and 10 year actual overall survival rates were 67.8 and 32.6%, respectively, with 5 and 10 year cause-specific survival rates of 97.9 and 95.0%, respectively. The expected survival rate was 66.2% at 5 years, and overall survival was above expected survival. Only one patient developed severe proctitis (Grade 3). The 5 year occurrence of Grade 1/2 genitourinary toxicity was 23.2%. CONCLUSIONS: Combined RT and hormone therapy has a good long-term outcome without severe adverse events. The overall survival rate compares well with the expected survival rate.",Jpn J Clin Oncol,2005,35,655-9,doi: 10.1093/jjco/hyi174. Epub 2005 Nov 7,https://www.ncbi.nlm.nih.gov/pubmed/16275680,,negative,0,2005.0
20598436,Salvage radiotherapy after high-intensity focussed ultrasound for recurrent localised prostate cancer,Riviere J,"BACKGROUND: Radiotherapy is a treatment option in the case of local failure following treatment for localised prostate cancer with high-intensity focussed ultrasound (HIFU). OBJECTIVE: Our aim was to evaluate tolerance and oncologic control with salvage radiotherapy (SRT) after HIFU failure and to identify predictive factors of success. DESIGN, SETTING, AND PARTICIPANTS: From March 1995 to March 2008, all patients who presented with histologically proven persistent local disease following HIFU and were treated with curative intent SRT (with or without hormonal treatment) were included in this single-centre retrospective study. INTERVENTION: Patients underwent conformal radiotherapy. The median dose of conformal treatment was 72 Gy (65-78 Gy). MEASUREMENTS: The primary outcome measure was progression-free survival (PFS) defined as no biochemical relapse (three consecutive rises in prostate-specific antigen [PSA] with a velocity >0.4 ng/ml per year or PSA >1.5 ng/ml) and no additional treatment. Predictive factors of failure were examined in univariate and multivariate analyses. Adverse events in terms of urinary and digestive toxicity, urine incontinence, and erectile dysfunction (ED) were reported. RESULTS AND LIMITATIONS: The median (range) and mean (standard deviation) follow-up of the 100 patients analysed was 33 mo (5-164 mo) and 37.2 mo (23.6 mo), respectively. Eighty-three patients received SRT alone, and 17 received SRT and androgen-deprivation therapy. For the 83 patients treated with exclusive radiation therapy, PFS was 72.5% at 5 yr and 93%, 67%, and 55% for the low-, intermediate-, and high-risk groups, respectively. In the univariate analysis, PSA level prior to SRT, risk status, PSA nadir after SRT, PSA nadir after SRT >0.2 ng/ml, and time to achieve this nadir were all predictive of failure. In the multivariate analysis, PSA nadir post-SRT with a threshold at 0.2 ng/ml and time to achieve this nadir were the significant predictive factors of failure. Gastrointestinal toxicity was low; urinary toxicity grade < or =2 was 34.5%. Four were grade 3 (4.7%), one was grade 4 (1.2%), and one was grade 5 (1.2%). The incidence of severe ED (International Index of Erectile Dysfunction-5 score 5-10) was 14% pre-HIFU, and 51.9% and 82.3% pre- and post-SRT, respectively. Because our study was retrospective, results have to be interpreted cautiously. CONCLUSIONS: SRT provides satisfactory oncologic control after HIFU failure with little (or mild) additional toxicity. These results warrant further investigation.",Eur Urol,2010,58,567-73,doi: 10.1016/j.eururo.2010.06.003. Epub 2010 Jun 11,https://www.ncbi.nlm.nih.gov/pubmed/20598436,,negative,0,2010.0
22330999,Long-term results of an RTOG Phase II trial (00-19) of external-beam radiation therapy combined with permanent source brachytherapy for intermediate-risk clinically localized adenocarcinoma of the prostate.,Lawton CA,"PURPOSE: External-beam radiation therapy combined with low-doserate permanent brachytherapy are commonly used to treat men with localized prostate cancer. This Phase II trial was performed to document late gastrointestinal or genitourinary toxicity as well as biochemical control for this treatment in a multi-institutional cooperative group setting. This report defines the long-term results of this trial. METHODS AND MATERIALS: All eligible patients received external-beam radiation (45 Gy in 25 fractions) followed 2-6 weeks later by a permanent iodine 125 implant of 108 Gy. Late toxicity was defined by the Radiation Therapy Oncology Group/European Organization for Research and Treatment of Cancer late radiation morbidity scoring scheme. Biochemical control was defined by the American Society for Therapeutic Radiology and Oncology (ASTRO) Consensus definition and the ASTRO Phoenix definition. RESULTS: One hundred thirty-eight patients were enrolled from 20 institutions, and 131 were eligible. Median follow-up (living patients) was 8.2 years (range, 2.7-9.3 years). The 8-year estimate of late grade >3 genitourinary and/or gastrointestinal toxicity was 15%. The most common grade >3 toxicities were urinary frequency, dysuria, and proctitis. There were two grade 4 toxicities, both bladder necrosis, and no grade 5 toxicities. In addition, 42% of patients complained of grade 3 impotence (no erections) at 8 years. The 8-year estimate of biochemical failure was 18% and 21% by the Phoenix and ASTRO consensus definitions, respectively. CONCLUSION: Biochemical control for this treatment seems durable with 8 years of follow-up and is similar to high-dose external beam radiation alone or brachytherapy alone. Late toxicity in this multi-institutional trial is higher than reports from similar cohorts of patients treated with high-dose external-beam radiation alone or permanent low-doserate brachytherapy alone, perhaps suggesting further attention to strategies that limit doses to normal structures or to unimodal radiotherapy techniques.",Int J Radiat Oncol Biol Phys,2012,82,e795-801,10.1016/j.ijrobp.2011.11.040,https://www.ncbi.nlm.nih.gov/pubmed/22330999,INTERMEDIATE RISK,positive,1,
21093164,Early outcomes from three prospective trials of image-guided proton therapy for prostate cancer,Mendenhall NP,"PURPOSE: To report early outcomes with image-guided proton therapy for prostate cancer. METHODS AND MATERIALS: We accrued 211 prostate cancer patients on prospective Institutional Review Board-approved trials of 78 cobalt gray equivalent (CGE) in 39 fractions for low-risk disease, dose escalation from 78 to 82 CGE for intermediate-risk disease, and 78 CGE with concomitant docetaxel followed by androgen deprivation for high-risk disease. Minimum follow-up was 2 years. RESULTS: One intermediate-risk patient and 2 high-risk patients had disease progression. Pretreatment genitourinary (GU) symptom management was required in 38% of patients. A cumulative 88 (42%) patients required posttreatment GU symptom management. Four transient Grade 3 GU toxicities occurred, all among patients requiring pretreatment GU symptom management. Multivariate analysis showed correlation between posttreatment GU 2+ symptoms and pretreatment GU symptom management (p < 0.0001) and age (p = 0.0048). Only 1 Grade 3+ gastrointestinal (GI) symptom occurred. The prevalence of Grade 2+ GI symptoms was 0 (0%), 10 (5%), 12 (6%), and 8 (4%) at 6, 12, 18, and 24 months, with a cumulative incidence of 20 (10%) patients at 2 years after proton therapy. Univariate and multivariate analyses showed significant correlation between Grade 2+ rectal bleeding and proctitis and the percentage of rectal wall (rectum) receiving doses ranging from 40 CGE (10 CGE) to 80 CGE. CONCLUSIONS: Early outcomes with image-guided proton therapy suggest high efficacy and minimal toxicity with only 1.9% Grade 3 GU symptoms and <0.5% Grade 3 GI toxicities.",Int J Radiat Oncol Biol Phys,2012,1,,doi: 10.1016/j.ijrobp.2010.09.024. Epub 2010 Nov 17,https://www.ncbi.nlm.nih.gov/pubmed/21093164,,negative,0,2010.0
16194714,Laparoscopic radical prostatectomy: conventional and robotic,Menon M,"By 2015, prostate cancer will become the most commonly diagnosed cancer in men. Radical prostatectomy reduces disease-specific mortality in patients with localized prostate cancer; however, the invasiveness of surgery and its resultant side effects cause many men to seek other treatments. In 2000, laparoscopic radical prostatectomy emerged as a minimally invasive alternative to open surgery; it has been refined recently by the addition of robotic technology. To examine the outcomes of robotic radical prostatectomy and compare them with those from open and conventional laparoscopic radical prostatectomy, we prospectively collected baseline demographic data on all patients undergoing surgery for prostate cancer over a 4-year period at our center. Urinary function and sexual function were evaluated using standardized criteria as well as a questionnaire preoperatively and at 1, 3, 6, 12, and 18 months after their procedure. Operative and postoperative outcomes were compared using values for open radical prostatectomy as the reference standard. A total of 100 men underwent open radical prostatectomy with conventional laparoscopic radical prostatectomy (n = 50) and robotic radical prostatectomy (n = 500). The odds ratios for operative times, blood loss, postoperative pain, complications, and median times to urinary continence and resumption of sexual activity all were lower for robotic than for open or laparoscopic radical prostatectomy. It appears safe to conclude that conventional laparoscopic radical prostatectomy is a reasonable alternative to open radical prostatectomy in the surgical treatment of patients with clinically localized prostate cancer. The incorporation of robotics may result in even better surgical outcomes than conventional laparoscopy. However, the surgical robot is expensive; few centers have access to the technology and even fewer have expertise in the technique. For robotic radical prostatectomy to become the standard of care for the treatment of localized prostate cancer will require economies of cost, dissemination of surgical expertise, and data from randomized trials.",Urology,2005,66,101-4,doi: 10.1016/j.urology.2005.06.008,https://www.ncbi.nlm.nih.gov/pubmed/16194714,,negative,0,2005.0
30460935,Outcomes of men aged ≤50 years treated with radical prostatectomy: a retrospective analysis.,Song B,"Previous studies investigating prostate cancer (PCa) features in younger men have reported conflicting findings. This study aimed to investigate pathologic outcomes and biochemical recurrence (BCR) status in younger men who underwent radical prostatectomy (RP) for PCa. Records of 2057 patients who underwent RP at Seoul National University Bundang Hospital (Seongnam, Korea) between 2006 and 2015 were reviewed; patients were divided according to age into the younger and older groups (men aged ≤50 and >50 years, respectively). Postoperative BCR status and functional outcomes and clinicopathologic features were compared between both groups. All analyses were repeated after propensity score matching. Younger men were more likely to have low-risk disease (P < 0.001), lower pathologic Gleason score (P < 0.001) and pathologic stages (P < 0.001) than older men. The pathologic Gleason score (P = 0.002) and rates of extracapsular extension (P = 0.004) were lower in younger men after propensity score matching. In multivariate analysis, age at RP was not an independent predictor of BCR-free survival after RP (P = 0.669). Moreover, at 1 year after RP, younger men with preoperative 5-item International Index of Erectile Function score ≥22 (n = 228) showed more favorable results for urinary continence (defined as nonuse of pads daily) (99.4% vs 95%, P = 0.009) and erections sufficient for vaginal intercourse (81.8% vs 55.5%, P = 0.001). Younger men had more favorable clinicopathologic features at RP than their older counterparts. Although age was not an independent predictor of BCR status outcome, younger men had better functional outcomes following RP.",Asian J Androl,2019,21,150-155,10.4103/aja.aja_92_18,https://www.ncbi.nlm.nih.gov/pubmed/30460935,,positive,1,
25308767,Particle radiotherapy for prostate cancer,Shioyama Y,"Recent advances in external beam radiotherapy have allowed us to deliver higher doses to the tumors while decreasing doses to the surrounding tissues. Dose escalation using high-precision radiotherapy has improved the treatment outcomes of prostate cancer. Intensity-modulated radiation therapy has been widely used throughout the world as the most advanced form of photon radiotherapy. In contrast, particle radiotherapy has also been under development, and has been used as an effective and non-invasive radiation modality for prostate and other cancers. Among the particles used in such treatments, protons and carbon ions have the physical advantage that the dose can be focused on the tumor with only minimal exposure of the surrounding normal tissues. Furthermore, carbon ions also have radiobiological advantages that include higher killing effects on intrinsic radio-resistant tumors, hypoxic tumor cells and tumor cells in the G0 or S phase. However, the degree of clinical benefit derived from these theoretical advantages in the treatment of prostate cancer has not been adequately determined. The present article reviews the available literature on the use of particle radiotherapy for prostate cancer as well as the literature on the physical and radiobiological properties of this treatment, and discusses the role and the relative merits of particle radiotherapy compared with current photon-based radiotherapy, with a focus on proton beam therapy and carbon ion radiotherapy.",Int J Urol,2015,22,33-9,doi: 10.1111/iju.12640. Epub 2014 Oct 12,https://www.ncbi.nlm.nih.gov/pubmed/25308767,,negative,0,2015.0
26797541,Outcomes Associated With 3 Treatment Schedules of High-Dose-Rate Brachytherapy Monotherapy for Favorable-Risk Prostate Cancer,Jawad MS,"PURPOSE: We report the outcomes associated with 3 high-dose-rate (HDR) brachytherapy regimens used as monotherapy for favorable-risk prostate cancer. METHODS AND MATERIALS: Four hundred ninety-four patients with stage ≤T2b prostate cancer, Gleason score ≤7, and prostate-specific antigen levels ≤15 ng/mL underwent HDR brachytherapy as monotherapy. Of those, 319 received 38 Gy in 4 fractions, 79 received 24 Gy in 2 fractions, and 96 received 27 Gy in 2 fractions. Acute and chronic genitourinary (GU) and gastrointestinal (GI) toxicities were defined as side effects occurring ≤6 and >6 months, respectively, after radiation therapy (RT) and were graded according to the Common Terminology Criteria for Adverse Events version 3.0. The time to toxicity was calculated from the date of RT completion. Variables were analyzed with χ(2) test. P values <.05 were considered significant. RESULTS: The median overall follow-up time was 4 years (range, 5.5, 3.5, and 2.5 years for 38 Gy, 24 Gy, and 27 Gy, respectively, P<.001). Acute and chronic grade ≥2 GU and GI toxicity profiles were similar among groups. Acceptable rates of grade 2 GU toxicities were seen with overall acute/chronic frequency/urgency, dysuria, retention, incontinence, and hematuria rates of 14%/20%, 6%/7%, 7%/4%, 1.5%/2%, and 1.5%/7%, respectively. Minimal grade 3 and no grade 4 or 5 toxicities were seen. Grade 1, 2, and 3 chronic urethral stricture rates were 0.3%, 2%, and 1%, respectively. All GI toxicities were similar between groups, with overall rates of acute/chronic grade 2 diarrhea, rectal pain/tenesmus, rectal bleeding, and proctitis of 1%/1%, <1%/0.5%, 0%/2%, and <1%/1%, respectively. No grade 3, 4, or 5 toxicities were seen. All comparisons were similar for hormone-naïve patients. The median time to maximal GU/GI toxicity was similar between groups, ranging from 1 to 1.6 to 0.9 to 1.2 years, respectively. There were no differences in clinical outcomes between the 3 groups at 5 years. CONCLUSIONS: The acute and chronic toxicity profiles associated with these 3 HDR brachytherapy schedules were similar and were well tolerated. Acceptable grade 2, minimal grade 3, and no grade 4 or 5 toxicities were seen. This, combined with the fact that the clinical outcomes were similar, leads to the conclusion that all 3 regimens may be acceptable options for the management of low-risk to intermediate-risk prostate cancer.",Int J Radiat Oncol Biol Phys,2016,15,,doi: 10.1016/j.ijrobp.2015.10.011. Epub 2015 Nov 10,https://www.ncbi.nlm.nih.gov/pubmed/26797541,,negative,0,2015.0
15756656,Postprostatectomy adjuvant versus salvage radiotherapy: a complication-adjusted number-needed-to-treat analysis,Jani AB,"BACKGROUND: Radiotherapy (RT) has been used with success after radical retropubic prostatectomy (RRP), both in the adjuvant and salvage settings. The purpose of the current investigation was to systematically compare adjuvant versus salvage RT in a manner that incorporates both treatment efficacy and complications. METHODS: A literature review was performed of reports of post-RRP salvage and adjuvant RT, and 12 trials comprising 1060 patients met the appropriate inclusion criteria. The biochemical failure-free survival in each study/arm was tabulated, and these values were entered into a model to compute an unadjusted number-needed-to treat (NNT). RT complications were then considered, accounting for differences in toxicity incidences in the salvage versus adjuvant setting, to compute complication-adjusted NNTs. In all the trials, the signs and magnitudes of the NNTs obtained were used to compare adjuvant with salvage RT. RESULTS: The absolute NNT analysis showed an advantage of adjuvant compared with salvage RT. After adjustment for RT complications, however, the advantage shifted to salvage RT. This transition point from superiority of adjuvant RT to superiority of salvage RT was sensitive to the estimated incidence and severity of RT side effects. CONCLUSIONS: Adjuvant post-RRP RT was advantageous in comparison to salvage RT if the side effects of RT were estimated to be negligible. However, with moderate incidence/severity of RT side effects, salvage RT was advantageous. The findings herein must be tested in a prospective study in which both health-related quality of life and cancer control are documented in patients receiving adjuvant versus salvage post-RRP RT. Further work is needed to better estimate parameters entered into the model to determine the precise transition point between adjuvant and salvage RT with modern RT techniques.",Cancer,2005,1,,doi: 10.1002/cncr.20949,https://www.ncbi.nlm.nih.gov/pubmed/15756656,,negative,0,2005.0
31427178,Long-term biochemical outcomes using cesium-131 in prostate brachytherapy.,Moran BJ,"PURPOSE: Long-term outcomes reveal equivalent biochemical outcomes with low-dose-rate (LDR) brachytherapy (BT) compared with radical prostatectomy and external-beam radiotherapy for the management of prostate cancer. Iodine-125, the most commonly used isotope, may be associated with long-term urinary consequences. Cesium-131 (<sup>131</sup>Cs) has a higher dose rate and shorter dose delivery time, predicting a shorter duration of urinary morbidity. We report our institution's high-volume experience and the most mature data to date on outcomes with <sup>131</sup>Cs prostate BT. METHODS AND MATERIALS: 571 men (median age: 65.38 years) with low (55%)-, intermediate (36%)-, and high-risk disease (9%) received monobrachytherapy, dual-modality, or trimodality using <sup>131</sup>Cs at a single institution. Risk groups were defined according to the National Comprehensive Cancer Network definition. Median prescription dose for definitive LDR-BT and LDR-BT boost was 115 Gy and 70 Gy, respectively. Median initial PSA was 6.1 ng/mL (IQR: 4.6-8.7). RESULTS: Median followup time was 5 years. 5/7-year overall survival for low-, intermediate-, and high-risk patients was 96.9%/96/9%, 92.8%/89.7%, and 95.8%/87.1%, respectively (p = 0.02). 5/7-year freedom from biochemical failure for low-, intermediate-, and high-risk patients was 98.5%/96.3%, 94.1%/86.4%, and 93.2%/74.5%, respectively (p < 0.01). 5/7-year prostate cancer -specific survival was 100%/100%, 99.3%/99.3%, and 98.0%/98.0% for low-, intermediate-, and high-risk patients, respectively (p < 0.01). CONCLUSIONS: <sup>131</sup>Cs is a viable alternative isotope for prostate brachytherapy for organ-confined disease. Long-term biochemical control and survival outcomes are excellent and on par with those attained with the use of <sup>125</sup>I or <sup>103</sup>Pd. This report therefore supports the continued use of <sup>131</sup>Cs as an effective and comparable alternative isotope.",Brachytherapy,2019,18,800-805,10.1016/j.brachy.2019.07.002,https://www.ncbi.nlm.nih.gov/pubmed/31427178,,positive,1,
28333018,"Nationwide, Multicenter, Retrospective Study on High-Dose-Rate Brachytherapy as Monotherapy for Prostate Cancer.",Yoshioka Y,"PURPOSE: To present, analyze, and discuss results of a nationwide, multicenter, retrospective study on high-dose-rate brachytherapy (HDR-BT) as monotherapy for low-, intermediate-, and high-risk prostate cancer. METHODS AND MATERIALS: From 1995 through 2013, 524 patients, 73 (14%) with low-risk, 207 (40%) with intermediate-risk, and 244 (47%) with high-risk prostate cancer, were treated with HDR-BT as monotherapy at 5 institutions in Japan. Dose fractionations were 27 Gy/2 fractions for 69 patients (13%), 45.5 Gy/7 fractions for 168 (32%), 49 Gy/7 fractions for 149 (28%), 54 Gy/9 fractions for 130 (25%), and others for 8 (2%). Of these patients, 156 (30%) did not receive androgen deprivation therapy, and 202 patients (39%) did receive androgen deprivation therapy <1 year, 112 (21%) for 1-3 years, and 54 (10%) for >3 years. Median follow-up time was 5.9 years (range, 0.4-18.1 years), with a minimum of 2 years for surviving patients. RESULTS: After 5 years, respective actuarial rates of no biochemical evidence of disease, overall survival, cause-specific survival, and metastasis-free survival for all patients were 92%, 97%, 99%, and 94%. For low/intermediate/high-risk patients, the 5-year no biochemical evidence of disease rates were 95%/94%/89%, the 5-year overall survival rates were 98%/98%/94%, the 5-year cause-specific survival rates were 98%/100%/98%, and the 5-year metastasis-free survival rates were 98%/95%/90%, respectively. The cumulative incidence of late grade 2 to 3 genitourinary toxicity at 5 years was 19%, and that of late grade 3 was 1%. The corresponding incidences of gastrointestinal toxicity were 3% and 0% (0.2%). No grade 4 or 5 of either type of toxicity was detected. CONCLUSIONS: The findings of this nationwide, multicenter, retrospective study demonstrate that HDR-BT as monotherapy was safe and effective for all patients with low-, intermediate-, and high-risk prostate cancer.",Int J Radiat Oncol Biol Phys,2017,97,952-961,10.1016/j.ijrobp.2016.12.013,https://www.ncbi.nlm.nih.gov/pubmed/28333018,,positive,1,
20707801,Prostate cancer death is unlikely in high-risk patients following quality permanent interstitial brachytherapy.,Merrick GS,"OBJECTIVE: To evaluate cause-specific survival (CSS), biochemical progression-free survival (bPFS) and overall survival (OS) in high-risk prostate cancer brachytherapy patients. PATIENTS AND METHODS: From April 1995 to June 2005, 284 patients with high-risk prostate cancer (Gleason score ≥ 8 or prostate-specific antigen > 20 ng/mL or clinical stage ≥ T2 c) underwent brachytherapy. Supplemental external beam radiation therapy was given to 257 (90.5%) patients and 179 (63.0%) received androgen deprivation therapy (ADT). Median follow up was 7.8 years. The median post-implant day 0 D90 was 118.9% of prescription dose. Patients with metastatic prostate cancer or castrate-resistant disease without obvious metastases who died of any cause were classified as dead from prostate cancer. Multiple parameters were evaluated for impact on survival. RESULTS: Twelve-year CSS, bPFS and OS were 94.2%, 89.0% and 69.7%. On multivariate analysis, bPFS was best predicted by percent positive biopsies and ADT. The analysis failed to identify any predictors for CSS, while OS was highly correlated with patient age, percent positive biopsies and diabetes. Fourteen percent of patients died from diseases of the heart, while 8%, 8% and 6% of patients died from non-prostate cancer, other causes and prostate cancer, respectively. When OS was stratified by patients with 0-3 vs ≥ 4 comorbidities, the 12-year OS was 73.0% and 52.7% (P = 0.036). CONCLUSIONS: High-quality brachytherapy results in favourable bPFS and CSS for high-risk patients. Death from diseases of the heart is more than twice as likely as death from prostate cancer. Strategies to improve cardiovascular health may positively impact OS.",BJU Int,2011,107,226-32,10.1111/j.1464-410X.2010.09486.x,https://www.ncbi.nlm.nih.gov/pubmed/20707801,HIGH RISK,positive,1,
24053230,Five-year outcomes after iodine-125 seed brachytherapy for low-risk prostate cancer at three cancer centres in the UK.,Dickinson PD,"OBJECTIVE: To report the outcomes of >1000 men with low-risk prostate cancer treated with low-dose-rate (LDR) brachytherapy at three large UK cancer centres. PATIENTS AND METHODS: A total of 1038 patients with low-risk prostate cancer (prostate-specific antigen [PSA] ≤10 ng/mL, Gleason score 6, ≤T2b disease) were treated with LDR iodine 125 (I-125) brachytherapy between 2002 and 2007. Patients were treated at three UK centres. PSA and clinical follow-up was performed at each centre. Biochemical recurrence-free survival was reported for the cohort. RESULTS: The median (range) PSA follow-up for the whole group was 5 years (4 months to 9 years). A total of 79 patients had biochemical failure, defined by a rise in PSA level: 16 patients fulfilled the ASTRO definition of biochemical failure, 25 patients fulfilled the Phoenix definition and 38 patients fulfilled both definitions. The 5-year biochemical relapse-free survival (bRFS) rate was 94.1% by the ASTRO definition and 94.2% by the Phoenix definition. The absence of neoadjuvant hormone therapy was predictive of inferior biochemical control as defined by the Phoenix definition (P = 0.033). CONCLUSIONS: Our prospective multicentre series showed excellent bRFS with LDR I-125 brachytherapy for patients with low-risk prostate cancer. Further work is necessary to define the role of neoadjuvant androgen deprivation therapy in combination with brachytherapy.",BJU Int,2014,113,748-53,10.1111/bju.12358,https://www.ncbi.nlm.nih.gov/pubmed/24053230,LOW RISK,positive,1,
25304650,Permanent prostate brachytherapy and short-term androgen deprivation for intermediate-risk prostate cancer in Japanese men: outcome and toxicity.,Yamada Y,"OBJECTIVES: To evaluate the interim outcomes of low-dose-rate permanent brachytherapy (PB) combined with short-term androgen deprivation therapy (ADT) in Japanese men with intermediate-risk prostate cancer excluding those with a Gleason score of 4+3. METHODS: The Protocol-intermediate-risk group (Protocol-IRG) was defined as clinical stage T1c-T2c, Gleason score of 3+4, or lower and prostatic-specific antigen (PSA) level lower than 20 ng/mL. A total of 308 patients underwent brachytherapy in the protocol-IRG group (n=152) or in the low-risk group (n=156). Patients in Protocol-IRG had received at least 6 months of ADT before and after PB. Supplemental external beam radiotherapy was not used. Planned followup by PSA was carried out every 3 months for the first 2 years and every 6 months thereafter. The PSA failure was defined as nadir+2 ng/mL. Patients' Expanded Prostate Cancer Index Composite was recorded before and 3 years after treatment. RESULTS: The median followup was 68 and 68 months for the protocol-IRG and the low-risk groups, respectively. The 5-year biological disease-free survival rates in the low-risk and protocol-IRG groups were 94.8 and 94.6%, respectively. As far as survival rates were concerned, there were no significant differences between the two groups. Overall satisfaction and sexual function at 3 years after PB had significantly improved compared with pretreatment (p=0.01 and p=0.01, respectively). CONCLUSIONS: In intermediate-risk prostate patients, excluding those with a biopsy Gleason score of 4+3, brachytherapy with short-term ADT can be an effective treatment option for Japanese men.",Brachytherapy,2015,14,118-23,10.1016/j.brachy.2014.09.001,https://www.ncbi.nlm.nih.gov/pubmed/25304650,,positive,1,
31764016,A Limited-Versus-Extensive Staging Strategy for Small Cell Prostate Cancer,Syed S,"INTRODUCTION: Small cell prostate cancer (SCPC) is a rare histologic subtype of prostate cancer, for which the optimal staging strategy remains unclear. METHOD: The Surveillance, Epidemiology, and End Results database was used to analyze the incidence and outcomes of SCPC between the years 2004 through 2016. Limited-stage SCPC (LS-SCPC) was defined as SCPC without any metastasis regardless of local invasion. Extensive stage SCPC (ES-SCPC) was defined as any metastasis to lymph nodes and/or to distant organs. RESULT: A total of 403 SCPC patients were included in the study cohort, accounting for 0.056% of all prostate cancer cases (n=719,655). Of the 358 patients with known metastasis status, 275 (76.8%) patients had ES-SCPC, whereas 83 (23.2%) patients had LS-SCPC. LS-SCPC was associated with better overall survival (17 vs. 9 mo, P<0.001) and disease-specific survival (25 vs. 10 mo, P<0.001) compared with ES-SCPC. All LS-SCPC patients had a similar overall survival regardless of T stage. Similarly, all ES-SCPC patients had similar outcomes regardless of metastasis sites. High prostate-specific antigen (PSA) is paradoxically associated with superior outcome in both localized stage patients (PSA≥4 vs. PSA<4, 19 vs. 10 mo, P=0.002) and extensive stage patients (PSA≥20 vs. PSA<20, 13 vs. 9 mo, P=0.02). Multivariate analysis of treatment showed that chemotherapy was associated with improved survival in ES-SCPC with hazard ratio of 0.52. CONCLUSION: Similar to small cell lung cancer, SCPC can be staged into LS-SCPC or ES-SCPC. The binary staging system correlates well with prognosis.",Am J Clin Oncol,2020,43,87-93,doi: 10.1097/COC.0000000000000631,https://www.ncbi.nlm.nih.gov/pubmed/31764016,,negative,0,2020.0
16053358,Transrectal high-intensity focused ultrasound in the treatment of localized prostate cancer,Rebillard X,"The literature concerning the efficacy and safety of transrectal high-intensity focused ultrasound (HIFU) for the treatment of localized prostate cancer still comprises a relatively small number of articles. The main studies have been published by four teams using an apparatus available in Europe for several years. The recently presented results of the European Multicentre Study and the study by Gelet and associates based on 242 patients with a follow-up of more than 1 year show that HIFU is a valid alternative for the management of welldifferentiated and moderately differentiated localized prostate cancer with an initial PSA </=15 ng/mL in men with a life expectancy >10 years. In two studies, the combination of transurethral resection of the prostate and HIFU limited the risk of postoperative urinary retention without inducing a higher complication rate. In a series of patients presenting recurrence after external-beam radiotherapy, HIFU was found to be a useful therapy, with >80% negative biopsies. The best indications for HIFU are men over the age of 65, those who are not candidates for radical prostatectomy, obese patients, or patients with comorbidities likely to make surgery more difficult. The learning curve for this technique is relatively short, between 10 and 15 patients, for urologists experienced in transrectal ultrasonography. One of the advantages of HIFU is that it can be repeated in the case of recurrence or to re-treat a prostatic site, it involves no radiation, and patients do not suffer from long-term irritative urinary symptoms.",J Endourol,2005,,-,doi: 10.1089/end.2005.19.693,https://www.ncbi.nlm.nih.gov/pubmed/16053358,,negative,0,2005.0
21167653,Comparison of acute and late toxicities for three modern high-dose radiation treatment techniques for localized prostate cancer,Mohammed N,"PURPOSE: We compared acute and late genitourinary (GU) and gastrointestinal (GI) toxicities in prostate cancer patients treated with three different high-dose radiation techniques. METHODS AND MATERIALS: A total of 1,903 patients with localized prostate cancer were treated with definitive RT at William Beaumont Hospital from 1992 to 2006: 22% with brachytherapy alone (BT), 55% with image-guided external beam (EB-IGRT), and 23% external beam with high-dose-rate brachytherapy boost (EBRT+HDR). Median dose with BT was 120 Gy for LDR and 38 Gy for HDR (9.5 Gy × 4). Median dose with EB-IGRT was 75.6 Gy (PTV) to prostate with or without seminal vesicles. For EBRT+HDR, the pelvis was treated to 46 Gy with an additional 19 Gy (9.5 Gy × 2) delivered via HDR. GI and GU toxicity was evaluated utilizing the NCI-CTC criteria (v.3.0). Median follow-up was 4.8 years. RESULTS: The incidences of any acute ≥ Grade 2 GI or GU toxicities were 35%, 49%, and 55% for BT, EB-IGRT, and EBRT+HDR (p < 0.001). Any late GU toxicities ≥ Grade 2 were present in 22%, 21%, and 28% for BT, EB-IGRT, and EBRT+HDR (p = 0.01), respectively. Patients receiving EBRT+HDR had a higher incidence of urethral stricture and retention, whereas dysuria was most common in patients receiving BT. Any Grade ≥ 2 late GI toxicities were 2%, 20%, and 9% for BT, EB-IGRT, and EBRT+HDR (p < 0.001). Differences were most pronounced for rectal bleeding, with 3-year rates of 0.9%, 20%, and 6% (p < 0.001) for BT, EB-IGRT, and EBRT+HDR respectively. CONCLUSIONS: Each of the three modern high-dose radiation techniques for localized prostate cancer offers a different toxicity profile. These data can help patients and physicians to make informed decisions regarding radiotherapy for prostate andenocarcinoma.",Int J Radiat Oncol Biol Phys,2012,1,,doi: 10.1016/j.ijrobp.2010.10.009. Epub 2010 Dec 16,https://www.ncbi.nlm.nih.gov/pubmed/21167653,,negative,0,2010.0
29496280,Two decades of high dose rate brachytherapy with external beam radiotherapy for prostate cancer.,Åström L,"BACKGROUND: High-dose-rate brachytherapy (HDR-BT) has optimal prerequisites in radiotherapy of prostate cancer (PC) with a conformal dose distribution and high doses per fraction giving a biological dose escalation. We report the outcome after HDR-BT and external beam radiotherapy (EBRT) after 20 years of experience. MATERIAL AND METHODS: The study includes 623 patients, median age of 66 years, treated from 1995 to 2008 and a median follow up of 11 years (range 2-266 months). Androgen deprivation therapy was given to 429 patients (69%). The HDR-BT was given with two 10 Gy fractions and the EBRT with 2 Gy fractions to 50 Gy. RESULTS: The 10-year PC-specific survival was 100%, 92%, 91%, and 75% for low-, intermediate-, high- and very high-risk patients respectively, and the 10-year probability of PSA relapse was 0%, 21%, 33%, and 65% respectively. The 10-year actuarial prevalence for ≥grade 2 GU- and GI-toxicities were 28% and 12% respectively and for ≥grade 3, 4% and 1% respectively. Urethral stricture was the most frequent GU complication with a 10-year actuarial incidence of 10%. Treatment without dose constraints for the urethra conferred a higher incidence 18%, compared to 5% after 2003 (p < 0.001). Sixteen patients experienced grade 4 GU toxicity, of which 13 were treated before 2003. No grade 4 rectal toxicity was seen. CONCLUSION: The combination of EBRT and HDR-BT with adequate dose constraints to risk organs provides satisfactory long-term tumour control even in high-risk patients. GI toxicity stabilised but GU toxicity progressed during the 10-year follow up.",Radiother Oncol,2018,127,81-87,10.1016/j.radonc.2017.12.025,https://www.ncbi.nlm.nih.gov/pubmed/29496280,,positive,1,
26211465,Percentage of positive prostate biopsies independently predicts biochemical outcome following radiation therapy for prostate cancer,Gabriele D,"BACKGROUND: This work aims to definitely show the ability of percentage of positive biopsy cores (%PC) to independently predict biochemical outcome beyond traditional pretreatment risk-factors in prostate cancer (PCa) patients treated with radiotherapy. METHODS: A cohort of 2493 men belonging to the EUREKA-2 retrospective multicentric database on (PCa) and treated with external-beam radiation therapy (EBRT) as primary treatment comprised the study population (median follow-up 50 months). A Cox regression time to prostate-specific antigen (PSA) failure analysis was performed to evaluate the predictive power of %PC, both in univariate and multivariate settings, with age, pretreatment PSA, clinical-radiological staging, bioptic Gleason Score (bGS), RT dose and RT +/- ADT as covariates. RESULTS: P statistics for %PC is lower than 0.001 both in univariate and multivariate models. %PC as a continuous variable yields an AUC of 69% in ROC curve analysis for biochemical relapse. Four classes of %PC (1-20%, 21-50%, 51-80% and 81-100%) distinctly split patients for risk of biochemical relapse (overall log-rank test P<0.0001), with biochemical progression free survival (bPFS) at 5-years ranging from 88% to 58% and 10-years bPFS ranging from 80% to 38%. CONCLUSIONS: We strongly affirm the usefulness of %PC information beyond main risk factors (PSA, staging and bGS) in predicting biochemical recurrence after EBRT for PCa. The stratification of patients according to %PC may be valuable to further discriminate cases with favourable or adverse prognosis.",Panminerva Med,2016,58,109-14,,https://www.ncbi.nlm.nih.gov/pubmed/26211465,,negative,0,2015.0
32089359,Radical Prostatectomy or Observation for Clinically Localized Prostate Cancer: Extended Follow-up of the Prostate Cancer Intervention Versus Observation Trial (PIVOT),Wilt TJ,"BACKGROUND: Very long-term mortality in men with early prostate cancer treated with surgery versus observation is uncertain. OBJECTIVE: To determine long-term effects of surgery versus observation on all-cause mortality for men with early prostate cancer. DESIGN, SETTING, AND PARTICIPANTS: This study evaluated long-term follow-up of a randomized trial conducted at the US Department of Veterans Affairs and National Cancer Institute sites. The participants were men (n=731) ≤75yr of age with localized prostate cancer, prostate-specific antigen (PSA) <50ng/ml, life expectancy ≥10yr, and medically fit for surgery. INTERVENTION: Radical prostatectomy versus observation. OUTCOME MEASUREMENTS AND STATISTICAL ANALYSIS: All-cause mortality was assessed in the entire cohort and patient and tumor subgroups. Intention-to-treat analysis was conducted using Kaplan-Meier methods with log-rank tests and Cox proportional hazard models; cumulative mortality incidence, between-group differences, and relative risks were also assessed at predefined time periods. RESULTS AND LIMITATIONS: During 22.1yr (median follow-up for survivors=18.6yr; interquartile range: 16.6-20.0), 515 men died; 246 of 346 men (68%) were assigned to surgery versus 269 of 367 (73%) assigned to observation (hazard ratio 0.84 [95% confidence interval {CI}: 0.70-1.00]; p= 0.044 [absolute risk reduction = 5.7 percentage points, 95% CI: -0.89 to 12%]; relative risk: 0.92 [95% CI: 0.84-1.01]). The restricted mean survival in the surgical group was 13.6 yr (95% CI: 12.9-14.3) versus 12.6 yr (95% CI: 11.8-13.3) in the observation group; a mean of 1 life-year was gained with surgery. Results did not significantly vary by patient or tumor characteristics, although differences were larger favoring surgery among men aged <65 yr, of white race, and having better health status, fewer comorbidities, ≥34% positive prostate biopsy cores, and intermediate-risk disease. Results were not adjusted for multiple comparisons, and we could not assess outcomes other than all-cause mortality. CONCLUSIONS: Surgery was associated with small very long-term reductions in all-cause mortality and increases in years of life gained. Absolute effects did not vary markedly by patient characteristics. Absolute effects and mean survival were much smaller in men with low-risk disease, but were greater in men with intermediate-risk disease although not in men with high-risk disease. PATIENT SUMMARY: In this randomized study, we evaluated death from any cause in men with early prostate cancer treated with either surgery or observation. Overall, surgery may provide small very long-term reductions in death from any cause and increases in years of life gained. Absolute effects were much smaller in men with low-risk disease, but were greater in men with intermediate-risk disease although not in men with high-risk disease. Strategies are needed to identify men needing and benefitting from surgery while reducing ineffective treatment and overtreatment.",Eur Urol,2020,77,713-724,doi: 10.1016/j.eururo.2020.02.009. Epub 2020 Feb 21,https://www.ncbi.nlm.nih.gov/pubmed/32089359,,negative,0,2020.0
24474543,Radical prostatectomy in high-risk prostate cancer: incidence of specimen-confined disease (pT2-pT3a N0R0) and outcomes.,Mearini L,"INTRODUCTION: Radical prostatectomy (RP) in patients with high-risk prostate cancer (PC) [prostate specific antigen (PSA) ≥ 20 ng/mL, and/or Gleason score ≥ 8, and/or cT3a disease] is considered an optional therapy, usually as a part of multimodal approach. Aim of the study is to evaluate the outcome of radical prostatectomy in case of specimen-confined (SC) disease and to compare it with patients with pathological locally-advanced disease. MATERIALS AND METHODS: Data from 176 consecutive patients with high-risk prostate cancer who underwent RP as initial therapy were analyzed, identifying subjects with specimen-confined disease (i.e. negative margins and negative lymph-nodes) in which RP was considered as monotherapy, and comparing oncological outcomes to patients with pathological non-SC disease, in which RP was considered as the first step of a multimodal approach. RESULTS: In high-risk prostate cancer, pathological report showed the presence of specimen-confined disease in 28.3% of cases. At univariate analysis, age and PSA correlate with the presence of SC disease at radical prostatectomy, while at multivariate analysis only PSA was a significant predictor of SC disease. At 5 years, Kaplan-Meier estimation of biochemical-free and cancer-specific survival was 56.2% and 97.7% vs 40.8% and 92.8% in specimen-confined disease and non-specimen-confined disease, respectively. CONCLUSIONS: High-risk prostate cancer presents challenges for uro-oncologists since standard treatment is still under debate. One third of patients will present with specimen-confined disease, for which radical prostatectomy represents the sole, initial curative therapy; RP as multimodal therapy in patients without SC disease permits excellent long-term oncological outcomes.",Urologia,2014,81,125-32,10.5301/urologia.5000030,https://www.ncbi.nlm.nih.gov/pubmed/24474543,HIGH RISK,positive,1,
32320130,"Pelvic exenteration surgery in patients with locally advanced castration-naïve and castration-resistant, symptomatic prostate cancer",Heidenreich A,"OBJECTIVES: To evaluate retrospectively the surgical, symptomatic and oncological outcomes of pelvic exenteration surgery (PES) in men with significant intrapelvic complications of locally advanced castration-sensitive (CSPC) and castration-resistant prostate cancer (CRPC). PATIENTS AND METHODS: A total of 103 patients with locally advanced progressive and symptomatic CSPC or CRPC underwent PES (radical cystoprostatectomy, n = 71 [68.9%]; radical prostatectomy with continent vesicostomy, n = 9 [8.7%]; total exenteration, n = 23 [22.3%]). All patients underwent local staging via magnetic resonance imaging, cystoscopy and rectoscopy. Systemic staging was carried out with chest, abdominal and pelvic computed tomography scans and bone scans. Peri-operative complications were assessed according to Clavien-Dindo classification. Symptom-free and overall survival were evaluated using the Kaplan-Meier method. Statistical tests were two-tailed with a P value <0.05 taken to indicate statistical significance. RESULTS: After a median (range) follow-up of 36.5 (3-123) months, the symptom-free survival rate at 1 and 3 years was 89.2% (n = 89) and 64.1% (n = 66), respectively. The median symptom-free survival was 27.9 months. A total of 78.6% of the patients were symptom-free during their remaining lifetime. The overall survival rate at 1 and 3 years was 92.2% and 43.7%, respectively, and the median overall survival was 33.6 months. Clavien-Dindo grades 2, 3 and 4 complications developed in 31 (30.6%), 12 (11.6%) and eight patients (8.1%), respectively. CONCLUSION: Pelvic exenteration surgery is technically feasible in well-selected patients, resulting in symptom relief in >90% of patients, covering 80% of their remaining lifetime.",BJU Int,2020,126,342-349,doi: 10.1111/bju.15088. Epub 2020 May 16,https://www.ncbi.nlm.nih.gov/pubmed/32320130,,negative,0,2020.0
25614075,[Long term biochemical recurrence free survival after radical prostatectomy for cancer: comparative analysis according to surgical approach and clinicopathological stage].,Rizk J,"OBJECTIVE: To assess long term biochemical recurrence free survival after radical prostatectomy according to open, laparoscopic and robot-assisted surgical approach and clinicopathological stage. MATERIAL AND METHODS: A cohort study of 1313 consecutive patients treated by radical prostatectomy for localized or locally advanced prostate cancer between 2000 and 2013. Open surgery (63.7%), laparoscopy (10%) and robot-assisted laparoscopy (26.4%) were performed. Biochemical recurrence was defined by PSA>0,1ng/mL. The biochemical recurrence free survival was described by Kaplan Meier method and prognostic factors were analysed by multivariable Cox regression. RESULTS: Median follow-up was 57 months (IQR: 31-90). Ten years biochemical recurrence free survival was 88.5%, 71.6% and 53.5% respectively for low, intermediate and high-risk D'Amico groups. On multivariable analysis, the worse prognostic factor was Gleason score (P<0.001). Positive surgical margins rate was 53% in pT3 tumours and 24% in pT2 tumours (P<0.001). Biochemical recurrence free survival (P=0.06) and positive surgical margins rate (P=0.87) were not statistically different between the three surgical approaches. CONCLUSION: Biochemical recurrence free survival in our study does not differ according to surgical approach and is similar to published series. Ten years biochemical recurrence free survival for high-risk tumours without hormone therapy is 54% justifying the role of surgery in the therapeutic conversations in this group of tumours. LEVEL OF EVIDENCE: 3.",Prog Urol,2015,25,157-68,10.1016/j.purol.2014.12.004,https://www.ncbi.nlm.nih.gov/pubmed/25614075,,positive,1,
29032014,High-intermediate prostate cancer treated with low-dose-rate brachytherapy with or without androgen deprivation therapy.,Pickles T,"PURPOSE: To describe outcomes of men with unfavorable (high-tier) intermediate risk prostate cancer (H-IR) treated with low-dose-rate (LDR) brachytherapy, with or without 6 months of androgen deprivation therapy (ADT). METHODS AND MATERIALS: Patients with H-IR prostate cancer, treated before 2012 with LDR brachytherapy without external radiation are included. Baseline tumor characteristics are described. Outcomes between groups receiving ADT are measured by Phoenix (nadir +2 ng/mL), and threshold 0.4 ng/mL biochemical relapse definitions (bNEDs), as well as clinical end points. Standard descriptive and actuarial statistics are used. RESULTS: Two hundred sixty men were eligible, 139 (53%) did not receive ADT and 121 (47%) did. Median follow-up was 5 years. Men treated with ADT had higher T stage and percent positive cores but lower pathologic grade group. bNED rates with and without ADT at 5 years are 86% and 85% (p = 0.52) with the Phoenix definition, and 83% and 78% (p = 0.13) with the threshold definition. Local recurrence or metastasis were rare in both groups (<5%, p = not significant). Death from prostate cancer only occurred in 4 patients, 2 in each group. Overall survival was 85% in those treated with ADT and 93% without at 8 years, p = 0.15. CONCLUSIONS: The addition of 6 months of ADT to LDR brachytherapy for H-IR prostate cancer does not improve 5 year prostate specific antigen control, and we no longer routinely recommended it.",Brachytherapy,2017,16,1101-1105,10.1016/j.brachy.2017.08.003,https://www.ncbi.nlm.nih.gov/pubmed/29032014,,positive,1,
30402050,Time to Disease Recurrence Is a Predictor of Metastasis and Mortality in Patients with High-risk Prostate Cancer Who Achieved Undetectable Prostate-specific Antigen Following Robot-assisted Radical Prostatectomy.,Kim DK,"BACKGROUND: Robot-assisted radical prostatectomy (RARP) is a feasible treatment option for high-risk prostate cancer (PCa). While patients may achieve undetectable prostate-specific antigen (PSA) levels after RARP, the risk of disease progression is relatively high. We investigated metastasis-free survival, cancer-specific survival (CSS), and overall survival (OS) outcomes and prognosticators in such patients. METHODS: In a single-center cohort of 342 patients with high-risk PCa (clinical stage ≥ T3, biopsy Gleason score ≥ 8, and/or PSA levels ≥ 20 ng/mL) treated with RARP and pelvic lymph node dissection between August 2005 and June 2011, we identified 251 (73.4%) patients (median age, 66.5 years; interquartile range [IQR], 63.0-71.0 years) who achieved undetectable PSA levels (< 0.01 ng/mL) postoperatively. Survival outcomes were evaluated for the entire study sample and in groups stratified according to the time to biochemical recurrence dichotomized at 60 months. RESULTS: During the median follow-up of 75.9 months (IQR, 59.4-85.8 months), metastasis occurred in 38 (15.1%) patients, most often to the bones, followed by the lymph nodes, lungs, and liver. The 5-year metastasis-free, cancer-specific, and OS rates were 87.1%, 94.8%, and 94.3%, respectively. Multivariate Cox-regression analysis revealed time to recurrence as an independent predictor of metastasis (<i>P</i> < 0.001). Time to metastasis was an independent predictor of OS (<i>P</i> = 0.003). Metastasis-free and CSS rates were significantly lower among patients with recurrence within 60 months of RARP (log-rank <i>P</i> < 0.001). CONCLUSION: RARP confers acceptable oncological outcomes for high-risk PCa. Close monitoring beyond 5 years is warranted for early detection of disease progression and for timely adjuvant therapy.",J Korean Med Sci,2018,33,e285,10.3346/jkms.2018.33.e285,https://www.ncbi.nlm.nih.gov/pubmed/30402050,,positive,1,
32476081,Survival outcomes of Asian younger men (< 55 years) undergoing radical prostatectomy: a review of prostate cancer database in a tertiary hospital in Singapore,Lu Y,"PURPOSE: Prostate cancer largely affects older men. This study aims to investigate prostate cancer in younger men (< 55 years) to shed light on the survival outcomes of this unique subset of patients in Asian context. METHODS: Data were obtained from the Singapore General Hospital Prostate Cancer Registry. Data on all men with clinically organ confined prostate cancer who underwent radical prostatectomy between 1998 and 2016 were obtained from the registry. Tumor characteristics, follow-up data, and cause of death were acquired. RESULTS: A total of 1120 men underwent radical prostatectomy between 1998 and 2016. Of these, 12 were aged ≤ 44 years, 106 were aged 45-54 years, 596 were aged 55-64, 397 were aged 65-74 and 9 were aged ≥ 75. There was no difference across age groups when comparing Gleason ≤ 7 vs Gleason ≥ 8 disease, T1/2 vs T3/4 disease and the median PSA values were similar. No difference was observed in overall survival or prostate cancer specific survival among 4 age groups (≤ 44, 45-54, 55-64, 65-74) (p = 0.156 and p = 0.227 respectively). Although there was a trend of increasing rate of biochemical recurrence for older patients, it's not statistically significant (p = 0.157). Time to biochemical recurrence was similar as well (p = 0.257). CONCLUSION: This large cohort of Asian patients who underwent radical prostatectomy did not show significant age-related differences in important parameters and outcomes.",Int Urol Nephrol,2020,52,1885-1891,doi: 10.1007/s11255-020-02518-7. Epub 2020 May 31,https://www.ncbi.nlm.nih.gov/pubmed/32476081,,negative,0,2020.0
20646861,Long-term follow-up and risk of cancer death after radiation for post-prostatectomy rising prostate-specific antigen,Swanson GP,"PURPOSE: The results of salvage radiation therapy for rising prostate-specific antigen (PSA) levels after radical prostatectomy appear favorable, but the ultimate outcome is uncertain, given the relatively short follow-up in most studies. We report on a group of patients at a median follow-up of 13.9 years after salvage radiation therapy. METHODS AND MATERIALS: From 1990 to 1995, 92 patients were referred postoperatively for radiation for a rising PSA level. PSA level at the time of referral ranged from 0.1 to 30.5 ng/ml (median, 1.5 ng/ml). The median time from surgery to radiation was 2.1 years (range,, 0.3-7.4 years). Radiation was directed to the prostatic fossa only with a median dose of 6,500 cGy (range, 6,000-7,000 cGy). RESULTS: Eighty-five patients experienced a PSA drop after radiation, as predicted by Gleason score and PSA level at the start of radiation. Five- and 10-year biochemical failure free survival (BFFS) was 35% and 26%, respectively, and overall survival was 86% and 67%, respectively. Median survival was 12.0 years, and median BFF was 2.3 years. The presurgery PSA level was not predictive, but the PSA level at the start of radiation predicted a response. Patients with Gleason 8 to 9 cancers had a significantly higher progression rate than those with lower Gleason scores. There were no significant differences in outcomes based on pathology findings (none vs. positive margins vs. positive seminal vesicles). Overall, 22 (24%) patients died directly from prostate cancer, resulting in a 10-year cancer-specific survival rate of 82%. Multivariate analysis risk factors for dying of cancer were Gleason's score (8 to 9) and PSA at the start of radiation therapy (>1.0 ng/ml). CONCLUSIONS: Patients have a good response to salvage radiation therapy. A small but durable subgroup appears to have permanent control. In those for whom therapy fails, radiation delays the need for other salvage therapy, indicating at least a transient benefit to most patients.",Int J Radiat Oncol Biol Phys,2011,1,,doi: 10.1016/j.ijrobp.2010.01.043. Epub 2010 Jun 18,https://www.ncbi.nlm.nih.gov/pubmed/20646861,,negative,0,2010.0
23669165,Whole-gland ablation of localized prostate cancer with high-intensity focused ultrasound: oncologic outcomes and morbidity in 1002 patients.,Crouzet S,"BACKGROUND: High-intensity focused ultrasound (HIFU) is a nonsurgical therapy for selected patients with localized prostate cancer (PCa). OBJECTIVE: The long-term oncologic and morbidity outcomes of primary HIFU therapy for localized PCa were evaluated in a prospective, single-arm, single-institution cohort study. DESIGN, SETTING, AND PARTICIPANTS: Participants were patients treated with HIFU for localized PCa from 1997 to 2009. Excluded were patients with local recurrence following radiotherapy. A second HIFU session was systematically performed in patients with biopsy-proven local recurrence. INTERVENTION: Whole-gland prostate ablation with transrectal HIFU. OUTCOME MEASUREMENTS AND STATISTICAL ANALYSIS: Incontinence was assessed using the Ingelman-Sundberg score, and potency was assessed using the five-item version of the International Index of Erectile Function (IIEF-5) scores. Primary outcomes were survival rates (biochemical-free, cancer-specific, metastasis-free, and overall survival). Secondary outcomes were morbidity rates. Median follow-up was 6.4 yr (range: 0.2-13.9). The Kaplan-Meier method was used to determine survival estimates, and multivariate analysis was used to determine predictive factors of biochemical progression. RESULTS AND LIMITATIONS: A total of 1002 patients were included. The median nadir prostate-specific antigen (PSA) was 0.14 ng/ml, with 63% of patients reaching a nadir PSA ≤0.3 ng/ml. Sixty percent of patients received one HIFU session, 38% received two sessions, and 2% received three sessions. The 8-yr biochemical-free survival rates (Phoenix definition) were 76%, 63%, and 57% for low-, intermediate-, and high-risk patients, respectively (p < 0.001). At 10 yr, the PCa-specific survival rate and metastasis-free survival rate (MFSR) were 97% and 94%, respectively. Salvage therapies included external-beam radiation therapy (EBRT) (13.8%), EBRT plus androgen-deprivation therapy (ADT) (9.7%), and ADT alone (12.1%). Severe incontinence and bladder outlet obstruction decreased with refinement in the technology, from 6.4% and 34.9% to 3.1% and 5.9%, respectively. Limitations included the fact that the study was a single-arm study without a comparison group, technological improvements, changes in surgical protocol during the study, and the use of ADT to downsize the prostate in 39% of patients. CONCLUSIONS: HIFU is a potentially effective treatment of localized PCa, with a low PCa-specific mortality rate and a high MFSR at 10 yr as well as acceptable morbidity.",Eur Urol,2014,65,907-14,10.1016/j.eururo.2013.04.039,https://www.ncbi.nlm.nih.gov/pubmed/23669165,LOW RISK,positive,1,
21045780,Salvage radical prostatectomy,Heidenreich A,"Radical salvage prostatectomy represents a secondary local treatment with curative intent in patients with organ confined PCA recurrences following radiation therapy. Preoperative risk factors predicting organ confined disease are initial LDR brachytherapy, preoperative Gleason biopsy score ≤6, ≤50% biopsy cores involved with cancer, and a PSA doubling time > 12 months. Metastatic disease should be ruled out preoperatively by skeletal scintigraphy, abdominal computed tomography or magnetic resonance imaging, and/or choline - PET/CT. Functionality of the lower urinary tract is evaluated by urethrocystosocopy and urodynamics. Most appropriate candidates for radical salvage prostatectomy are patients with organ confined disease or those with symptomatic local recurrences. In experienced hands, morbidity is low with a continence rate of 83-96% depending on the type of previous radiation therapy. Long-term oncological control can be achieved in more than 80% of the patients.",Panminerva Med,2010,52,231-8,,https://www.ncbi.nlm.nih.gov/pubmed/21045780,,negative,0,2010.0
30190166,Comparison of three moderate fractionated schedules employed in high-dose-rate brachytherapy monotherapy for clinically localized prostate cancer.,Yamazaki H,"BACKGROUND: Herein, we report the outcomes of 3 schedules of high-dose-rate interstitial brachytherapy (HDR-BT) monotherapy for localized prostate cancer. PATIENTS AND METHODS: A total of 347 patients were treated with 45.5 Gy/7 fractions (n = 86; 45.5 Gy arm, median follow-up time 131 months), 49 Gy/7 fractions (n = 149; 49 Gy arm, 75.9 months), and 54 Gy/9 fractions (n = 112; 54 Gy arm, 68 months). RESULTS: The actuarial 5-year biochemical failure-free survival rates were 86.8%, 94.1%, and 88.5% (p = 0.2023) for the 45.5 Gy, 49 Gy, and 54 Gy arms in the high-risk group; 90.4%, 100%, and 97.4% (p = 0.0818) in the intermediate-risk group; and not available, 100%, and 100% in the low-risk group, respectively. The 5-year distant metastasis-free (and overall) survival rates were 94.4%, 98.2%, and 96.3% (100%, 92.8%, and 99.1%) for the 45.5 Gy, 49 Gy, and 54 Gy arms (p = 0.5454 and p = 0.0028), respectively. At 5 years, accumulated incidence of grade ≥2 gastrointestinal toxicity was 1.2%, 2.7%, and 3.4% for the 45.5 Gy, 49 Gy, and 54 Gy arms (p = 0.5605), respectively. For genitourinary toxicity, the 49 Gy arm showed a higher grade ≥2 toxicity of 20.5% than those observed in the 45.5 Gy (2.4%) and 54 Gy arms (10.1%). No grade 4 or 5 of either type of toxicity was detected. CONCLUSIONS: The 3 schedules showed equivocal outcomes in each risk group, with different toxicity profiles. HDR-BT monotherapy with these schedules is an acceptable treatment option for localized prostate cancer.",Radiother Oncol,2018,129,370-376,10.1016/j.radonc.2018.07.026,https://www.ncbi.nlm.nih.gov/pubmed/30190166,,positive,1,
20529139,Quality of life following high-intensity focused ultrasound for the treatment of localized prostate cancer: a prospective study,Shoji S,"OBJECTIVES: To report our health-related quality of life (QOL) and functional outcomes following high-intensity focused ultrasound (HIFU) for localized prostate cancer. METHODS: Data from prostate cancer patients undergoing HIFU at our institution between January 1999 and April 2007 were collected in our prospective database. Standard preoperative and surgical parameters, as well as baseline urinary function, QOL and sexual assessment were included. The Japanese version of the Functional Assessment of Cancer Therapy-general (FACT-G), the FACT-prostate (P) and the International Index of Erectile Function-5 (IIEF-5) were used for the functional assessment. These self-administered questionnaires were collected preoperatively and again at 6, 12 and 24 months postoperatively. RESULTS: A total of 326 patients were included in the analysis. Maximum flow rate and residual urine volume were significantly impaired at 6 months (P = 0.010) after HIFU, even if they returned to baseline values at 12 or 24 months after HIFU. The total FACT-G score significantly improved at 24 months (P = 0.027) after HIFU. At 6, 12 and 24 months after HIFU, 52%, 63% and 78%, respectively, of the patients, not receiving neoadjuvant hormonal therapy, were potent. CONCLUSIONS: In our experience, functional and QOL outcomes after HIFU therapy for localized prostate cancer are better than those after other treatment modalities.",Int J Urol,2010,17,715-9,doi: 10.1111/j.1442-2042.2010.02568.x. Epub 2010 May 31,https://www.ncbi.nlm.nih.gov/pubmed/20529139,,negative,0,2010.0
16170437,Incontinence and erectile dysfunction following radical prostatectomy: a review,Alivizatos G,"Radical prostatectomy remains the treatment of choice for localized prostate cancer in age-appropriate and health-appropriate men. Although cancer control is the most important aspect of a radical prostatectomy, minimization of postoperative morbidity, especially urinary incontinence and erectile dysfunction, is becoming a greater concern. We reviewed recent data available on Medline regarding the incidence, pathophysiology, evaluation, and treatment of incontinence and sexual dysfunction after radical prostatectomy. Health-related quality of life issues have been specifically addressed. Although low incidences of incontinence and erectile dysfunction after radical prostatectomy have been reported in the hands of experienced surgeons, the literature review revealed a great variety, with incontinence rates ranging from 0.3-65.6% and potency rates ranging from 11-87%. Several factors contribute to this wide difference, the most important being the application of a meticulous surgical technique. General and cancer-specific health-related quality of life is not being affected after radical prostatectomy. The incidence of incontinence and erectile dysfunction is higher after radical prostatectomy when compared to the incidence observed when other therapies for localized prostate cancer are applied. However, the majority of the patients undergoing radical prostatectomy would vote for the operation again. Today, avoidance of major complications after radical prostatectomy depends mostly on a high-quality surgical technique. When incontinence or erectile dysfunction persists after radical prostatectomy, the majority of the treated patients can be managed effectively by various methods.",ScientificWorldJournal,2005,13,,doi: 10.1100/tsw.2005.94,https://www.ncbi.nlm.nih.gov/pubmed/16170437,,negative,0,2005.0
29229325,"Prospective Phase 2 Trial of Permanent Seed Implantation Prostate Brachytherapy for Intermediate-Risk Localized Prostate Cancer: Efficacy, Toxicity, and Quality of Life Outcomes.",Frank SJ,"PURPOSE: To report the efficacy, physician-reported toxicity, and patient-reported outcomes of men with intermediate-risk prostate cancer after brachytherapy in a prospective phase 2 trial. METHODS AND MATERIALS: This prospective phase 2 trial involved 300 patients with previously untreated prostate cancer treated from 2006 through 2013. Eligible patients had ≤cT2b (T3 excluded according to magnetic resonance imaging), Gleason score (GS) 6 with prostate-specific antigen (PSA) level 10-15 ng/mL, or GS 7 with PSA <10 ng/mL, and were treated with prostate brachytherapy (without hormonal therapy). RESULTS: Median patient age was 64.9 years; 3.7% had GS 6, 78.7% had GS 7 (3+4), and 17.7% had GS 7 (4+3). Median follow-up time was 5.1 years. Median PSA at 5 years was 0.01 ng/mL (range, 0-6.0 ng/mL). Ten biochemical failures occurred, for a 5-year freedom from biochemical failure rate of 97.3% (95% confidence interval [CI], 95.1-99.5), and 16 patients died, only 1 from prostate cancer, for 5-year rates of overall and biochemical progression-free survival of 94.9% (95% CI, 92.1-97.9) and 92.7% (95% CI, 89.3-96.2%). Four patients had late grade 3 genitourinary toxicity, and 2 patients had late grade 3 rectal toxicity; no grade 4 or 5 toxicity was observed. Rates of ""moderate or big problems"" at 4 years were 7.4% for urinary (vs 0.4% at baseline), 2.9% bowel (vs 0.4%), and 29.7% sexual function (vs 19.7%). Most men were ""satisfied or extremely satisfied"" (91% at 2 years after treatment and 93% at 4 years). CONCLUSIONS: Brachytherapy monotherapy is safe and effective and leads to good quality of life for some men with localized intermediate-risk prostate cancer.",Int J Radiat Oncol Biol Phys,2018,100,374-382,10.1016/j.ijrobp.2017.09.050,https://www.ncbi.nlm.nih.gov/pubmed/29229325,,positive,1,
20215039,Loose seeds versus stranded seeds in I-125 prostate brachytherapy: differences in clinical outcome.,Hinnen KA,"PURPOSE: To assess clinical outcome in terms of biochemical No evidence of disease (bNED) for patients with stranded seed implants versus loose seed implants in prostate brachytherapy. METHODS: From December 2000 until October 2006, we treated 896 T< or =2C Nx/0 Mx/0, prostate cancer patients with either stranded seed (n=538) or loose seed (n=358) I-125 implants. A total of 211 patients received a 6 months course of anti-androgen therapy, before treatment, for prostate volume reduction to <50 cc. Patients with very small and large gland volumes or a history of transurethral prostate resection, were preferably treated with stranded seeds, otherwise selection was arbitrary. RESULTS: The 5-year bNED rates (95% Confidence Interval) for stranded seed patients and loose seed patients were respectively 86% (82-90) and 90% (85-95), the total 5-year bNED rate was 87% (85-90). When adjusted for possible confounding factors in a Cox-regression analysis, type of seed was significantly associated with biochemical failure with a 43% risk reduction (hazard ratio: 0.57; 95% CI: 0.34-0.97) for loose seeds versus stranded seeds. CONCLUSIONS: These results suggest that seed-type affects clinical outcome in prostate brachytherapy, with better bNED for patients with loose seed implants.",Radiother Oncol,2010,96,30-3,10.1016/j.radonc.2010.02.012,https://www.ncbi.nlm.nih.gov/pubmed/20215039,,positive,1,
25729256,Comparison of pathological and biochemical outcomes after radical prostatectomy in Korean patients with serum PSA ranges,Lee HW,"The aim of this study was to assess surgical outcome at radical prostatectomy (RP) in Korean men with a serum prostate-specific antigen (PSA) level of 2.5 to 3.0 ng/mL and compared with those of patients who had a PSA level of 3.0-4.0 and 4.0-10.0 ng/mL. We retrospectively compared clinico-pathological characteristics and biochemical recurrence (BCR) risk in patients with PSA level of 2.5-3.0 (group 1, n = 92, 5.7%), 3.0-4.0 (group 2, n = 283, 17.5%), or 4.0-10.0 ng/mL (group 3, n = 1,242, 76.8%) who underwent RP between 1995 and 2013. The pathologic characteristics including Gleason score, pathologic stage, and percentage of significant cancer in group 1 were similar to those in group 2 and group 3. Furthermore, pathological upgrading and upstaging were found in 23 (30.7%) and 10 (14.7%) in group 1, 84 (33.9%) and 19 (8.8%) in group 2, and 321 (32.8%) and 113 (12.8%) in group 3, respectively, with no significant differences among the three groups (all P > 0.05). In multivariate analysis, PSA grouping was not an independent predictor of BCR. Within the population with PSA lower than 10 ng/mL, substratification of PSA is not a significant predictor for upgrading, upstaging, or adverse prognosis.",J Korean Med Sci,2015,30,317-22,doi: 10.3346/jkms.2015.30.3.317. Epub 2015 Feb 16,https://www.ncbi.nlm.nih.gov/pubmed/25729256,,negative,0,2015.0
26278988,Hypofractionated radiation therapy for prostate cancer: The McGill University Health Center experience.,Barbosa Neto O,"PURPOSE: In 2002, at the McGill University Health Centre, we began a program of hypofractionated radiotherapy for patients with low risk prostate cancer as an alternative to conventionally fractionated radiotherapy. MATERIAL AND METHODS: Our initial hypofractionation regimen was 66 Gy given in 22 fractions, prescribed to the isocenter, delivered with 3D-conformal radiotherapy plan. The clinical target volume was the prostate gland and the planning target volume consisted of the clinical target volume plus a 7-mm margin in all directions. Hormonal therapy was not given to any patient. RESULTS: The long-term results for this group of patients confirmed the feasibility, good tolerance and excellent disease control of the regimen with the extra-benefit of being convenient to both patients and the health system by shortening treatment duration. The outcomes of this approach stimulated us to use hypofractionation in patients with intermediate-risk. Analysis of 100 intermediate-risk patients receiving our hypofractionated radiotherapy regimen (no hormones) shows, at median follow-up of 75 months, 8-year biochemical recurrence free and cancer specific survival rates of 90% and 95%, respectively, with acceptable toxicity. DISCUSSION: Our technique changed from 3D to intensity modulated radiotherapy with the dose adjusted to 60 Gy in 20 fractions. Lastly, we have expanded the program to high-risk patients where IMRT treatments are given to the pelvic nodes (44 Gy in 20 fractions) with a simultaneous integrated boost delivery to the prostate (60 Gy in the same 20 fractions). Our long-term results have shown that moderate hypofractionated radiotherapy for prostate cancer is safe and provides good tumor control comparable to high-dose conventionally fractionated radiotherapy. This hypofractionated regimen has been routinely used in our institution.",Cancer Radiother,2015,19,431-6,10.1016/j.canrad.2015.05.015,https://www.ncbi.nlm.nih.gov/pubmed/26278988,,positive,1,
26632846,Role of Focal Therapy with High-Intensity Focused Ultrasound in the Management of Clinically Localized Prostate Cancer,Kuru TH,"Overtreatment of prostate cancer (PC) remains one of the main burdens in uro-oncology. Focal therapy may be a reasonable alternative with less side effects and morbidity. Application of high-intensity focused ultrasound (HIFU) induces immediate and irreversible coagulation. The treatment leads to consecutive necrosis with sharply delineated margins, making HIFU a promising tool for the focal therapy of localized PC. Unlike radiation, the treatment leaves no collateral damage outside of the heated tissue, allowing repeated use of HIFU, if necessary. In case of non-organ-confined relapse, additional radical salvage therapy can be performed. This review gives an overview of the existing evidence on focal HIFU. Today, 3 HIFU devices are approved for the treatment of localized PC: Sonablate™, Ablatherm™ and the FocalOne™ device. In summary, the first published results of focal HIFU are promising. The quality of life and potency of the patients are well preserved. Therefore, HIFU treatment, and especially focal ablation of tumor foci, seems to be a safe alternative to standard treatment, with low side effects. The oncologic results seem satisfactory but need further follow-up to validate this practice of PC control.",Oncol Res Treat,2015,38,634-8,doi: 10.1159/000441600. Epub 2015 Nov 9,https://www.ncbi.nlm.nih.gov/pubmed/26632846,,negative,0,2015.0
31735483,Focal Salvage MR Imaging-Guided Cryoablation for Localized Prostate Cancer Recurrence after Radiotherapy: 12-Month Follow-up,Bomers JGR,"PURPOSE: To evaluate safety, quality of life (QoL), and local cancer control after focal salvage MR imaging-guided cryoablation in patients with local recurrence of prostate cancer (PCa) after radiotherapy. MATERIALS AND METHODS: A retrospective, single-center study was performed in 62 patients with radiorecurrent PCa who underwent MR imaging-guided cryoablation since May 2011 with a follow-up ≥12 months in December 2017. Rates and descriptions of adverse events were reported. Ablation complications were classified according to the Clavien and SIR systems. Validated questionnaires were used to observe functional outcomes and QoL before therapy and 6 and 12 months after therapy. Cancer control was defined as no biochemical failure according to Phoenix criteria and no other clinical evidence for local or metastatic disease. RESULTS: All procedures were technically feasible. The number of complications requiring major therapy (Clavien grade 3b/4 or SIR grade D/E/F) was low (2 [3.2%] and 1 [1.6%], respectively). After 12 months, the International Consultation of Incontinence Questionnaire-Short Form (P < .001) and 5-item International Index of Erectile Function (P = .001) scores became significantly worse, indicating increased symptoms of incontinence and diminished erectile function, without compromising QoL. Six patients developed metastases within 6 months. After 12 months, 36 patients (63%) were disease-free. CONCLUSIONS: Focal salvage MR imaging-guided cryoablation is safe and is associated with a high technical success rate, preservation of QoL, and local PCa control. This treatment can be a reasonable alternative to salvage radical prostatectomy in properly selected patients with low morbidity and preservation of QoL; however, longer follow-up is needed.",J Vasc Interv Radiol,2020,31,35-41,doi: 10.1016/j.jvir.2019.07.001. Epub 2019 Nov 15,https://www.ncbi.nlm.nih.gov/pubmed/31735483,,negative,0,2020.0
18222596,Long-term outcome following three-dimensional conformal/intensity-modulated external-beam radiotherapy for clinical stage T3 prostate cancer.,Zelefsky MJ,"OBJECTIVE: To report the long-term tumor control and survival outcomes after conformal external-beam radiotherapy for patients with clinical stage T3 prostate cancer. METHODS: Between 1988 and 2000, 296 patients with clinical stage T3 prostate cancer were treated with three-dimensional conformal radiotherapy and intensity-modulated radiotherapy. Of these, 130 patients (44%) had stage T3a (extracapsular extension without seminal vesicle involvement [SVI]) and 166 patients (56%) had stage T3b disease (SVI). Prior to radiotherapy, 189 patients (43%) were treated with short-course androgen-deprivation therapy (ADT). The median follow-up time was 8 yr. RESULTS: The 5- and 10-yr prostate-specific antigen (PSA) relapse-free survival (PRFS) outcomes for stage T3a tumors were 69% and 44%, respectively. The corresponding PRFS outcomes for T3b tumors were 49% and 32% (p=0.005). Despite the presence of locally advanced disease, the 5- and 10-yr local progression-free survival (LPFS) outcomes for all patients were 87% and 83%. Among patients who received > or =8100 cGy and ADT, the 5- and 10-yr local control rates were 96% and 88%. The 5- and 10-yr distant metastases-free survival (DMFS) outcomes for stage T3a tumors were 85% and 73%. The corresponding DMFS outcomes for T3b tumors were 49% and 32% (p=0.005). Multivariate analysis demonstrated that ADT conferred a 7-fold risk reduction for local failure. Pretreatment PSA levels and the presence of SVI on clinical staging were important predictors of distant metastases. CONCLUSIONS: Conformal radiotherapy for T3 prostate cancer is associated with excellent tumor control and survival outcomes. These results are at least comparable to reported outcomes from surgical series for T3 disease and substantiate the role of radiotherapy as the standard management option for locally advanced stage prostate cancer.",Eur Urol,2008,53,1172-9,10.1016/j.eururo.2007.12.030,https://www.ncbi.nlm.nih.gov/pubmed/18222596,HIGH RISK,positive,1,
32573779,"Oncological outcomes for patients with locally advanced prostate cancer treated with neoadjuvant endocrine and external-beam radiation therapy followed by adjuvant continuous/intermittent endocrine therapy in an open-label, randomized, phase 3 trial.",Ito K,"BACKGROUND: To date, research has not determined the optimal procedure for adjuvant androgen deprivation therapy (ADT) in patients with locally advanced prostate cancer (PCa) treated for 6 months with neoadjuvant ADT and external-beam radiation therapy (EBRT). METHODS: A multicenter, randomized, phase 3 trial enrolled 303 patients with locally advanced PCa between 2001 and 2006. Participants were treated with neoadjuvant ADT for 6 months. Then, 280 patients whose prostate-specific antigen levels were less than pretreatment levels and less than 10 ng/mL were randomized. All 280 participants were treated with 72 Gy of EBRT in combination with adjuvant ADT for 8 months. Thereafter, participants were assigned to long-term ADT (5 years in all; arm 1) or intermittent ADT (arm 2). The primary endpoint was modified biochemical relapse-free survival (bRFS) with respect to nonmetastatic castration-resistant prostate cancer (nmCRPC) progression, clinical relapse, or any cause of death. RESULTS: The median follow-up time after randomization was 8.2 years. Among the 136 and 144 men assigned to trial arms 1 and 2, respectively, 24 and 30 progressed to nmCRPC or clinical relapse, and 5 and 6 died of PCa. The 5-year modified bRFS rates were 84.8% and 82.8% in trial arms 1 and 2, respectively (hazard ratio, 1.132; 95% confidence interval, 0.744-1.722). CONCLUSIONS: Although modified bRFS data did not demonstrate noninferiority for arm 2, intermittent adjuvant ADT after EBRT with 14 months of neoadjuvant and short-term adjuvant ADT is a promising treatment strategy, especially in a population of responders after 6 months of ADT for locally advanced PCa.",Cancer,2020,126,3961-3971,10.1002/cncr.33034,https://www.ncbi.nlm.nih.gov/pubmed/32573779,,positive,1,
30735336,Prostate brachytherapy with iodine-125 seeds: analysis of a single institutional cohort.,Leite ETT,"OBJECTIVES: Brachytherapy (BT) with iodine-125 seeds placement is a consolidated treatment for prostate cancer. The objective of this study was to assess the clinical outcomes in patients with prostate cancer who underwent low-dose-rate (LDR) -BT alone in a single Brazilian institution. MATERIALS AND METHODS: Patients treated with iodine-125 BT were retrospectively assessed after at least 5 years of follow-up. Patients who received combination therapy (External beam radiation therapy-EBRT and BT) and salvage BT were not included. RESULTS: 406 men were included in the study (65.5% low-risk, 30% intermediate-risk, and 4.5% high-risk patients). After a median follow-up of 87.5 months, 61 (15.0%) patients developed biochemical recurrence. The actuarial biochemical failure-free survival (BFFS) at 5 and 10 years were 90.6% and 82.2%, respectively. A PSA nadir ≥ 1 ng / mL was associated with a higher risk of biochemical failure (HR = 5.81; 95% CI: 3.39 to 9.94; p ≤ 0.001). The actuarial metastasis-free survival (MFS) at 5 and 10 years were 98.3% and 94%, respectively. The actuarial overall survival (OS) at 5 and 10 years were 96.2% and 85.1%, respectively. Acute and late grade 2 and 3 gastrointestinal toxicities were observed in 5.6%, 0.5%, 4.6% and 0.5% of cases, respectively. For genitourinary the observed acute and late grade 2 and 3 toxicities rates were 57.3%, 3.6%, 28% and 3.1%, respectively. No grade 4 and 5 were observed. CONCLUSIONS: BT was effective as a definitive treatment modality for prostate cancer, and its endpoints and toxicities were comparable to those of the main series in the literature.",Int Braz J Urol,2019,45,288-298,10.1590/S1677-5538.IBJU.2018.0142,https://www.ncbi.nlm.nih.gov/pubmed/30735336,,positive,1,
32217039,Long-term biochemical control and cause-specific survival in men with Gleason grade Group 4 and 5 prostate cancer treated with brachytherapy and external beam irradiation.,Stone NN,"PURPOSE: Men with Gleason grade Group (GG) 4 and 5 prostate cancer have high failure rates when treated by conventional therapy. We investigated the effect of higher radiation doses on freedom from biochemical failure (FBF) and prostate cancer mortality (cause-specific survival [CSS]) in men treated with a combination of permanent implant and external beam irradiation (EBRT). METHODS AND MATERIALS: Three hundred twenty men with GG4 (n = 186) and 5 (n = 134) prostate cancer were treated with I-125 or Pd-103 implant followed by 45 Gy of EBRT. Radiation doses were converted to the biological equivalent dose (BED). The median age, prostate-specific antigen (PSA), time on hormone therapy, BED, and followup were 69 years, 9.0 ng/mL, 9 months, 210 Gy, and 6.5 years, respectively. FBF and CSS were calculated by Kaplan-Meier method with associations determined by log rank and Cox regression. RESULTS: Ten-year FBF for GG4 vs. 5 was 77.8 vs. 61.3% (p = 0.015), and CSS was 94 vs. 79.3% (p = 0.001). Men with lower PSA had improved FBF and CSS (p < 0.001). Thirty-one of 320 died of prostate cancer of which 10/186 (5.4%) had GG4 and 21/134 (15.7%) GG5 (OR 3.3, p = 0.002). BED <200 Gy was associated with a 2.2× greater BF (p = 0.004) and 2.4× prostate cancer mortality (p = 0.020). Significant covariates on regression analysis for FBF and CSS were PSA (p = 0.014), GG (p = 0.007), BED (p = 0.009), and GG (p = 0.001). CONCLUSIONS: Survival rates for high-grade prostate cancer are favorable when diagnosed in men with lower PSA and treated with doses of BED > 200 Gy. Higher BED is achieved with a combination of I-125 (110 Gy) or Pd-103 (100 Gy) and 45 Gy EBRT.",Brachytherapy,2020,19,275-281,10.1016/j.brachy.2020.01.008,https://www.ncbi.nlm.nih.gov/pubmed/32217039,,positive,1,
22633365,Biochemical recurrence after robot-assisted radical prostatectomy in a European single-centre cohort with a minimum follow-up time of 5 years.,Sooriakumaran P,"BACKGROUND: Robot-assisted radical prostatectomy (RARP) is an increasingly commonly used surgical treatment option for prostate cancer (PCa); however, its longer-term oncologic results remain uncertain. OBJECTIVE: To report biochemical recurrence-free survival (BRFS) outcomes for men who underwent RARP ≥5 yr ago at a single European centre. DESIGN, SETTING, AND PARTICIPANTS: A total of 944 patients underwent RARP as monotherapy for PCa from January 2002 to December 2006 at Karolinska University Hospital, Stockholm, Sweden. Standard clinicopathologic variables were recorded and entered into a secure, ethics-approved database made up of those men with registered domiciles in Stockholm. The median follow-up time was 6.3 yr (interquartile range: 5.6-7.2). OUTCOME MEASUREMENTS AND STATISTICAL ANALYSIS: The outcome of this study was biochemical recurrence (BCR), defined as a confirmed prostate-specific antigen (PSA) of ≥0.2 ng/ml. Kaplan-Meier survival plots with log-rank tests, as well as Cox univariable and multivariable regression analyses, were used to determine BRFS estimates and determine predictors of PSA relapse, respectively. RESULTS AND LIMITATIONS: The BRFS for the entire cohort at median follow-up was 84.8% (95% confidence interval [CI], 82.2-87.1); estimates at 5, 7, and 9 yr were 87.1% (95% CI, 84.8-89.2), 84.5% (95% CI, 81.8-86.8), and 82.6% (95% CI, 79.0-85.6), respectively. Nine and 19 patients died of PCa and other causes, respectively, giving end-of-follow-up Kaplan-Meier survival estimates of 98.0% (95% CI, 95.5-99.1) and 94.1% (95% CI, 90.4-96.4), respectively. Preoperative PSA >10, postoperative Gleason sum ≥4 + 3, pathologic T3 disease, positive surgical margin status, and lower surgeon volume were associated with increased risk of BCR on multivariable analysis. This study is limited by a lack of nodal status and tumour volume, which may have confounded our findings. CONCLUSIONS: This case series from a single, high-volume, European centre demonstrates that RARP has satisfactory medium-term BRFS. Further follow-up is necessary to determine how this finding will translate into cancer-specific and overall survival outcomes.",Eur Urol,2012,62,768-74,10.1016/j.eururo.2012.05.024,https://www.ncbi.nlm.nih.gov/pubmed/22633365,LOW RISK,positive,1,
16165923,Combined curative radiotherapy including HDR brachytherapy and androgen deprivation in localized prostate cancer: a prospective assessment of acute and late treatment toxicity,Wahlgren T,"Self-reported symptoms including urinary, bowel and sexual side effects were investigated prospectively at multiple assessment points before and after combined radiotherapy of prostate cancer including HDR brachytherapy and neoadjuvant androgen deprivation therapy. Between April 2000 and June 2003, patients with predominantly advanced localized prostate tumours subjected to this treatment were asked before treatment and on follow-up visits to complete a questionnaire covering urinary, bowel and sexual problems. The mainly descriptive analyses included 525 patients, responding to at least one questionnaire before or during the period 2-34 months after radiotherapy. Adding androgen deprivation before radiotherapy significantly worsened sexual function. During radiotherapy, urinary, bowel and sexual problems increased and were reported at higher levels up to 34 months, although there seemed to be a general tendency to less pronounced irritative bowel and urinary tract symptoms over time. No side effects requiring surgery were reported. Classic late irradiation effects such as mucosal bleeding were demonstrated mainly during the second year after therapy, but appear less pronounced in comparison with dose escalated EBRT series. In conclusion, despite the high radiation dose given, the toxicity seemed comparable with that of other series but long term (5-10 years) symptom outcome has to be determined.",Acta Oncol,2005,44,633-43,doi: 10.1080/02841860510029716,https://www.ncbi.nlm.nih.gov/pubmed/16165923,,negative,0,2005.0
26241816,Patient-reported sexual toxicity after radiation therapy in long-term prostate cancer survivors,Olsson CE,"BACKGROUND: To present an overview of patient-reported sexual toxicity in sexually active long-term prostate cancer survivors treated with radiation therapy. METHODS: We used patient-reported outcomes from a study-specific questionnaire surveying symptoms after prostate cancer radiation therapy. Data from 518 men treated at the Sahlgrenska University Hospital in Sweden from 1993 to 2006 were analysed. The men had undergone primary or salvage external beam radiation therapy (EBRT) or EBRT combined with high-dose rate brachytherapy (BT). We also used information from 155 non-treated reference men from the general population with no history of prostate cancer, matched for age and residency. RESULTS: Median time from treatment to follow-up was 5 years (range: 1-14 years). Among the 16 investigated symptoms on erectile function, libido, orgasm, and seminal fluid, 9 symptoms in the primary EBRT group and 10 in both the salvage EBRT and the EBRT+BT groups were statistically significantly more prevalent in survivors than in reference men. Erectile dysfunction was influenced by both age and time to follow-up, whereas symptoms relating to orgasm and seminal fluid were influenced by time to follow-up only. Not being sexually active was almost one and a half times as common in survivors as in reference men. CONCLUSIONS: The presented symptom profiles can help to develop personalized therapy for prostate cancer through a better understanding of which radiation-induced toxicities to be addressed in the clinic and can also assist in identifying suitable interventions for existing symptoms.",Br J Cancer,2015,1,,doi: 10.1038/bjc.2015.275. Epub 2015 Aug 4,https://www.ncbi.nlm.nih.gov/pubmed/26241816,,negative,0,2015.0
15667961,Improved biochemical relapse-free survival with increased external radiation doses in patients with localized prostate cancer: the combined experience of nine institutions in patients treated in 1994 and 1995.,Kupelian P,"PURPOSE: To study the radiation dose-response as determined by Kaplan-Meier prostate-specific antigen (PSA) disease-free survival (PSA-DFS) estimates in patients with stage T1-T2 prostate cancer treated within a 2-year period (1994-1995). METHODS: Nine institutions combined data on 4839 patients with stage T1 and T2 adenocarcinoma of the prostate who received > or =60 Gy external beam radiation therapy (RT) as sole treatment. No patient received neoadjuvant androgen deprivation or planned adjuvant androgen deprivation. Of the 4839 patients, 1325 were treated in 1994 and 1995; 1061 were treated with <72 Gy and 264 with > or =72 Gy. The median RT doses for the <72 Gy and the > or =72 Gy groups were 68.4 Gy and 75.6 Gy, respectively. The median follow-up for the <72 Gy and the > or =72 Gy groups were 5.8 and 5.7 years, respectively. Risk groups, defined on the basis of T stage, pretherapy PSA level, and biopsy Gleason score (GS), were as follows: low risk--T1b, T1c, T2a, GS < or =6 and PSA < or =10 ng/mL; intermediate risk--T1b, T1c, T2a, GS < or =6 and PSA >10 ng/mL but < or =20 ng/mL or T2b, GS < or =6 and PSA < or =20 ng/mL or GS 7 and PSA < or =20 ng/mL; high risk--GS 8-10 or PSA >20 ng/mL. The endpoint for outcome analysis was PSA-DFS at 5 years after therapy using the American Society for Therapeutic Radiology and Oncology failure definition. RESULTS: Patients receiving > or =72 Gy had significantly more advanced cancers. The proportion of stage T2b/T2c cancers in the > or =72 Gy group was 42% compared with 32% in the <72 Gy group (p = 0.027). The mean pretherapy PSA was 11.4 ng/mL in the > or =72 Gy group compared with 10.7 ng/mL in the <72 Gy group (p = 0.001). The proportion of GS > or =8 cancers in the > or =72 Gy group was 9% compared with 7% in the <72 Gy group (p = 0.309). Overall, 15% of patients receiving <72 Gy had high-risk disease, compared with 22% of patients receiving > or =72 Gy (p = 0.034). The > or =72 Gy group had a greater number of follow-up PSA levels (mean 10.6/patient) compared with the <72 Gy group (mean 9.6/patient) (p = 0.007). For all 1325 patients, the 5- and 8-year PSA-DFS estimates were 64% and 62%, respectively. The 5-year PSA-DFS estimates for <72 Gy vs. > or =72 Gy were 63% vs. 69%, respectively (p = 0.046). Multivariate analysis for factors affecting PSA-DFS was performed for all cases using the following variables: pretherapy PSA (continuous), biopsy GS (continuous), stage (T1 vs. T2), radiation dose (continuous), and radiation technique (three-dimensional conformal vs. conventional). Pretreatment PSA (p < 0.001, chi-square 112.2), GS (p < 0.001, chi-square 12.8), radiation dose (p < 0.001, chi-square 13.5), and stage (p = 0.007, chi-square 7.2) were independent predictors of outcome. Radiotherapy technique was not (p = 0.50). CONCLUSION: Differences in PSA-DFS estimates observed in multiple retrospective series have been attributed to differences in follow-up duration between patients treated to conventional doses (longer follow-up intervals) and those treated to higher doses (shorter follow-up intervals). In this report, the median follow-up duration in the > or =72 Gy group was essentially identical to the <72 Gy group, because the study included a large number of patients treated consecutively during a narrow time range (1994-1995). With similar follow-up duration, higher than conventional radiotherapy doses were associated with improved PSA-DFS when controlled for the influence of pretreatment PSA levels, biopsy GS, and clinical T stage.",Int J Radiat Oncol Biol Phys,2005,61,415-9,10.1016/j.ijrobp.2004.05.018,https://www.ncbi.nlm.nih.gov/pubmed/15667961,INTERMEDIATE RISK,positive,1,
16135479,Randomized trial comparing two fractionation schedules for patients with localized prostate cancer,Lukka H,"PURPOSE: The optimal radiation dose fractionation schedule for localized prostate cancer is unclear. This study was designed to compare two dose fractionation schemes (a shorter 4-week radiation schedule v a longer 6.5-week schedule). PATIENTS AND METHODS: Patients with early-stage (T1 or T2) prostate cancer were randomly assigned to 66 Gy in 33 fractions over 45 days (long arm) or 52.5 Gy in 20 fractions over 28 days (short arm). The study was designed as a noninferiority investigation with a predefined tolerance of -7.5%. The primary outcome was a composite of biochemical or clinical failure (BCF). Secondary outcomes included presence of tumor on prostate biopsy at 2 years, survival, and toxicity. RESULTS: From March 1995 to December 1998, 936 men were randomly assigned to treatment; 470 were assigned to the long arm, and 466 were assigned to the short arm. The median follow-up time was 5.7 years. At 5 years, the BCF probability was 52.95% in the long arm and 59.95% in the short arm (difference = -7.0%; 90% CI, -12.6% to -1.4%), favoring the long arm. No difference in 2-year postradiotherapy biopsy or in overall survival was detected between the arms. Acute toxicity was found to be slightly higher in the short arm (11.4%) compared with the long arm (7%; difference = -4.4%; 95% CI, -8.1% to -0.6%); however, late toxicity was similarly low in both arms (3.2%). CONCLUSION: Given the results, we cannot exclude the possibility that the chosen hypofractionated radiation regimen may be inferior to the standard regimen. Further evaluation involving higher dose hypofractionated radiation regimens in contemporary radiation settings is necessary.",J Clin Oncol,2005,1,,doi: 10.1200/JCO.2005.06.153,https://www.ncbi.nlm.nih.gov/pubmed/16135479,,negative,0,2005.0
16259869,I-125 versus Pd-103 for low-risk prostate cancer: long-term morbidity outcomes from a prospective randomized multicenter controlled trial,Herstein A,"BACKGROUND: We tested the hypothesis that the shorter half-life of Pd-103 versus I-125 results in different late radiation-related morbidities following prostate brachytherapy. METHODS: As of June 14th, 2002, 352 of a planned total of 600 patients with 1997 American Joint Committee on Cancer (AJCC) clinical stage T1c-T2a prostatic carcinoma (Gleason grade 2-6, PSA 4-10 ng/mL) had been randomized to implantation with I-125 (144 Gy, TG-43) or Pd-103 (125 Gy, NIST-99). Treatment-related morbidity was monitored by questionnaires based on standard American Urologic Association (AUA) and Radiation Therapy Oncology Group (RTOG) criteria that were mailed at 1, 3, 6, 12, 18, and 24 months after implant. The use of alpha-blockers to relieve obstructive symptoms was not controlled for but was noted at each follow-up point. All patients reported here had a minimum follow-up of 2 years. Dosimetric parameters analyzed included the V100, which was defined as the percentage of the postimplant prostate volume covered by 100% of the prescription dose. Rectal doses were expressed as the R100, defined as the rectal volume (cc) that received at least 100% of the prescription dose. Statistical comparisons were by Student's unpaired t-test at specified follow-up times. RESULTS: The AUA scores peaked at the 1-month postimplant time point for both isotopes and gradually declined. The difference in AUA scores between patients who received I-125 versus those who received Pd-103 was greatest at 1 and 6 months following implantation. At 1 month, I-125 patients had a mean AUA score of 14.8 (+/-9.5) compared with 18.6 (+/-9.8) for the Pd-103 patients (P = 0.0009). By 6 months, mean AUA scores for the I-125 patients had decreased to 12.0 (+/-9.1) compared with 9.9 (+/-8.7) for the Pd-103 patients (P = 0.04). The use of alpha-blockers was similar between groups at all time points. Radiation proctitis (persistent bleeding) occurred in 29 of 314 patients (9%). There was an overall trend toward more proctitis in I-125 patients (P = 0.21). However, only four of the 163 patients (2%) with an R100 below the recommended 1.0 cc developed bleeding, which did not differ between isotopes (P = 0.49). DISCUSSION: Patients treated with Pd-103 had more intense radiation prostatitis in the first month after implantation, but they recovered from their radiation-related symptoms sooner than I-125 patients, consistent with palladium's shorter half-life. The trend toward more proctitis in the I-125 patient group likely reflects their higher R100 values due to less rapid dose fall-off that can be overcome with judicious treatment planning and implant execution.",Cancer J,2005,,-,doi: 10.1097/00130404-200509000-00005,https://www.ncbi.nlm.nih.gov/pubmed/16259869,,negative,0,2005.0
29509865,"Radical Prostatectomy, External Beam Radiotherapy, or External Beam Radiotherapy With Brachytherapy Boost and Disease Progression and Mortality in Patients With Gleason Score 9-10 Prostate Cancer.",Kishan AU,"IMPORTANCE: The optimal treatment for Gleason score 9-10 prostate cancer is unknown. OBJECTIVE: To compare clinical outcomes of patients with Gleason score 9-10 prostate cancer after definitive treatment. DESIGN, SETTING, AND PARTICIPANTS: Retrospective cohort study in 12 tertiary centers (11 in the United States, 1 in Norway), with 1809 patients treated between 2000 and 2013. EXPOSURES: Radical prostatectomy (RP), external beam radiotherapy (EBRT) with androgen deprivation therapy, or EBRT plus brachytherapy boost (EBRT+BT) with androgen deprivation therapy. MAIN OUTCOMES AND MEASURES: The primary outcome was prostate cancer-specific mortality; distant metastasis-free survival and overall survival were secondary outcomes. RESULTS: Of 1809 men, 639 underwent RP, 734 EBRT, and 436 EBRT+BT. Median ages were 61, 67.7, and 67.5 years; median follow-up was 4.2, 5.1, and 6.3 years, respectively. By 10 years, 91 RP, 186 EBRT, and 90 EBRT+BT patients had died. Adjusted 5-year prostate cancer-specific mortality rates were RP, 12% (95% CI, 8%-17%); EBRT, 13% (95% CI, 8%-19%); and EBRT+BT, 3% (95% CI, 1%-5%). EBRT+BT was associated with significantly lower prostate cancer-specific mortality than either RP or EBRT (cause-specific HRs of 0.38 [95% CI, 0.21-0.68] and 0.41 [95% CI, 0.24-0.71]). Adjusted 5-year incidence rates of distant metastasis were RP, 24% (95% CI, 19%-30%); EBRT, 24% (95% CI, 20%-28%); and EBRT+BT, 8% (95% CI, 5%-11%). EBRT+BT was associated with a significantly lower rate of distant metastasis (propensity-score-adjusted cause-specific HRs of 0.27 [95% CI, 0.17-0.43] for RP and 0.30 [95% CI, 0.19-0.47] for EBRT). Adjusted 7.5-year all-cause mortality rates were RP, 17% (95% CI, 11%-23%); EBRT, 18% (95% CI, 14%-24%); and EBRT+BT, 10% (95% CI, 7%-13%). Within the first 7.5 years of follow-up, EBRT+BT was associated with significantly lower all-cause mortality (cause-specific HRs of 0.66 [95% CI, 0.46-0.96] for RP and 0.61 [95% CI, 0.45-0.84] for EBRT). After the first 7.5 years, the corresponding HRs were 1.16 (95% CI, 0.70-1.92) and 0.87 (95% CI, 0.57-1.32). No significant differences in prostate cancer-specific mortality, distant metastasis, or all-cause mortality (≤7.5 and >7.5 years) were found between men treated with EBRT or RP (cause-specific HRs of 0.92 [95% CI, 0.67-1.26], 0.90 [95% CI, 0.70-1.14], 1.07 [95% CI, 0.80-1.44], and 1.34 [95% CI, 0.85-2.11]). CONCLUSIONS AND RELEVANCE: Among patients with Gleason score 9-10 prostate cancer, treatment with EBRT+BT with androgen deprivation therapy was associated with significantly better prostate cancer-specific mortality and longer time to distant metastasis compared with EBRT with androgen deprivation therapy or with RP.",JAMA,2018,319,896-905,10.1001/jama.2018.0587,https://www.ncbi.nlm.nih.gov/pubmed/29509865,,positive,1,
21665379,Redefining high-risk prostate cancer based on distant metastases and mortality after high-dose radiotherapy with androgen deprivation therapy.,Tendulkar RD,"PURPOSE: Modern outcomes of high-dose external beam radiotherapy (EBRT) with androgen deprivation therapy (ADT) for high-risk (HR) prostate cancer are not well described. METHODS AND MATERIALS: We identified 585 patients who met HR criteria by 2010 National Comprehensive Cancer Network guidelines, who were treated with EBRT consisting of ≥74 Gy from 1996 to 2008 at Cleveland Clinic, of whom 95% received ADT. We analyzed biochemical relapse-free survival (bRFS), distant metastases-free survival (DMFS), and prostate cancer-specific mortality (PCSM). RESULTS: The median EBRT dose was 78 Gy, and median ADT duration was 6 months. At 10 years, the bRFS was 50.2%, the DMFS was 71.6%, and the PCSM was 14.4%. On multivariate analysis, significant predictors of bRFS were biopsy Gleason score (bGS) of 8 to 10, stage T3, and prostate-specific antigen (PSA) concentration; predictors of DMFS were bGS of 8 to 10 and stage T3; the only predictor of PCSM was bGS of 8 to 10. The duration of ADT was not predictive of any endpoint. We identified an unfavorable high-risk (UHR) group of stage T1-T2 tumors consisting of bGS of 8 with PSA of >10 ng/ml or bGS of 9 to 10 with any PSA level; the remaining clinically localized cancers comprised the favorable high-risk (FHR) group. Comparing FHR, UHR, and stage T3 groups, the DMFS rates were 81.4%, 57.8%, and 59.1% (p < 0.0001), and the PCSM rates were 7.5%, 28.4%, and 20.6% at 10 years, respectively (p = 0.006). CONCLUSION: A bGS of 8 to 10 is the strongest predictor of bRFS, DMFS, and PCSM after high-dose EBRT with ADT. The duration of ADT did not correlate with outcome. Future studies should account for the heterogeneity in HR prostate cancer.",Int J Radiat Oncol Biol Phys,2012,82,1397-404,10.1016/j.ijrobp.2011.04.042,https://www.ncbi.nlm.nih.gov/pubmed/21665379,HIGH RISK,positive,1,
15947662,Robotic radical prostatectomy in the community setting--the learning curve and beyond: initial 200 cases,Patel VR,"PURPOSE: The introduction of robotic assistance has the potential to improve surgical outcomes and reduce the steep learning curve associated with conventional laparoscopic radical prostatectomy. We report on our experience with robotic radical prostatectomy in the community setting. MATERIALS AND METHODS: A total of 200 patients underwent robotic radical prostatectomy during 18 months. Prospective data collection included a quality of life (Expanded Prostate Cancer Index Composite) questionnaire, basic demographics, prostate specific antigen (PSA), clinical stage and Gleason grade. Operative outcome measures included operative time, estimated blood loss and complications. Postoperative outcome measures included hospital stay, catheter time, pathology, PSA and return of continence. RESULTS: Average operative time was 141 minutes with an estimated blood loss of 75 cc. The intraoperative complication rate was 1% with no mortality, reexploration or transfusion. Of the patients 95% were discharged home on postoperative day 1 (1 to 3) with hematocrit averaging 34.5 (range 25 to 45). The average difference in preoperative and postoperative hematocrit was 3 points (range -2 to 15). Average catheter time was 7.2 days (range 5 to 15). The positive margin rate was 10.5% for the entire series, 5.7% for T2 tumors, 28.5% (T3a), 20% (T3b) and 33% (T4a). Of the patients 95% had undetectable PSA (less than 0.1 ng/ml) at average followup of 9.7 months. Continence at 1, 3, 6, 9 and 12 months was 47%, 78%, 89%, 92% and 98%, respectively. CONCLUSIONS: Our initial experience with robotic radical prostatectomy is promising. The learning curve was approximately 20 to 25 cases. With a structured methodical approach we were able to implement robotics safely and effectively into our community practice with minimal patient morbidity, and good oncological and functional outcomes.",J Urol,2005,174,269-72,doi: 10.1097/01.ju.0000162082.12962.40,https://www.ncbi.nlm.nih.gov/pubmed/15947662,,negative,0,2005.0
31843220,The impact of time from biopsy to radical prostatectomy on Gleason score undergrading and other related factors,Virseda Rodríguez AJ,"INTRODUCTION: Gleason score biopsy undergrading (GSBU) can have an impact on the management and prognosis of patients with prostate cancer. We analyze the possible impact of time and other clinical and analytical factors in the appearance of GSBU in our series. PATIENTS AND METHOD: Ambispective, multicenter study of 1955 patients with localized prostate cancer undergoing radical prostatectomy between 2005 and 2018. Descriptive statistics and hypothesis testing are reported by univariate and multivariate analyses. RESULTS: Mean age 63.69 (44-80) years, median PSA 8.70 ng / ml (1.23-99). GSBU was observed in 34.7% of the entire cohort. In 72.8% of the cases, the GSBU occurred in one consecutive Gleason score, with the progression from 3 + 3 to 3 + 4 being the most frequent (289 patients, 47.6%). Performing radical prostatectomy 90-180 days before or after the biopsy does not have an impact on its undergrading in any of the groups. In the univariate and multivariate analysis, the presence of tumor or pathological rectal examination in both lobes, the tumor load ≥50% of cylinders and a DPSA ≥0.20, showed independent discriminative capacity to select patients who presented GSBU. CONCLUSIONS: The time from biopsy to radical prostatectomy did not show impact on GSBU. The number of affected cylinders, bilateral tumor and DPSA are easily accessible parameters that can help us select patients with greater probability of presenting GSBU.",Actas Urol Esp (Engl Ed),2020,44,187-195,doi: 10.1016/j.acuro.2019.08.004. Epub 2019 Dec 13,https://www.ncbi.nlm.nih.gov/pubmed/31843220,,negative,0,2020.0
27390578,Oncologic Outcome of Radical Prostatectomy as Monotherapy for Men with High-risk Prostate Cancer.,Furukawa J,"BACKGROUND: The objective of this study was to review our experience with radical prostatectomy (RP) as monotherapy for men with high-risk prostate cancer (PCa). PATIENTS AND METHODS: This study included 382 consecutive patients who were diagnosed with high-risk PCa according to the D'Amico definition and subsequently underwent RP without neoadjuvant therapy. Biochemical recurrence (BR) was defined as a serum prostate-specific antigen (PSA) level ≥ 0.2 ng/ml on two consecutive measurements, and none of the patients received any adjuvant therapies until their serum PSA levels reached ≥ 0.4 ng/ml. RESULTS: The median preoperative serum PSA level in these 382 patients was 15.9 ng/ml. Pathological stages ≥ pT2c and Gleason scores ≥ 8 were observed in 288 and 194 patients, respectively. During the observation period (median, 48.0 months), BR occurred in 134 patients, and the 5-year BR-free survival rate was 60.1%; however, no patient died of cancer progression. Multivariate analysis identified capsular invasion, seminal vesicle invasion, and surgical margin status as independent predictors of BR. CONCLUSIONS: Comparatively favorable cancer control could be achieved using RP as monotherapy for men with high-risk PCa; however, RP alone may be insufficient for patients with capsular invasion, seminal vesicle invasion, and/or surgical margin positivity.",Curr Urol,2016,9,67-72,10.1159/000442856,https://www.ncbi.nlm.nih.gov/pubmed/27390578,,positive,1,
15990187,A phase II study of localized prostate cancer treated to 75.6 Gy with 3D conformal radiotherapy,Nichol A,"BACKGROUND AND PURPOSE: To prospectively evaluate toxicity, biochemical failure-free survival (bFFS) and biopsy-proven local control for prostate cancer patients treated with 75.6 Gy in 42 fractions using 6-field conformal radiotherapy to prostate alone. PATIENTS AND METHODS: From 1997 to 1999, 140 patients with T1-2NxM0, Gleason score<or=8, and PSA<or=20 ng/ml prostate cancer were assessed using Radiation Therapy Oncology Group acute and late toxicity scores. bFFS was determined for 120 patients treated without hormones. Post-treatment prostate biopsies were performed at a median of 3 years and a late toxicity questionnaire was administered at a median of 5 years. RESULTS: Clinically important acute toxicities were gastrointestinal (GI) grade 2: 22% and 3: 0%, and genitourinary (GU) grade 2: 24% and 3: 2%. Late physician-assessed toxicities were GI>or=grade 2: 2%, and GU>or=grade 2: 1%. The 3-year bFFS of patients failure-free before biopsy was 93% (95% CI: 83-100) from a negative biopsy and 22% (95% CI: 0-56) from a positive biopsy (P=0.001). Patients reported significantly more late toxicity than physicians (GI: P=0.003, GU: P<0.001). At 5.0 years median follow-up, cause-specific survival was 98% (95% CI: 96-100), overall survival was 91% (95% CI: 86-97), and bFFS was 55% (95% CI: 45-64). CONCLUSIONS: 75.6 Gy caused modest levels of acute and late toxicity. Three-year biopsies predicted subsequent biochemical outcome.",Radiother Oncol,2005,76,11-7,doi: 10.1016/j.radonc.2005.06.002,https://www.ncbi.nlm.nih.gov/pubmed/15990187,,negative,0,2005.0
15990188,3D conformal radiation therapy for prostate cancer in elderly patients,Geinitz H,"BACKGROUND AND PURPOSE: The aim of this study was to evaluate if conformal radiation therapy for localized prostate cancer with doses of 70 Gy is well tolerated in patients aged 75 years or older, and if the side effects and the biochemical recurrence free (bNED) survival are comparable to younger patients. PATIENTS AND METHODS: Eighty patients>or=75 years received definitive conformal radiotherapy for prostate cancer. Acute and late side effects as well as bNED survival (ASTRO criteria) were compared to 221 patients younger than 75 years who were treated during the same period of time. RESULTS: Median dose to the prostate was 70 Gy in both groups. There were no significant differences in acute or late side effects between age groups. The frequency of grade III late symptoms was low and ranged between 0 and 4% for the evaluated symptoms irrespective of age group. Older patients had a better bNED survival than younger patients (bNED survival at 4 years: 76 vs. 61%, P=0.042). CONCLUSIONS: High-dose conformal radiation therapy for prostate cancer is well tolerated in patients aged 75 years or older. In terms of bNED survival radiation treatment is at least as effective as it is for younger patients.",Radiother Oncol,2005,76,27-34,doi: 10.1016/j.radonc.2005.06.001,https://www.ncbi.nlm.nih.gov/pubmed/15990188,,negative,0,2005.0
14529768,Biochemical outcomes after prostate brachytherapy with 5-year minimal follow-up: importance of patient selection and implant quality.,Kollmeier MA,"PURPOSE: A prostate brachytherapy program was initiated in 1990, when comparatively little was known of the relative importance of disease- and treatment-related factors on outcome. Patients treated during the first 6 years of the program were analyzed to determine the value of patient selection and implant quality on biochemical control. METHODS AND MATERIALS: We treated 243 patients with clinically localized prostate cancer with radioactive seed implantation and underwent 1-month CT-based dosimetric analysis. Follow-up ranged from 61 to 135 months (median 75). The Gleason score was < or =6 in 78% (n = 189), 7 in 14% (n = 35), and 8-10 in 8% (n = 19). The initial prostate-specific antigen (PSA) level was < or =10 ng/mL in 61% (n = 149), 10.1-20 ng/mL in 26% (n = 63), and >20 ng/mL in 13% (n = 31). The disease stage was T2a or less in 49% (n = 120), and Stage T2b-T2c in 51% (n = 123). A real-time ultrasound-guided technique was used with (125)I (n = 138) and (103)Pd (n = 105) isotopes. No patient underwent external beam radiotherapy as part of their primary treatment. Of the 243 patients, 60% also received hormonal ablation for at least 3 months before and 2-3 months after seed implantation. All patients included underwent a 1-month CT-based dosimetric analysis. The implant dose was defined as the dose delivered to 90% of the prostate volume on postimplant dosimetry (D(90)). On the basis of prior dose-response analyses, patients were retrospectively grouped into optimal D(90) ((125)I > or =140 Gy Task Group 43 or (103)Pd >/=100 Gy) and suboptimal D(90) ( (125)I <140 Gy or (103)Pd <100 Gy) dose groups. Biochemical failure was defined using the American Society for Therapeutic Radiology Oncology definition. RESULTS: Disease-related factors, including initial PSA level, Gleason score, and stage, were significant predictors of biochemical failure. The actuarial 8-year freedom from biochemical failure (bFFF) rate was 80% for those with a PSA level < or =10 ng/mL, 86% for PSA 10.1-20 ng/mL, and 45% for PSA >20 ng/mL (p = 0.0019). Patients with a Gleason score of < or =6 had an 8-year bFFF rate of 81% vs. 67% for those with Gleason score 7 and 53% for those with Gleason score 8-10 (p = 0.0003). Patients with Stage T2a or less had an 8-year bFFF rate of 85% compared with 69% for those with Stage T2b-T2c (p = 0.013). The 8-year bFFF rate was 88% for low-risk patients (Stage T2a or less, Gleason score < or =6, and initial PSA level < or =10 ng/mL; n = 75), 81% for moderate-risk patients (Stage T2b or Gleason score 7 or initial PSA level >10.1-20 ng/mL; n = 70), and 65% for high-risk patients (two or more moderate-risk features or Gleason score > or =8 or initial PSA level >20 ng/mL; n = 98; p = 0.0009). Patients with optimal dose implants (n = 145) had an 8-year bFFF rate of 82% compared with 68% for those with suboptimal dose implants (n = 98; p = 0.007). Hormonal therapy did not significantly affect biochemical failure (p = 0.27). In multivariate analysis, the statistically significant variables included initial PSA level (p <0.0001), Gleason score (p = 0.024), and dose group (p = 0.046). Because our current practice limits implantation alone to low-risk patients, an analysis of this subgroup was undertaken to validate the importance of dose. In the optimal dose group, low-risk patients had an 8-year bFFF rate of 94% vs. 75% for the low-risk patients in the suboptimal dose group (p = 0.02). CONCLUSION: With minimal follow-up of 5 years, these data continue to support the use of implantation alone in low-risk prostate cancer patients and demonstrate the importance of implant quality (dose) in achieving optimal outcomes. Low-risk patients who receive an optimal dose implant have a 94% bFFF rate at 8 years.",Int J Radiat Oncol Biol Phys,2003,57,645-53,10.1016/s0360-3016(03)00627-8,https://www.ncbi.nlm.nih.gov/pubmed/14529768,HIGH RISK,positive,1,
31612318,Postoperative biochemical recurrence of pathologically localized high-grade prostate cancer in adjuvant treatment-naïve patients,Heo JE,"PURPOSE: To evaluate biochemical recurrence (BCR) risk in men with localized prostate cancer (PC) of pathological Gleason score (pGS) 8-10. Although such patients have low BCR-free survival (BCRFS) following radical prostatectomy (RP), they are not recommended for adjuvant radiation therapy (ART) as per current guidelines. METHODS: Among an adjuvant treatment-naïve cohort between 1995 and 2015, 1272 men were identified and categorized into group 1 [pGS7 (3 + 4) and pT3; n = 654], group 2 [pGS7 (4 + 3) and pT3; n = 408], and group 3 (pGS 8-10 and pT2; n = 210). The BCR risk of group 3 was compared with that of groups 1 and 2 who are the candidates for ART. RESULTS: At a median follow-up of 60 months (interquartile range: 39-86), 432 men experienced BCR. BCRFS was lower in group 3 than in groups 1 and 2 (p < 0.001 and p = 0.021, respectively). In multivariate analysis, this association persisted and surgical margin (SM) was found to be a significant BCR predictor. Although statistically not significant, BCRFS was lower in group 3 with positive SM (PSM) than in group 2 with PSM (p = 0.101). BCRFS was significantly worse in group 3 with negative SM (NSM) than in group 1 with PSM (p = 0.038), while it was better in group 2 with PSM (p = 0.297). CONCLUSION: Localized high-grade PC with PSM showed lower BCRFS and that with NSM showed better BCRFS without statistical significance than locally advanced GS 7 PC with PSM that are eligible for ART.",J Cancer Res Clin Oncol,2020,146,221-227,doi: 10.1007/s00432-019-03049-0. Epub 2019 Oct 14,https://www.ncbi.nlm.nih.gov/pubmed/31612318,,negative,0,2020.0
32211942,PSMA-positive nodal recurrence in prostate cancer : Salvage radiotherapy is superior to salvage lymph node dissection in retrospective analysis,Schmidt-Hegemann NS,"PURPOSE: This analysis compares salvage lymph node dissection (SLND) to salvage lymph node radiotherapy (SLNRT) of <sup>68</sup>Ga-PSMA PET-positive nodal recurrences after radical prostatectomy (RPE). METHODS: A total of 67 SLNRT and 33 SLND consecutive patients with pelvic and/or para-aortic nodal recurrences after RPE were retrospectively analyzed. Biochemical recurrence-free survival rates (bRFS; PSA <0.2 ng/mL) were calculated according to Kaplan-Meier and survival curves were compared using the log rank test. For multivariable analysis, binary logistic regression analysis was performed (p < 0.05). RESULTS: Median follow-up was 17 months (range, 6-53 months) in SLND patients and 31 months (range, 3-56 months) in SLNRT patients (p = 0.027). SLNRT patients had significantly more tumours of pT3 and pT4 category (82% vs. 67%; p = 0.006), pathologically involved lymph nodes (45% vs. 27%; p = 0.001) and positive surgical margins (54% vs. 12%; p = 0.001) at time of RPE than SLND patients. PSA persistence after RPE was significantly more frequently observed in the SLNRT cohort (73% vs. 27%; p = 0.001). There was no significant difference in the distribution of PET-positive lymph nodes. Median PSA before SLND was higher than before SLNRT (3.07 ng/ml vs. 1.3 ng/ml; p = 0.393). The 2‑year bRFS was significantly higher in the SLNRT vs. the SLND cohort (92% vs. 30%; p = 0.001) with lower rates of distant metastases (21% vs. 52%; p = 0.002) and secondary treatments (5% vs. 39%; p = 0.011) irrespective of ongoing androgen deprivation therapy at last contact. In multivariable analysis, SLNRT was significantly associated with prolonged bRFS (regression coefficient 1.436, hazard ratio 4.204, 95% CI 1.789-9.878; p = 0.001). CONCLUSION: Based on this retrospective study SLNRT might be the preferred treatment option for patients with nodal recurrence after previous RPE.",Strahlenther Onkol,2020,196,637-646,doi: 10.1007/s00066-020-01605-z. Epub 2020 Mar 24,https://www.ncbi.nlm.nih.gov/pubmed/32211942,,negative,0,2020.0
16169683,Hypofractionated intensity-modulated radiotherapy (70 gy at 2.5 Gy per fraction) for localized prostate cancer: long-term outcomes,Kupelian PA,"PURPOSE: To analyze the long-term relapse-free survival and toxicity rates in patients treated with hypofractionated intensity-modulated radiotherapy. METHODS AND MATERIALS: The study sample includes the first 100 consecutive localized prostate cancer patients treated to 70.0 Gy at 2.5 Gy per fraction. The median follow-up was 66 months (range, 3 to 75 months). Biochemical failure was the study endpoint, using both the ASTRO definition (A-bRFS) and the alternate ""nadir + 2 ng/mL"" definition (N-bRFS). RTOG scores were used to assess toxicity. RESULTS: The 5-year A-bRFS and N-bRFS rates were 85% (95%CI, 78-93%) and 88% (95%CI, 82-95%) for all cases, respectively. For low, intermediate and high-risk disease, the 5-year A-bRFS rates were 97%, 88%, and 70%. The corresponding 5-year N-bRFS rates were 97%, 93%, and 75%, respectively. The acute rectal toxicity scores were 0 in 20, 1 in 61, and 2 in 19 patients. The acute urinary toxicity scores were 0 in 9, 1 in 76, and 2 in 15 patients. The late rectal toxicity scores were 0 in 71, 1 in 19, 2 in 7, and 3 in 3 patients. The actuarial late Grade 3 rectal toxicity rate at 5 years was 3%. A number of the toxicities observed either resolved spontaneously or were corrected. At last follow-up, the rate of combined Grades 2 and 3 late rectal toxicity at 5 years was only 5%. The late urinary toxicity scores were 0 in 75, 1 in 13, 2 in 11, and 3 in 1 patients. The actuarial late Grade 3 urinary toxicity rate at 5 years was 1%. CONCLUSION: With a median follow-up of 66 months, the long-term results after high-dose hypofractionation are excellent. Late toxicity, urinary and rectal, has been limited. High-dose hypofractionation is an alternative dose escalation method in the treatment of localized prostate cancer.",Int J Radiat Oncol Biol Phys,2005,1,,doi: 10.1016/j.ijrobp.2005.05.054. Epub 2005 Sep 19,https://www.ncbi.nlm.nih.gov/pubmed/16169683,,negative,0,2005.0
15747374,Cryosurgical ablation of the prostate: high risk patient outcomes,Prepelica KL,"BACKGROUND: The authors report their experience with cryosurgical ablation of the prostate in men with high-risk features for prostate carcinoma who were unwilling to undergo radical surgery or radiation therapy. METHODS: Between January 1998 and April 2002, 65 men underwent primary cryosurgery for prostate carcinoma with high-risk features. All patients had biopsy-proven prostate carcinoma without evidence for metastatic disease on magnetic resonance images, computed tomography scans, or radionuclide images of bones. High-risk parameters were defined as either a prostate-specific antigen (PSA) level >/= 10 ng/mL, or a Gleason sum score >/= 8, or both. Patients who had undergone prior surgery, radiation therapy, or cryoablation for prostate carcinoma were excluded from the study. Patients were monitored with physical examination and PSA screening every 3 months and with radiologic imaging when indicated. RESULTS: The median patient age was 72 years (range, 41-86 years), and t he median follow-up was 35 months (range, 4-77 months). There were 2 patients (3.1%) with rectal pain and incontinence. Durable PSA biochemical disease-free survival was noted in 83.3% of patients according to the American Society for Therapeutic Radiology and Oncology (ASTRO) criteria. A 6-year Kaplan-Meier analysis revealed an 81.7% ASTRO survival probability as well as PSA nadir < 4.0 ng/mL and PSA nadir < 1.0 ng/mL projections of 50% and 35%, respectively. One of 8 postcryosurgery biopsies (12.5%) were positive. No patient had progressed at last follow-up, and the overall survival rate was 100%. CONCLUSIONS: Cryoablation was a feasible treatment option in patients with organ-confined prostate carcinoma who had high-risk features. Longer follow-up will be necessary to determine the effectiveness of this approach.",Cancer,2005,15,,doi: 10.1002/cncr.20944,https://www.ncbi.nlm.nih.gov/pubmed/15747374,,negative,0,2005.0
22494584,Twelve-month prostate-specific antigen values and perineural invasion as strong independent prognostic variables of long-term biochemical outcome after prostate seed brachytherapy.,Ding W,"PURPOSE: To determine whether post-treatment prostate-specific antigen (ptPSA) values at 12 months and other clinical parameters predict long-term PSA relapse-free survival (PRFS) following prostate seed brachytherapy. METHODS AND MATERIALS: Records of 204 hormone-naïve patients with localized adenocarcinoma of the prostate treated at St. Mary's Regional Medical Center in Reno, NV, and at Carson Tahoe Regional Medical Center in Carson City, NV, between 1998 and 2003, using I-125 or Pd-103 seed brachytherapy, were retrospectively analyzed. Treatment planning was done using a preplanned, modified peripheral loading technique. A total of 185 of 204 patients had PSA records at 12 months after implant. Variables included were age, initial pretreatment PSA, Gleason score, T stage, National Comprehensive Cancer Network (NCCN) risk group (RG), perineural invasion (PNI), external beam boost, dose, and ptPSA levels at 12 months with cutpoints at ≤1, 1.01 to 2.00, 2.01 to 3.00, and >3.00 ng/ml. RESULTS: Median follow-up was 80 months, and median age was 69 years. The numbers of patients stratified by NCCN low, intermediate, and high RG were 110:65:10, respectively. Monotherapy and boost prescription doses were 145 Gy and 110 Gy for I-125, and 125 Gy and 100 Gy for Pd-103 seeds, respectively. The median dose (D90) was 95.4% of the prescribed dose. The 5-year PRFS at the 12-months ptPSA levels of ≤1, 1.01 to 2.00, 2.01 to 3.00, and >3.00 ng/ml were 98.5%, 85.7%, 61.5%, and 22.2%, respectively. The 10-year PRFS at the 12-months ptPSA levels of ≤1 and 1.01 to 2.00 ng/ml were 90.5% and 85.7%, respectively. In multivariate analysis, both ptPSA and PNI were significant independent predictors of PRFS. Hazard ratios (HR) for ptPSA levels at ≤1, 1.01 to 2.00, 2.01 to 3.00, and >3.00 ng/ml at 12 months were 1, 4.96, 27.57, and 65.10, respectively. PNI had an HR of 6.1 (p=0.009). CONCLUSIONS: Presence of PNI and ptPSA values at 12 months are strong prognostic variables for long-term PRFS after definitive prostate brachytherapy seed implantation.",Int J Radiat Oncol Biol Phys,2012,84,962-7,10.1016/j.ijrobp.2012.01.043,https://www.ncbi.nlm.nih.gov/pubmed/22494584,LOW RISK,positive,1,
16309852,Disease-specific survival following the brachytherapy management of prostate cancer,Stock RG,"PURPOSE: To determine disease-specific survival (DSS) and associated predictive factors after prostate brachytherapy. METHODS AND MATERIALS: A total of 1561 patients underwent brachytherapy for prostate cancer from 1990 to 2004 (median follow-up, 3.8 years). Treatment included brachytherapy alone (n = 634), brachytherapy and hormonal therapy (n = 420), and implant and external beam therapy (n = 507). RESULTS: The DSS and overall survival rates at 10 years were 96% and 74%, respectively. Gleason score significantly impacted DSS, with 10-year rates of 98%, 91%, and 92% for scores of < or = 6, 7, and > or = 8, respectively (p < 0.0001). Multivariate analysis revealed that PSA status after treatment had the most significant effect on DSS. Ten-year DSS rates were 100%, 52%, and 98%, respectively for patients without PSA failure (n = 1430), failure with a doubling time (DT) < or = 10 months (n = 64), and failure with a DT > 10 months (n = 67), respectively (p < 0.0001). In patients with PSA failure, DSS rates were 30%, 67%, and 98%, for those with DT < or = 6 months, > 6-10 months, and > 10 months, respectively (p < 0.0001). CONCLUSIONS: The 10-year DSS rate supports the efficacy of brachytherapy. Patients dying with disease within 10 years after treatment harbor inherently aggressive cancer with high Gleason scores and short DT.",Int J Radiat Oncol Biol Phys,2006,1,,doi: 10.1016/j.ijrobp.2005.09.005. Epub 2005 Nov 23,https://www.ncbi.nlm.nih.gov/pubmed/16309852,,negative,0,2005.0
32006609,MRI-Guided Ultrafocal Salvage High-Dose-Rate Brachytherapy for Localized Radiorecurrent Prostate Cancer: Updated Results of 50 Patients,van Son MJ,"PURPOSE: Most patients with local prostate cancer recurrence after radiation therapy undergo palliative androgen deprivation therapy because whole-gland salvage treatments have a high risk of severe toxicity. Focal treatment reduces this risk while offering a second opportunity for cure. We report updated outcomes of ultrafocal salvage high-dose-rate brachytherapy (HDR-BT). METHODS AND MATERIALS: Prospectively collected data from the first 50 treated patients were analyzed. Disease status was assessed by 3T multiparametric magnetic resonance imaging (MRI), 18F-Choline or 68Ga-prostate-specific membrane antigen positron emission tomography/computed tomography, and systematic or tumor-targeted biopsies. Ultrafocal salvage HDR-BT (1 × 19 Gy) was performed by implanting the clinical target volume (CTV: gross tumor volume + 5 mm margin) under fused transrectal ultrasound/MRI guidance. Follow-up included toxicity grading (using Common Terminology Criteria for Adverse Events 4.0), quality of life assessment, and prostate-specific antigen (PSA) testing. RESULTS: Median follow-up was 31 months. Median CTV D95% was 18.8 Gy. We observed 2% grade 3 genitourinary toxicity, no grade 3 gastrointestinal toxicity, and 22% newly developed grade 3 erectile dysfunction. Five of 13 patients (38%) with self-reported pretreatment potency (International Index of Erectile Function >17) remained potent. Clinically relevant quality of life deterioration was reported for only 6 of 31 items and was not statistically significant. Biochemical failure (nadir + 2) occurred in 26 patients. Among intraprostatic recurrences, 73% were in field. After 2.5 years, biochemical disease-free survival was 51% (95% confidence interval, 37%-69%), metastases-free survival was 75% (64%-89%), androgen deprivation therapy-free survival was 90% (82%-99%), and overall survival was 98% (94%-100%). Presalvage PSA, CTV size, and stage ≥T3 were significantly associated with biochemical failure. Higher-risk patients (stage ≥T3, PSA ≥10, or PSA double time ≤9 months) had 25% biochemical disease-free survival at 2.5 years versus 71% for lower-risk patients. CONCLUSIONS: At this early stage, MRI-guided ultrafocal HDR-BT seems to be a safe salvage treatment option, with acceptable biochemical control in a well-selected group of patients and potential for effectively postponing androgen deprivation therapy.",Int J Radiat Oncol Biol Phys,2020,1,,doi: 10.1016/j.ijrobp.2020.01.023. Epub 2020 Jan 30,https://www.ncbi.nlm.nih.gov/pubmed/32006609,,negative,0,2020.0
27600607,Treatment results of brachytherapy vs. external beam radiation therapy for intermediate-risk prostate cancer with 10-year followup.,Goy BW,"PURPOSE: To compare 10-year treatment outcomes of brachytherapy vs. external beam radiation therapy for patients with intermediate-risk prostate cancer (IRPC). METHODS AND MATERIALS: Between 2004 and 2007, 93 IRPC patients underwent brachytherapy using iodine-125 to a dose of 145 Gy without supplemental external radiation. A retrospective comparison was performed to a contemporary cohort of 597 patients treated with external beam radiation therapy to a median dose of 75.3 Gy using a propensity score-matched analysis. RESULTS: Median followup was 7.8 years. With brachytherapy, 51.6% had Gleason score 7 vs. 72.0% for external radiation (p < 0.001). Median initial prostate-specific antigen was 8.3 for brachytherapy vs. 9.4 for external radiation (p = 0.01). Neoadjuvant androgen deprivation therapy was given in 59.5% of external radiation vs. 10.8% of brachytherapy patients (p < 0.001). The 10-year freedom from biochemical failure (FFBF) for brachytherapy was 81.7% vs. 54.5% for external radiation (p = 0.002). Unfavorable intermediate-risk patients experienced borderline significant improved FFBF with brachytherapy (p = 0.08). The 10-year freedom from salvage therapy for brachytherapy was 93.2% vs. 72.2% for external radiation (p = 0.006). There were no significant differences in distant metastases-free survival, prostate cancer-specific survival, or overall survival after adjusting for age. Multivariate analysis with propensity score matching showed that brachytherapy remained an independent predictor for improved FFBF (p = 0.007). Grade 1 and 2 late rectal complication rate was 6.5% for brachytherapy vs. 15.2% for external radiation (p = 0.02). CONCLUSIONS: Brachytherapy using iodine-125 without supplemental external radiation is a reasonable treatment option for selected IRPC patients.",Brachytherapy,2016,15,687-694,10.1016/j.brachy.2016.06.015,https://www.ncbi.nlm.nih.gov/pubmed/27600607,,positive,1,
32068493,"The Comparative Outcomes of Radical Prostatectomy versus Radiotherapy for Nonmetastatic Prostate Cancer: A Longitudinal, Population-Based Analysis",Oake JD,"PURPOSE: The comparative effectiveness of radical prostatectomy (RP) versus radiation therapy (RT) for prostate cancer remains a largely debated topic. Utilizing a provincial population-based linked data set from an equal-access, universal health care system, we sought to compare outcomes among patients treated with either radiation or prostatectomy for nonmetastatic prostate cancer. MATERIALS AND METHODS: We performed a retrospective cohort study by linking several administrative data sets to identify patients who were diagnosed with prostate cancer between 2004 and 2016 in Manitoba, Canada and who were subsequently treated with either RP or RT. Cox proportional hazard models with inverse probability of treatment weighting were used to compare rates of all-cause mortality, as well as prostate cancer specific mortality (PCSM) between patients who underwent RP vs RT. RESULTS: During the study period, 2,540 patients underwent RP and 1,895 underwent RT for prostate cancer. Unadjusted overall survival was higher for RP vs RT (5-year overall survival 95.52% for RP compared with 84.55% for RT, p <0.0001). In inverse probability of treatment weighting-adjusted Cox regression analysis, compared to patients in the RP groups, patients in the RT group had an increased rate of all-cause mortality (HR 1.93, 95% CI 1.65-2.26, p <0.0001), and PCSM (HR 3.98, 95% CI 2.89-5.49; p <0.0001). CONCLUSIONS: RT was associated with higher all-cause mortality and PCSM rates compared with RP. These findings highlight the importance of comparative effectiveness research to identify treatment disparities and warrant further investigation.",J Urol,2022,208,846-854,doi: 10.1097/JU.0000000000000805. Epub 2020 Feb 18,https://www.ncbi.nlm.nih.gov/pubmed/32068493,,negative,0,2020.0
29276060,Brachytherapy monotherapy may be sufficient for a subset of patients with unfavorable intermediate risk prostate cancer.,King MT,"PURPOSE/OBJECTIVE(S): Brachytherapy (BT) monotherapy is a well-established treatment modality for favorable intermediate risk (FIR) prostate cancer. However, patients with unfavorable intermediate risk (UIR) disease are often recommended trimodality therapy involving BT, androgen deprivation therapy (ADT), and external beam radiation therapy (EBRT). We sought to investigate the relative benefit of supplemental therapies (ADT and/or EBRT) for FIR and UIR prostate cancer in a large dataset. MATERIALS/METHODS: We identified 3,723 patients with intermediate risk prostate cancer treated with BT between 1997 and 2013, including 1,989 and 1,734 patients with FIR and UIR disease, respectively. For the FIR cohort, Fine and Gray's competing risks regression model was used to evaluate whether there was a difference in prostate cancer specific mortality (PCSM) between BT vs. BT + supplemental therapy (ADT, EBRT, or both). For the UIR cohort, this regression model was used to evaluate whether supplemental ADT, EBRT, or both decreased PCSM beyond BT alone. Both regression models were adjusted for clinical and treatment-related factors. RESULTS: The median follow-up periods were 7.7 years (interquartile range: 5.4-10.5) for the FIR cohort and 7.8 years (interquartile range: 5.3-10.6) for the UIR cohort. For the FIR cohort, there was no difference in PCSM between BT monotherapy vs. BT + supplemental therapy (adjusted hazard ratio [AHR] = 1.70; 95% CI: 0.46-6.29; P = 0.43). For the UIR cohort, supplemental EBRT (AHR = 2.66; 95% CI: 1.12-6.34; P = 0.03), ADT (AHR = 0.96; 95% CI: 0.38-2.43; P = 0.93), or both (AHR = 1.46; 95% CI: 0.42-5.01; P = 0.55) were not associated with improved PCSM compared with BT alone. CONCLUSION: In our analysis, supplemental therapies did not offer an improvement in PCSM compared with BT alone for FIR or UIR prostate cancers. Further prospective clinical trials are required to determine whether BT monotherapy may be sufficient for a subset of patients with UIR disease.",Urol Oncol,2018,36,157.e15-157.e20,10.1016/j.urolonc.2017.11.022,https://www.ncbi.nlm.nih.gov/pubmed/29276060,,positive,1,
20045267,External beam radiation therapy after transurethral resection of the prostate: a report on acute and late genitourinary toxicity,Devisetty K,"PURPOSE: To describe genitourinary (GU) toxicity in men with a history of transurethral resection of the prostate (TURP) treated with external beam radiation therapy (EBRT) for prostate cancer. METHODS AND MATERIALS: Seventy-one men with a history of TURP were treated with EBRT for prostate cancer. The median time from TURP to EBRT was 15 months. The median EBRT dose was 70 Gy, and 21 men (30%) received androgen deprivation therapy (ADT). Acute GU toxicity and late GU toxicity were scored by Radiation Therapy Oncology Group criteria and compared with a cohort of 538 men without prior TURP. The median follow-up for men with TURP and men without TURP was 40 months and 50 months, respectively (p = 0.7605). RESULTS: The rate of acute Grade 2 GU toxicity or higher was 41%, and was increased with a history of more than 1 TURP (73% vs. 31%, p = 0.0036). The 4-year rate of freedom from late Grade 3 GU toxicity or higher was 84%, and was decreased with ADT (45% vs. 95% without ADT, p = 0.0024). By last follow-up, maximal GU toxicity tended to resolve (p < 0.0001) and there was no worsening of urinary symptom scores (p = 0.6911). Compared to men without a prior TURP, TURP patients had a lower rate of freedom from late Grade 3 toxicity or higher (84% vs. 96%, p = 0.0483). Multivariate analysis suggested a higher rate of late Grade 3 toxicity or higher with TURP (risk ratio, 2.87; p = 0.0612) and EBRT dose of 74 Gy or greater (risk ratio, 2.26; p = 0.0521). CONCLUSIONS: Men treated for prostate cancer with EBRT after TURP have a higher risk of severe GU toxicity; however, the overall incidence is low, and toxicity tends not to persist.",Int J Radiat Oncol Biol Phys,2010,15,,doi: 10.1016/j.ijrobp.2009.06.078. Epub 2010 Jan 4,https://www.ncbi.nlm.nih.gov/pubmed/20045267,,negative,0,2010.0
15389809,Combined external beam radiotherapy and Pd-103 brachytherapy boost improves biochemical failure free survival in patients with clinically localized prostate cancer: results of a matched pair analysis,Singh AM,"BACKGROUND: Dose escalation has resulted in improved biochemical control in patients with clinically localized prostate cancer treated with conformal external beam radiation (EBRT). Conformal dose distributions may also be achieved with brachytherapy. Therefore, biochemical control was evaluated for patients treated with combined external radiation therapy and low dose rate brachytherapy (EBRT + LDR). METHODS: A matched pair analysis was performed to compare biochemical control of patients treated with EBRT + LDR to patients treated with EBRT alone. The study endpoints were biochemical control and late toxicities. RESULTS: The 5-year biochemical failure free survival (BFFS) was 86% for patients treated with EBRT + LDR and 72% for patients treated with EBRT (P = 0.03). Both treatments were associated with comparable incidences of late genitourinary (GU) side effects (18-19%). Late rectal toxicity was decreased by 15% in patients treated with EBRT + LDR (P = 0.0003). CONCLUSIONS: These results support EBRT followed by brachytherapy boost as a safe and effective method for dose escalation in the treatment of prostate cancer.",Prostate,2005,1,,doi: 10.1002/pros.20118,https://www.ncbi.nlm.nih.gov/pubmed/15389809,,negative,0,2005.0
27257412,Prostate-specific antigen nadir after high-dose-rate brachytherapy predicts long-term survival outcomes in high-risk prostate cancer.,Tsumura H,"PURPOSE: To evaluate the prognostic value of prostate-specific antigen nadir (nPSA) after high-dose-rate (HDR) brachytherapy in clinically non-metastatic high-risk prostate cancer patients. MATERIAL AND METHODS: Data from 216 patients with high-risk or locally advanced prostate cancer who underwent HDR brachytherapy and external beam radiation therapy with long-term androgen deprivation therapy (ADT) between 2003 and 2008 were analyzed. The median prostate-specific antigen (PSA) level at diagnosis was 24 ng/ml (range: 3-338 ng/ml). The clinical stage was T1c-2a in 55 cases (26%), T2b-2c in 48 (22%), T3a in 75 (35%), and T3b-4 in 38 (17%). The mean dose to 90% of the planning target volume was 6.3 Gy/fraction of HDR brachytherapy. After 5 fractions, external beam radiation therapy with 10 fractions of 3 Gy was administered. All patients initially underwent neoadjuvant ADT for at least 6 months, and adjuvant ADT was continued for 36 months. The median follow-up was 7 years from the start of radiotherapy. RESULTS: The 7-year PSA relapse-free rate among patients with a post-radiotherapy nPSA level of ≤ 0.02 ng/ml was 94%, compared with 23% for patients with higher nPSA values (HR = 28.57; 95% CI: 12.04-66.66; p < 0.001). Multivariate analysis revealed that the nPSA value after radiotherapy was a significant independent predictor of biochemical failure, whereas pretreatment predictive values for worse biochemical control including higher level of initial PSA, Gleason score ≥ 8, positive biopsy core rate ≥ 67%, and T3b-T4, failed to reach independent predictor status. The 7-year cancer-specific survival rate among patients with a post-radiotherapy nPSA level of ≤ 0.02 ng/ml was 99%, compared with 82% for patients with higher nPSA values (HR = 32.25; 95% CI: 3.401-333.3; p = 0.002). CONCLUSIONS: A post-radiotherapy nPSA value of ≤ 0.02 ng/ml was associated with better long-term biochemical tumor control even if patients had pretreatment predictive values for worse control.",J Contemp Brachytherapy,2016,8,95-103,10.5114/jcb.2016.59686,https://www.ncbi.nlm.nih.gov/pubmed/27257412,,positive,1,
27997745,"Impact of treatment on progression to castration-resistance, metastases, and death in men with localized high-grade prostate cancer.",Miller ET,"Men with high-grade prostate cancer (HGPC) are at greatest risk of disease progression. Clinical risk factors associated with castration-resistant prostate cancer (CRPC), metastases, and prostate cancer-specific mortality (PCSM) were identified in a contemporary HGPC cohort. Clinical data was collected from men diagnosed with Gleason sum (GS) ≥8 at the Greater Los Angeles Veterans Affairs (GLA-VA) Healthcare System between 2000 and 2013. Multivariable competing risks regression analyses assessed progression to CRPC, metastases, and PCSM within three treatment strata. The cumulative incidence of disease progression was calculated at 2, 5, and 10-year time points. Review of 2149 prostate cancer cases yielded 322 with HGPC. Median survival times for cancer-specific and overall mortality were significantly shorter in men treated with primary androgen deprivation therapy (ADT) (P = 0.0002 and P < 0.0001). Multivariable analyses revealed that clinical stage N1, GS 10, and treatment with primary ADT were significantly associated with increased risk of CRPC, metastases, and PCSM. Significant differences in these outcomes were not observed in men treated with radical prostatectomy (RP) when compared to those treated with radiation therapy combined with short-term ADT (XRT-ADT). Ten-year event rates of progression to CRPC, metastases, and PCSM, for men treated with primary ADT, were 45.5%, 25.4%, and 25.1%, respectively. In conclusion, GS 10 and lymph node involvement, as well as primary ADT treatment in men with HGPC was associated with increased risk of CRPC, metastases, and PCSM. Curative-intent treatment with RP or XRT-ADT is associated with reduced progression rates and death in men with HGPC.",Cancer Med,2017,6,163-172,10.1002/cam4.981,https://www.ncbi.nlm.nih.gov/pubmed/27997745,,positive,1,
25687401,A review of rectal toxicity following permanent low dose-rate prostate brachytherapy and the potential value of biodegradable rectal spacers,Schutzer ME,"Permanent radioactive seed implantation provides highly effective treatment for prostate cancer that typically includes multidisciplinary collaboration between urologists and radiation oncologists. Low dose-rate (LDR) prostate brachytherapy offers excellent tumor control rates and has equivalent rates of rectal toxicity when compared with external beam radiotherapy. Owing to its proximity to the anterior rectal wall, a small portion of the rectum is often exposed to high doses of ionizing radiation from this procedure. Although rare, some patients develop transfusion-dependent rectal bleeding, ulcers or fistulas. These complications occasionally require permanent colostomy and thus can significantly impact a patient's quality of life. Aside from proper technique, a promising strategy has emerged that can help avoid these complications. By injecting biodegradable materials behind Denonviller's fascia, brachytherpists can increase the distance between the rectum and the radioactive sources to significantly decrease the rectal dose. This review summarizes the progress in this area and its applicability for use in combination with permanent LDR brachytherapy.",Prostate Cancer Prostatic Dis,2015,18,96-103,doi: 10.1038/pcan.2015.4. Epub 2015 Feb 17,https://www.ncbi.nlm.nih.gov/pubmed/25687401,,negative,0,2015.0
25579535,Radiation therapy for clinically localized prostate cancer: long-term results of 469 patients from a single institution in the era of dose escalation.,Surapaneni A,"AIMS: The aim of the following study is to analyze the long-term results of veterans treated with dose escalated radiation therapy for prostate cancer. MATERIALS AND METHODS: This retrospective study analyzed 469 patients who were treated between 2003 and 2010 with dose escalated radiation therapy to a minimum dose of 7560 cGy for prostate cancer at the New York Harbor Department of Veterans Affairs. Biochemical failure-free survival (bFFS) and distant metastatic-free survival (DMFS) were compared using the Kaplan-Meier method. Univariate and multivariate Cox Regression were used to measure the impact of covariates on biochemical control. RESULTS: The median follow-up was 61 months and 95.3% of patients were followed at least 2 years. The 5-year bFFS for National Cancer Care Network low, intermediate and high risk disease were 90.3%, 86.9% and 77.3% respectively (P=0.001). Patients with high risk disease were more likely to develop metastatic disease. The 5-year DMFS was 99.1% for low risk, 98.8% for intermediate risk and 94.5% for high-risk (P<0.001). There were 8 prostate cancer related deaths, of which 6 had high risk disease and 2 had intermediate risk disease. The 5-year prostate cancer specific survival was 98.4%. Toxicities were generally mild, however there were two genitourinary toxicity related deaths, though in both patients there were confounding medical issues that may have contributed to their deaths. CONCLUSIONS: Dose escalated radiation in the treatment of United States Veterans appears to be well-tolerated with results in line with prior reports. Further follow-up is necessary to identify any additional late toxicities as well as to assess the durability of their biochemical control beyond 5 years.",J Cancer Res Ther,2014,10,951-6,10.4103/0973-1482.138096,https://www.ncbi.nlm.nih.gov/pubmed/25579535,,positive,1,
15028451,No difference in six-year biochemical failure rates with or without pelvic lymph node dissection during radical prostatectomy in low-risk patients with localized prostate cancer.,Bhatta-Dhar N,"OBJECTIVES: To compare differences in the actuarial biochemical relapse-free survival rates at 6 years in a contemporary series of patients who underwent radical prostatectomy with and without pelvic lymph node dissection (PLND). Biochemical failure was defined as a serum prostate-specific antigen level greater than 0.2 ng/mL confirmed at least 1 week later. METHODS: The records of 806 consecutive radical prostatectomy cases performed between January 1995 and June 1999 were reviewed. A total of 336 patients with favorable tumor characteristics (prostate-specific antigen 10 ng/mL or less, biopsy Gleason score 6 or less, and clinical Stage T1 or T2) not receiving adjuvant or neoadjuvant therapy were divided into two groups according to whether PLND was performed (PLND group, n = 140) or omitted (no-PLND group, n = 196). A Cox proportional hazards model was used to analyze the effect of age, race, family history, initial prostate-specific antigen level, tumor stage, biopsy Gleason score, PLND, extracapsular extension, and seminal vesicle invasion on the likelihood of biochemical failure. Biochemical relapse-free survival for each group was estimated by Kaplan-Meier analysis. The mean follow-up time for the entire group was 60.0 months, with a similar follow-up for both cohorts (mean 61.8 and 58.2 months, respectively, P value not statistically significant). Follow-up information was obtained through an institutional review board-approved prospective patient registry. RESULTS: The 6-year biochemical relapse-free rate for the PLND versus no-PLND group was 86% and 88%, respectively (P = 0.28). On multivariate analysis, PLND was not an independent predictor of outcome (P = 0.33). CONCLUSIONS: Our study results demonstrated that the omission of PLND in patients with favorable tumor characteristics does not adversely affect biochemical relapse rates at 6 years after surgery. Such patients can be spared the morbidity and cost of PLND without affecting the chance for cure.",Urology,2004,63,528-31,10.1016/j.urology.2003.09.064,https://www.ncbi.nlm.nih.gov/pubmed/15028451,LOW RISK,positive,1,
26003267,Whole Pelvis Versus Prostate-Only Radiotherapy With or Without Short-Course Androgen Deprivation Therapy and Mortality Risk,Braunstein LZ,"BACKGROUND: The purpose of the study was to determine whether the extent of prostate radiotherapy (ie, whole-pelvic radiotherapy [WPRT] vs. prostate and seminal vesicle radiotherapy [PSVRT]) is associated with all-cause mortality (ACM) in men treated with or without androgen deprivation therapy (ADT). PATIENTS AND METHODS: A multiple-institution cohort of 3709 prostate cancer patients was prospectively assembled from 1991 to 2006. The median age was 72 years and all patients had T1c-T3N0M0 adenocarcinoma of the prostate. Patients were treated with WPRT or PSVRT followed by a brachytherapy boost, with or without neoadjuvant ADT (median duration, 4.2 months). Seventy percent of patients had unfavorable-risk disease (Gleason score ≥ 7; prostate-specific antigen ≥ 10 ng/mL; or stage ≥ T2b). Cox regression was applied to determine whether the radiation treatment volume affected the risk of ACM. The interaction between radiation volume and ADT use was assessed. RESULTS: After a median follow-up of 3.3 years, 561 deaths were observed. A decreased risk of ACM was noted with the use of WPRT versus PSVRT (adjusted hazard ratio [AHR], 0.58; 95% confidence interval [CI], 0.38-0.89; P = .01), or with ADT use (AHR, 0.71; 95% CI, 0.58-0.90; P = .004). However, a combination of WPRT and ADT did not further improve ACM compared with either WPRT alone or PSVRT with ADT. Moreover, there was a significant interaction between the radiotherapeutic treatment volume and ADT (AHR, 1.61; 95% CI, 1.004-2.58; P = .048). CONCLUSION: Treatment with WPRT or short-course ADT is associated with a decreased risk of ACM, although a combination of the two does not yield greater benefit. This observation suggests a shared mechanism for this risk reduction, which we hypothesize to be via the treatment of micrometastatic disease within the pelvic lymph nodes.",Clin Genitourin Cancer,2015,13,555-61,doi: 10.1016/j.clgc.2015.04.010. Epub 2015 May 1,https://www.ncbi.nlm.nih.gov/pubmed/26003267,,negative,0,2015.0
31708350,Single-Dose Focal Salvage High Dose Rate Brachytherapy for Locally Recurrent Prostate Cancer,Chitmanee P,"AIMS: To evaluate focal high dose rate (HDR) brachytherapy in locally recurrent prostate cancer. MATERIALS AND METHODS: Patients with biochemical relapse after non-surgical primary treatment for localised prostate cancer were selected after a negative screen for metastatic disease. Template mapping biopsies combined with multiparametric magnetic resonance imaging were used to identify the location of the tumour and the focal clinical target volume. The planning aim dose prescription was 19 Gy. Outcome measures were biochemical relapse-free survival and toxicity using International Prostate Symptom Score and Common Terminology Criteria for Adverse Events (version 4.0) scores. RESULTS: Between March 2013 and December 2018, 50 patients underwent salvage HDR brachytherapy. The median follow-up was 21 months (range 1-53). Biochemical progression-free survival at 2 and 3 years was 63% and 46%, respectively. On multivariate analysis, only prostate-specific antigen nadir ≤0.5 ng/ml post-salvage (P = 0.03, hazard ratio 0.04) was associated with biochemical progression-free survival. Relapse was associated with distant metastases in 11/13 patients in whom this was investigated. Late grade 3 genitourinary toxicities were gross haematuria (three patients), severe lower urinary tract symptoms (two patients), erectile dysfunction (one patient) and urethral stricture requiring surgery (four patients). No acute and late grade 4 or 5 genitourinary and no grade 3 or higher gastrointestinal toxicities were recorded. CONCLUSIONS: Focal salvage HDR monotherapy achieves biochemical control in 46% of patients at 3 years with acceptable toxicity rates in selected patients. Biochemical relapse was related to a post-salvage prostate-specific antigen nadir of ≥0.5 ng/ml. Long-term outcomes are needed to assess the impact on the natural history of prostate cancer in these patients.",Clin Oncol (R Coll Radiol),2020,32,259-265,doi: 10.1016/j.clon.2019.10.008. Epub 2019 Nov 7,https://www.ncbi.nlm.nih.gov/pubmed/31708350,,negative,0,2020.0
23914263,Oncologic outcomes following radical prostatectomy in the active surveillance era.,Louis AS,"OBJECTIVE: In this study, we examine the oncologic outcomes of men with low, intermediate and high preoperative risk for prostate cancer treated with radical prostatectomy prior to and during the active surveillance era. METHODS: We analyzed records from patients who underwent radical prostatectomy at our Canadian tertiary care facility from 2000 to 2012. Patients were stratified by D'Amico preoperative risk category and by year of treatment. Biochemical recurrence-free survival was estimated using the Kaplan-Meier method. RESULTS: We included 2643 consecutive patients in our analysis. The proportion of men with low-risk disease undergoing radical prostatectomy decreased from 2007 onwards coincident with the implementation of an active surveillance strategy in our institution. Men with low-risk and high-risk disease showed significantly worse biochemical outcomes from 2007 to 2012 compared to 2000 to 2006 (p < 0.05), while men with intermediate-risk prostate cancer showed no significant differences (p = 0.27). Within the low-risk cohort, the later treatment group displayed significantly lower age, pre-treatment prostate specific antigen and tumour volume and significantly higher testosterone and body mass index. CONCLUSIONS: The time period corresponding with the implementation of active surveillance at our institution corresponded with significant deterioration of biochemical outcomes in the low- and high-risk groups. This suggests that the men with most favourable disease deferred treatment, whereas men with worse preoperative disease characteristics were increasingly treated with radical prostatectomy in the past 6 years perhaps to their benefit.",Can Urol Assoc J,2013,7,E475-80,10.5489/cuaj.1404,https://www.ncbi.nlm.nih.gov/pubmed/23914263,LOW RISK,positive,1,
19307949,High dose rate and external beam radiotherapy in locally advanced prostate cancer.,Viani GA,"PURPOSE: To report the outcomes and toxicity of high dose rate brachytherapy as a boost for localized prostate cancer. MATERIALS AND METHODS: Between 1997 and 2000, the medical records of 131 patients with prostate adenocarcinoma who were treated with external beam radiation therapy and high dose rate brachytherapy, were retrospectively analyzed. Furthermore, 55% of the patients received neoadjuvant/concurrent or adjuvant androgen deprivation therapy. Patients were stratified into 2 groups. Group 1 included 65 patients with Gleason score 7, pretreatment prostate specific antigen (PSA) between 10 and 20 ng/mL, and clinical stage T2b. Group 2 included 66 patients with Gleason score between 8 and 10, PSA greater than 20 ng/mL, and clinical stage greater than T2b. RESULTS: At a median follow-up of 62.8 months, the 5-year biochemical control (BC) rate, as defined by the American Society for Therapeutic Radiology and Oncology Phoenix Consensus panel statement, was 81% and overall survival was 91%. BC in Groups 1 and 2 were 87% and 71%, respectively. On univariate analysis risk group, pretreatment PSA and age were significant predictors of BC. However, on multivariate analysis only pretreatment PSA was significant. Using the Radiation therapist oncology group criteria, there were 2 (1.5%) cases of grade 3 acute urinary toxicity. Regarding late side effects (n = 5), 4% of patients had grade 3 genitourinary toxicity and no grade 4 complication was observed. CONCLUSIONS: External beam radiation therapy and high dose rate brachytherapy for prostate cancer resulted in excellent BC, and overall survival with minimal severe, acute, or late complications.",Am J Clin Oncol,2009,32,187-90,10.1097/COC.0b013e3181841f78,https://www.ncbi.nlm.nih.gov/pubmed/19307949,,positive,1,
26768965,Radiotherapy Boost for the Dominant Intraprostatic Cancer Lesion-A Systematic Review and Meta-Analysis,von Eyben FE,"External beam radiotherapy (EBRT) for prostate cancer can be performed with a high dose of 86 Gy; however, one-tenth or more of the patients will develop recurrence. Prostate cancer is mainly multifocal, but a dominant intraprostatic lesion (DIL) is often the site of local recurrence after EBRT. We undertook a systematic review and meta-analysis to clarify whether functional imaging might identify the DIL and whether a RT boost to the DIL might be increased to an ultrahigh dose level of ≥ 90 Gy without increased toxicity. Of 62 selected studies, 13 reported the size of the DIL. The mean of the median DIL volumes was 2.4 cm(3) (95% confidence interval, 0.9-4.4 cm(3)). Eighteen diagnostic studies with 1205 patients evaluated the diagnostic accuracy using multiparametric magnetic resonance imaging for intraprostatic cancer lesions. Evaluating 14,654 prostate segments, the diagnostic accuracy was 77%. Eleven therapeutic studies with 988 patients reported a RT boost for the DIL. The summary boost dose for the DIL was a mean of 89 Gy in 5 studies using intensity modulated RT (calculated as the equivalent dose in 2-Gy fractions) and a mean of 141 Gy in 4 studies using a combination of EBRT and brachytherapy (P = .018, t test). In 1 therapeutic study, 239 patients had a 98% 10-year disease-free survival rate. Many of our therapeutic studies used a boost dose to the DIL of > 90 Gy. The reported boost for DIL is effective and safe.",Clin Genitourin Cancer,2016,14,189-97,doi: 10.1016/j.clgc.2015.12.005. Epub 2015 Dec 17,https://www.ncbi.nlm.nih.gov/pubmed/26768965,,negative,0,2015.0
21571341,Risk of death from prostate cancer after radical prostatectomy or brachytherapy in men with low or intermediate risk disease.,Arvold ND,"PURPOSE: Radical prostatectomy and brachytherapy are widely used treatments for favorable risk prostate cancer. We estimated the risk of prostate cancer specific mortality following radical prostatectomy or brachytherapy in men with low or intermediate risk prostate cancer using prospectively collected data. MATERIALS AND METHODS: The study cohort comprised 5,760 men with low risk prostate cancer (prostate specific antigen 10 ng/ml or less, clinical category T1c or 2a and Gleason score 6 or less), and 3,079 with intermediate risk prostate cancer (prostate specific antigen 10 to 20 ng/ml, clinical category T2b or T2c, or Gleason score 7). Competing risks multivariable regression was performed to assess the risk of prostate cancer specific mortality after radical prostatectomy or brachytherapy, adjusting for age, year of treatment, cardiovascular comorbidity and known prostate cancer prognostic factors. RESULTS: After a median followup of 4.2 years (IQR 2.0-7.4) for low risk and 4.8 years (IQR 2.2-8.1) for intermediate risk men, there was no significant difference in the risk of prostate cancer specific mortality among low risk (adjusted hazard ratio 1.62, 95% CI 0.59-4.45, p = 0.35) or intermediate risk men (AHR 2.30, 95% CI 0.95-5.58, p = 0.07) treated with brachytherapy compared with radical prostatectomy. The only factor associated with an increased risk of prostate cancer specific mortality (AHR 1.05, 95% CI 1.01-1.10, p = 0.03) was increasing age at treatment in intermediate risk men. CONCLUSIONS: The risk of prostate cancer specific mortality in men with low or intermediate risk prostate cancer was not significantly different following radical prostatectomy vs brachytherapy.",J Urol,2011,186,91-6,10.1016/j.juro.2011.03.003,https://www.ncbi.nlm.nih.gov/pubmed/21571341,,positive,1,
32215577,Outcomes of Observation vs Stereotactic Ablative Radiation for Oligometastatic Prostate Cancer: The ORIOLE Phase 2 Randomized Clinical Trial,Phillips R,"IMPORTANCE: Complete metastatic ablation of oligometastatic prostate cancer may provide an alternative to early initiation of androgen deprivation therapy (ADT). OBJECTIVE: To determine if stereotactic ablative radiotherapy (SABR) improves oncologic outcomes in men with oligometastatic prostate cancer. DESIGN, SETTING, AND PARTICIPANTS: The Observation vs Stereotactic Ablative Radiation for Oligometastatic Prostate Cancer (ORIOLE) phase 2 randomized study accrued participants from 3 US radiation treatment facilities affiliated with a university hospital from May 2016 to March 2018 with a data cutoff date of May 20, 2019, for analysis. Of 80 men screened, 54 men with recurrent hormone-sensitive prostate cancer and 1 to 3 metastases detectable by conventional imaging who had not received ADT within 6 months of enrollment or 3 or more years total were randomized. INTERVENTIONS: Patients were randomized in a 2:1 ratio to receive SABR or observation. MAIN OUTCOMES AND MEASURES: The primary outcome was progression at 6 months by prostate-specific antigen level increase, progression detected by conventional imaging, symptomatic progression, ADT initiation for any reason, or death. Predefined secondary outcomes were toxic effects of SABR, local control at 6 months with SABR, progression-free survival, Brief Pain Inventory (Short Form)-measured quality of life, and concordance between conventional imaging and prostate-specific membrane antigen (PSMA)-targeted positron emission tomography in the identification of metastatic disease. RESULTS: In the 54 men randomized, the median (range) age was 68 (61-70) years for patients allocated to SABR and 68 (64-76) years for those allocated to observation. Progression at 6 months occurred in 7 of 36 patients (19%) receiving SABR and 11 of 18 patients (61%) undergoing observation (P = .005). Treatment with SABR improved median progression-free survival (not reached vs 5.8 months; hazard ratio, 0.30; 95% CI, 0.11-0.81; P = .002). Total consolidation of PSMA radiotracer-avid disease decreased the risk of new lesions at 6 months (16% vs 63%; P = .006). No toxic effects of grade 3 or greater were observed. T-cell receptor sequencing identified significant increased clonotypic expansion following SABR and correlation between baseline clonality and progression with SABR only (0.082085 vs 0.026051; P = .03). CONCLUSIONS AND RELEVANCE: Treatment with SABR for oligometastatic prostate cancer improved outcomes and was enhanced by total consolidation of disease identified by PSMA-targeted positron emission tomography. SABR induced a systemic immune response, and baseline immune phenotype and tumor mutation status may predict the benefit from SABR. These results underline the importance of prospective randomized investigation of the oligometastatic state with integrated imaging and biological correlates. TRIAL REGISTRATION: ClinicalTrials.gov Identifier: NCT02680587.",JAMA Oncol,2020,1,,doi: 10.1001/jamaoncol.2020.0147,https://www.ncbi.nlm.nih.gov/pubmed/32215577,,negative,0,2020.0
15310996,"Cancer progression and survival rates following anatomical radical retropubic prostatectomy in 3,478 consecutive patients: long-term results.",Roehl KA,"PURPOSE: We updated a long-term cancer control outcome in a large anatomical radical retropubic prostatectomy (RRP) series. We also evaluated the perioperative parameters that predict cancer specific outcomes following surgery. MATERIALS AND METHODS: From May 1983 to February 2003, 1 surgeon (WJC) performed RRP in 3,478 consecutive men. Patients were followed with semiannual serum prostate specific antigen (PSA) tests and annual digital rectal examinations. We used Kaplan-Meier product limit estimates to calculate actuarial 10-year probabilities of biochemical progression-free survival, cancer specific survival and overall survival. Multivariate Cox proportional hazards models were used to determine independent perioperative predictors of cancer progression. RESULTS: At a mean followup of 65 months (range 0 to 233) actuarial 10-year biochemical progression-free, cancer specific and overall survival probabilities were 68%, 97% and 83%, respectively. On multivariate analysis biochemical progression-free survival probability was significantly associated with preoperative PSA, clinical tumor stage, Gleason sum, pathological stage and treatment era. Cancer specific survival and overall survival rates were also significantly associated with clinicopathological parameters. CONCLUSIONS: RRP can be performed with excellent survival outcomes. Favorable clinicopathological parameters and treatment in the PSA era are associated with improved cancer control.",J Urol,2004,172,910-4,10.1097/01.ju.0000134888.22332.bb,https://www.ncbi.nlm.nih.gov/pubmed/15310996,HIGH RISK,positive,1,
19464818,Salvage radiotherapy for rising prostate-specific antigen levels after radical prostatectomy for prostate cancer: dose-response analysis,Bernard JR Jr,"PURPOSE: To investigate the association between external beam radiotherapy (EBRT) dose and biochemical failure (BcF) of prostate cancer in patients who received salvage prostate bed EBRT for a rising prostate-specific antigen (PSA) level after radical prostatectomy. METHODS AND MATERIALS: We evaluated patients with a rising PSA level after prostatectomy who received salvage EBRT between July 1987 and October 2007. Patients receiving pre-EBRT androgen suppression were excluded. Cox proportional hazards models were used to investigate the association between EBRT dose and BcF. Dose was considered as a numeric variable and as a categoric variable (low, <64.8 Gy; moderate, 64.8-66.6 Gy; high, >66.6 Gy). RESULTS: A total of 364 men met study selection criteria and were followed up for a median of 6.0 years (range, 0.1-19.3 years). Median pre-EBRT PSA level was 0.6 ng/mL. The estimated cumulative rate of BcF at 5 years after EBRT was 50% overall and 57%, 46%, and 39% for the low-, moderate-, and high-dose groups, respectively. In multivariable analysis adjusting for potentially confounding variables, there was evidence of a linear trend between dose and BcF, with risk of BcF decreasing as dose increased (relative risk [RR], 0.77 [5.0-Gy increase]; p = 0.05). Compared with the low-dose group, there was evidence of a decreased risk of BcF for the high-dose group (RR, 0.60; p = 0.04), but no difference for the moderate-dose group (RR, 0.85; p = 0.41). CONCLUSIONS: Our results suggest a dose response for salvage EBRT. Doses higher than 66.6 Gy result in decreased risk of BcF.",Int J Radiat Oncol Biol Phys,2010,1,,doi: 10.1016/j.ijrobp.2009.02.049. Epub 2009 May 21,https://www.ncbi.nlm.nih.gov/pubmed/19464818,,negative,0,2010.0
29441697,Long-term outcomes of proton therapy for prostate cancer in Japan: a multi-institutional survey of the Japanese Radiation Oncology Study Group.,Iwata H,"This is the first multi-institutional retrospective survey of the long-term outcomes of proton therapy (PT) for prostate cancer in Japan. This retrospective analysis comprised prostate cancer patients treated with PT at seven centers between January 2008 and December 2011 and was approved by each Institutional Review Board. The NCCN classification was used. Biochemical relapse was based on the Phoenix definition (nadir + 2.0 ng/mL). Toxicities were evaluated with the Common Terminology Criteria for Adverse Events version 4.0. There were 215, 520, and 556 patients in the low-risk, intermediate-risk, and high-risk groups, respectively. The median follow-up period of surviving patients was 69 months (range: 7-107). Among all patients, 98.8% were treated using a conventional fractionation schedule and 1.2% with a hypofractionation schedule; 58.5% and 21.5% received neoadjuvant and adjuvant androgen deprivation therapy, respectively. The 5-year biochemical relapse-free survival (bRFS) and overall survival rates in the low-risk, intermediate-risk, and high-risk groups were 97.0%, 91.1%, and 83.1%, and 98.4%, 96.8%, and 95.2%, respectively. In the multivariate analysis, the NCCN classification was a significant prognostic factor for bRFS, but not overall survival. The incidence rates of grade 2 or more severe late gastrointestinal and genitourinary toxicities were 4.1% and 4.0%, retrospectively. This retrospective analysis of a multi-institutional survey suggested that PT is effective and well-tolerated for prostate cancer. Based on this result, a multi-institutional prospective clinical trial (UMIN000025453) on PT for prostate cancer has just been initiated in order to define its role in Japan.",Cancer Med,2018,7,677-689,10.1002/cam4.1350,https://www.ncbi.nlm.nih.gov/pubmed/29441697,,positive,1,
32249178,Cesium-131 prostate brachytherapy: A single institutional long-term experience.,Benoit RM,"AIMS: To report on the PSA outcomes in men undergoing prostate seed implant (PSI) with Cesium-131 at a single institution. MATERIALS AND METHODS: All patients who underwent prostate brachytherapy with Cesium-131 (<sup>131</sup>Cs) at our institution and had the potential for at least 24 months of follow up were included in this study. Results are reported for the by NCCN risk group (low, low/high-intermediate, and high), as well as by treatment received (monotherapy, combination external beam radiation + PSI, or trimodal therapy with androgen deprivation). The Phoenix definition (absolute nadir plus 2 ng/mL) was used to define biochemical freedom from disease (BFD). RESULTS: Eight hundred and six men have undergone prostate brachytherapy with Cesium-131 at our institution, and 669 men were included in analysis. Median follow up was 60.0 months (range: 0-144 months). According to NCCN risk categories, 29.9% were low-, 55.6% intermediate-, and 14.5% high-risk. Using the Phoenix criteria, 5/10-year BFD was 97.1/95.3% for patients in the low-risk category, 94.0/90.1% for patients in the intermediate-risk category, and 86.2/56.6% for patients in the high-risk category. PSA ≤0.2 ng/dL at 4 years was predictive of 10 year biochemical control: 96.3% vs 70.4%, p < 0.001. CONCLUSIONS: The present study demonstrates that prostate brachytherapy with <sup>131</sup>Cs achieves excellent long-term biochemical control.",Brachytherapy,2020,19,298-304,10.1016/j.brachy.2020.02.006,https://www.ncbi.nlm.nih.gov/pubmed/32249178,,positive,1,
26458959,Focal irreversible electroporation for prostate cancer: functional outcomes and short-term oncological control,Ting F,"BACKGROUND: Current data on the use of irreversible electroporation (IRE) in the treatment of prostate cancer (PCa) is limited. We aim to evaluate the safety, short-term functional and oncological outcomes of focal IRE in low-intermediate risk PCa. METHODS: Between February 2013 and May 2014, 32 consecutive men underwent IRE at a single centre. Patients with low-intermediate risk PCa who had not received previous PCa treatment were included for analysis. The tumour was ablated using 3-6 electrodes, ensuring a minimum 5-mm safety margin around the visible magnetic resonance imaging (MRI) lesion. Follow-up included recording Clavien complications, Expanded Prostate Cancer Index Composite (EPIC) questionnaires (baseline, 1.5, 3, 6 months), 6-month multi-parametric MRI (mp-MRI) and 7-month biopsy. Findings on mp-MRI and biopsy were sub-divided into infield, adjacent or outfield of the treatment zone. RESULTS: Twenty-five men were included for final analysis. Safety follow-up revealed one Clavien Grade 3 complication and five Grade 1 complications. Functional follow-up confirmed no significant change in American Urological Association urinary symptom score, sexual or bowel function. Infield, there were no suspicious findings on mp-MRI (n=24) or biopsy (n=21) in all patients. Adjacent to the treatment zone, five (21%) had suspicious findings on mp-MRI with four (19%) proving to be significant on biopsy. Outfield, there were two (8%) with suspicious findings on mp-MRI and one (5%) significant finding on biopsy. For the five patients with significant findings on follow-up biopsy, one is awaiting repeat IRE, one had radical prostatectomy and three remained on active surveillance. CONCLUSIONS: In selected patients with low-intermediate risk PCa, focal IRE appears to be safe with minimal morbidity. There were no infield recurrences and 76% of patients were histologically free of significant cancer at 8 months. Almost all recurrences were adjacent to the treatment zone, and this was addressed by widening the treatment margins.",Prostate Cancer Prostatic Dis,2016,19,46-52,doi: 10.1038/pcan.2015.47. Epub 2015 Oct 13,https://www.ncbi.nlm.nih.gov/pubmed/26458959,,negative,0,2015.0
19553031,Whole-pelvis radiotherapy in combination with interstitial brachytherapy: does coverage of the pelvic lymph nodes improve treatment outcome in high-risk prostate cancer?,Bittner N,"PURPOSE: To compare biochemical progression-free survival (bPFS), cause-specific survival (CSS), and overall survival (OS) rates among high-risk prostate cancer patients treated with brachytherapy and supplemental external beam radiation (EBRT) using either a mini-pelvis (MP) or a whole-pelvis (WP) field. METHODS AND MATERIALS: From May 1995 to October 2005, 186 high-risk prostate cancer patients were treated with brachytherapy and EBRT with or without androgen-deprivation therapy (ADT). High-risk prostate cancer was defined as a Gleason score of > or =8 and/or a prostate-specific antigen (PSA) concentration of > or =20 ng/ml. RESULTS: With a median follow-up of 6.7 years, the 10-year bPFS, CSS, and OS rates for the WP vs. the MP arms were 91.7% vs. 84.4% (p = 0.126), 95.5% vs. 92.6% (p = 0.515), and 79.5% vs. 67.1% (p = 0.721), respectively. Among those patients who received ADT, the 10-year bPFS, CSS, and OS rates for the WP vs. the MP arms were 93.6% vs. 90.1% (p = 0.413), 94.2% vs. 96.0% (p = 0.927), and 73.7% vs. 70.2% (p = 0.030), respectively. Among those patients who did not receive ADT, the 10-year bPFS, CSS, and OS rates for the WP vs. the MP arms were 82.4% vs. 75.0% (p = 0.639), 100% vs. 88% (p = 0.198), and 87.5% vs. 58.8% (p = 0.030), respectively. Based on multivariate analysis, none of the evaluated parameters predicted for CSS, while bPFS was best predicted by ADT and percent positive biopsy results. OS was best predicted by age and percent positive biopsy results. CONCLUSIONS: For high-risk prostate cancer patients receiving brachytherapy, there is a nonsignificant trend toward improved bPFS, CSS, and OS rates when brachytherapy is given with WPRT. This trend is most apparent among ADT-naïve patients, for whom a significant improvement in OS was observed.",Int J Radiat Oncol Biol Phys,2010,76,1078-84,10.1016/j.ijrobp.2009.02.069,https://www.ncbi.nlm.nih.gov/pubmed/19553031,HIGH RISK,positive,1,
25286905,Results of a cohort of 200 hormone-naïve consecutive patients with prostate cancer treated with iodine 125 permanent interstitial brachytherapy by the same multidisciplinary team.,Bolla M,"PURPOSE: To report survival and morbidity of a cohort of 200 hormone-naïve consecutive patients with localized prostate cancer, treated by low-dose rate brachytherapy within the frame of multidisciplinary approach. PATIENTS AND METHODS: Between 2001 and 2011, 200 patients were treated by the same team with 125 iodine seeds: 167 low-risk and 33 intermediate risk according to the d'Amico classification; eligible patients had clinical stage T1/T2a-b, Gleason score 3+3 or 3+4, baseline prostate-specific antigen level below 15ng/mL, prostate volume less than 60cm(3). The median number of random biopsies was 12 (range 6-32) and the breakdown of positive cores was as follows: 1 (29%), 2 (35%), 3 or more (36%). Acute morbidity was assessed according to the Common Terminology Criteria for Adverse Events and late toxicity according to the EORTC/RTOG scale. Data were prospectively collected. RESULTS: The median follow-up was 69 months (range 16 to 135). The 5- and 10-year biochemical relapse free survivals were 95.6% (95% confidence interval [CI]: 91-98) and 89.7% (95% CI: 79.4-95.0). The 5-year and 10-year overall survival were respectively 96.4% (95% CI: 92-98.4) and 89.7% (95% CI: 80.8-94.6%) and the 10-year disease specific survival, 99.1% (95% CI: 93.0-99.9). The 5- and 10-year grade 3 acute toxicity cumulative rate were respectively 3.3% (95% CI: 1.4-6.6) and 4% (95% CI: 1.4-6.6) and the 5- and 10-year grades 3 cumulative late toxicity 2.5% (95% CI: 2.0-5.9) and 4% (95% CI: 2.0-5.9). CONCLUSION: Brachytherapy managed within the frame of a multidisciplinary approach - from diagnosis to evaluation - may offer optimized results with a reduced late toxicity rate, while remaining opened to dosimetry and technical improvements.",Cancer Radiother,2014,18,643-8,10.1016/j.canrad.2014.05.014,https://www.ncbi.nlm.nih.gov/pubmed/25286905,,positive,1,
32402143,Transvesical robot-assisted radical prostatectomy: initial experience and surgical outcomes,Zhou X,"OBJECTIVES: To describe in detail the techniques for transvesical robot-assisted radical prostatectomy (RARP) using the da Vinci Si/Xi system (Intuitive Surgical, Sunnyvale, CA, USA) and to evaluate functional and oncological outcomes in 35 patients with prostate cancer. PATIENTS AND METHODS: Thirty-five patients with localized prostate cancer were enrolled for transvesical RARP. The patients' preoperative data (mean ± sd age 63.4 ± 8.1 years, body mass index 28.6 ± 5.3 kg/m<sup>2</sup> , total prostate-specific antigen 10.8 ± 4.9 ng/mL and prostate volume 30.6 ± 14.4 mL, and median [interquartile range {IQR}] biopsy Gleason score 6 [6-7], and International Index of Erectile Function [IIEF]-5 score 18 [16-20]) were collected. Preoperative assessment revealed 28 cases of cT2a and seven cases of cT2b disease. All patients were continent preoperatively (defined as no pad required or one dry pad per day as a precaution). Surgical results and peri-operative complications were assessed. All patients were followed up for at least 12 months postoperatively. RESULTS: The mean operating time was 150 ± 35 min. Estimated blood loss was 100 ± 45 mL. Urinary infection was noted in one patient and managed with levofloxacin. Another patient complained of nocturia on postoperative day 14, which was relieved with solifenacin succinate. Urethral catheters were removed on postoperative day 7. Thirty-two patients achieved immediate urinary continence, with three patients returning to full continence on postoperative day 14. Postoperative pathology confirmed 24 pT2a cases, nine pT2b cases and two pT2c cases (median [IQR] Gleason score 6 [6-7]). Positive surgical margins were found in four patients (11.4%). No urethral stricture or urinary leakage was noted on urethrocystography taken 3 months after surgery. Urodynamic studies were performed preoperatively and 6 months after surgery: median (IQR) maximum urinary flow 12.2 (10.2-14.9) vs 13.7 (10.1-15.0) mL/s; bladder capacity 385.3 (351.3-410.2) vs 370.2 (330.1-395.4) mL; and voiding phase detrusor contractility 38.5 (27.8-42.3) vs 35.6 (28.3-41.3) mmH<sub>2</sub> O, respectively. During a minimum of 12 months of follow-up, no biochemical recurrence was noted in any patient. The median (IQR) IIEF-5 score was 17 (16-19). CONCLUSIONS: The transvesical approach is a valid alternative to RARP in selected patients, providing promising postoperative urinary continence. Long-term functional and oncological results require further investigation.",BJU Int,2020,126,300-308,doi: 10.1111/bju.15111. Epub 2020 Jun 1,https://www.ncbi.nlm.nih.gov/pubmed/32402143,,negative,0,2020.0
23664646,"Long-term outcome for prostate cancer using pseudo pulse-dosed rate brachytherapy, external beam radiotherapy, and hormones.",Izard MA,"PURPOSE: We report the long-term outcomes of pulse-dose rate (PDR) brachytherapy used in a nonstandard style (pseudo-PDR) with an high-dose rate brachytherapy technique in conjunction with external beam radiotherapy (EBRT) and hormonal manipulation on prostate cancer (PC). METHODS AND MATERIALS: We treated 253 patients with Stage T1-T3 N0M0 PC, between December 1999 and March 2006. All patients received neoadjuvant androgen deprivation for a median 6 months. Treatment consisted of three pulses of pseudo-PDR brachytherapy to a median dose of 18Gy with 50.4Gy in 28 fractions of EBRT. RESULTS: At a median 6 years followup, (range, 1-11 years), 5-year overall survival was 92%, and PC-specific survival was 96%. The 5-year biochemical control (biochemical no evidence of disease) by the Phoenix definition for low-, intermediate-, and high-risk groups was 95%, 90%, and 71%, respectively (p<0.00001). At 6 years, the incidence of Radiotherapy Oncology Group Grade 2 and 3 genitourinary toxicity was 1% and 6%; Radiotherapy Oncology Group Grade 2 and 3 gastrointestinal toxicity was 4% and 0%. Erectile preservation at 3 years was 58%. The Phoenix definition best predicted clinical failure with a high specificity (94%). CONCLUSIONS: Pseudo-PDR brachytherapy plus EBRT with limited neoadjuvant hormonal manipulation is an effective treatment option in localized PC, with minimal and tolerable morbidity and provides excellent control. This technique of a modified PDR-delivery technique appears as effective as high-dose rate therapy.",Brachytherapy,2013,12,608-14,10.1016/j.brachy.2013.04.004,https://www.ncbi.nlm.nih.gov/pubmed/23664646,INTERMEDIATE RISK,positive,1,
19168203,Population-based study of biochemical and survival outcomes after permanent 125I brachytherapy for low- and intermediate-risk prostate cancer.,Morris WJ,"OBJECTIVES: To analyze the biochemical and survival outcomes after permanent low-dose-rate prostate brachytherapy in a large, consecutive, population-based cohort of patients. METHODS: A total of 1006 consecutive implants were performed from July 20, 1998 to October 23, 2003 for men with low-risk and ""low-tier"" intermediate-risk prostate cancer. The prescribed minimal peripheral dose was 144 Gy, using 0.33 mCi (125)I sources and a preplan technique with a strong posterior-peripheral dose bias. Most patients (65%) had received 6 months of androgen deprivation therapy. Supplemental external beam radiotherapy was not used. The prognostic features, dose metrics, and follow-up data were prospectively collected. Kaplan-Meier and Cox regression analyses were used to assess the factors associated with freedom from biochemical recurrence and survival. RESULTS: The median patient age at treatment was 66 years. The median follow-up was 54 months for biochemical outcomes and 66 months for survival. The actuarial freedom from biochemical recurrence rate was 95.6% +/- 1.6% at 5 years and 94.0% +/- 2.2% at 7 years. On multivariate analysis, the pretreatment prostate-specific antigen level (P = .03) and androgen deprivation therapy use (P = .04) were predictive of the freedom from biochemical recurrence. The actuarial rates of distant metastasis and disease-specific death at 5 years were both <1%. The overall survival rate at 5 years was 95.2% +/- 1.4% and was 93.4% +/- 1.8% at 7 years. On multivariate analysis, only age was predictive of overall survival (P = .011). CONCLUSIONS: When consistently planned and delivered, low-dose-rate brachytherapy, without supplemental external beam radiotherapy or intraoperative planning, can produce cancer-specific outcomes for men with low- and ""low-tier"" intermediate-risk prostate cancer at least equal to that produced by dose-escalated external beam radiotherapy or surgical prostatectomy.",Urology,2009,73,860-5; discussion 865-7,10.1016/j.urology.2008.07.064,https://www.ncbi.nlm.nih.gov/pubmed/19168203,LOW RISK,positive,1,
23552872,Radical radiotherapy in high-risk prostate cancer patients with high or ultra-high initial PSA levels: a single institution analysis.,Guarneri A,"PURPOSE: Purpose of this study is to analyze outcomes and pre-treatment prognostic factors in high-risk prostate cancer patients with initial PSA ≥ 20 ng/mL, treated with high-dose external beam radiotherapy (EBRT) and androgen deprivation therapy (ADT) in a single institution. METHODS: Between March 2003 and December 2011, 155 consecutive high-risk prostate cancer patients (a) presenting with pre-treatment PSA level ≥ 20 ng/mL, (b) treated with definitive EBRT, and (c) with a minimum follow-up of 24 months were included in this retrospective analysis. Phoenix definition was used to define biochemical control. Primary endpoints were as follows: biochemical disease-free survival (bDFS), distant metastasis-free survival (DMFS), cancer-specific survival (CSS) and overall survival (OS). Multivariate analysis was performed to determine the independent prognostic impact of pre-treatment clinical factors [T stage, PSA, and Gleason score (GS)]. RESULTS: At a median follow-up time of 62 months, actuarial bDFS, DMFS, CSS, and OS at 5 years were 64.8, 85.2, 95.8, and 94.4 %, respectively. On multivariate analysis, only GS was significantly associated with three clinical endpoints (bDFS: HR 1.6; p = 0.022, CSS: HR 4.27, p = 0.044, OS: HR 2.6; p = 0.038). Pre-treatment zenith PSA was associated only with bDFS (HR 1.87; p = 0.027). CONCLUSIONS: Patients with ""high"" PSA levels (≥ 20 ng/mL) showed favorable clinical outcomes, supporting the role of local radiotherapy as primary therapy in combination with long-term ADT in patients with high PSA levels at diagnosis. A GS of 8-10 is the strongest predictor of outcome.",J Cancer Res Clin Oncol,2013,139,1141-7,10.1007/s00432-013-1426-0,https://www.ncbi.nlm.nih.gov/pubmed/23552872,HIGH RISK,positive,1,
17084558,Multi-institutional analysis of long-term outcome for stages T1-T2 prostate cancer treated with permanent seed implantation.,Zelefsky MJ,"PURPOSE: To assess long-term prostate-specific antigen (PSA) outcome after permanent prostate brachytherapy (BT) and identify predictors of improved disease-free survival. METHODS AND MATERIALS: Eleven institutions combined data on 2,693 patients treated with permanent interstitial BT monotherapy for T1-T2 prostate cancer. Of these patients, 1,831 (68%) were treated with I-125 (median dose, 144 Gy) and 862 (32%) were treated with Pd-103 (median dose, 130 Gy). Criteria for inclusion were: available pre-BT PSA, BT > or =5 years before data submission, BT between 1988-1998, and no androgen deprivation before failure. The median follow-up was 63 months. RESULTS: Among patients where the I-125 dose to 90% of the prostate (D90) was > or =130 Gy, the 8-year PSA relapse-free survival (PRFS) was 93% compared with 76% for those with lower D90 dose levels (p < 0.001). A multivariable analysis identified tumor stage (p = 0.002), Gleason score (p < 0.001), pretreatment PSA level (p < 0.001), treatment year (p = 0.001), and the isotope used (p = 0.004) as pretreatment and treatment variables associated with PRFS. When restricted to patients with available postimplantation dosimetric information, D90 emerged as a significant predictor of biochemical outcome (p = 0.01), and isotope was not significant. The 8-year PRFS was 92%, 86%, 79%, and 67%, respectively, for patients with PSA nadir values of 0-0.49, 0.5-0.99, 1.0-1.99, and >2.0 ng/mL (p < 0.001). Among patients free of biochemical relapse at 8 years, the median nadir level was 0.1 ng/mL, and 90% of these patients achieved a nadir PSA level <0.6 ng/mL. CONCLUSIONS: Outcome after permanent BT for prostatic cancer relates to tumor stage, Gleason score, pretreatment PSA, BT year, and post-BT dosimetric quality. PSA nadir < or =0.5 ng/mL was particularly associated with durable long-term PSA disease-free survival. The only controllable factor to impact on long-term outcome was the D90 which is a reflection of implant quality.",Int J Radiat Oncol Biol Phys,2007,67,327-33,10.1016/j.ijrobp.2006.08.056,https://www.ncbi.nlm.nih.gov/pubmed/17084558,INTERMEDIATE RISK,positive,1,
31411996,Nonsurgical Salvage Local Therapies for Radiorecurrent Prostate Cancer: A Systematic Review and Meta-analysis,Ingrosso G,"CONTEXT: Different nonsurgical therapeutic strategies can be adopted for intraprostatic relapse of prostate cancer after primary radiotherapy, including re-irradiation (with brachytherapy [BT] or external beam radiotherapy [EBRT]), high-intensity focused ultrasound (HIFU), and cryotherapy. The main issues to consider when choosing nonsurgical salvage local therapies are local tumor control and significant genitourinary toxicity. OBJECTIVE: To conduct a systematic review and meta-analysis of the role of nonsurgical salvage modalities in patients with radiorecurrent prostate cancer and associated clinical outcomes and toxicity profiles. EVIDENCE ACQUISITION: We performed a critical review of the Medline, Scopus, and ClinicalKey databases from January 1, 2000 through February 1, 2018 according to the Preferred Reporting Items and Meta-Analyses statement. To assess the overall quality of the literature reviewed, we used a modified Delphi tool for case-series studies. EVIDENCE SYNTHESIS: A total of 64 case-series studies were included, corresponding to a cohort of 5585 patients. The modified Delphi checklist evidenced high methodological quality overall (mean quality score of 80.6%). Biochemical control rates were lowest for patients treated with HIFU (58%, 95% confidence interval [CI] 47-68%) and highest for patients treated with BT (69%, 95% CI 62-76%) and EBRT (69%, 95% CI 53-83%). The lowest prevalence of incontinence was for patients treated with BT (3%, 95% CI 0-6%; I<sup>2</sup>=63.4%) and the highest was among patients treated with HIFU (28%, 95% CI 19-38%; I<sup>2</sup>=89.7%). CONCLUSIONS: Nonsurgical therapeutic options, especially BT, showed good outcomes in terms of biochemical control and tolerability in the local recurrence setting. PATIENT SUMMARY: The current analysis demonstrated that nonsurgical salvage local therapies offer a chance of a curative local approach in radiorecurrent prostate cancer. However, high-quality data from prospective trials are needed to validate long-term outcomes from nonsurgical strategies for the treatment of intraprostatic recurrence after previous radiotherapy.",Eur Urol Oncol,2020,3,183-197,doi: 10.1016/j.euo.2018.12.011. Epub 2019 Jan 24,https://www.ncbi.nlm.nih.gov/pubmed/31411996,,negative,0,2020.0
20005453,Outcomes following iodine-125 monotherapy for localized prostate cancer: the results of leeds 10-year single-center brachytherapy experience,Henry AM,"PURPOSE: This study reports the 10-year experience of permanent brachytherapy monotherapy at a single UK center. METHODS AND MATERIALS: Between March 1995 and September 2004, 1,298 patients underwent trans-rectal ultrasound (TRUS) planned transperineal brachytherapy delivering 145 Gy using I-125. No patient received supplemental external beam; 44.2% received neoadjuvant hormones. In 688, CT postimplant dosimetry was available. Outcome data were analyzed in terms of overall survival (OS), disease specific survival (DSS), and PSA relapse-free survival (PSA-RFS). RESULTS: The mean age was 62.9 (range, 34-83) years. Median follow-up was 4.9 years (range, 2.03-11.7 years). OS and DSS were 85% and 95%, respectively, at 10 years. Twenty-one patients died from prostate cancer (1.6%) and 34 (2.5%) from unrelated causes. Seventy-four (5.7%) developed evidence of clinical failure. Overall PSA-RFS was 79.9% and 72.1% at 10 years (American Society for Therapeutic Radiology and Oncology [ASTRO] and Nadir+2 definitions, respectively). Higher presenting PSA or Gleason score and use of neoadjuvant hormones were associated with an increased risk of biochemical failure (p <0.01). Biochemical control was achieved in 86.4%, 76.7%, and 60.6% (ASTRO) and 72.3%, 73.5%, and 57.6% (Nadir+2) of patients in low-, intermediate-, and high-risk groups, respectively. Biochemical control was achieved in 88% of patients with D(90) > or =140 Gy and in 78% of patients with D(90) <140 Gy (p <0.01). CONCLUSIONS: I-125 brachytherapy alone achieved excellent rates of medium-term biochemical control in both low- and selected intermediate-risk localized prostate cancer patients. Postimplant dosimetry improved with experience and longer follow-up, confirming the relationship of D(90) with biochemical control.",Int J Radiat Oncol Biol Phys,2010,1,,doi: 10.1016/j.ijrobp.2009.01.050,https://www.ncbi.nlm.nih.gov/pubmed/20005453,,negative,0,2010.0
32001198,The impact of very high initial PSA on oncological outcomes after radical prostatectomy for clinically localized prostate cancer,Tilki D,"BACKGROUND: To analyze oncological outcomes of very high-risk patients with initial PSA 50-99.9 and ≥100 ng/ml who underwent radical prostatectomy (RP) for clinically localized prostate cancer. METHODS: Overall, 2,811 RP patients (1992-2018) with negative preoperative CT-scan and bone scintigraphy were included. The impact of preoperative PSA level, categorized as 20-49.9 (n = 2,195) vs. 50-99.9 (n = 454) vs. ≥100 ng/ml (n = 162) on biochemical recurrence (BCR)-free survival, metastasis-free survival (MFS) and cancer-specific survival (CSS) was assessed using Kaplan-Meier and multivariable Cox regression models. RESULTS: Median follow-up was 47.5 months. Ten-year BCR-free survival rates were 46.9 vs. 32.1 vs. 29.0% within PSA-categories 20-49.9 vs. 50-99.9 vs. ≥100 ng/ml, respectively (P < 0.001). Ten-year MFS rates were 78.4 vs. 67.2 vs. 37.3% within PSA-categories 20-49.9 vs. 50-99.9 vs. ≥100 ng/ml (P < 0.001). 10-year CSS rates were 93.7 vs. 85.5 vs. 66.7% within PSA-categories 20-49.9 vs. 50-99.9 vs. ≥100 ng/ml (P < 0.001). In multivariable analyses, PSA-categories 50-99.9 ng/ml and ≥100 ng/ml were independently predicting higher risk of BCR (hazard ratio [HR]: 1.3 and 1.4), metastatic progression (HR: 1.4 and 2.3), and cancer-specific mortality (CSM, HR: 1.9 and 3.4) compared with PSA-category 20-49.9 ng/ml. CONCLUSION: Initial PSA levels ≥50 ng/ml are associated with higher risk of BCR, metastatic progression, and CSM compared with high-risk patients with PSA of 20-49.9 ng/ml. In consequence, these patients may be counseled about a potentially increased risk of undetected metastases prior to RP possibly necessitating intensified multimodal treatments in the future.",Urol Oncol,2020,38,379-385,doi: 10.1016/j.urolonc.2019.12.027. Epub 2020 Jan 27,https://www.ncbi.nlm.nih.gov/pubmed/32001198,,negative,0,2020.0
16144663,PSA outcome following radical prostatectomy for patients with localized prostate cancer stratified by prostatectomy findings and the preoperative PSA level,McAleer SJ,"PURPOSE: Algorithms have been developed to predict time to biochemical failure (BF) following radical prostatectomy (RP) for patients with clinically localized prostate cancer. The purpose of this study was to validate an algorithm based on prostatectomy findings and to evaluate whether the preoperative serum prostate specific antigen (PSA) enhances the predictive ability of the algorithm. MATERIALS AND METHODS: Between 1988 and 2002, 2417 patients underwent RP for clinically localized prostate cancer at one of 2 large university hospitals. Patients were retrospectively stratified into 4 risk groups based upon prostatectomy grade, stage, and margin status, and were then dichotomized by the preoperative PSA level (cut point 10 ng/mL). Cox regression multivariable analyses were performed to evaluate the ability of the risk group and preoperative PSA level to predict time to BF (PSA more than 0.2 ng/mL) following RP. RESULTS: The preoperative PSA level (P < 0.0001) and risk group (P < 0.0001) were significant predictors of time to BF following RP. Estimates of the BF rates 7 years following RP were 13%, 30%, 51%, and 72% for groups 1-4, respectively (pairwise P values <or=0.0002). Further stratification within each risk group using the preoperative PSA level with a cut point at 10 ng/mL revealed BF rates of 8% versus 35%, 25% versus 54%, 31% versus 73%, and 63% versus 86% for risk groups 1-4, respectively (all P values <0.0001). CONCLUSIONS: An algorithm to predict BF based on prostatectomy findings has been validated, and the addition of the preoperative PSA level improved its ability to identify high risk patients who may benefit from entry into adjuvant treatment trials.",Urol Oncol,2005,,-,doi: 10.1016/j.urolonc.2004.12.013,https://www.ncbi.nlm.nih.gov/pubmed/16144663,,negative,0,2005.0
23103235,25-Year disease-free survival rate after irradiation for prostate cancer calculated with the prostate specific antigen definition of recurrence used for radical prostatectomy.,Critz FA,"PURPOSE: We addressed whether there is durable control of prostate cancer, defined as a prostate specific antigen cutoff of less than 0.2 ng/ml, greater than 20 years after irradiation for this disease. We also evaluated late recurrence, defined as recurrence after 10-year followup. MATERIALS AND METHODS: A total of 3,546 consecutive hormone naïve men were treated with a (125)I prostate implant (retropubic and later transperineal), followed by external beam irradiation, from 1984 to 2000. Recurrence was defined as a prostate specific antigen increase of greater than 0.20 ng/ml or a prostate specific antigen nadir of greater than 0.20 ng/ml. Median followup was 11 years (range 3 months to 26 years). RESULTS: In all men 10, 15, 20 and 25-year disease-free survival rates were 75%, 73%, 73% and 73%, respectively. Longest time to recurrence was at the 15.5-year followup. In 313 men with recurrence who were treated 16 to 25 years ago 5% of recurrences were late. In men implanted by the transperineal method since 1995 the 15-year disease-free survival rate was 79%. CONCLUSIONS: With this irradiation program cancer control, defined using the recurrence definition for radical prostatectomy, was durable with no further recurrence between 15.5 and 25 years of followup. This study also suggests that at least 15 years of followup are necessary to fully evaluate any prostate cancer treatment. Furthermore, if prostate specific antigen is less than 0.20 ng/ml 15 years after treatment, later recurrence should be unlikely.",J Urol,2013,189,878-83,10.1016/j.juro.2012.10.061,https://www.ncbi.nlm.nih.gov/pubmed/23103235,LOW RISK,positive,1,
28461982,The long-term outcomes of radical prostatectomy for very high-risk prostate cancer pT3b-T4 N0-1 on definitive histopathology.,Kliment J,"INTRODUCTION: The study aimed to assess long-term outcomes in patients with very high-risk prostate cancer (PCa) - pT3b-T4 N0-1 using the definitive histopathology following radical retropubic prostatectomy (RRP). MATERIAL AND METHODS: We have analyzed 114 patients with very high-risk PCa who underwent RRP between 1995 and 2012. Biochemical and clinical progression-free survival (BPFS, CPFS), cancer-specific and overall survival (CSS, OS) curves were constructed according to the Kaplan-Meier method. Univariate and multivariate Cox regression analysis was utilized to determine predictability of clinical and pathological parameters. RESULTS: At the 5 and 10 year mark, the BPFS was 71.3% and 35%, respectively; the CPFS was 86.8% and 69.2%, respectively; the CSS was 98% and 76.3%, respectively and the OS was 90.3% and 62.4%, respectively. Sixteen patients (14%) had lymph-node involvement. Positive surgical margins were present in 64 (56.1%) patients. Neo-adjuvant androgen deprivation therapy (ADT) was received by 22 (19.3%) patients. Adjuvant ADT alone or in combination with external radiotherapy was received by 59 (51.8%) patients. No adjuvant treatment was needed in 29 (25.4%) patients. In univariate and multivariate analysis, neo-adjuvant ADT was associated with an increased risk of BPFS and CPFS. CONCLUSIONS: Therapy applied in patients with very high-risk PCa was multimodal in most cases, with RP usually being the first step. The study confirmed that very high-risk PCa is a heterogeneous disease. A significant subset of patients remain without adjuvant therapy treatment.",Cent European J Urol,2017,70,13-19,10.5173/ceju.2017.897,https://www.ncbi.nlm.nih.gov/pubmed/28461982,,positive,1,
22831750,Clinical outcomes of high-dose-rate brachytherapy and external beam radiotherapy in the management of clinically localized prostate cancer.,Kotecha R,"PURPOSE: To report prostate-specific antigen (PSA) relapse-free survival and treatment-related toxicity outcomes after combining high-dose-rate (HDR) brachytherapy with external beam radiotherapy (EBRT) for patients with clinically localized prostate cancer. METHODS AND MATERIALS: Between 1998 and 2009, 229 patients were treated with HDR brachytherapy followed 3 weeks later by supplemental EBRT. The HDR brachytherapy boost consisted of three fractions of (192)Ir (5.5-7.5Gy per fraction), and EBRT consisted of intensity-modulated radiotherapy delivering an additional 45.0-50.4Gy directed to the prostate gland and seminal vesicles. Median follow-up was 61 months. RESULTS: Seven-year PSA relapse-free survival for low-, intermediate-, and high-risk patients were 95%, 90%, and 57%, respectively (p<0.001). Among high-risk patients treated with biological equivalent doses in excess of 190Gy, 7-year PSA relapse-free survival was 81%. In multivariate analysis, Gleason scores of ≥8 predicted for increased risk of biochemical failure, whereas the use of short-term neoadjuvant androgen deprivation therapy did not influence tumor-control outcomes even among intermediate- or high-risk patients. Seven-year incidence of distant metastases for low-, intermediate-, and high-risk patients were 5%, 3%, and 17%, respectively. Seven-year incidence of late Grade 2 and 3 genitourinary toxicities were 22.1% and 4.9%, respectively and the 7-year incidence of Grade 2 and 3 gastrointestinal toxicities were 1% and 0.4%, respectively. CONCLUSION: HDR prostate brachytherapy in conjunction with supplemental EBRT results in excellent biochemical relapse-free survival rates with a low incidence of severe late genitourinary or gastrointestinal toxicities. The use of short-term neoadjuvant androgen deprivation did not influence long-term biochemical tumor control in this cohort.",Brachytherapy,2013,12,44-9,10.1016/j.brachy.2012.05.003,https://www.ncbi.nlm.nih.gov/pubmed/22831750,INTERMEDIATE RISK,positive,1,
15850918,High-dose regions versus likelihood of cure after prostate brachytherapy,Wallner K,"PURPOSE: To analyze the effect of high-dose regions on biochemical cancer control rates after prostate brachytherapy. METHODS AND MATERIALS: Patients with 1997 American Joint Committee on Cancer clinical Stage T1c-T2a prostate carcinoma (Gleason grade 5-6, prostate-specific antigen level 4-10 ng/mL) were randomized to implantation with 125I (144 Gy) vs. 103Pd (125 Gy, National Institute of Standards and Technology 1999). Isotope implantation was performed by standard techniques, using a modified peripheral loading pattern. Of the 313 patients entered in the protocol, 270 were included in this analysis. The 125I source strength ranged from 0.4 to 0.89 mCi (median, 0.55 mCi), and the 103Pd source strength ranged from 1.3 to 1.6 mCi (median, 1.5 mCi). CT was performed within 4 h after implantation. The dosimetric parameters analyzed included the percentage of the postimplant prostate volume covered by the 100%, 150%, 200%, and 300% prescription dose (V100, V150, V200, and V300, respectively). The median time to the last follow-up for patients without failure was 2.7 years. Freedom from biochemical failure was defined as a serum prostate-specific antigen level of < or =0.5 ng/mL at last follow-up. Patients were censored at last follow-up if their serum prostate-specific antigen level was still decreasing. RESULTS: The mean V100, V150, V200, and V300 value was 90% (+/-8%), 63% (+/-14), 35% (+/-13%), and 14% (+/-7%), respectively. Patients with a V100 of > or =90% had a 3-year freedom from biochemical failure rate of 96% vs. 87% for those with a V100 of <90% (p=0.0029). Overall, patients with more high-dose regions had a greater chance of biochemical control. However, when only patients with a V100 of > or =90% were analyzed, no relationship was found between higher dose regions and the likelihood of cancer control. This lack of effect on biochemical control was apparent for both isotopes. CONCLUSION: High-dose regions do not appear to affect cancer control rates, as long as >90% of the prostate volume is covered by the prescription dose.",Int J Radiat Oncol Biol Phys,2005,1,,doi: 10.1016/j.ijrobp.2004.09.021,https://www.ncbi.nlm.nih.gov/pubmed/15850918,,negative,0,2005.0
23395456,Long-term outcomes of prostate cancer patients with Gleason pattern 5 treated with combined brachytherapy and external beam radiotherapy.,Taira AV,"PURPOSE: Recent reports have suggested relatively poor prognosis for prostate cancer patients with Gleason pattern 5 treated with dose-escalated external beam radiotherapy (XRT) and androgen deprivation therapy (ADT). We present the largest series of men with high-risk, Gleason pattern 5 prostate cancer treated with permanent interstitial brachytherapy and XRT. METHODS AND MATERIALS: Between April 1995 and December 2008, 329 consecutive patients with National Comprehensive Cancer Network high-risk disease were treated with permanent interstitial brachytherapy. Most received XRT and ADT. Median followup was 7.2 years. The cause of death was determined for each deceased patient. Multiple clinical, treatment, and dosimetric parameters were evaluated for impact on the evaluated survival parameters. RESULTS: At 10 years, biochemical progression-free survival, cause-specific survival (CSS), and overall survival for the group of high-risk patients as a whole was 91.1%, 95.5%, and 72.5%, respectively. There was no difference in biochemical progression-free survival between men with and without Gleason pattern 5 (89.7% vs. 91.8%; p=0.56). However, men with Gleason pattern 5 had lower prostate cancer CSS (90.3% vs. 98.1%; p=0.011). There was no difference in overall survival comparing men with and without Gleason pattern 5 disease (67.7% vs. 75.4%; p=0.14). CONCLUSIONS: Men with high-risk, Gleason pattern 5 histology treated with brachytherapy and XRT have excellent long-term outcomes, which compare favorably to dose-escalated XRT/ADT series without brachytherapy. Nonetheless, Gleason pattern 5 results in lower CSS than high-risk disease without Gleason pattern 5.",Brachytherapy,2013,12,408-14,10.1016/j.brachy.2012.08.004,https://www.ncbi.nlm.nih.gov/pubmed/23395456,HIGH RISK,positive,1,
25964594,Hypofractionated Dose Escalated 3D Conformal Radiotherapy for Prostate Cancer: Outcomes from a Mono-Institutional Phase II Study,Tramacere F,"BACKGROUND/AIM: Based on a radiobiological assumption of a low alpha/beta (α/β) ratio for prostate cancer, hypofractionated radiotherapy has increasingly gained traction in the clinical practice and recent guidelines have confirmed the non-inferiority of this approach. Nevertheless, the largest studies that have used hypofractionation so far, employed image-guided radiation therapy/intensity modulated radiation therapy (IGRT/IMRT) facilities that might have overcome the radiobiological advantages, which remain to be fully confirmed. The aim of this trial was to evaluate the feasibility of a hypofractionated schedule delivered with 3D-Conformal Radiotherapy to prostate and seminal vesicles in combination with hormonal therapy. PATIENTS AND METHODS: The study included 97 consecutive patients with localized prostate cancer (PCa), irrespective of risk class, treated with a schedule of 62 Gy in 20 fractions over 5 weeks (4 fractions of 3.1 Gy each per week). According to National Comprehensive Cancer Network (NCCN) prognostic classification, patients were divided into a favourable group (19%), intermediate group (41%) and unfavourable group (40%). Early and late toxicities were scored using the radiation toxicity grading/European Organisation for Research and Treatment of Cancer (RTOG/EORTC) criteria. Additionally, the international prostate symptom index (IPSS) for benign prostate hypertrophy was used to evaluate obstructive urinary symptoms. Biochemical outcome was reported according to the Phoenix definition for biochemical failure. Hormonal therapy (HT) was administrated in 92% of patients. RESULTS: After a median follow-up of 39 months (range=25-52), maximum ≥G2 late genitourinary (GU) and gastrointestinal (GI) toxicities occurred in 8% and 11% patients, respectively. The corresponding figures for acute toxicities were 24% and 15%. Patients with higher IPSS score before enrolment had significantly worse urinary function after treatment. Only 2% of patients died from PCa. Biochemical non-evidence of disease (bNED) was 83% for all patients. CONCLUSION: Our study confirms that 3D conformal radiotherapy (3DCRT) remains a safe and effective method to deliver a dose-escalated hypofractionated regimen for PCa patients in all risk classes with acceptable toxicity rates and optimal biochemical control.",Anticancer Res,2015,35,3049-54,,https://www.ncbi.nlm.nih.gov/pubmed/25964594,,negative,0,2015.0
31694041,Patients with Biopsy Gleason Score 3 + 4 Are Not Appropriate Candidates for Active Surveillance,Park J,"OBJECTIVE: The aim of this study was to evaluate the feasibility of including patients with biopsy Gleason score (bGS) 3 + 4 prostate cancer in an active surveillance (AS) protocol. METHODS: A total of 615 patients underwent a radical prostatectomy and satisfied the following requirements: prostate-specific antigen ≤10 ng/dL, clinical stage T1c or T2a, 2 or fewer positive biopsy cores, and bGS 6 or 3 + 4 prostate cancer. The patients were divided into two groups according to their bGS (bGS 6 group, n =534; bGS 3 + 4 group, n = 81). RESULTS: The adverse pathological features were significantly higher in the bGS 3 + 4 group (16.7 vs. 49.4%, p< 0.001). Biochemical recurrence (BCR)-free survival was also significantly lower in this group (p < 0.001). In a multivariate analysis, clinical stage (odds ratio [OR] 2.026, p =0.007), maximum percentage of biopsy core involvement (OR 1.015, p = 0.014), and bGS (OR 1.913, p = 0.030) were independent risk factors for adverse pathological features. However, the bGS was the only variable to forecast BCR (hazard ratio 3.567, p < 0.001). CONCLUSIONS: A bGS 3 + 4 was the leading risk factor for a worse postoperative prognosis. Therefore, patients with a bGS 3 + 4 are not appropriate candidates for AS.",Urol Int,2020,104,199-204,doi: 10.1159/000503888. Epub 2019 Nov 6,https://www.ncbi.nlm.nih.gov/pubmed/31694041,,negative,0,2020.0
24841351,A competing risk analysis of cancer-specific mortality of initial treatment with radical prostatectomy versus radiation therapy in clinically localized high-risk prostate cancer.,Lee JY,"BACKGROUND: There is no consensus on the optimal treatment for localized high-risk prostate cancer (PC), and much debate exists regarding the ideal treatment approach. For these reasons, we evaluated the competing risks of PC-specific mortality after initial therapy with radical prostatectomy (RP) versus radiotherapy (RT) in men with clinically localized high-risk PC. METHODS: We reviewed patients treated with RP and RT combined with androgen-deprivation therapy between 1990 and 2009. High-risk PC is defined as clinical stage ≥T3a, serum prostate-specific antigen (PSA) >20 ng/mL, or a biopsy Gleason sum of 8-10 according to National Comprehensive Cancer Network guidelines. Competing risk analysis was conducted to assess the association of RP (n = 251) or RT (n = 125) with cancer-specific mortality (CSM). Thereafter, secondary analysis with propensity score matching was conducted to further elucidate patient characteristics, with optimal matching of 0.25 times the standard deviation of propensity scores. RESULTS: With an overall median follow-up of 76 months, 35 (9.3 %) men with high-risk PC died due to PC (23 in the RT group and 12 in the RP group). The 5-year estimates of cancer-specific survival rate for men treated with RP and RT were 96.5 % (95 % confidence interval [CI] 94.2-98.9) and 88.3 % (95 % CI 82.8-94.3), respectively. Cumulative incidence estimates for CSM were statistically increased amongst men treated with RT (p = 0.002). Propensity score matching extracted 168 men with high-risk PC from the total patient cohort. Cumulative incidence estimates for CSM were statistically different amongst men treated with RT (p < 0.001). CONCLUSIONS: Initial treatment with RP versus RT was associated with a decreased risk of CSM in men with clinically localized high-risk PC.",Ann Surg Oncol,2014,21,4026-33,10.1245/s10434-014-3780-9,https://www.ncbi.nlm.nih.gov/pubmed/24841351,,positive,1,
29543933,Effect of Standard vs Dose-Escalated Radiation Therapy for Patients With Intermediate-Risk Prostate Cancer: The NRG Oncology RTOG 0126 Randomized Clinical Trial.,Michalski JM,"IMPORTANCE: Optimizing radiation therapy techniques for localized prostate cancer can affect patient outcomes. Dose escalation improves biochemical control, but no prior trials were powered to detect overall survival (OS) differences. OBJECTIVE: To determine whether radiation dose escalation to 79.2 Gy compared with 70.2 Gy would improve OS and other outcomes in prostate cancer. DESIGN, SETTING, AND PARTICIPANTS: The NRG Oncology/RTOG 0126 randomized clinical trial randomized 1532 patients from 104 North American Radiation Therapy Oncology Group institutions March 2002 through August 2008. Men with stage cT1b to T2b, Gleason score 2 to 6, and prostate-specific antigen (PSA) level of 10 or greater and less than 20 or Gleason score of 7 and PSA less than 15 received 3-dimensional conformal radiation therapy or intensity-modulated radiation therapy to 79.2 Gy in 44 fractions or 70.2 Gy in 39 fractions. MAIN OUTCOMES AND MEASURES: Time to OS measured from randomization to death due to any cause. American Society for Therapeutic Radiology and Oncology (ASTRO)/Phoenix definitions were used for biochemical failure. Acute (≤90 days of treatment start) and late radiation therapy toxic effects (>90 days) were graded using the National Cancer Institute Common Toxicity Criteria, version 2.0, and the RTOG/European Organisation for the Research and Treatment of Cancer Late Radiation Morbidity Scoring Scheme, respectively. RESULTS: With a median follow-up of 8.4 (range, 0.02-13.0) years in 1499 patients (median [range] age, 71 [33-87] years; 70% had PSA <10 ng/mL, 84% Gleason score of 7, 57% T1 disease), there was no difference in OS between the 751 men in the 79.2-Gy arm and the 748 men in the 70.2-Gy arm. The 8-year rates of OS were 76% with 79.2 Gy and 75% with 70.2 Gy (hazard ratio [HR], 1.00; 95% CI, 0.83-1.20; P = .98). The 8-year cumulative rates of distant metastases were 4% for the 79.2-Gy arm and 6% for the 70.2-Gy arm (HR, 0.65; 95% CI, 0.42-1.01; P = .05). The ASTRO and Phoenix biochemical failure rates at 5 and 8 years were 31% and 20% with 79.2 Gy and 47% and 35% with 70.2 Gy, respectively (both P < .001; ASTRO: HR, 0.59; 95% CI, 0.50-0.70; Phoenix: HR, 0.54; 95% CI, 0.44-0.65). The high-dose arm had a lower rate of salvage therapy use. The 5-year rates of late grade 2 or greater gastrointestinal and/or genitourinary toxic effects were 21% and 12% with 79.2 Gy and 15% and 7% with 70.2 Gy (P = .006 [HR, 1.39; 95% CI, 1.10-1.77] and P = .003 [HR, 1.59; 95% CI, 1.17-2.16], respectively). CONCLUSIONS AND RELEVANCE: Despite improvements in biochemical failure and distant metastases, dose escalation did not improve OS. High doses caused more late toxic effects but lower rates of salvage therapy. TRIAL REGISTRATION: clinicaltrials.gov Identifier: NCT00033631.",JAMA Oncol,2018,4,e180039,10.1001/jamaoncol.2018.0039,https://www.ncbi.nlm.nih.gov/pubmed/29543933,,positive,1,
20961696,Ten-year outcomes: the clinical utility of single photon emission computed tomography/computed tomography capromab pendetide (Prostascint) in a cohort diagnosed with localized prostate cancer.,Ellis RJ,"PURPOSE: To evaluate the clinical utility of capromab pendetide imaging with single photon emission computed tomography coregistration with computed tomography (SPECT/CT) in primary prostate cancer (CaP) for pretreatment prognostic staging and localization of biologic target volumes (BTV) for individualized image-guided radiotherapy dose escalation (IGRT-DE). METHODS AND MATERIALS: Patients consecutively presenting for primary radiotherapy (February 1997 to December 2002), having a clinical diagnosis of localized CaP, were evaluated for tumor stage using conventional staging and SPECT/CT (N=239). Distant metastatic uptake (mets) were identified by SPECT/CT in 22 (9.2%). None of the suspected mets could be clinically confirmed. Thus, all subjects were followed without alteration in disease management. The SPECT/CT pelvic images defined BTV for IGRT-DE (+150% brachytherapy dose) without (n=150) or with (n=89) external radiation of 45 Gy. The National Comprehensive Cancer Network criteria defined risk groups (RG). The median survivor follow-up was 7 years. Biochemical disease-free survival (bDFS) was reported by clinical nadir +2 ng/mL (CN+2) criteria. Statistical analyses included Kaplan-Meier, multivariate analysis, and Concordance-index models. RESULTS: At 10-year analyses, overall survival was 84.8% and bDFS was 84.6%. With stratification by RG, CN+2 bDFS was 93.5% for the low-RG (n=116), 78.7% for the intermediate-RG (n=94), and 68.8% for the high-RG (n=29), p=0.0002. With stratification by pretreatment SPECT/CT findings, bDFS was 65.5% in patients with suspected mets (n=22) vs. 86.6% in patients with only localized uptake (n=217), p=0.0014. CaP disease-specific survival (DSS) was 97.7% for the cohort. With stratification by SPECT/CT findings, DSS was 86.4% (with suspected mets) vs. 99.0% (localized only), p=0.0001. Using multivariate analysis, the DSS hazard ratio for SPECT/CT findings (mets vs. localized) was 3.58 (p=0.0026). Concordance-index tests, based on all data, by CN+2 bDFS criteria were 0.710 for RG alone and 0.773 for SPECT/CT + RG. CONCLUSIONS: Through long-term outcomes we demonstrate statistically significant bDFS and DSS predictive value for pretreatment capromab pendetide SPECT/CT imaging in primary CaP. Dual clinical utility is demonstrated, using SPECT/CT to define BTV for individualized IGRT-DE.",Int J Radiat Oncol Biol Phys,2011,81,29-34,10.1016/j.ijrobp.2010.05.053,https://www.ncbi.nlm.nih.gov/pubmed/20961696,LOW RISK,positive,1,
31912470,Factors Predicting Prostate Specific Antigen Failure Following Radical Prostatectomy: Experience with 961 Patients,Simforoosh N,"OBJECTIVE: To determine disease-related predictors for the occurrence of prostate specific antigen (PSA) failure in Iranian prostate cancer patients who underwent radical prostatectomy. METHODS: In this cohort study, we enrolled eligible patients with prostate cancer who underwent radical prostatectomy at our center between 2001 and 2018. The primary endpoint was the incidence of postoperative biochemical failure, defined as two consecutive PSA levels >= 0.2 ng/dl. Patients with TNM stage >= III, Gleason score >=8, or baseline PSA above our calculated cut-off level were considered as high risk. Kaplan-Meier survival method and Cox proportional hazards regression analysis were used for determining the biochemical relapse-free survival and its predictors. RESULTS: Data of 959 patients (age=61.2 ± 6.4 years) were analyzed with a median follow up of 36 months (range 6 months to 18 years). A total of 97 patients (10.1%) developed biochemical failure at the time of analysis who had a significantly older age and longer follow-up duration (P=0.024 and P<0.001, respectively). Preoperative PSA level of 8.85 mg/dl could predict the occurrence biochemical failure with a sensitivity of 83.2% and specificity of 39.2% (Area under the curve=0.601, 95% CI: 0.541-0.662; P=0.001). In the multivariate analysis, higher preoperative PSA, Gleason score?8, and high-risk TNM stage were independent predictors for biochemical relapse (P=0.029, P=0.001, and P=0.008, respectively). CONCLUSION: Preoperative PSA, Gleason score, and TNM stage were independent predictors for biochemical failure following radical prostatectomy in prostate cancer patients. We also determined a lower cut-point for PSA that could predict biochemical failure.",Urol J,2020,4,,doi: 10.22037/uj.v0i0.5670,https://www.ncbi.nlm.nih.gov/pubmed/31912470,,negative,0,2020.0
20864269,"Fifteen-year biochemical relapse-free survival, cause-specific survival, and overall survival following I(125) prostate brachytherapy in clinically localized prostate cancer: Seattle experience.",Sylvester JE,"PURPOSE: To report 15-year biochemical relapse-free survival (BRFS), cause-specific survival (CSS), and overall survival (OS) outcomes of patients treated with I(125) brachytherapy monotherapy for clinically localized prostate cancer early in the Seattle experience. METHODS AND MATERIALS: Two hundred fifteen patients with clinically localized prostate cancer were consecutively treated from 1988 to 1992 with I(125) monotherapy. They were prospectively followed as a tight cohort. They were evaluated for BRFS, CSS, and OS. Multivariate analysis was used to evaluate outcomes by pretreatment clinical prognostic factors. BRFS was analyzed by the Phoenix (nadir + 2 ng/mL) definition. CSS and OS were evaluated by chart review, death certificates, and referring physician follow-up notes. Gleason scoring was performed by general pathologists at a community hospital in Seattle. Time to biochemical failure (BF) was calculated and compared by Kaplan-Meier plots. RESULTS: Fifteen-year BRFS for the entire cohort was 80.4%. BRFS by D'Amico risk group classification cohort analysis was 85.9%, 79.9%, and 62.2% for low, intermediate, and high-risk patients, respectively. Follow-up ranged from 3.6 to 18.4 years; median follow-up was 15.4 years for biochemically free of disease patients. Overall median follow-up was 11.7 years. The median time to BF in those who failed was 5.1 years. CSS was 84%. OS was 37.1%. Average age at time of treatment was 70 years. There was no significant difference in BRFS between low and intermediate risk groups. CONCLUSION: I(125) monotherapy results in excellent 15-year BRFS and CSS, especially when taking into account the era of treatment effect.",Int J Radiat Oncol Biol Phys,2011,81,376-81,10.1016/j.ijrobp.2010.05.042,https://www.ncbi.nlm.nih.gov/pubmed/20864269,LOW RISK,positive,1,
21880104,Evolution of the clinical presentation of men undergoing radical prostatectomy for high-risk prostate cancer.,Pierorazio PM,"OBJECTIVE: To investigate the outcomes and potential effect of improved longitudinal screening in men presenting with high-risk (advanced clinical stage [>T2b], Gleason score 8-10 or prostate-specific antigen [PSA] level >20 ng/mL) prostate cancer (PC). PATIENTS AND METHODS: The Institutional Review Board approved, Institutional Radical Prostatectomy Database (1992-2010) was queried for men with high-risk PC based on D'Amico criteria. Year of surgery was divided into two cohorts: the Early PSA Era (EPE, 1992-2000) and the Contemporary PSA Era (CPE, 2001-2010). PC features and outcomes were evaluated using appropriate comparative tests. RESULTS: In total, 667 men had high-risk PC in the EPE and 764 in the CPE. In the EPE, 598 (89.7%) men presented with one high-risk feature; 173 (29.0%) men had a Gleason score of 8-10 on biopsy. In the CPE, 717 (93.9%) men presented with one high-risk feature (P = 0.004) and 494 (68.9%) men had a Gleason score of 8-10. At 10 years, biochemical-free survival (BFS) was 44.1% and 36.4% in the EPE and CPE, respectively (P = 0.04); metastases-free survival (MFS) was 77.1% and 85.1% (P = 0.6); and PC-specific survival (CSS) was 83.3% and 96.2% (P = 0.5). BFS, MFS and CSS were worse for men with more than one high-risk feature in both eras. CONCLUSIONS: Over the PSA era, an increasing percentage of men with high-risk PC were categorized by a biopsy Gleason score of 8-10. The accumulation of multiple high-risk features increases the risk of biochemical recurrence, the development of metastases and death from PC. BFS, MFS and CSS are stable over the PSA era for these men. The balance between a greater proportion of men having high Gleason disease and a greater proportion with small, less advanced tumours may explain the stability in MFS and CSS over time.",BJU Int,2012,109,988-93,10.1111/j.1464-410X.2011.10514.x,https://www.ncbi.nlm.nih.gov/pubmed/21880104,,positive,1,
22792470,Dose-escalated hypofractionated intensity-modulated radiotherapy in high-risk carcinoma of the prostate: outcome and late toxicity.,Thomson D,"Background. The benefit of dose-escalated hypofractionated radiotherapy using intensity-modulated radiotherapy (IMRT) in prostate cancer is not established. We report 5-year outcome and long-term toxicity data within a phase II clinical trial. Materials and Methods. 60 men with predominantly high-risk prostate cancer were treated. All patients received neoadjuvant hormone therapy, completing up to 6 months in total. Thirty patients were treated with 57 Gy in 19 fractions and 30 patients with 60 Gy in 20 fractions. Acute and 2-year toxicities were reported and patients followed longitudinally to assess 5 year outcomes and long-term toxicity. Toxicity was measured using RTOG criteria and LENT/SOMA questionnaire. Results. Median followup was 84 months. Five-year overall survival (OS) was 83% and biochemical progression-free survival (bPFS) was 50% for 57 Gy. Five-year OS was 75% and bPFS 58% for 60 Gy. At 7 years, toxicity by RTOG criteria was acceptable with no grade 3 or above toxicity. Compared with baseline, there was no significant change in urinary symptoms at 2 or 7 years. Bowel symptoms were stable between 2 and 7 years. All patients continued to have significant sexual dysfunction. Conclusion. In high-risk prostate cancer, dose-escalated hypofractionated radiotherapy using IMRT results in encouraging outcomes and acceptable late toxicity.",Prostate Cancer,2012,2012,450246,10.1155/2012/450246,https://www.ncbi.nlm.nih.gov/pubmed/22792470,,positive,1,
31551125,A Phase I/II Study of Stereotactic Hypofractionated Once-weekly Radiation Therapy (SHORT) for Prostate Cancer,Mallick I,"AIMS: Stereotactic radiation therapy has been investigated predominantly in patients with low-intermediate-risk disease. We conducted a clinical trial of stereotactic hypofractionated radiation therapy delivered in once-weekly fractions on patients with all-risk non-metastatic disease to test feasibility, acute toxicities and patient-reported outcomes. MATERIALS AND METHODS: In this phase I/II study, 30 patients with prostatic adenocarcinoma, any Gleason score, T1-4N0 and prostate-specific antigen ≤60 ng/ml were treated with volumetric intensity modulated arc radiation therapy to a dose of 35 Gy in five fractions delivered once weekly. Patients with high-risk disease also received elective nodal irradiation to a dose of 25 Gy in five fractions simultaneously. Androgen deprivation was offered to intermediate- and high-risk patients. The primary outcome was acute toxicity. Secondary outcome measures included biochemical control and late toxicity. Patient-reported outcomes were measured using the International Prostate Symptom Score and European Organization for Research and Treatment of Cancer (EORTC) Quality-of-Life Questionnaire (QLQ). RESULTS: All 30 patients completed treatment per-protocol. Most patients had T3 (60%) and Gleason 7 (50%) tumours. The median prostate-specific antigen was 17 ng/ml. High-risk disease was present in 20 patients (66.7%). There was a low incidence of acute toxicities (grade 2 + urinary 3.3%, grade 2 rectal 0%). Within the EORTC QLQ framework, only the urinary symptom score showed a clinically meaningful worsening from a mean of 20/100 at baseline to 34/100 at the end of treatment (P < 0.001), but reduced to 24/100 at 6 months (P = 0.08). With a median follow-up of 41.5 months, two patients each reported grade 2 late urinary and rectal toxicity. The 3- and 4-year biochemical control rates were 96.7 and 87.9%, respectively. CONCLUSION: In a cohort of mainly high-risk cancers, stereotactic once-weekly radiation therapy was easy to implement and well tolerated, with a low incidence of acute and late toxicity and excellent biochemical control.",Clin Oncol (R Coll Radiol),2020,32,,doi: 10.1016/j.clon.2019.09.046. Epub 2019 Sep 21,https://www.ncbi.nlm.nih.gov/pubmed/31551125,,negative,0,2020.0
15795905,Marriage and ethnicity predict treatment in localized prostate carcinoma,Denberg TD,"BACKGROUND: Primary treatment for early-stage prostate carcinoma includes expectant management or, for curative intent, radical prostatectomy or radiotherapy. Treatment recommendations are generally guided by clinical factors such as Gleason grade, prostate-specific antigen level, comorbid illnesses, and patient age. Sociocultural factors may also have influences on patient and urologist treatment choices. METHODS: The authors used bivariate and multinomial logistic regression to identify medical and sociodemographic predictors of prostatectomy (compared with radiotherapy) and curative therapy (compared with expectant management) in a cohort of 27,920 non-Latino white, black, and Latino men without comorbidities in the latest linked Surveillance, Epidemiology and End Results-Medicare dataset (years 1995-1999). Predictors included tumor stage, patient age, marital status, race/ethnicity, and socioeconomic status. RESULTS: Younger age and higher tumor grade were robust predictors of curative treatment compared with expectant management and of prostatectomy compared with radiotherapy. Sociodemographic factors had an additive role in treatment choice. Marriage predicted curative treatment compared with expectant management (adjusted risk ratio [RR] = 1.28 [1.25-1.30]) and prostatectomy compared with radiotherapy (adjusted RR = 1.24 [1.20-1.28]). Although blacks and Latinos were just as likely as whites to receive curative treatment, blacks were significantly less likely, whereas Latinos were more likely, to receive prostatectomy compared with radiotherapy (adjusted RRs = 0.77 [0.72-83]) and 1.24 [1.18-1.30], respectively). CONCLUSIONS: Marriage was positively associated with curative treatment in general, and with prostatectomy specifically. Blacks received prostatectomy less often than whites, although they did not receive less curative treatment overall. Latinos received prostatectomy more often than whites. Clinicians should recognize the importance of cultural and social forces as well as biomedical factors in decisions regarding the treatment of patients with early-stage prostate carcinoma.",Cancer,2005,1,,doi: 10.1002/cncr.20982,https://www.ncbi.nlm.nih.gov/pubmed/15795905,,negative,0,2005.0
16682149,Androgen-deprivation therapy does not impact cause-specific or overall survival after permanent prostate brachytherapy.,Merrick GS,"PURPOSE: To determine if androgen-deprivation therapy (ADT) has an impact on cause-specific, biochemical progression-free, or overall survival after prostate brachytherapy. METHODS AND MATERIALS: From April 1995 through June 2002, 938 consecutive patients underwent brachytherapy for clinical Stage T1b to T3a (2002 AJCC) prostate cancer. All patients underwent brachytherapy more than 3 years before analysis. A total of 382 patients (40.7%) received ADT with a duration of 6 months or less in 277 and more than 6 months in 105. The median follow-up was 5.4 years. Multiple clinical, treatment, and dosimetric parameters were evaluated as predictors of cause-specific, biochemical progression-free, and overall survival. RESULTS: The 10-year cause-specific, biochemical progression-free, and overall survival rates for the entire cohort were 96.4%, 95.9%, and 78.1%, respectively. Except for biochemical progression-free survival in high-risk patients, ADT did not statistically impact any of the three survival categories. A Cox linear-regression analysis demonstrated that Gleason score was the best predictor of cause-specific survival, whereas percent-positive biopsies, prostate volume, and risk group predicted for biochemical progression-free survival. Patient age and tobacco use were the strongest predictors of overall survival. One hundred two patients have died, with 80 of the deaths a result of cardiovascular disease (54) and second malignancies (26). To date, only 12 patients have died of metastatic prostate cancer. CONCLUSIONS: After brachytherapy, androgen-deprivation therapy did not have an impact on cause-specific or overall survival for any risk group; however, ADT had a beneficial effect on biochemical progression-free survival in high-risk patients. Cardiovascular disease and second malignancies far outweighed prostate cancer as competing causes of death.",Int J Radiat Oncol Biol Phys,2006,65,669-77,10.1016/j.ijrobp.2006.01.030,https://www.ncbi.nlm.nih.gov/pubmed/16682149,LOW RISK,positive,1,
25806763,Low-dose-rate brachytherapy for low-grade prostate cancer,Raabe NK,"BACKGROUND: Prostate cancer is a radiosensitive type of cancer for which radiotherapy is used for both curative and palliative purposes. Low-dose-rate brachytherapy is an internal radiotherapy technique which allows high doses of radiation to be delivered to a tumour at short range and with a high degree of precision. We have conducted a systematic review of the evidence base for this treatment. The method is not established in Norway. METHOD: This review is based on systematic review articles and publications on treatment, outcomes, adverse effects and health economics considerations found by searching the databases Cochrane Library, Current Controlled Trials, Medline, Embase and NICE (National Institute of Clinical Excellence). RESULTS: Subsequent to long-term observations of the efficacy, adverse effects and costs presented in 43 selected studies, including one randomised, controlled trial, there is still uncertainty as to which of the three methods low-dose brachytherapy, external radiotherapy and radical prostatectomy is optimal. The reason for this is the methodological differences in patient selection and in endpoints such as biochemical disease-free interval and cause-specific survival. The evidence base appears to suggest that low-dose-rate brachytherapy causes more frequent grade 2 and 3 doctor-reported urogenital adverse effects than prostatectomy, but better patient-reported sexual functions and fewer patients with urinary incontinence than after surgery. Low-dose-rate brachytherapy appears to be socioeconomically cost-effective. INTERPRETATION: The evidence base with respect to therapeutic effect and toxicity in men with low-risk prostate cancer treated with low-dose brachytherapy is regarded as solidly documented. However, there are no good prospective randomised multi-centre trials with overall survival as an endpoint.",Tidsskr Nor Laegeforen,2015,24,,doi: 10.4045/tidsskr.13.1404. eCollection 2015 Mar 24,https://www.ncbi.nlm.nih.gov/pubmed/25806763,,negative,0,2015.0
29102738,Manual vs. automated implantation of seeds in prostate brachytherapy: Oncologic results from a single-center study.,Thomas L,"PURPOSE: The objective of this study was to study survival and tolerance of prostate cancer patients treated with <sup>125</sup>I permanent interstitial brachytherapy by automated vs. manual implantation of seeds. METHODS AND MATERIALS: Between 2002 and 2010, 349 selected patients were treated with <sup>125</sup>I brachytherapy by the same team: from 2002 to April 2005, 65 patients with linked seeds and then 284 patients treated using Nucletron First System automated implantation. We analyzed biochemical recurrence-free survival (bRFS) rates and toxicities (univariate and multivariate analyses). RESULTS: Two hundred seventy-seven (79.4%) and 69 patients (19.8%) with low- and intermediate-risk disease were treated, respectively (median follow-up: 64 months). The 5-year bRFS rate was 93.1% (95% confidence interval 89.3-95.6) for the entire cohort. The 5-year bRFS rates were 93.4% and 91.7% for patients with low- and intermediate-risk disease, respectively (p = 0.42). In univariate and multivariate analyses, there was no statistically significant difference in the 5-year bRFS rate depending on the implantation technique (93.1% vs. 91.8%, respectively, for automated and linked seeds; p = 0.53). In univariate analysis, only D<sub>90</sub> prostate (dose delivered to 90% of the prostate) <140 Gy (p = 0.01), lack of prostate-specific antigen bounce (p = 0.008), and nadir prostate-specific antigen >0.11 (p = 0.01) were predictive factors for bRFS. We observed Grade 3 urethritis in 7 patients (2%), urinary incontinence in 2 patients (0.7%), and Grade 4 proctitis in 2 patients (0.7%). CONCLUSIONS: In this large single-center series, brachytherapy for selected localized prostate cancer achieved excellent rates of biochemical control at 5 years (93.1%) with an acceptable toxicity profile, irrespective of the implantation technique used.",Brachytherapy,2018,17,214-220,10.1016/j.brachy.2017.09.013,https://www.ncbi.nlm.nih.gov/pubmed/29102738,,positive,1,
16271785,Dose-volume impact in high-dose-rate Iridium-192 brachytherapy as a boost to external beam radiotherapy for localized prostate cancer--a phase II study,Pinkawa M,"BACKGROUND AND PURPOSE: Evaluation of dose-volume-time-related factors in 64 patients treated with high-dose-rate brachytherapy (HDR-BT) as a boost to external beam radiotherapy (EBRT) for localized prostate cancer. PATIENTS AND METHODS: Clinical parameters were correlated with morbidity scores of the EPIC (Expanded Prostate Cancer Index) questionnaire. Median time after radiotherapy (HDR-BT up to 18 Gy in two fractions and EBRT up to a median dose of 50.4 Gy) was 1.5 and 3 years (first and second questionnaire). RESULTS: A significant impact of a urethra D1 exceeding 15 Gy in at least one HDR fraction concerning urinary morbidity and a rectum D1 exceeding 6 Gy to the rectal mucosa in the first and second HDR fraction concerning the rectal bleeding rate was found. A higher number of needles was associated with lower urinary and bowel scores after 1.5 years. A prostate length >4.8 cm and a longer duration of EBRT (independently of the dose) predisposed for lower urinary and bowel scores. In contrast to a urethra D1 > 15 Gy as an independent factor, a rectum D1 > 6 Gy per HDR fraction correlated with a higher number of needles and an increased prostate length. CONCLUSIONS: To minimize morbidity in HDR-BT for prostate cancer, a maximum dose to the urethra of 15 Gy and a maximum dose to the rectal mucosa of 6 Gy is advisable. Treatment- and patient-related factors have a major impact on toxicity.",Radiother Oncol,2006,78,41-6,doi: 10.1016/j.radonc.2005.10.003. Epub 2005 Nov 4,https://www.ncbi.nlm.nih.gov/pubmed/16271785,,negative,0,2005.0
18566673,The relationship between the biochemical control outcomes and the quality of planning of high-dose rate brachytherapy as a boost to external beam radiotherapy for locally and locally advanced prostate cancer using the RTOG-ASTRO Phoenix definition.,Pellizzon AC,"PURPOSE: To evaluated prognostic factors and impact of the quality of planning of high dose rate brachytherapy (HDR-BT) for patients with local or locally advanced prostate cancer treated with external beam radiotherapy (EBRT) and HDR-BT. METHODS AND MATERIALS: Between 1997 and 2005, 209 patients with biopsy proven prostate adenocarcinoma were treated with localized EBRT and HDR-BT at the Department of Radiation-Oncology, Hospital A. C. Camargo, Sao Paulo, Brazil. Patient's age, Gleason score (GS), clinical stage (CS), initial PSA (iPSA), risk group for biochemical failure (GR), doses of EBRT and HDR-BT, use of three-dimensional planning for HDR-BT (3DHDR) and the Biological Effective Dose (BED) were evaluated as prognostic factors for biochemical control (bC). RESULTS: Median age and median follow-up time were 68 and 5.3 years, respectively. Median EBRT and HDR-BT doses were 45 Gy and 20 Gy. The crude bC at 3.3 year was 94.2%. For the Low, intermediate and high risk patients the bC rates at 3.3 years were 91.5%, 90.2% and 88.5%, respectively. Overall survival (OS) and disease specific survival rates at 3.3 years were 97.8% and 98.4%, respectively. On univariate analysis the prognostic factors related bC were GR (p= 0.040), GS < or = 6 (p= 0.002), total dose of HDR-BT > or = 20 Gy (p< 0.001), 3DHDR (p< 0.001), BED-HDR > or = 99 Gy(1.5) (p<0.001) and BED-TT > or = 185 (p<0.001). On multivariate analysis the statistical significant predictive factors related to bC were RG (p< 0.001), HDR-BT > or = 20 Gy (p=0.008) and 3DHDR (p<0.001). CONCLUSIONS: we observed that the bC rates correlates with the generally accepted risk factors described in the literature. Dose escalation, evaluated through the BED, and the quality of planning of HDR-BT are also important predictive factors when treating prostate cancer.",Int J Med Sci,2008,5,113-20,10.7150/ijms.5.113,https://www.ncbi.nlm.nih.gov/pubmed/18566673,HIGH RISK,positive,1,
15629591,Impact of supplemental external beam radiotherapy and/or androgen deprivation therapy on biochemical outcome after permanent prostate brachytherapy.,Merrick GS,"PURPOSE: To evaluate the impact of supplemental external beam radiotherapy (EBRT) and/or androgen deprivation therapy (ADT) on 8-year biochemical outcome after permanent prostate brachytherapy. METHODS AND MATERIALS: Between April 1995 and January 2001, 668 consecutive patients underwent brachytherapy using either (103)Pd or (125)I for clinical Stage T1b-T3aNxM0 (2002 American Joint Committee on Cancer) adenocarcinoma of the prostate gland. No patient underwent seminal vesicle biopsy or pathologic lymph node staging. The median follow-up was 58.6 months. Biochemical progression-free survival was defined by the American Society for Therapeutic Radiology and Oncology consensus definition. The clinical, treatment, and dosimetric parameters evaluated for biochemical progression-free survival included supplemental EBRT, ADT, patient age, clinical stage, Gleason score, preimplant prostate specific antigen (PSA), risk group, percentage of positive biopsies, isotope used, prostate volume, planning volume, percentage of target volume receiving 100%, 150%, and 200% of prescribed dose, minimal percentage of dose covering 90% of target volume, tobacco status, hypertension, and diabetes. RESULTS: For the entire group, the actuarial 8-year biochemical progression-free survival rate was 98.2%, 98.4%, and 88.2% for low-, intermediate-, and high-risk patients, respectively, with a median PSA level of <0.1 ng/mL for all risk groups and ADT and EBRT subgroups. At last follow-up, only 5 patients (0.8%) had died of metastatic prostate cancer. In multivariate analysis, Gleason score, percentage of positive biopsies, and ADT predicted for biochemical outcome in high-risk patients. In low- and intermediate-risk patients, none of the evaluated variables predicted for biochemical outcome. For the entire population, pretreatment PSA level, Gleason score, ADT, and clinical stage predicted for 8-year biochemical progression-free survival, with the percentage of positive biopsies approaching statistical significance. CONCLUSION: Prostate brachytherapy results in a high probability of 8-year biochemical progression-free survival for low-, intermediate-, and high-risk patients. Although the role of supplemental EBRT could not be adequately evaluated in high-risk patients, it did not improve biochemical outcome in low- and intermediate-risk patients. However, ADT resulted in a statistically significant improvement in progression-free survival for high-risk patients.",Int J Radiat Oncol Biol Phys,2005,61,32-43,10.1016/j.ijrobp.2004.05.003,https://www.ncbi.nlm.nih.gov/pubmed/15629591,HIGH RISK,positive,1,
26713323,"Erectile function following brachytherapy, external beam radiotherapy, or radical prostatectomy in prostate cancer patients",Putora PM,"BACKGROUND AND PURPOSE: For localized prostate cancer, treatment options include external beam radiotherapy (EBRT), radical prostatectomy (RP), and brachytherapy (BT). Erectile dysfunction (ED) is a common side-effect. Our aim was to evaluate penile erectile function (EF) before and after BT, EBRT, or RP using a validated self-administered quality-of-life survey from a prospective registry. MATERIAL AND METHODS: Analysis included 478 patients undergoing RP (n = 252), EBRT (n = 91), and BT (n = 135) with at least 1 year of follow-up and EF documented using IIEF-5 scores at baseline, 6 weeks, 6 months, 1 year, and annually thereafter. RESULTS: Differences among treatments were most pronounced among patients with no or mild initial ED (IIEF-5 ≥ 17). Overall, corrected for baseline EF and age, BT was associated with higher IIEF-5 scores than RP (+ 7.8 IIEF-5 score) or EBRT (+ 3.1 IIEF-5 score). EBRT was associated with better IIEF-5 scores than RP (+ 4.7 IIEF-5 score). In patients undergoing EBRT or RP with bilateral nerve sparing (NS), recovery of EF was observed and during follow-up, the differences to BT were not statistically significant. Overall age had a negative impact on EF preservation (corrected for baseline IIEF). CONCLUSION: In our series, EF was adversely affected by each treatment modality. Considered overall, BT provided the best EF preservation in comparison to EBRT or RP.",Strahlenther Onkol,2016,192,182-9,doi: 10.1007/s00066-015-0928-x. Epub 2015 Dec 28,https://www.ncbi.nlm.nih.gov/pubmed/26713323,,negative,0,2015.0
10394406,Conformal proton beam therapy of prostate cancer--update on the Loma Linda University medical center experience.,Rossi CJ,"BACKGROUND: The ability to eradicate localized prostate cancer is dependent upon the radiation dose which can be delivered to the prostate. This dose is often limited by the tolerance of normal organs (rectum, bladder). Conformal beam therapy takes advantage of the unique depth dose characteristics of heavy charged particles (the Bragg Peak) to escalate the radiation dose delivered to the prostate while minimizing treatment-related toxicity. METHOD: 643 patients with localized prostate cancer were treated with protons alone or a combination of protons and photons. All treatment was planned on a 3-D planning system and all received doses between 74-75 CGE (Cobalt Gray Equivalent) at 1.8-2.0 CGE/day. Patients were evaluated for toxicity and response to treatment. RESULTS: Five-year actuarial clinical and biochemical disease-free survival rates for the entire group are 89 and 79% respectively. A statistically significant difference in biochemical disease-free survival was seen between patients in the ""early"" (T1b-2b, PSA < 15) and ""advanced"" (T1b-2b, PSA > 15 or T2c-T4, PSA < 50) subgroups (89% vs. 68% at 4.5 years, p < 0.001). A PSA nadir of less than 0.51 ng/ml predicted for the highest chance of freedom from biochemical recurrence. Minimal radiation proctitis was seen in 21% of patients; toxicity of greater severity was seen in less than 1%. CONCLUSIONS: Conformal proton beams therapy produced high rates of response and minimal toxicity. A phase III dose escalation trial is in progress to help define the optimum radiation dose for the treatment of early stage prostate cancer.",Strahlenther Onkol,1999,175 Suppl 2,82-4,10.1007/BF03038897,https://www.ncbi.nlm.nih.gov/pubmed/10394406,LOW RISK,positive,1,
32377602,Long-term oncologic outcomes after radical prostatectomy in clinically localized prostate cancer: 10-year follow-up in Korea,Suh J,"PURPOSE: The clinical behavior of prostate cancer differs by race and ethnicity; however, data on the Korean population are scarce. We assessed the long-term oncologic outcomes of clinically localized prostate cancer after radical prostatectomy in Korean men. MATERIALS AND METHODS: We analyzed 786 clinically localized prostate cancer patients who underwent radical prostatectomy, from June 1993 to June 2008. Kaplan-Meier survival curve analysis and log-rank test were used to assess the oncologic outcomes. RESULTS: The mean age of the patients was 64.9±6.6 years. Pelvic lymph node dissection was performed in 373 patients. Pathologic T and N stage cancer with local advancement and invasion were detected by radical prostatectomy in 307 and 22 patients, respectively. In total, 38 patients who underwent adjuvant therapy were excluded from the analysis of progression after biochemical recurrence (BCR), which occurred in 261 men. In total, 219 patients underwent salvage treatment. Local recurrence and distant metastasis occurred in 109 and 42 patients, respectively; 36 patients experienced metastasis with local recurrence. Castration-resistant prostate cancer developed in 22 patients, and overall and disease-specific mortality was noted in 148 and 23 patients, respectively. The median duration from operation to BCR, BCR to metastasis, and metastasis to disease-specific death was 25, 40, and 22 months, respectively. CONCLUSIONS: We demonstrated the long-term prognosis of localized prostate cancer after radical prostatectomy among Koreans. Our results differ from those reported in the Western literature, with a lower prevalence of distant metastasis and shorter time to metastasis after BCR.",Investig Clin Urol,2020,61,269-276,doi: 10.4111/icu.2020.61.3.269. Epub 2020 Apr 21,https://www.ncbi.nlm.nih.gov/pubmed/32377602,,negative,0,2020.0
32664981,Stereotactic body radiotherapy for localized prostate cancer - 5-year efficacy results.,Vuolukka K,"BACKGROUND: The use of stereotactic body radiotherapy (SBRT) as the primary treatment modality in clinically localized prostate cancer (PCa) is emerging. The aim of the study was to analyze the long-term results of PCa patients treated with SBRT. METHODS: This non-selected, real-life patient cohort included 213 patients with localized PCa treated with a robotic SBRT device during 2012-2015. RESULTS: The median follow-up was 64 months (range, 10-85 months), and all risk-groups were represented as 47 (22.1%), 56 (26.3%) and 110 (51.6%) patients were classified into D'Amico risk stratification of low, intermediate and high-risk groups, respectively. Androgen deprivation therapy (ADT) was administered to 64.3% of the patients. At cut-off, the biochemical relapse-free survival (bRFS) was 100, 87.5 and 80.0% for patients at low, intermediate and high-risk (p = 0.004), and 92.5, 84.2 and 66.7% for patients with Gleason score ≤ 6, 7 and ≥ 8, respectively (p = 0.001). The actuarial 5-year overall survival (OS) rates were 97.9, 96.4 and 88.6% in the low, intermediate and high-risk groups, respectively, and at the cut-off, the disease-specific survival (DSS) rate of the whole cohort was high (99.1%), as only two high-risk patients died due to PCa. CONCLUSION: Our present results of SBRT delivered with CyberKnife produced excellent long-term bRFS, OS and DSS outcomes among patients with localized PCa. We conclude that SBRT provides an efficient and convenient treatment option for patients with localized PCa, irrespective of the risk-group.",Radiat Oncol,2020,15,173,10.1186/s13014-020-01608-1,https://www.ncbi.nlm.nih.gov/pubmed/32664981,,positive,1,
23541457,A new risk classification system for therapeutic decision making with intermediate-risk prostate cancer patients undergoing dose-escalated external-beam radiation therapy.,Zumsteg ZS,"BACKGROUND: The management of intermediate-risk prostate cancer (PCa) is controversial, in part due to the heterogeneous nature of patients falling within this classification. OBJECTIVE: We propose a new risk stratification system for intermediate-risk PCa to aid in prognosis and therapeutic decision making. DESIGN, SETTING, AND PARTICIPANTS: Between 1992 and 2007, 1024 patients with National Comprehensive Cancer Network intermediate-risk PCa and complete biopsy information were treated with definitive external-beam radiation therapy (EBRT) utilizing doses ≥ 81 Gy. Unfavorable intermediate-risk (UIR) PCa was defined as any intermediate-risk patient with a primary Gleason pattern of 4, percentage of positive biopsy cores (PPBC) ≥ 50%, or multiple intermediate-risk factors (IRFs; cT2b-c, prostate-specific antigen [PSA] 10-20, or Gleason score 7). INTERVENTION: All patients received EBRT with ≥ 81 Gy with or without neoadjuvant and concurrent androgen-deprivation therapy (ADT). OUTCOME MEASUREMENTS AND STATISTICAL ANALYSIS: Univariate and multivariate analyses were performed using a Cox proportional hazards model for PSA recurrence-free survival (PSA-RFS) and distant metastasis (DM). PCa-specific mortality (PCSM) was analyzed using a competing-risk method. RESULTS AND LIMITATIONS: Median follow-up was 71 mo. Primary Gleason pattern 4 (hazard ratio [HR]: 3.26; p<0.0001), PPBC ≥ 50% (HR: 2.72; p=0.0007), and multiple IRFs (HR: 2.20; p=0.008) all were significant predictors of increased DM in multivariate analyses. Primary Gleason pattern 4 (HR: 5.23; p<0.0001) and PPBC ≥ 50% (HR: 4.08; p=0.002) but not multiple IRFs (HR: 1.74; p=0.21) independently predicted for increased PCSM. Patients with UIR disease had inferior PSA-RFS (HR: 2.37; p<0.0001), DM (HR: 4.34; p=0.0003), and PCSM (HR: 7.39; p=0.007) compared with those with favorable intermediate-risk disease, despite being more likely to receive neoadjuvant ADT. Short follow-up and retrospective study design are the primary limitations. CONCLUSIONS: Intermediate-risk PCa is a heterogeneous collection of diseases that can be separated into favorable and unfavorable subsets. These groups likely will benefit from divergent therapeutic paradigms.",Eur Urol,2013,64,895-902,10.1016/j.eururo.2013.03.033,https://www.ncbi.nlm.nih.gov/pubmed/23541457,INTERMEDIATE RISK,positive,1,
17765406,Long-term results of the M. D. Anderson randomized dose-escalation trial for prostate cancer.,Kuban DA,"PURPOSE: To report the long-term results of a randomized radiotherapy dose escalation trial for prostate cancer. METHODS AND MATERIALS: From 1993 to 1998, a total of 301 patients with stage T1b to T3 prostate cancer were accrued to a randomized external beam dose escalation trial using 70 Gy versus 78 Gy. The median follow-up is now 8.7 years. Kaplan-Meier analysis was used to compute rates of prostate-specific antigen (PSA) failure (nadir + 2), clinical failure, distant metastasis, disease-specific, and overall survival as well as complication rates at 8 years post-treatment. RESULTS: For all patients, freedom from biochemical or clinical failure (FFF) was superior for the 78-Gy arm, 78%, as compared with 59% for the 70-Gy arm (p = 0.004, and an even greater benefit was seen in patients with initial PSA >10 ng/ml (78% vs. 39%, p = 0.001). The clinical failure rate was significantly reduced in the 78-Gy arm as well (7% vs. 15%, p = 0.014). Twice as many patients either died of prostate cancer or are currently alive with cancer in the 70-Gy arm. Gastrointestinal toxicity of grade 2 or greater occurred twice as often in the high dose patients (26% vs. 13%), although genitourinary toxicity of grade 2 or greater was less (13% vs. 8%) and not statistically significantly different. Dose-volume histogram analysis showed that the complication rate could be significantly decreased by reducing the amount of treated rectum. CONCLUSIONS: Modest escalation in radiotherapy dose improved freedom from biochemical and clinical progression with the largest benefit in prostate cancer patients with PSA >10 ng/ml.",Int J Radiat Oncol Biol Phys,2008,70,67-74,10.1016/j.ijrobp.2007.06.054,https://www.ncbi.nlm.nih.gov/pubmed/17765406,HIGH RISK,positive,1,
25733275,"Complications after radical prostatectomy or radiotherapy for prostate cancer: results of a population-based, propensity score-matched analysis",Wallis CJ,"OBJECTIVE: To assess rates of treatment-related complications after radical prostatectomy or radiotherapy monotherapy, using propensity score matching to account for baseline differences between these patient populations. METHODS: On the basis of a population-based study of men undergoing surgery or radiotherapy for prostate cancer in Ontario between 2002 and 2009, we undertook a propensity score-matched analysis including age, comorbidity, and year of treatment to assess treatment-related complication end points. These included hospital admission; urologic, rectal, or anal procedures; open surgeries; and secondary malignancies. RESULTS: From the original cohort of 32,465 patients, 15,870 (48.9%) had surgery and 16,595 (51.1%) had radiation. Propensity score matching produced 8797 pairs (17,594 patients). Among these, when compared with patients treated with surgery, those treated with radiation experienced fewer admissions to hospital (hazard ratio [HR], 0.85; 95% confidence interval [CI], 0.78-0.92) and urologic procedures (HR, 0.50; 95% CI, 0.46-0.53) at year 1 but higher rates at year 3 (HR, 5.65; 95% CI, 4.61-6.91 and HR, 1.86; 95% CI, 1.62-2.13, respectively) and year 5. Although there was no significant difference in open surgeries at year 1, patients undergoing radiotherapy were at higher risk by year 3 (HR, 2.06; 95% CI, 1.23-3.47) and this rose by year 5. Over the study period, patients undergoing radiotherapy experienced more rectal-anal procedures (HR, 2.64; 95% CI, 2.37-2.95) and were diagnosed with more secondary malignancies (HR, 2.44; 95% CI, 1.16-5.14). Direct matching produced similar results. CONCLUSION: From a propensity score-matched analysis, we found that patients undergoing radiation therapy for prostate cancer had higher rates of long-term complications in all 5 categories studied than patients undergoing surgery.",Urology,2015,85,621-7,doi: 10.1016/j.urology.2014.11.037,https://www.ncbi.nlm.nih.gov/pubmed/25733275,,negative,0,2015.0
26597660,A prospective clinical trial of HIFU hemiablation for clinically localized prostate cancer,van Velthoven R,"BACKGROUND: Focal therapy is an emerging mini-invasive treatment modality for localized prostate cancer aimed to reduce the morbidity associated with radical therapy while maintaining optimal cancer control. We report the mid-term oncological and functional results of primary hemiablation high-intensity focused ultrasound (HIFU) in a prospective cohort of patients. METHODS: Over 8 years, hemiablation HIFU was primarily performed in 50 selected patients with biopsy-proven clinically localized unilateral, low-intermediate risk prostate cancer in complete concordance with the prostate cancer lesions identified by magnetic resonance imaging with precise loci matching on multimodal approach. Post-treatment follow-up included regular serial PSA measurements. Biochemical recurrence was reported using Stuttgart and Phoenix criteria. The latter was used as a threshold to offer whole-gland biopsies. RESULTS: Complete follow-up was available for all patients and the median follow-up was 39.5 months (range: 6-94). Mean nadir PSA value was 1.6 ng ml(-1), which represents 72% reduction compared with initial PSA pre-treatment value (P<0.001). Median time to achieve PSA nadir was 3 months. Biochemical recurrence, according to Phoenix and Stuttgart definition, occurred in 28 and 36% of patients, respectively. The 5-year actuarial metastases-free survival, cancer-specific survival and overall survival rates were 93, 100 and 87%, respectively. Out of the eight patients undergoing biopsy, six patients had a positive biopsy for cancer occurring in the untreated contralateral (n=3) or treated ipsilateral lobe (n=1) or bilaterally (n=2). A Clavien-Dindo grade 3b complication occurred in two patients. Complete continence (no pads) and erection sufficient for intercourse were documented in 94 or 80% of patients, respectively. CONCLUSION: Hemiablation HIFU therapy, delivered with intention to treat, for carefully selected patients affords mid-term promising functional and oncological outcomes. The effectiveness of this technique should be now compared with whole-gland radical therapy.",Prostate Cancer Prostatic Dis,2016,19,79-83,doi: 10.1038/pcan.2015.55. Epub 2015 Nov 24,https://www.ncbi.nlm.nih.gov/pubmed/26597660,,negative,0,2015.0
21656740,Early hypofractionated salvage radiotherapy for postprostatectomy biochemical recurrence,Kruser TJ,"BACKGROUND: Postprostatectomy adjuvant or salvage radiotherapy, when using standard fractionation, requires 6.5 to 8 weeks of treatment. The authors report on the safety and efficacy of an expedited radiotherapy course for salvage prostate radiotherapy. METHODS: A total of 108 consecutive patients were treated with salvage radiation therapy to 65 grays (Gy) in 26 fractions of 2.5 Gy. Median follow-up was 32.4 months. Median presalvage prostate-specific antigen (PSA) was 0.44 (range, 0.05-9.50). Eighteen (17%) patients received androgen deprivation after surgery or concurrently with radiation. RESULTS: The actuarial freedom from biochemical failure for the entire group at 4 years was 67% ± 5.3%. An identical 67% control rate was seen at 5 years for the first 50 enrolled patients, whose median follow-up was longer at 43 months. One acute grade 3 genitourinary toxicity occurred, with no acute grade 3 gastrointestinal and no late grade 3 toxicities observed. On univariate analysis, higher Gleason score (P = .006), PSA doubling time ≤12 months (P = .03), perineural invasion (P = .06), and negative margins (P = .06) showed association with unsuccessful salvage. On multivariate analysis, higher Gleason score (P = .057) and negative margins (P = .088) retained an association with biochemical failure. CONCLUSIONS: Hypofractionated radiotherapy (65 Gy in 2.5 Gy fractions in about 5 weeks) reduces the length of treatment by from 1-½ to 3 weeks relative to other treatment schedules commonly used, produces low rates of toxicity, and demonstrates encouraging efficacy at 4 to 5 years. Hypofractionation may provide a convenient, resource-efficient, and well-tolerated salvage approach for the estimated 20,000 to 35,000 US men per year experiencing biochemical recurrence after prostatectomy.",Cancer,2011,15,,doi: 10.1002/cncr.25824. Epub 2010 Dec 14,https://www.ncbi.nlm.nih.gov/pubmed/21656740,,negative,0,2010.0
29607601,Low-dose-rate brachytherapy for the treatment of localised prostate cancer in men with a high risk of disease relapse.,Laing R,"OBJECTIVES: To report clinical outcomes of <sup>125</sup> I low-dose-rate prostate brachytherapy (LDR-PB) as monotherapy or combined with androgen-deprivation therapy (ADT) and/or external beam radiotherapy (EBRT) in high-risk localised prostate cancer. PATIENTS AND METHODS: Analysis of clinical outcomes from a prospective cohort of patients treated with LDR-PB alone or combined treatment in a single institution. Men with a high risk of disease relapse were identified by the National Institute for Health and Care Excellence (NICE) criteria or by the National Comprehensive Cancer Network (NCCN) criteria. Relapse-free survival (RFS), overall survival (OS), prostate cancer-specific survival (PCSS), and metastases-free survival (MFS), were analysed together with patient-reported symptom scores and physician-reported adverse events. RESULTS: The NICE and NCCN criteria identified 267 and 202 high-risk patients, respectively. NICE-defined patients had significantly lower pre-treatment PSA levels, Gleason scores <7, and a greater proportion of patients who received LDR-PB monotherapy. At 9 years after implantation RFS was 89% and 87% in the NICE and NCCN groups, respectively (log-rank P = 0.637), and OS 93% and 94%, respectively (log-rank P = 0.481). All of the survival estimates were similar between LDR-PB monotherapy and combined therapies. Cox proportional hazards regression confirmed RFS was similar between the treatment types. Treatment-related toxicity was also similar between the treatment methods. CONCLUSION: LDR-PB is effective at controlling localised prostate cancer in patients with a high risk of disease relapse. As the present study was not randomised, it is not possible to define those patients who need the addition of ADT and/or EBRT. However, the NICE criteria appear suitable to define treatment options where patients could benefit from LDR-PB as monotherapy or combined treatment. This choice should be discussed with the patient taking into account comorbidities and presence of multiple high-risk factors.",BJU Int,2018,122,610-617,10.1111/bju.14223,https://www.ncbi.nlm.nih.gov/pubmed/29607601,,positive,1,
26209502,A Phase 3 Trial of 2 Years of Androgen Suppression and Radiation Therapy With or Without Adjuvant Chemotherapy for High-Risk Prostate Cancer: Final Results of Radiation Therapy Oncology Group Phase 3 Randomized Trial NRG Oncology RTOG 9902.,Rosenthal SA,"PURPOSE: Long-term (LT) androgen suppression (AS) with radiation therapy (RT) is a standard treatment of high-risk, localized prostate cancer (PCa). Radiation Therapy Oncology Group 9902 was a randomized trial testing the hypothesis that adjuvant combination chemotherapy (CT) with paclitaxel, estramustine, and oral etoposide plus LT AS plus RT would improve overall survival (OS). METHODS AND MATERIALS: Patients with high-risk PCa (prostate-specific antigen 20-100 ng/mL and Gleason score [GS] ≥ 7 or clinical stage ≥ T2 and GS ≥ 8) were randomized to RT and AS (AS + RT) alone or with adjuvant CT (AS + RT + CT). CT was given as four 21-day cycles, delivered beginning 28 days after 70.2 Gy of RT. AS was given as luteinizing hormone-releasing hormone for 24 months, beginning 2 months before RT plus an oral antiandrogen for 4 months before and during RT. The study was designed based on a 6% improvement in OS from 79% to 85% at 5 years, with 90% power and a 2-sided alpha of 0.05. RESULTS: A total of 397 patients (380 eligible) were randomized. The patients had high-risk PCa, 68% with GS 8 to 10 and 34% T3 to T4 tumors, and median prostate-specific antigen of 22.6 ng/mL. The median follow-up period was 9.2 years. The trial closed early because of excess thromboembolic toxicity in the CT arm. The 10-year results for all randomized patients revealed no significant difference between the AS + RT and AS + RT + CT arms in OS (65% vs 63%; P=.81), biochemical failure (58% vs 54%; P=.82), local progression (11% vs 7%; P=.09), distant metastases (16% vs 14%; P=.42), or disease-free survival (22% vs 26%; P=.61). CONCLUSIONS: NRG Oncology RTOG 9902 showed no significant differences in OS, biochemical failure, local progression, distant metastases, or disease-free survival with the addition of adjuvant CT to LT AS + RT. The trial results provide valuable data regarding the natural history of high-risk PCa treated with LT AS + RT and have implications for the feasibility of clinical trial accrual and tolerability using CT for PCa.",Int J Radiat Oncol Biol Phys,2015,93,294-302,10.1016/j.ijrobp.2015.05.024,https://www.ncbi.nlm.nih.gov/pubmed/26209502,,positive,1,
22153925,Identifying the best candidate for radical prostatectomy among patients with high-risk prostate cancer.,Briganti A,"BACKGROUND: The current role of radical prostatectomy (RP) in patients with high-risk disease remains controversial. OBJECTIVE: To identify which high-risk prostate cancer (PCa) patients might have favorable pathologic outcomes when surgically treated. DESIGN, SETTING, AND PARTICIPANTS: We evaluated 1366 patients with high-risk PCa (ie, at least one of the following risk factors: prostate-specific antigen [PSA]>20 ng/ml, cT3, biopsy Gleason 8-10) treated with RP and pelvic lymph node dissection (PLND) at eight European centers between 1987 and 2009. A favorable pathologic outcome was defined as specimen-confined (SC) disease-namely, pT2-pT3a, node negative PCa with negative surgical margins. INTERVENTION: All patients underwent radical retropubic prostatectomy and PLND. MEASUREMENTS: Univariable and multivariable logistic regression models tested the association between predictors and SC disease. A logistic regression coefficient-based nomogram was developed and internally validated using 200 bootstrap resamples. The Kaplan-Meier method was used to depict biochemical recurrence (BCR) and cancer-specific survival (CSS) rates. RESULTS AND LIMITATIONS: Overall, 505 of 1366 patients (37%) had SC disease at RP. All preoperative variables (ie, age and PSA at surgery, clinical stage, and biopsy Gleason sum) were independent predictors of SC PCa at RP (all p≤0.04). Patients with SC disease had significantly higher 10-yr BCR-free survival and CSS rates than patients without SC disease at RP (66% vs 47% and 98 vs 88%, respectively; all p<0.001). A nomogram including PSA, age, clinical stage, and biopsy Gleason sum demonstrated 72% accuracy in predicting SC PCa. This study is limited by its retrospective design and by the lack of an external validation of the nomogram. CONCLUSIONS: Roughly 40% of patients with high-risk PCa have SC disease at final pathology. These patients showed excellent long-term outcomes when surgically treated, thus representing the ideal candidates for RP as the primary treatment for PCa. Prediction of such patients is possible using a nomogram based on routinely available clinical parameters.",Eur Urol,2012,61,584-92,10.1016/j.eururo.2011.11.043,https://www.ncbi.nlm.nih.gov/pubmed/22153925,,positive,1,
17572209,"Intermediate-term potency, continence, and survival outcomes of radical prostatectomy for clinically high-risk or locally advanced prostate cancer.",Loeb S,"OBJECTIVES: Controversy exists about the preferred treatment of patients with high-risk or locally advanced prostate cancer. We examined the intermediate-term cancer control and quality-of-life outcomes after radical retropubic prostatectomy (RRP) in selected patients. METHODS: From 1984 to 2003, 288 men with Stage cT2b (Gleason score 8 to 10 or a prostate-specific antigen level greater than 15 ng/mL) or T3 disease underwent RRP by a single surgeon. The 7 and 10-year actuarial progression-free survival (PFS), cancer-specific survival (CSS), overall survival (OS), potency, and continence rates were recorded. RESULTS: The actuarial 7-year PFS, CSS, and OS rate after surgery was 39%, 92%, and 91%, respectively. The corresponding actuarial 10-year rates were 35%, 88%, and 74%. Only OS differed significantly by age group. On multivariate analysis, the pathologic stage was a significant independent predictor of progression. Ultimately, 31 men (11%) required hormonal therapy, 58 (20%) underwent postoperative radiotherapy, and 67 (23%) received both. Potency and continence were preserved in 64% and 92%, respectively. CONCLUSIONS: Overall, RRP offers excellent intermediate-term cancer control for selected men of all ages who present with high-risk or locally advanced disease. The PFS was significantly greater for men with high-risk Stage cT2b than for those with cT3 disease, but the CSS and OS were similar. Both continence and potency were preserved in most patients, although the potency rates were significantly greater for the younger men. RRP with appropriate postoperative radiotherapy and/or hormonal therapy is a reasonable treatment option for selected men with high-risk or locally advanced disease.",Urology,2007,69,1170-5,10.1016/j.urology.2007.02.054,https://www.ncbi.nlm.nih.gov/pubmed/17572209,HIGH RISK,positive,1,
25711672,Salvage radical prostatectomy for recurrent prostate cancer: verification of European Association of Urology guideline criteria,Mandel P,"OBJECTIVE: To analyse oncological and functional outcomes of salvage radical prostatectomy (SRP) in patients with recurrent prostate cancer and to compare outcomes of patients within and outside the European Association of Urology (EAU) guideline criteria (organ-confined prostate cancer ≤T2b, Gleason score ≤7 and preoperative PSA level <10 ng/mL) for SRP. PATIENTS AND METHODS: In all, 55 patients who underwent SRP from January 2007 to December 2012 were retrospectively analysed. Kaplan-Meier curves assessed time to biochemical recurrence (BCR), metastasis-free survival (MFS) and cancer-specific survival. Cox regressions addressed factors influencing BCR and MFS. BCR was defined as a PSA level of >0.2 ng/mL and rising, continence as the use of 0-1 safety pad/day, and potency as a five-item version of the International Index of Erectile Function score of ≥18. RESULTS: The median follow-up was 36 months. After SRP, 42.0% of the patients experienced BCR, 15.9% developed metastasis, and 5.5% died from prostate cancer. Patients fulfilling the EAU guideline criteria were less likely to have positive lymph nodes (LNs) and had significantly better BCR-free survival (5-year BCR-free survival 73.9% vs 11.6%; P = 0.001). In multivariate analysis, low-dose-rate brachytherapy as primary treatment (P = 0.03) and presence of positive LNs at SRP (P = 0.02) were significantly associated with worse BCR-free survival. The presence of positive LNs or Gleason score >7 at SRP were independently associated with metastasis. The urinary continence rate at 1 year after SRP was 74%. Seven patients (12.7%) had complications ≥III (Clavien grade). CONCLUSION: SRP is a safe procedure providing good cancer control and reasonable urinary continence. Oncological outcomes are significantly better in patients who met the EAU guideline recommendations.",BJU Int,2016,117,55-61,doi: 10.1111/bju.13103. Epub 2015 May 11,https://www.ncbi.nlm.nih.gov/pubmed/25711672,,negative,0,2015.0
20493642,Long-term failure patterns and survival in a randomized dose-escalation trial for prostate cancer. Who dies of disease?,Kuban DA,"PURPOSE: To report long-term failure patterns and survival in a randomized radiotherapy dose escalation trial for prostate cancer. MATERIALS AND METHODS: A total of 301 patients with Stage T1b-T3 prostate cancer treated to 70 Gy versus 78 Gy now have a median follow-up of 9 years. Failure patterns and survival were compared between dose levels. The cumulative incidence of death from prostate cancer versus other causes was examined and regression analysis was used to establish predictive factors. RESULTS: Patients with pretreatment prostate-specific antigen (PSA) >10 ng/mL or high-risk disease had higher biochemical and clinical failures rates when treated to 70 Gy. These patients also had a significantly higher risk of dying of prostate cancer. Patients <70 years old at treatment died of prostate cancer nearly three times more frequently than of other causes when they were radiated to 70 Gy, whereas those treated to 78 Gy died of other causes more frequently. Patients age 70 or older treated to 70 Gy died of prostate cancer as often as other causes, and those receiving 78 Gy never died of prostate cancer within 10 years of follow-up. In regression analysis, factors predicting for death from prostate cancer were pretreatment PSA >10.5 ng/mL, Gleason score 9 and 10, recurrence within 2.6 years of radiation, and doubling time of <3.6 months at the time of recurrence. CONCLUSIONS: Moderate dose escalation (78 Gy) decreases biochemical and clinical failure as well as prostate cancer death in patients with pretreatment PSA >10 ng/mL or high-risk disease.",Int J Radiat Oncol Biol Phys,2011,79,1310-7,10.1016/j.ijrobp.2010.01.006,https://www.ncbi.nlm.nih.gov/pubmed/20493642,HIGH RISK,positive,1,
26341039,Individualization of Adjuvant Therapy After Radical Prostatectomy for Clinically Localized Prostate Cancer: Current Status and Future Directions,Mitchell DL,"Radiation therapy indications in the postprostatectomy setting are evolving. Several retrospective series have identified a number of ""high-risk"" pathologic features associated with an elevated risk of disease recurrence after radical prostatectomy. More recently, several randomized phase III trials demonstrated superior biochemical relapse-free survival for adjuvant radiation therapy after prostatectomy for patients with these high-risk pathologic features, including positive margin status, extraprostatic extension, and/or seminal vesicle invasion. These series further suggested improvement in distant metastasis control and overall survival after 15 years. However, not all patients with high-risk features experience disease recurrence after surgery alone, and some subsets of patients experience suboptimal disease control and survival despite immediate postoperative radiotherapy. Furthermore, some patients without high-risk features will develop recurrence. The present review discusses the current data and potential future directions to improve individualization of therapy after prostatectomy.",Clin Genitourin Cancer,2016,14,12-21,doi: 10.1016/j.clgc.2015.07.022. Epub 2015 Aug 6,https://www.ncbi.nlm.nih.gov/pubmed/26341039,,negative,0,2015.0
30937571,"Tumor characteristics, oncological and functional outcomes after radical prostatectomy in very young men ≤ 45 years of age",Tilki D,"PURPOSE: Age is an important prognostic factor for functional and oncological outcomes after radical prostatectomy (RP). Considering the long life-expectancy of young patients (≤ 45 years), it remains important to examine their outcomes. METHODS: Of 16.049 patients who underwent RP between 01/2006 and 12/2014 at the Martini-Klinik Prostate Cancer Center, 119 (0.7%) were ≤ 45. Known prognosticators were compared according to patient age at RP (categorical as ≤ 45, > 45 and ≤ 65, > 65 years). Kaplan-Meier plots and Cox-regressions analyzed oncological outcomes [biochemical recurrence (BCR)-free survival and metastasis-free survival (MFS)]. Logistic regressions were used for functional outcome. Urinary continence (UC) was defined as the use of 0 or 1 safety pad/day and potency as an IIEF-5 score of ≥ 18. RESULTS: Compared to their older counterparts, patients ≤ 45 years had more favorable tumor characteristics. Of all patients aged ≤ 45 years, 89% underwent bilateral and 9.3% unilateral nerve-sparing procedure. Five year BCR-free survival and MFS were 80.2% and 98.7% for patients ≤ 45 years, 72.8% and 95.0% for patients > 45 and ≤ 65 years and 70.5% and 94.9% for patients > 65 years. For the same groups, 1-year UC-rates were 97.4%, 89.4%, and 84.7% while 1.3%, 8.2%, and 11.6% used 1-2 pads/24 h. At 1-year, 75.6%, 58.6%, and 45.3% of preoperatively potent patients who underwent bilateral nerve-sparing were considered potent. Younger age was an independent predictor of favorable functional outcome also in multivariable analysis. CONCLUSIONS: Patients aged ≤ 45 years had more favorable tumor characteristics and oncological outcomes. Moreover, younger patients should be counseled about the excellent postoperative continence and potency rates.",World J Urol,2020,38,95-101,doi: 10.1007/s00345-019-02740-8. Epub 2019 Apr 2,https://www.ncbi.nlm.nih.gov/pubmed/30937571,,negative,0,2020.0
20378156,"Five year biochemical recurrence free survival for intermediate risk prostate cancer after radical prostatectomy, external beam radiation therapy or permanent seed implantation.",Vassil AD,"OBJECTIVE: To compare biochemical recurrence-free survival (bRFS) for patients with intermediate-risk prostate cancer treated by retropubic radical prostatectomy (RRP), laparoscopic radical prostatectomy (LRP), external beam radiation therapy (RT), or permanent seed implantation (PI). METHODS: Patients treated for intermediate-risk prostate cancer per National Comprehensive Cancer Network guidelines from 1996 to 2005 were studied. Variables potentially affecting bRFS were examined using univariate and multivariate Cox regression analysis. Five-year bRFS rates were calculated by actuarial methods; bRFS was calculated using Kaplan-Meier analysis. Nadir +2 definition of biochemical failure was used for RT and PI patients; a PSA ≥ 0.4 ng/mL was used for radical prostatectomy (RP) patients. Time to initiation of salvage therapy was compared for each treatment group using the Kruskal-Wallis test. RESULTS: Nine-hundred seventy-nine patients were analyzed with a median follow-up of 65 months. Five years bRFS rate was 82.8% for all patients (89.5% PI, 85.7% RT, 79.9% RRP, and 60.2% LRP). Patients treated by LRP had significantly worse bRFS than RT (P < .0001), PI (P < .0001), or RRP patients (P = .0038). Treatment modality (P < .0001) and average number of PSA tests per year (P < .0001) were the only independent predictors of bRFS on multivariate analysis. Median time to initiation of salvage therapy from time of treatment was 28.6 months for all patients (26.1 RP, 21.0 LRP, 47.4 PI, 47.8 RT; P < .0001). CONCLUSIONS: Patients with intermediate-risk prostate cancer choosing PI, RT, or RRP appear to have improved 5-year bRFS and delayed salvage therapy compared with LRP.",Urology,2010,76,1251-7,10.1016/j.urology.2010.01.010,https://www.ncbi.nlm.nih.gov/pubmed/20378156,INTERMEDIATE RISK,positive,1,
32075389,Long-Term Clinical Results of IGRT in Prostate Cancer Treatment,Doležel M,"BACKGROUND: The combination of intensity modulated radiation therapy (IMRT) and image guided radiotherapy (IGRT) plays a significant role in sparing normal tissue during prostate cancer treatment. We report the clinical outcomes of 260 patients treated with high-dose IGRT as well as the toxicity of high-dose IGRT in these patients. MATERIALS AND METHODS: From September 2008 to February 2012, 260 men with clinically localized prostate cancer underwent radical radiotherapy. Two hundred patients were treated with IMRT (78 Gy in 39 fractions) to the prostate and base of seminal vesicles using an adaptive protocol combining cone-beam computed tomography (CBCT) and kilovoltage image matching with individualized safety margin calculation. Sixty patients underwent treatment with the same prescribed dose using RapidArc with a reduced safety margin of 6 mm and daily online matching using CBCT. Late toxicity was scored prospectively according to the RTOG/FC-LENT scale. RESULTS: Eighteen patients (6.9%) experienced acute grade 2 gastrointestinal toxicity. There was no acute grade 3 or 4 gastrointestinal toxicity. Thirty-nine patients (15%) experienced acute grade 2 genitourinary toxicity and 6 patients (2.3%) had grade 3 gerourinary toxicity. Genitourinary toxicity grade 4 was observed in 5 (1.9%) patients, due to installation of a urinary catheter. At a median follow up of 84.2 months, the estimated 7-year cumulative incidences of grade 2 gastrointestinal and genitourinary toxicity were 4.4 and 7.1% respectively. The estimated 7-year prostate specific antigen relapse free survival was 97.1% for low-risk disease, 83.6% for intermediate-risk disease and 75% for high-risk patients. CONCLUSION: The use of IMRT in combination with IGRT results in a low rate of late toxicity. The authors declare they have no potential conflicts of interest concerning drugs, products, or services used in the study. The Editorial Board declares that the manuscript met the ICMJE recommendation for biomedical papers. Submitted: 8. 9. 2019 Accepted: 25. 10. 2019.",Klin Onkol,2020,33,49-54,doi: 10.14735/amko202049,https://www.ncbi.nlm.nih.gov/pubmed/32075389,,negative,0,2020.0
26666409,Prostatectomy at high-volume centers improves outcomes and lowers the costs of care for prostate cancer,Barzi A,"BACKGROUND: High-volume surgeons with ⩾250 radical prostatectomies provide superior oncological outcomes as evidenced by a lower rate of PSA recurrence (PSAR). The financial benefits of performing prostatectomies at high-volume centers (HVC) are unexplored. METHODS: A base case--referent scenario--where the share of prostatectomies at high- and low-volume centers were evenly divided at 50% was defined. Additional scenarios with increasing shares of prostatectomies at HVC with 10% increments were also modeled. Using a lower probability of PSAR as the only advantage of more experienced surgeons, the savings that would result from fewer recurrences, avoidance of salvage radiation therapy (SRT) and management of fewer men with metastatic cancer were calculated. RESULTS: The savings associated with performing 80% of radical prostatectomy at HVC were $177, $357 and $559 per prostatectomy at 5, 10 and 20 years, respectively. These savings would offset referral costs of up to $1833 per prostatectomy referral at no additional total societal costs. Given the longer average biochemical failure-free survival with prostatectomies at HVC, referral costs of more than $1833 may be cost effective. CONCLUSIONS: Under the conservative assumption of accounting for lower rates of PSAR as the only benefit of surgery in an HVC, performing prostatectomies at an HVC was associated with savings that may offset part of the initial referral costs.",Prostate Cancer Prostatic Dis,2016,19,84-91,doi: 10.1038/pcan.2015.56. Epub 2015 Dec 15,https://www.ncbi.nlm.nih.gov/pubmed/26666409,,negative,0,2015.0
16223581,Patients at high risk of progression after radical prostatectomy: do they all benefit from immediate post-operative irradiation? (EORTC trial 22911),Collette L,"EORTC trial 22911 demonstrated that immediate postoperative irradiation significantly improved biochemical failure free survival (BPFS) compared to wait-and-see (W and S) until relapse in patients with pT2-3 tumours and pathological risk factors after radical prostatectomy. In this study, we have investigated the heterogeneity of the treatment benefit across defined subgroups of patients. Data from 972 patients were used. A risk model was developed in the W and S group and the Log-rank test for heterogeneity was applied (alpha=0.05). Positive surgical margin (SM+), seminal vesicle invasion (SV+), WHO differentiation grade, pre- and post-operative PSA were independent predictors for BPFS in the W and S group. Men with SV+ were at higher risk of relapse whereas those with SM+ but no capsule infiltration (ECE-) did not seem to differ from those with SM-ECE+ or with SM+ECE+. Postoperative irradiation improved biochemical progression-free survival in all patient groups. Longer follow-up is needed to assess the endpoint of clinical progression-free survival.",Eur J Cancer,2005,41,2662-72,doi: 10.1016/j.ejca.2005.06.024. Epub 2005 Oct 11,https://www.ncbi.nlm.nih.gov/pubmed/16223581,,negative,0,2005.0
17296379,13-year outcomes following treatment for clinically localized prostate cancer in a population based cohort.,Albertsen PC,"PURPOSE: Because data from randomized trials initiated after the introduction of prostate specific antigen testing are unavailable, we performed a retrospective, population based study to estimate prostate cancer specific survival and overall survival after surgery, radiation or observation to manage clinically localized prostate cancer. MATERIALS AND METHODS: From the Connecticut Tumor Registry we identified Connecticut residents 75 years or younger diagnosed with clinically localized prostate cancer between January 1, 1990 and December 31, 1992. We obtained information from physician offices concerning treatments received by 1,618 patients who underwent surgery (802), external beam radiation therapy (702) or no initial therapy (114) and subsequent medical outcomes. Treatment comparisons were adjusted for pretreatment Gleason score, prostate specific antigen and clinical stage along with age at diagnosis and comorbidities using 3 methods, including categorization by risk, a proportional hazards model and a propensity score. RESULTS: At an average followup of 13.3 years 13% of patients had died of prostate cancer, 5% had died of other cancers and 24% had died other noncancer causes. Patients undergoing surgery were younger, and had more favorable histology and lower pretreatment prostate specific antigen compared to patients undergoing radiation. Patients who elected observation had significantly worse cause specific survival than those who elected surgery. They also fared worse than men who received radiation therapy but the difference was not statistically significant, possibly because of the small number of prostate cancer deaths to date. CONCLUSIONS: Our findings suggest that patients undergoing surgery for clinically localized prostate cancer may have a cancer specific survival advantage compared to those electing radiation or observation. However, only a randomized trial can control for the many known and unknown confounding factors that can affect long-term outcomes.",J Urol,2007,177,932-6,10.1016/j.juro.2006.10.051,https://www.ncbi.nlm.nih.gov/pubmed/17296379,,positive,1,
14575822,Long-term multi-institutional analysis of stage T1-T2 prostate cancer treated with radiotherapy in the PSA era.,Kuban DA,"PURPOSE: To report the long-term outcome for patients with Stage T1-T2 adenocarcinoma of the prostate definitively irradiated in the prostate-specific antigen (PSA) era. METHODS AND MATERIALS: Nine institutions combined data on 4839 patients with Stage T1b, T1c, and T2 adenocarcinoma of the prostate who had a pretreatment PSA level and had received >or=60 Gy as definitive external beam radiotherapy. No patient had hormonal therapy before treatment failure. The median follow-up was 6.3 years. The end point for outcome analysis was PSA disease-free survival at 5 and 8 years after therapy using the American Society for Therapeutic Radiology and Oncology (ASTRO) failure definition. RESULTS: The PSA disease-free survival rate for the entire group of patients was 59% at 5 years and 53% at 8 years after treatment. For patients who had received >or=70 Gy, these percentages were 61% and 55%. Of the 4839 patients, 1582 had failure by the PSA criteria, 416 had local failure, and 329 had distant failure. The greatest risk of failure was at 1.5-3.5 years after treatment. The failure rate was 3.5-4.5% annually after 5 years, except in patients with Gleason score 8-10 tumors for whom it was 6%. In multivariate analysis for biochemical failure, pretreatment PSA, Gleason score, radiation dose, tumor stage, and treatment year were all significant prognostic factors. The length of follow-up and the effect of backdating as required by the ASTRO failure definition also significantly affected the outcome results. Dose effects were most significant in the intermediate-risk group and to a lesser degree in the high-risk group. No dose effect was seen at 70 or 72 Gy in the low-risk group. CONCLUSION: As follow-up lengthens and outcome data accumulate in the PSA era, we continue to evaluate the efficacy and durability of radiotherapy as definitive therapy for early-stage prostate cancer. Similar studies with higher doses and more contemporary techniques will be necessary to explore more fully the potential of this therapeutic modality.",Int J Radiat Oncol Biol Phys,2003,57,915-28,10.1016/s0360-3016(03)00632-1,https://www.ncbi.nlm.nih.gov/pubmed/14575822,INTERMEDIATE RISK,positive,1,
26351883,Robotic-Assisted Laparoscopic Radical Prostatectomy,Agarwal G,"BACKGROUND: The use of radical prostatectomy for the treatment of prostate cancer has been increasing during the last decade partially due to the widespread adoption of the robotic-assisted laparoscopic technique. Although no prospective, randomized controlled trials have compared open radical prostatectomy (ORP) with robotic-assisted laparoscopic radical prostatectomy (RALRP), numerous comparative studies have been retrospectively conducted. METHODS: A systematic review of the literature was performed to clarify the role and advancement of RALRP. Studies comparing ORP with RALRP that measured outcomes of cancer control, urinary and sexual function, and complications were included. A nonsystematic review was utilized to describe the advancements in the techniques used for RALRP. RESULTS: RALRP is the procedure of choice when treating localized prostate cancer. This preference is due to the observed improvement in morbidity rates, as evidenced by decreased rates of blood loss and postoperative pain and similar oncological outcomes when compared with ORP. Robotic assistance during surgery is continually being modified and the techniques advanced, as evidenced by improved nerve sparing for preserving potency and reconstruction of the bladder neck to help in the early recovery of urinary continence. CONCLUSIONS: Morbidity rates should continue to improve with the advancement of minimally invasive techniques for radical prostatectomy. The adoption of robotic assistance during surgery will continue as the applications of robotic-assisted surgery expand into other solid organ malignancies.",Cancer Control,2015,22,283-90,doi: 10.1177/107327481502200305,https://www.ncbi.nlm.nih.gov/pubmed/26351883,,negative,0,2015.0
21345741,Moderate dose escalation with single-fraction high-dose-rate brachytherapy boost for clinically localized intermediate- and high-risk prostate cancer: 5-year outcome of the first 100 consecutively treated patients.,Agoston P,"PURPOSE: To analyze the clinical outcome and toxicity data of the first 100 consecutive patients treated with a single-fraction high-dose-rate brachytherapy (HDR-BT) and external beam radiotherapy (EBRT). METHODS AND MATERIALS: Two-hundred eighty patients have been treated with HDR-BT boost for localized intermediate- to high-risk prostate cancer. Among these, the outcome and toxicity of the first 100 patients treated with a single HDR-BT fraction were assessed. A median dose of 60Gy EBRT was given to the prostate and vesicles. Interstitial HDR-BT of 10Gy was performed during the course of EBRT. RESULTS: Median followup time was 61.5 months. The 5-year actuarial rates of overall survival, cause-specific survival, disease-free survival, and biochemical no evidence of disease (bNED) for the entire cohort were 93.3%, 99.0%, 89.3%, and 85.5%, respectively. The 7-year actuarial rate of bNED was 84.2% for the intermediate-risk group and 81.6% for the high-risk group (p=0.8464). The 7-year actuarial rates of bNED for Grade 1, 2, and 3 tumors were 97.5%, 80.0%, and 67.1%, respectively. The 5-year probability for developing late Grade 3 gastrointestinal and genitourinary (GU) toxicity was 2.1% and 14.4%, respectively. Grade 3 GU complications occurred significantly more frequently in patients with a history of preirradiation transurethral resection (29.1% vs. 8.8%; p=0.0047). CONCLUSIONS: Five-year outcome after 60Gy EBRT plus a single fraction of 10Gy HDR-BT boost is encouraging. Preradiation transurethral resection significantly increases the risk of late severe GU complications.",Brachytherapy,2011,10,376-84,10.1016/j.brachy.2011.01.003,https://www.ncbi.nlm.nih.gov/pubmed/21345741,,positive,1,
22436516,Long-term outcome for very high-risk prostate cancer treated primarily with a triple modality approach to include permanent interstitial brachytherapy.,Bittner N,"PURPOSE: To evaluate outcome in the most unfavorable subset of high-risk prostate cancer patients treated with a combination of supplemental external beam radiation therapy (EBRT) and brachytherapy. METHODS AND MATERIALS: Very high-risk prostate cancer was defined as follows: any Gleason score 10, Gleason score 8-9 with >50% of the biopsy cores positive for malignancy, Gleason score 8-9 with a prostate-specific antigen (PSA) >20ng/mL, any clinical stage T3, or any PSA >40ng/mL. One hundred thirty-one patients were identified who met the aforementioned criteria. The median followup was 6.6 years. One hundred twenty (91.6%) patients received supplemental EBRT and 100 (76.4%) received androgen deprivation therapy (median duration, 19.5 months; range, 4-36 months). The median postimplant day 0 D(90) (i.e., the minimum percentage of the prescription dose that covers the planning target volume) was 121.9% of prescription dose. Multiple clinical treatment and dosimetric parameters were evaluated for impact on the evaluated survival parameters. RESULTS: The median pretreatment PSA and Gleason score were 11.0ng/mL and 8. One hundred ten (84%) patients had a Gleason score ≥8. At 9 and 12 years, the cause-specific survival, biochemical progression-free survival, and overall survival were 91.0% and 86.5%, 87.3% and 87.3%, and 70.5% and 60.5%, respectively. The most common cause of death was heart disease (22.2%) with deaths from nonprostate cancer (12.7%) and prostate cancer (8.3%) being less likely. CONCLUSIONS: Permanent interstitial brachytherapy usually with supplemental EBRT and androgen deprivation therapy results in excellent biochemical control and cause-specific survival in the most unfavorable subset of high-risk prostate cancer patients. Death from diseases of the heart was more than twice as likely as death from prostate cancer.",Brachytherapy,2012,11,250-5,10.1016/j.brachy.2012.02.002,https://www.ncbi.nlm.nih.gov/pubmed/22436516,HIGH RISK,positive,1,
26112477,Salvage brachytherapy for locally recurrent prostate cancer after external beam radiotherapy,Yamada Y,"External beam radiotherapy (EBRT) is a standard treatment for prostate cancer. Despite the development of novel radiotherapy techniques such as intensity-modulated conformal radiotherapy, the risk of local recurrence after EBRT has not been obviated. Various local treatment options (including salvage prostatectomy, brachytherapy, cryotherapy, and high-intensity focused ultrasound [HIFU]) have been employed in cases of local recurrence after primary EBRT. Brachytherapy is the first-line treatment for low-risk and selected intermediate-risk prostate tumors. However, few studies have examined the use of brachytherapy to treat post-EBRT recurrent prostate cancer. The purpose of this paper is to analyze the current state of our knowledge about the effects of salvage brachytherapy in patients who develop locally recurrent prostate cancer after primary EBRT. This article also introduces our novel permanent brachytherapy salvage method.",Asian J Androl,2015,,-,doi: 10.4103/1008-682X.151391,https://www.ncbi.nlm.nih.gov/pubmed/26112477,,negative,0,2015.0
24101042,Randomized trial of hypofractionated external-beam radiotherapy for prostate cancer.,Pollack A,"PURPOSE: To determine if escalated radiation dose using hypofractionation significantly reduces biochemical and/or clinical disease failure (BCDF) in men treated primarily for prostate cancer. PATIENTS AND METHODS: Between June 2002 and May 2006, men with favorable- to high-risk prostate cancer were randomly allocated to receive 76 Gy in 38 fractions at 2.0 Gy per fraction (conventional fractionation intensity-modulated radiation therapy [CIMRT]) versus 70.2 Gy in 26 fractions at 2.7 Gy per fraction (hypofractionated IMRT [HIMRT]); the latter was estimated to be equivalent to 84.4 Gy in 2.0 Gy fractions. High-risk patients received long-term androgen deprivation therapy (ADT), and some intermediate-risk patients received short-term ADT. The primary end point was the cumulative incidence of BCDF. Secondarily, toxicity was assessed. RESULTS: There were 303 assessable patients with a median follow-up of 68.4 months. No significant differences were seen between the treatment arms in terms of the distribution of patients by clinicopathologic or treatment-related (ADT use and length) factors. The 5-year rates of BCDF were 21.4% (95% CI, 14.8% to 28.7%) for CIMRT and 23.3% (95% CI, 16.4% to 31.0%) for HIMRT (P = .745). There were no statistically significant differences in late toxicity between the arms; however, in subgroup analysis, patients with compromised urinary function before enrollment had significantly worse urinary function after HIMRT. CONCLUSION: The hypofractionation regimen did not result in a significant reduction in BCDF; however, it is delivered in 2.5 fewer weeks. Men with compromised urinary function before treatment may not be ideal candidates for this approach.",J Clin Oncol,2013,31,3860-8,10.1200/JCO.2013.51.1972,https://www.ncbi.nlm.nih.gov/pubmed/24101042,INTERMEDIATE RISK,positive,1,
26005979,Analysis of monotherapy prostate brachytherapy in patients with prostate cancer. Initial PSA and Gleason are important for recurrence?,Galego P,"PURPOSE: To evaluate the clinical outcome of a cohort of localized prostate cancer patients treated with 125-I permanent brachytherapy at the São José Hospital--CHLC, Lisbon. MATERIALS AND METHODS: A retrospective analysis was carried out on 429 patients with low and intermediate-risk of prostate adenocarcinoma, according to the recommendations of the EORTC, who underwent 125I brachytherapies in intraoperative dosimetry ""real-time"" system between September 2003 and September 2013. RESULTS: The mean follow-up was 71.98 months. Biochemical relapse of disease by rising PSA (Phoenix criterion) was observed in 18 patients (4.2%). Through the application of Kaplan-Meier survival curves in this sample, the rate of survival at 6 years without biochemical relapse was higher than 95%. By Iog rank test comparing biochemical relapse with initial PSA (15-10 and <10) and Gleason values (7 and <7), there was no statistical difference (P=0.830) of the initial PSA in the probability of developing biochemical relapse. In relation to Gleason score, it was noted a statistical difference (P <0.05), demonstrating that patients with Gleason 7 are more likely to develop biochemical relapse. CONCLUSIONS: Brachytherapy as monotherapy is at present an effective choice in the treatment of localized prostate adenocarcinoma. Biochemical relapses are minimal. The initial PSA showed no statistically difference in the rate of relapses, unlike the value Gleason, where it was demonstrated that patients with Gleason 7 have a higher probability of biochemical relapse. Cases with PSA bounce should be controlled before starting a salvage treatment.",Int Braz J Urol,2015,41,353-9,10.1590/S1677-5538.IBJU.2015.02.24,https://www.ncbi.nlm.nih.gov/pubmed/26005979,,positive,1,
16165919,Surgical treatment of localized prostate cancer,Damber JE,"Radical retropubic prostatectomy (RRP) is the reference method for treatment of localised, organ confined prostate cancer. Since the introduction of nerve-sparing procedure for RRP in the 1980's, the operation has become widespread and is today one of the most common surgical procedures in Urology. In this overview the indications, operative procedure and side effects of RRP are briefly discussed.",Acta Oncol,2005,44,599-604,doi: 10.1080/02841860510029734,https://www.ncbi.nlm.nih.gov/pubmed/16165919,,negative,0,2005.0
20421534,Statin use and risk of prostate cancer recurrence in men treated with radiation therapy,Gutt R,"PURPOSE: There has been growing interest in the potential anticancer activity of statins based on preclinical evidence of their antiproliferative, proapoptotic, and radiosensitizing properties. The primary objective of this study was to determine whether statin use is associated with improved clinical outcomes in patients treated with radiotherapy (RT) for prostate cancer. PATIENTS AND METHODS: In total, 691 men with prostate adenocarcinoma treated with curative-intent RT between 1988 and 2006 were retrospectively analyzed. Of those, 189 patients (27%) were using statins, either during initial consultation or during follow-up. Lipid panels were collected (n = 298) a median of 5 months before RT start. Median follow-up was 50 months after RT. RESULTS: Statin use was associated with improved freedom from biochemical failure (FFBF; P < .001), freedom from salvage androgen deprivation therapy (FFADT; P = .0011), and relapse-free survival (RFS; P < .001). Improved FFBF for statin users was seen in low-, intermediate-, and high-risk groups (P = .0401, P = .0331, and P = .0034, respectively). The improvement in FFBF with statin use was independent of ADT use or radiation dose. On multivariable analysis, statin use was associated with improved FFBF (P < .001) along with pretreatment prostate-specific antigen < or = 8.4 (P < .001), stage less than T2b (P = .0111), and Gleason score < 7 (P = .0098). On univariate analysis, pretreatment total cholesterol < 187 (89% v 80%; P = .0494) and low-density lipoprotein (LDL) < 110 (96% v 85%; P = .0462) were associated with improved 4-year FFBF. CONCLUSION: Statin use was associated with a significant improvement in FFBF, FFADT, and RFS in this cohort of men treated with RT for prostate cancer. The favorable effect of statins may be mediated by direct effect or via the LDL-lowering effect of these medications.",J Clin Oncol,2010,1,,doi: 10.1200/JCO.2009.27.3003. Epub 2010 Apr 26,https://www.ncbi.nlm.nih.gov/pubmed/20421534,,negative,0,2010.0
26181727,Dose-Escalated Irradiation and Overall Survival in Men With Nonmetastatic Prostate Cancer,Kalbasi A,"IMPORTANCE: In 5 published randomized clinical trials, dose-escalated external-beam radiation therapy (EBRT) for prostate cancer resulted in improved biochemical and local control. However, scarce evidence addresses whether dose escalation improves overall survival. OBJECTIVE: To examine the association between dose-escalated EBRT and overall survival among men with nonmetastatic prostate cancer. DESIGN, SETTING, AND PARTICIPANTS: We conducted a retrospective, nonrandomized comparative effectiveness study of dose-escalated vs standard-dose EBRT for prostate cancer diagnosed from 2004 to 2006 using the National Cancer Database (NCDB), which includes data from patients treated at Commission on Cancer-accredited community, academic, and comprehensive cancer facilities. Three cohorts were evaluated: men with low-risk (n = 12,229), intermediate-risk (n = 16,714), or high-risk (n = 13,538) prostate cancer. EXPOSURES: We categorized patients in each risk cohort into 2 treatment groups: standard-dose (from 68.4 Gy to <75.6 Gy) or dose-escalated (≥75.6 Gy to 90 Gy) EBRT (1 Gy = 100 rad). MAIN OUTCOMES AND MEASURES: We compared overall survival between treatment groups in each analytic cohort using Cox proportional hazard models with an inverse probability weighted propensity score (IPW-PS) approach. In secondary analyses, we evaluated dose response for survival. RESULTS: Dose-escalated EBRT was associated with improved survival in the intermediate-risk (IPW-PS adjusted hazard ratio [HR], 0.84; 95% CI, 0.80-0.88; P < .001) and high-risk groups (HR, 0.82; 95% CI, 0.78-0.85; P < .001) but not the low-risk group (HR, 0.98; 95% CI, 0.92-1.05; P = .54). For every incremental increase of about 2 Gy in dose, there was a 7.8% (95% CI, 5.4%-10.2%; P < .001) and 6.3% (95% CI, 3.3%-9.1%; P < .001) reduction in the hazard of death for intermediate- and high-risk patients, respectively. CONCLUSIONS AND RELEVANCE: Dose-escalated EBRT is associated with improved overall survival in men with intermediate- and high-risk prostate cancer but not low-risk prostate cancer. These results add to the evidence questioning aggressive local treatment strategies in men with low-risk prostate cancer but supporting such treatment in men with greater disease severity.",JAMA Oncol,2015,1,897-906,doi: 10.1001/jamaoncol.2015.2316,https://www.ncbi.nlm.nih.gov/pubmed/26181727,,negative,0,2015.0
24209381,Intensity-modulated radiotherapy versus radical prostatectomy in patients with localized prostate cancer: long-term follow-up.,Merino T,"BACKGROUND: The objective of this work was to assess the overall survival, cause-specific survival and biochemical failure-free survival of a contemporary cohort of patients with localized prostate cancer (PCa) treated with intensity-modulated radiation therapy (IMRT) or radical prostatectomy (RP). METHODS: We did a retrospective cohort study of our institution's registry of patients undergoing either IMRT or RP between January 1999 and March 2010, and assessed Prostate Specific Antigen (PSA), age at diagnosis, Gleason score, and digital rectal examination. Two groups were separated according to RP or IMRT treatment and these groups were in turn divided into risk groups according to the D'Amico classification. Overall survival (OS), cause-specific survival (CSS), mortality from other causes (MOC), and biochemical disease-free survival (BDFS) were assessed. RESULTS: Twelve-hundred patients were included: 993 in the RP group and 207 in the IMRT group.The IMRT group had older age, PSA at diagnosis and a significantly higher percentage of cancer on the needle biopsy (p <0.001). Of the 207 patients who underwent IMRT, 54% presented comorbidities. Median follow-up was 91.7 months for the RP group and 76 months for the IMRT group. The OS at 5 and 7 was 96.2, and 93.7 for the RP group respectively and 88.4, and 83.1 for the IMRT group respectively (p <0.001). There were no significant differences in the CSS in relation to treatment received among the low- and high-risk groups, while in the intermediate-risk group, patients who underwent to RP had a higher CSS than patients who underwent IMRT (99.6% vs 94.1%, p=0.003). The IMRT group had a significantly better BDFS than the RP group (86.4% vs. 74.3%, respectively, p=0.016). CONCLUSIONS: Patients treated with RP were significantly younger and had a better prognosis than patients treated using IMRT, and according to our results, RP had better outcomes in terms of OS while IMRT had greater MOC. Treatment modality did not affect the CSS.",BMC Cancer,2013,13,530,10.1186/1471-2407-13-530,https://www.ncbi.nlm.nih.gov/pubmed/24209381,,positive,1,
24517957,Treatment Outcomes in Very High-risk Prostate Cancer Treated by Dose-escalated and Combined-Modality Radiation Therapy.,Shilkrut M,"OBJECTIVES: The aim of this study was to report treatment outcomes in patients with very high-risk prostate cancer (VHRPC) treated with dose-escalated radiotherapy. METHODS: We conducted a retrospective multi-institutional review on patients with VHRPC (those with at least 2 high-risk factors of prostate-specific antigen >20 ng/mL, Gleason score 8 to 10, or clinical T3 to T4 stage), treated with either dose-escalated external-beam radiotherapy (EBRT) or combined-modality radiotherapy (CMRT) consisting of pelvic irradiation and permanent interstitial brachytherapy. RESULTS: A total of 238 patients with VHRPC were identified. Of them, 69% of patients received EBRT and 31% received CMRT; 88% received androgen-deprivation therapy (ADT), 56% for ≥24 months (long-term ADT). The majority (69%) of patients were above 65 years old and were less likely to receive CMRT than younger patients (25% vs. 43%, P=0.006), although they did not differ from younger patients in tumor characteristics. Median follow-up was 61 months (interquartile range, 38 to 93 mo). Biochemical progression-free survival (BPFS), distant metastasis-free survival (DMFS), and cancer-specific survival (CSS) for all patients at 8 years were (±SE): 50.6%±4.7%, 68.5%±4.3%, 78.7%±3.8%, respectively, and were similar for patients 65 years and below versus above 65 years old (BPFS: HR=0.88, P=0.56; DMFS: HR=0.79, P=0.40; CSS HR=0.99, P=0.99). After adjustment for patient, tumor, and treatment-related covariates on multivariate analysis, CMRT was associated with improved BPFS (HR=0.44, P=0.012) with trends for DMFS (HR=0.52, P=0.10) and CSS (HR=0.55, P=0.21), whereas long-term ADT was independently associated with improved BPFS (HR=0.40, P=0.019), CSS (HR=0.20, P=0.002), and PCSM (HR=0.25, P=0.004). CONCLUSIONS: Dose-escalated EBRT or CMRT with long-term ADT resulted in favorable clinical outcomes for patients with VHRPC.",Am J Clin Oncol,2016,39,181-8,10.1097/COC.0000000000000043,https://www.ncbi.nlm.nih.gov/pubmed/24517957,,positive,1,
16111581,Outcome of salvage radiotherapy for biochemical failure after radical prostatectomy with or without hormonal therapy,Cheung R,"BACKGROUND: This study analyzed the outcome of salvage radiotherapy for biochemical failure after radical prostatectomy (RP). By comparing the outcomes for patients who received RT alone and for those who received combined RT and hormonal therapy, we assessed the potential benefits of hormonal therapy. PATIENTS AND METHODS: This cohort was comprised of 101 patients who received salvage RT between 1990 and 2001 for biochemical failure after RP. Fifty-nine of these patients also received hormone. Margin status (positive vs. negative), extracapsular extension (yes vs. no), seminal vesicle involvement (yes vs. no), pathologic stage, Gleason score, pre-RP PSA, post-RP PSA, pre-RT PSA, hormonal use, radiotherapy dose and technique, RP at M. D. Anderson Cancer Center, and time from RP to salvage RT were analyzed. Statistically significant variables were used to construct prognostic groups. RESULTS: Independent prognostic factors for the RT-alone group were margin status and pre-RT PSA. RP at M. D. Anderson Cancer Center was marginally significant (p = 0.06) in multivariate analysis. Pre-RT PSA was the only significant prognostic factor for the combined-therapy group. We used a combination of margin status and pre-RT PSA to construct a prognostic model for response to the salvage treatment based on the RT group. We identified the favorable group as those patients with positive margin and pre-RT PSA < or = 0.5 ng/mL vs. the unfavorable group as otherwise. This stratification separates patients into clinically meaningful groups. The 5-year PSA control probabilities for the favorable vs. the unfavorable group were 83.7% vs. 61.7% with radiotherapy alone (p = 0.03). Androgen ablation seemed to be most beneficial in the unfavorable group. CONCLUSION: After prostatectomy, favorable-group patients may fare well with salvage radiotherapy alone. These patients may be spared the toxicity of androgen ablation. The other patients may benefit most from a combined approach with hormonal treatment. We further suggest that salvage radiotherapy should be given early when the PSA is still low.",Int J Radiat Oncol Biol Phys,2005,1,,doi: 10.1016/j.ijrobp.2005.01.020,https://www.ncbi.nlm.nih.gov/pubmed/16111581,,negative,0,2005.0
31628565,Evaluation of the residual prostate cancer rate on cystoprostatectomy specimen in patients treated with radiotherapy for prostate cancer,Schlegel J,"PURPOSE: To evaluate the residual cancer rate after cystoprostatectomy (CPT) in patients with a history of radiation therapy for prostate cancer and the postoperative complication rates. MATERIAL AND METHODS: We conducted a retrospective study involving 21 patients who had a CPT over 7 years and who had a history of radiotherapy for prostate cancer. To compare results, two additional groups were created: a group of patients without a history of radiotherapy in whom a CPT was performed, and a group without a history of radiotherapy and in whom was accidentally discovered a prostate cancer after CPT on histology specimens. RESULTS: The median age at the time of radiotherapy was 69 years. The median age at the time of cystoprostatectomy was 78 years. The median PSA at the time of the intervention was 0.6 ng/ml in the group with a history of radiotherapy. The residual cancer rate was 24%. No patients had criteria for biological recurrence. There were no additional surgical complications in the radiotherapy group (p = 0.2). The rate of cutaneous ureterostomy was higher (p = 0.0006) due to increased surgical difficulties (p = 0.0009). CONCLUSION: The residual cancer rate was 24% after radiotherapy for prostate cancer. PSA alone does not appear to be sufficient to detect the persistence of residual prostate cancer after radiotherapy. There were no more surgical complications after prostate radiotherapy.",Int Urol Nephrol,2020,52,279-285,doi: 10.1007/s11255-019-02312-0. Epub 2019 Oct 18,https://www.ncbi.nlm.nih.gov/pubmed/31628565,,negative,0,2020.0
19931898,What are the outcomes of radical prostatectomy for high-risk prostate cancer?,Loeb S,"OBJECTIVES: To examine the long-term survival following radical prostatectomy in the population with high-risk prostate cancer. Despite considerable stage migration associated with widespread prostate-specific antigen screening, as many as one-third of incident prostate cancers have high-risk features. These patients are often treated with combined radiation and androgen deprivation therapy, and less is known about the long-term survival in this population after radical prostatectomy (RP). METHODS: Between 1992 and 2008, 175 men underwent RP by a single surgeon with D'Amico high-risk prostate cancer (clinical stage ≥T2c, biopsy Gleason score 8-10, or prostate-specific antigen >20 ng/mL). In this population, we examined the rates and predictors of biochemical progression, metastatic disease, and cancer-specific mortality. RESULTS: Among 175 high-risk patients, 63 (36%) had organ-confined disease in the RP specimen. At 10 years, biochemical recurrence-free survival was 68%, metastasis-free survival was 84%, and prostate cancer-specific survival was 92%. The 10-year rate of freedom from any hormonal therapy was 71%. Of the high-risk criteria, a biopsy Gleason score of 8-10 (vs ≤7) was the strongest independent predictor of biochemical recurrence, metastases, and prostate cancer death. CONCLUSIONS: National data suggest that RP may be underutilized for the management of high-risk clinically localized prostate cancer. Our data suggest that surgical treatment can result in long-term progression-free survival in a subset of carefully selected high-risk men. Further prospective studies are warranted to directly compare the outcomes of RP vs combined radiation and hormonal therapy in high-risk patients.",Urology,2010,76,710-4,10.1016/j.urology.2009.09.014,https://www.ncbi.nlm.nih.gov/pubmed/19931898,,positive,1,
21783233,Radical prostatectomy for high-risk prostate cancer defined by preoperative criteria: oncologic follow-up in national multicenter study in 813 patients and assessment of easy-to-use prognostic substratification.,Ploussard G,"OBJECTIVE: To estimate the effect of predictive factors for oncologic outcomes after radical prostatectomy (RP) for high-risk prostate cancer (PCa). METHODS: A total of 813 patients underwent RP for high-risk PCa in a national retrospective multi-institutional study. High-risk PCa was defined as follows: prostate-specific antigen (PSA) level>20 ng/mL, Gleason score 8-10, and/or clinical Stage T2c-T4 disease. The preoperative criteria of high-risk PCa were studied in a logistic regression model to assess the correlations with the pathologic findings in the RP specimens. The predictive factors isolated or combined in scores were assessed by Cox multivariate and Kaplan-Meier analyses in predicting PSA failure (recurrence-free survival [RFS]) and overall survival (OS). RESULTS: The median follow-up was 64 months. Organ-confined disease was reported in 36.5%. The 5-year RFS, metastasis-free survival, and OS rate was 74.1%, 96.1%, and 98.6%, respectively. Each preoperative criteria of high-risk PCa was an independent predictor of PSA failure. The PSA failure risk was increased by 1.5- and 2.8-fold in men with 2 and 3 criteria, respectively. The RFS, but not the OS, was significantly different according to the preoperative score (P<.001). The postoperative score was significantly predictive for RFS and OS (P<.001 and P<.035, respectively). The risk of PSA failure was significantly increased with an increasing postoperative score (2-4.6-fold). CONCLUSION: National data support evidence that RP can result in encouraging midterm oncologic outcomes for the management of high-risk PCa. At 5 years after surgery, 75% of patients remain disease free. Our easy-to-use risk stratification might help clinicians to better predict the clinical and PSA outcomes of high-risk patients after surgery.",Urology,2011,78,607-13,10.1016/j.urology.2011.05.021,https://www.ncbi.nlm.nih.gov/pubmed/21783233,HIGH RISK,positive,1,
15705087,Brachytherapy-related dysuria,Merrick GS,"OBJECTIVE: To evaluate the incidence and temporal resolution of dysuria after permanent prostate brachytherapy, and to identify predictors of brachytherapy-related dysuria. PATIENTS AND METHODS: The study included 130 patients with no history of transurethral resection of the prostate before treatment, who had brachytherapy on one of two prospective randomized trials, with explicitly planned and executed urethral-sparing techniques (100-150% minimum peripheral dose) using either 103Pd or 125I for clinical T1c-T2c prostate cancer. The median follow-up was 22.6 months. An alpha-blocker was initiated either prophylactically 2 weeks before implantation and continued at least until the International Prostate Symptom Score (IPSS) returned to normal, or withheld until the onset of significant brachytherapy-related urinary morbidity. Dysuria was evaluated on a 0-10 scale, before brachytherapy and then at 1, 3, 6 and 12 months afterward, with a median of four dysuria questionnaires per patient. Clinical, treatment and dosimetric variables evaluated included alpha-blocker, age, IPSS before and the maximum after treatment, prostate volume on ultrasonography, hormonal status, supplemental radiotherapy, isotope, urethral dose, V(100/200), D90, and time to obtaining a normal IPSS. RESULTS: The maximum incidence of dysuria was 85% at 1 month after brachytherapy, with subsequent resolution over time. The use of prophylactic tamsulosin resulted in a statistically lower dysuria severity score (difference of 2.7 vs 4.2, P < 0.005) at 1 month, with no discernible differences at 3, 6, 12 and 18 months. Patients with dysuria had a statistically higher IPSS. The dysuria resolved faster in patients implanted with 103Pd but was unaffected by the use of supplemental radiotherapy and/or androgen deprivation therapy. In multivariate analysis, prophylactic alpha-blockers resulted in statistically lower maximum dysuria scores, while the maximum IPSS after implantation and isotope type (but only at 6 months) were the best predictors of the resolution of dysuria. CONCLUSIONS: Dysuria is common after brachytherapy but is typically mild. Prophylactic alpha-blockers gave significantly lower maximum dysuria scores but did not affect the time to the resolution of dysuria. The maximum IPSS after the implant was the best predictor of the resolution of dysuria.",BJU Int,2005,95,597-602,doi: 10.1111/j.1464-410X.2005.05346.x,https://www.ncbi.nlm.nih.gov/pubmed/15705087,,negative,0,2005.0
21056265,"Editorial comment. Evaluation of combined oncological and functional outcomes after radical prostatectomy: trifecta rate of achieving continence, potency and cancer control--a literature review",Litwin MS,,Urology,2010,76,1198,doi: 10.1016/j.urology.2010.05.057,https://www.ncbi.nlm.nih.gov/pubmed/21056265,,negative,0,2010.0
20171805,PSA decrease during combined-modality radiotherapy predicts for treatment outcome,Kubicek GJ,"PURPOSE: Prostate-specific antigen (PSA) is the well-used marker in the diagnosis, prognosis, and follow-up for prostate cancer patients. Although reports have focused on the importance of pretreatment PSA levels, doubling time, and posttreatment nadirs, there is little information on the value of PSA during the course of radiotherapy. METHODS AND MATERIALS: Retrospective review of PSA values obtained midway through a course of radiotherapy treatment for prostate cancer. Patients had a PSA (midPSA) measured after a course of external beam radiation (EBRT) before planned transperineal low-dose-rate brachytherapy implant (LDR). RESULTS: A total of 717 patients were analyzed with a median follow-up of 5.8 years, all censored patients had a minimum follow-up of 2 years. A total of 277 patients had low-risk disease, 267 patients had intermediate risk, and 173 patients had high-risk disease. Androgen blockade was used in 512 patients. A total of 653 patients had a midPSA decrease after EBRT, the median decrease was 6.2 ng/mL. Patients who had a midPSA decrease ≥25% compared with pretreatment PSA had improved overall survival of 10.0 vs. 7.4 years (p < 0.0004) and improved disease-free survival of 9.8 vs. 7.3 years (p < 0.01). When stratified by use of androgen blockade, midPSA remained significant for both androgen and non-androgen patients. CONCLUSIONS: PSA response after EBRT before brachytherapy predicts for long-term outcome; this may allow for risk stratification and intervention with higher LDR doses to improve outcomes.",Int J Radiat Oncol Biol Phys,2010,1,,doi: 10.1016/j.ijrobp.2009.08.064. Epub 2010 Feb 18,https://www.ncbi.nlm.nih.gov/pubmed/20171805,,negative,0,2010.0
26499318,Passive proton therapy vs. IMRT planning study with focal boost for prostate cancer,Yeo I,"BACKGROUND: Exploiting biologic imaging, studies have been performed to boost dose to gross intraprostatic tumor volumes (GTV) while reducing dose elsewhere in the prostate. Interest in proton beams has increased due to superior normal-tissue sparing they afford. Our goal was to dosimetrically compare 3D conformal proton boost plans with intensity-modulated radiation therapy (IMRT) plans with respect to target coverage and avoiding organs at risk. METHODS: Treatment planning computer tomography scans of ten patients were selected. For each patient, two hypothetical but realistic GTVs each with a fixed volume were contoured in different anatomical locations of the prostate. IMRT and proton beam plans were created with a prescribed dose of 50.4 Gy to the initial planning target volume (PTV) including the PTV of the seminal vesicles (PSV), 70.2 Gy to the PTV of the prostate (PPS), and 90 Gy to the PTV of the gross tumor volumes (PGTVs). For proton plans, uncertainties of range and patient setup were accounted for; apertures were adjusted until the dose-volume coverage of PTVs matched that of the IMRT plan. For both plans, prescribed PTV doses were made identical to allow for comparing normal-tissue doses. RESULTS: Protons delivered more homogeneous but less conformal doses to PGTVs than IMRT did and comparable doses to PSV and PPS. Volumes of bladder and rectum receiving doses higher than 65 Gy were similar for both plans. However, volumes receiving less than 65 Gy were significantly reduced, i.e., protons reduced integral dose by 45.6 % and 26.5 % for rectum and bladder, respectively. This volume-sparing was also seen in femoral heads and penile bulb. CONCLUSIONS: Protons delivered comparable doses to targets in dose homogeneity and conformity and spared normal tissues from intermediate-to-low doses better than IMRT did. Further improvement of dose sparing and changes in homogeneity and conformity may be achieved by reducing proton range uncertainties and from implementing intensity modulation.",Radiat Oncol,2015,24,,doi: 10.1186/s13014-015-0522-5,https://www.ncbi.nlm.nih.gov/pubmed/26499318,,negative,0,2015.0
22326573,"Outcomes following iodine-125 brachytherapy in patients with Gleason 7, intermediate risk prostate cancer: a population-based cohort study.",Herbert C,"BACKGROUND AND PURPOSE: To evaluate outcome in patients with Gleason 7 prostate cancer treated with iodine-125 brachytherapy at the British Columbia Cancer Agency. MATERIALS AND METHODS: Between 20th July 1998 and 7th February 2006, 1500 patients underwent I-125 prostate brachytherapy without supplemental external beam radiation therapy. Of these, 439 had Gleason 7 disease; 362 had Gleason 3+4 and 77 had 4+3 disease. Generally, patients received 6 months of androgen suppression. We compared biochemical no evidence of disease (bNED) between patients with Gleason ≤ 6 and Gleason 7 and between Gleason 3+4 and 4+3 using the Phoenix definition of biochemical recurrence. RESULTS: Median follow-up was 60 months. Estimated 5 year bNED was 97% for patients with Gleason score ≤ 6 and 94% for patients with Gleason 7 disease (p=0.037). Estimated bNED was 95% and 94% for 3+4 and 4+3, respectively (p=0.791). There was no difference in bNED between implants achieving D90 ≥ versus<the median value (150.5 Gy) or ≥ versus<140 Gy. CONCLUSIONS: I-125 brachytherapy with 6 months of ADT demonstrates excellent bNED rates in Gleason 7 disease. We found no evidence of a difference between patients with Gleason 3+4 versus 4+3 disease.",Radiother Oncol,2012,103,228-32,10.1016/j.radonc.2012.01.006,https://www.ncbi.nlm.nih.gov/pubmed/22326573,INTERMEDIATE RISK,positive,1,
22954770,Direct 2-arm comparison shows benefit of high-dose-rate brachytherapy boost vs external beam radiation therapy alone for prostate cancer.,Khor R,"PURPOSE: To evaluate the outcomes of patients treated for intermediate- and high-risk prostate cancer with a single schedule of either external beam radiation therapy (EBRT) and high-dose-rate brachytherapy (HDRB) boost or EBRT alone. METHODS AND MATERIALS: From 2001-2006, 344 patients received EBRT with HDRB boost for definitive treatment of intermediate- or high-risk prostate cancer. The prescribed EBRT dose was 46 Gy in 23 fractions, with a HDR boost of 19.5 Gy in 3 fractions. This cohort was compared to a contemporaneously treated cohort who received EBRT to 74 Gy in 37 fractions, using a matched pair analysis. Three-dimensional conformal EBRT was used. Matching was performed using a propensity score matching technique. High-risk patients constituted 41% of the matched cohorts. Five-year clinical and biochemical outcomes were analyzed. RESULTS: Initial significant differences in prognostic indicators between the unmatched treatment cohorts were rendered negligible after matching, providing a total of 688 patients. Median biochemical follow-up was 60.5 months. The 5-year freedom from biochemical failure was 79.8% (95% confidence interval [CI], 74.3%-85.0%) and 70.9% (95% CI, 65.4%-76.0%) for the HDRB and EBRT groups, respectively, equating to a hazard ratio of 0.59 (95% CI, 0.43-0.81, P=.0011). Interaction analyses showed no alteration in HDR efficacy when planned androgen deprivation therapy was administered (P=.95), but a strong trend toward reduced efficacy was shown compared to EBRT in high-risk cases (P=.06). Rates of grade 3 urethral stricture were 0.3% (95% CI, 0%-0.9%) and 11.8% (95% CI, 8.1%-16.5%) for EBRT and HDRB, respectively (P<.0001). No differences in clinical outcomes were observed. CONCLUSIONS: This comparison of 2 individual contemporaneously treated HDRB and EBRT approaches showed improved freedom from biochemical progression with the HDR approach. The benefit was more pronounced in intermediate- risk patients but needs to be weighed against an increased risk of urethral toxicity.",Int J Radiat Oncol Biol Phys,2013,85,679-85,10.1016/j.ijrobp.2012.07.006,https://www.ncbi.nlm.nih.gov/pubmed/22954770,INTERMEDIATE RISK,positive,1,
15964706,Lack of benefit of pelvic radiation in prostate cancer patients with a high risk of positive pelvic lymph nodes treated with high-dose radiation,Vargas CE,"PURPOSE: The use of pelvic radiation for patients with a high risk of lymph node (LN) metastasis (>15%) remains controversial. We reviewed the data at three institutions treating patients with a combination of external-beam radiation therapy and high-dose-rate brachytherapy to address the prognostic implications of the use of the Roach formula and the benefit of pelvic treatment. METHODS AND MATERIALS: From 1986 to 2003, 1,491 patients were treated with external-beam radiation therapy and high-dose-rate brachytherapy. The Roach formula [2/3 prostate-specific antigen + (Gleason score -6) x 10] could be calculated for 1,357 patients. Group I consisted of patients having a risk of positive LN < or = 15% (n = 761), Group II had a risk >15% and < or = 30% (n = 422), and Group III had a risk of LN disease >30% (n = 174). A >15% risk of having positive LN was found in 596 patients and was used to determine the benefit of pelvic radiation. The pelvis was treated at two of the cancer centers (n = 312), whereas at the third center (n = 284) radiation therapy was delivered to the prostate and seminal vesicles alone. Average biologic effective dose was > or = 100 Gy (alphabeta = 1.2). Biochemical failure was as per the American Society for Therapeutic Radiology and Oncology definition. Statistics included the log-rank test as well as Cox univariate and multivariate analysis. RESULTS: For all 596 patients with a positive LN risk >15%, median follow-up was 4.3 years, with a mean of 4.8 years. For all cases, median follow-up was 4 years and mean follow-up was 4.4 years. Five-year results for the three groups based on their risk of positive LN were significantly different in terms of biochemical failure (p < 0.001), clinical control (p < 0.001), disease-free survival excluding biochemical failure (p < 0.001), cause-specific survival (p < 0.001), and overall survival (p < 0.001). For all patients with a risk of positive LN >15% (n = 596), Group II (>15-30% risk), or Group III (>30% risk), no benefit was seen in the 5-year rates of clinical failure, cause-specific survival, or overall survival with pelvic radiation. In the Cox multivariate analysis for cause-specific survival, Gleason score (p = 0.009, hazard ratio [HR] 3.1), T stage (p = 0.03, HR 1.8), and year of treatment (p = 0.05, HR 1.1) were significant. A log-rank test for cause-specific survival for all patients (n = 577) by the use of pelvic radiation was not significant (p = 0.99) accounting for high-dose-rate brachytherapy dose, neoadjuvant hormones, Gleason score, prostate-specific antigen, T stage, and year of treatment as covariates. CONCLUSIONS: The use of the Roach formula to stratify patients for clinical and biochemical outcomes is excellent. Pelvic radiation added to high prostate radiation doses did not show a clinical benefit for patients at a high risk of pelvic LN disease (>15%) selected using the Roach formula.",Int J Radiat Oncol Biol Phys,2005,1,,doi: 10.1016/j.ijrobp.2005.04.026. Epub 2005 Jun 20,https://www.ncbi.nlm.nih.gov/pubmed/15964706,,negative,0,2005.0
31437121,Focal Therapy for Localized Prostate Cancer with Either High Intensity Focused Ultrasound or Cryoablation: A Single Institution Experience,Tourinho-Barbosa RR,"PURPOSE: We report oncologic outcomes in patients treated with focal therapy for prostate cancer. MATERIALS AND METHODS: We retrospectively analyzed a single institution cohort of men with localized prostate cancer who received focal therapy using high intensity focused ultrasound or cryotherapy from 2009 to 2018. Focal therapy was offered for low or intermediate risk disease (prostate specific antigen less than 20 ng/ml, Gleason score 7 or less and clinical stage T2b or less). Patients with previous prostate cancer treatment or less than 6 months of followup were excluded from study. Failure was defined as local or systemic salvage treatment, a positive biopsy Gleason score of 7 or greater in-field or out-of-field in nontreated patients, prostate cancer metastasis or prostate cancer specific death. Cox regression analysis was done to identify independent predictors of failure after focal therapy. RESULTS: Of the 309 patients included in study 190 and 119 were treated with high intensity focused ultrasound and cryotherapy, respectively. Median followup was 45 months. At 1, 3 and 5 years the failure-free survival rate was 95%, 67% and 54%, and the radical treatment-free survival rate was 99%, 79% and 67%, respectively. The 5-year metastasis-free survival rate was 98% and no prostate cancer specific death was registered in this cohort. Before focal therapy a biopsy Gleason score of 7 (3 + 4) or greater (HR 2.4, p <0.001) and nadir prostate specific antigen (HR 2.2, p <0.001) were independently associated with failed focal therapy. In the salvage focal therapy setting in-field recurrence after primary focal therapy was associated with poorer failure-free survival (p=0.02). CONCLUSIONS: Almost half of the men were free of focal therapy failure 5 years after treatment. Still, a significant proportion experienced recurrence at the midterm followup. The preoperative biopsy Gleason score and nadir prostate specific antigen were significantly associated with treatment failure.",J Urol,2020,203,320-330,doi: 10.1097/JU.0000000000000506. Epub 2019 Aug 22,https://www.ncbi.nlm.nih.gov/pubmed/31437121,,negative,0,2020.0
32150055,Adding radiotherapy to androgen deprivation therapy in men with node-positive prostate cancer after radical prostatectomy: A meta-analysis,Guo L,"BACKGROUND: Several studies have tested the addition of adjuvant radiotherapy (RT) to androgen deprivation therapy (ADT) in node-positive prostate cancer (PCa) after radical prostatectomy (RP). This meta-analysis aims to assess the effects of adding RT to ADT in the treatment of PCa patients with lymph node invasion. METHODS: We systematically searched PubMed and Embase through June 2018 for human studies comparing RT plus ADT versus ADT in men with node-positive PCa after RP. The primary end point was overall survival (OS). Secondary end point was cancer-specific survival (CSS). Hazard ratios (HRs) with 95% confidence intervals (CIs) for the effects of RT plus ADT on OS and CSS were combined across studies using meta-analysis. RESULTS: Five studies were selected for inclusion. Overall, 15,524 patients were enrolled in the 5 studies. This included 6309 (40.6%) patients receiving ADT, 4389 (28.3%) patients receiving adjuvant RT plus ADT, and 4826 (31.1%) patients receiving observation. In lymph node-positive PCa patients, the addition of adjuvant RT was associated with improved OS (HR: 0.74; 95% CI, 0.59-0.92; P = .008). Moreover, the addition of adjuvant RT was also associated with a dramatic CSS improvement (HR: 0.40; 95% CI, 0.27-0.59; P = .000). CONCLUSIONS: Adding RT to ADT may be a clinically effective treatment option for men with lymph node-positive PCa after RP.",Medicine (Baltimore),2020,99,,doi: 10.1097/MD.0000000000019153,https://www.ncbi.nlm.nih.gov/pubmed/32150055,,negative,0,2020.0
30835628,The Ratio of the Number of Biopsy Specimens to Prostate Volume (Biopsy Density) Greater Than 1.5 Improves the Prostate Cancer Detection Rate in Men Undergoing Transperineal Biopsy of the Prostate.,Stone NN,"PURPOSE: We sought to determine the minimum number of transperineal prostate mapping biopsies needed to optimize the prostate cancer detection rate. MATERIALS AND METHODS: A total of 436 men underwent transperineal prostate mapping biopsy at 2 institutions. Biopsy density was calculated as the ratio of the total number of specimens retrieved (mean 59.4) to prostate volume (mean 44.9 cc). Associations of biopsy density with prostate specific antigen, prostate specific antigen density, cancer diagnosis and the Gleason score were tested by ANOVA and the chi-square test. Regression analysis was done to determine factors associated with a positive transperineal prostate mapping biopsy and Gleason score 7 or higher cancer. RESULTS: Transperineal prostate mapping biopsy was positive in 299 of 436 men (68.6%). The mean number of positive cores was 7.1 (range 1 to 41) and mean biopsy density was 1.46 (range 0.39 to 3.67). The mean number of cores in positive vs negative transperineal prostate mapping biopsies was 1.61 vs 1.14 (p <0.001). Biopsy density cut points of 0.5 or less, greater than 0.5 to 1.0, greater than 1.0 to 1.5 and greater than 1.5 were associated with positive biopsy in 25%, 37.4%, 70.7% and 84.9% of patients (p <0.001). Dichotomizing biopsy density to 1.5 or less vs greater than 1.5 resulted in a positive biopsy rate of 56.4% vs 84.9% (OR 1.5, 95% CI 1.3-1.7, p <0.001). More Gleason score 6 cancers were diagnosed with higher biopsy density (94 of 158 or 59.5% vs 62 of 141 or 44.9%, p = 0.007). However, the number of positive cores with Gleason score 6 was greater in men with higher biopsy density at 4.9 vs 3.6 (p = 0.036). Prostate specific antigen (p = 0.053) and biopsy density (p = 0.012) were significant on regression analysis for positive transperineal prostate mapping biopsy and Gleason score 7+ disease. CONCLUSIONS: Biopsy density greater than 1.5 increases the diagnosis of prostate cancer by 1.5 times, detects higher volume Gleason score 6 disease and should be considered the optimal sampling approach when performing transperineal prostate mapping biopsy.",J Urol,2019,202,264-271,10.1097/JU.0000000000000204,https://www.ncbi.nlm.nih.gov/pubmed/30835628,,positive,1,
17094781,Comparing results after surgery in patients with clinical unilateral T3a prostate cancer treated with or without neoadjuvant androgen-deprivation therapy.,Hsu CY,"OBJECTIVE: To compare the results in patients with unilateral cT3 prostate cancer treated with or with no neoadjuvant androgen-deprivation therapy (nADT), as nADT might have benefit in cT2 prostate cancer, but for cT3 tumours its use remains controversial, and it is unclear whether it can prevent or delay progression after surgery. PATIENTS AND METHODS: Between 1987 and 2004, 235 patients were assessed as having unilateral cT3 disease by a digital rectal examination; before surgery, 200 patients were not treated with nADT and 35 were. The Kaplan-Meier method was used to calculate survival rates. RESULTS: With no nADT the biochemical progression-free survival (PFS) was 59.5%, the clinical PFS was 95.9%, the cancer-specific survival (CSS) was 98.7%, and overall survival was 95.9% at 5 years. With nADT, the biochemical PFS was 43.4%, clinical PFS was 77.6%, CSS was 88.7%, and overall survival was 79.8% at 5 years. The positive surgical margin rate with no nADT and with nADT was 33.5% and 57.1%, respectively, and the respective mean cancer volume was 6.6 mL and 4.0 mL. CONCLUSION: nADT can decrease tumour size but does not reduce the positive surgical margin rate, nor improve the survival rate in unilateral cT3a disease. Because of side-effects and treatment costs, we do not advise nADT in patients with unilateral cT3a prostate cancer.",BJU Int,2007,99,311-4,10.1111/j.1464-410X.2006.06559.x,https://www.ncbi.nlm.nih.gov/pubmed/17094781,HIGH RISK,positive,1,
31721011,Influence of the technique and comorbidities in hypofractionated radiotherapy for prostate cancer,Correa R,"PURPOSE: To analyze the differences in toxicity and biochemical relapse-free survival with hypofractionated radiotherapy with three-dimensional radiotherapy (3D-CRT) or volumetric arc therapy (VMAT) for prostate cancer taking into account comorbidity measured using the Charlson Comorbidity Index (CCI). METHODS: From January 2011 to June 2016, 451 patients with prostate cancer were treated with 60 Gy (20 daily fractions). VMAT or 3D-CRT was used. Distribution by stage: 17% low-risk, 27.2% intermediate-risk; 39.2% high-risk, 16.6% very high-risk. Mean CCI was 3.4. RESULTS: With a median follow up of 51 months, most patients did not experience any degree of acute GI toxicity (80.9%) compared to 19.1%, who experienced some degree, mainly G-I /II. In the multivariate analysis, only technique was associated with acute GI toxicity ≥ G2. Patients treated with VMAT had greater acute GI toxicity compared with those who received 3D-CRT (23.9% vs. 13.5%, p = 0.005). With respect to acute GU toxicity, 72.7% of patients experienced some degree, fundamentally G-I/II. Neither age, CCI, nor androgen deprivation therapy (ADT) were associated with greater toxicity. Overall survival at 2, 5 and 7 years was 97%, 88% and 83% respectively. The only factor with statistical significance was CCI, with a greater number of events in individuals with a CCI ≥ 4 (p < 0.03). CONCLUSIONS: Hypofractionated radiotherapy for prostate cancer is an effective, well-tolerated treatment even for elderly patients with no associated comorbidity. Longer follow up is needed in order to report data on late toxicity.",Clin Transl Oncol,2020,22,311-318,doi: 10.1007/s12094-019-02224-6. Epub 2019 Nov 12,https://www.ncbi.nlm.nih.gov/pubmed/31721011,,negative,0,2020.0
27910728,Predictive factors associated with biochemical recurrence following radical prostatectomy for pathological T2 prostate cancer with negative surgical margins.,Aoun F,"OBJECTIVE: The aim of this study was to determine factors associated with the development of biochemical recurrence (BCR) following radical prostatectomy in patients with pathological T2 prostate cancer and negative surgical margins. MATERIALS AND METHODS: This retrospective multicentre cohort study included 1252 consecutive patients with pT2 pN0/Nx and negative surgical margins on radical prostatectomy and without any adjuvant treatment, performed in three Belgian centres. BCR-free survival curves were estimated using the Kaplan-Meier method. Univariate and multivariate analyses using the Cox proportional hazards model were performed to determine clinical and pathological predictive factors of BCR in this group of patients. RESULTS: In total, 910 patients were included. BCR occurred in 107 patients (11.8%) at a median follow-up of 108 months. Overall 5 and 10 year BCR-free survival rates were 90% and 87%, respectively. On the multivariate analyses, serum prostate-specific antigen (PSA) level (p = .001) and surgical Gleason score of 7 or above (p = .001) were significantly associated with BCR in men with pathological T2 prostate cancer with negative surgical margins. Perineural invasion and capsular infiltration were not risk factors for recurrence. CONCLUSIONS: This study identified unfavourable risk factors in patients with pathological T2 and negative surgical margins following radical prostatectomy. The results suggest that patients with a surgical Gleason score of 7 or higher, unknown lymph-node status and high PSA values are at increased risk of recurrence.",Scand J Urol,2017,51,20-26,10.1080/21681805.2016.1263237,https://www.ncbi.nlm.nih.gov/pubmed/27910728,,positive,1,
23849172,Biochemical outcomes for patients with intermediate risk prostate cancer treated with I-125 interstitial brachytherapy monotherapy.,Tran AT,"BACKGROUND AND PURPOSE: Routine use of I-125 interstitial brachytherapy (BT) alone in intermediate risk (IR) prostate cancer is controversial. It is often combined with external beam radiotherapy (EBRT). The biochemical outcome of a large cohort of only IR disease treated with BT monotherapy is reported. MATERIALS AND METHODS: Between 2003 and 2007, 615 patients with Memorial Sloan-Kettering Cancer Centre (MSKCC) defined IR disease (one risk factor only-T2b, or Gleason score (GS) 7, or raised initial PSA (iPSA) 10.1-20ng/ml) were treated with BT monotherapy. ASTRO (3 consecutive rises) and Phoenix (nadir plus 2) criteria defined biochemical failure. Potential prognostic factors (pre- and post-implant dosimetric indices, GS 3+4 versus 4+3, androgen deprivation therapy (ADT)) were analysed. RESULTS: Median follow-up was 5.0years. Forty-three patients had stage T2b, 180 had raised iPSA, 392 had GS 7 disease. ADT was received by 108 patients. The 5-year biochemical no evidence of disease (bNED) rates are 87.3% (by ASTRO), 88.6% (by Phoenix). Stratification by risk factor (T2b, GS7, raised iPSA) demonstrated raised iPSA to have poorer outcome only by Phoenix criteria (p=0.0002). Other potential prognostic variables were non-significant. CONCLUSION: Good rates of biochemical control can be achieved in the medium term with BT monotherapy in IR disease. Raised iPSA correlated with a poorer outcome.",Radiother Oncol,2013,109,235-40,10.1016/j.radonc.2013.05.030,https://www.ncbi.nlm.nih.gov/pubmed/23849172,INTERMEDIATE RISK,positive,1,
18342200,Ten-year biochemical disease control for patients with prostate cancer treated with cryosurgery as primary therapy.,Cohen JK,"OBJECTIVES: Prostate cryosurgery has been increasingly used for the management of localized prostate cancer since its introduction in a minimally invasive form in the early 1990s. We performed a retrospective study of the largest and most mature patient group treated with cryosurgery reported thus far. METHODS: We retrospectively analyzed the data from 370 patients treated consecutively from 1991 to 1996 with a focus on the determination of biochemical disease-free survival for a group of patients with T1 to T3 prostate cancer who had undergone prostate cryosurgery as primary monotherapy. Only patients with no previous radiotherapy, hormonal therapy, or surgery were included. RESULTS: The median follow-up was 12.55 years. Using a nadir plus 2 ng/dL definition, Kaplan-Meier analysis demonstrated a biochemical disease-free survival rate at 10 years of 80.56%, 74.16%, and 45.54% for low, moderate, and high-risk groups, respectively. The 10-year negative biopsy rate was 76.96%. CONCLUSIONS: The results for this pilot group of patients who underwent percutaneous prostate cryosurgery monotherapy demonstrated biochemical disease-free survival rates that overlap with those of similar groups of patients treated under similar circumstances using other types of nonextirpative monotherapy.",Urology,2008,71,515-8,10.1016/j.urology.2007.09.059,https://www.ncbi.nlm.nih.gov/pubmed/18342200,HIGH RISK,positive,1,
32763013,I-125 or Pd-103 for brachytherapy boost in men with high-risk prostate cancer: A comparison of survival and morbidity outcomes.,Stone NN,"PURPOSE: Brachytherapy boost improves biochemical recurrence rates in men with high-risk prostate cancer (HRPC). Few data are available on whether one isotope is superior to another. We compared the oncologic and morbidity outcomes of I-125 and Pd-103 in men with HRPC receiving brachytherapy. METHODS AND MATERIALS: Of 797 patients with HRPC, 190 (23.8%) received I-125 or 607 received Pd-103 with a median of 45 Gy of external beam irradiation. Freedom from biochemical failure (FFBF), freedom from metastases (FFMs), cause-specific survival (CSS), and morbidity were compared for the two isotopes by the ANOVA and the χ<sup>2</sup> test with survival determined by the Kaplan-Meier method and Cox regression. RESULTS: Men treated with I-125 had a higher stage (p < 0.001), biological equivalent dose (BED) (p < 0.001), and longer hormone therapy (neoadjuvant hormone therapy, p < 0.001), where men treated with Pd-103 had a higher Gleason score (GS, p < 0.001) and longer followup (median 8.3 vs. 5.3 years, p < 0.001). Ten-year FFBF, FFM, and CSS for I-125 vs. Pd-103 were 77.5 vs. 80.2% (p = 0.897), 94.7 vs. 91.9% (p = 0.017), and 95.4 vs. 91.8% (p = 0.346), respectively. Men with T3 had superior CSS (94.1 vs. 79.5%, p = 0.001) with I-125. Significant covariates by Cox regression for FFBF were prostate specific antigen (PSA), the GS, and the BED (p < 0.001), for FFM PSA (p < 0.001) and GS (p = 0.029), and for CSS PSA, the GS (p < 0.001) and the BED (p = 0.022). Prostate cancer mortality was 7/62 (15.6%) for BED ≤ 150 Gy, 18/229 (7.9%) for BED >150-200 Gy, and 20/470 (5.9%) for BED >200 Gy (p = 0.029). Long-term morbidity was not different for the two isotopes. CONCLUSIONS: Brachytherapy boost with I-125 and Pd-103 appears equally effective yielding 10-year CSS of over 90%. I-125 may have an advantage in T3 disease. Higher doses yield the most favorable survival.",Brachytherapy,2020,19,567-573,10.1016/j.brachy.2020.06.001,https://www.ncbi.nlm.nih.gov/pubmed/32763013,,positive,1,
33035622,Dose-response with stereotactic body radiotherapy for prostate cancer: A multi-institutional analysis of prostate-specific antigen kinetics and biochemical control.,Levin-Epstein RG,"BACKGROUND AND PURPOSE: The optimal dose for prostate stereotactic body radiotherapy (SBRT) is still unknown. This study evaluated the dose-response relationships for prostate-specific antigen (PSA) decay and biochemical recurrence (BCR) among 4 SBRT dose regimens. MATERIALS AND METHODS: In 1908 men with low-risk (50.0%), favorable intermediate-risk (30.9%), and unfavorable intermediate-risk (19.1%) prostate cancer treated with prostate SBRT across 8 institutions from 2003 to 2018, we examined 4 regimens (35 Gy/5 fractions [35/5, n = 265, 13.4%], 36.25 Gy/5 fractions [36.25/5, n = 711, 37.3%], 40 Gy/5 fractions [40/5, n = 684, 35.8%], and 38 Gy/4 fractions [38/4, n = 257, 13.5%]). Between dose groups, we compared PSA decay slope, nadir PSA (nPSA), achievement of nPSA ≤0.2 and ≤0.5 ng/mL, and BCR-free survival (BCRFS). RESULTS: Median follow-up was 72.3 months. Median nPSA was 0.01 ng/mL for 38/4, and 0.17-0.20 ng/mL for 5-fraction regimens (p < 0.0001). The 38/4 cohort demonstrated the steepest PSA decay slope and greater odds of nPSA ≤0.2 ng/mL (both p < 0.0001 vs. all other regimens). BCR occurred in 6.25%, 6.75%, 3.95%, and 8.95% of men treated with 35/5, 36.25/5, 40/5, and 38/4, respectively (p = 0.12), with the highest BCRFS after 40/5 (vs. 35/5 hazard ratio [HR] 0.49, p = 0.026; vs. 36.25/5 HR 0.42, p = 0.0005; vs. 38/4 HR 0.55, p = 0.037) including the entirety of follow-up, but not for 5-year BCRFS (≥93% for all regimens, p ≥ 0.21). CONCLUSION: Dose-escalation was associated with greater prostate ablation and PSA decay. Dose-escalation to 40/5, but not beyond, was associated with improved BCRFS. Biochemical control remains excellent, and prospective studies will provide clarity on the benefit of dose-escalation.",Radiother Oncol,2021,154,207-213,10.1016/j.radonc.2020.09.053,https://www.ncbi.nlm.nih.gov/pubmed/33035622,,positive,1,
17437819,Adjuvant weekly docetaxel for patients with high risk prostate cancer after radical prostatectomy: a multi-institutional pilot study.,Kibel AS,"PURPOSE: Patients with adverse pathological features are at high risk for recurrence following radical prostatectomy. To improve outcomes in this population we performed a phase II study of adjuvant docetaxel in these high risk patients. MATERIALS AND METHODS: Patients with nonmetastatic radical prostatectomy at greater than 50% risk for recurrence by 3 years were eligible. Pathological findings were centrally reviewed and risk assessment was based on a validated multivariate Cox proportional hazards model. Treatment consisted of 6 cycles of 35 mg/m(2) docetaxel weekly given 4 to 12 weeks following surgery. Progression was defined as a prostate specific antigen of 0.4 ng/ml or greater, radiological/pathological evidence of recurrent disease or death from any cause. To screen for the potential benefit of adjuvant weekly docetaxel we used nomogram predicted progression-free survival as a historical control. RESULTS: A total of 77 patients were registered between April 2002 and January 2004. Two patients had grade IV hyperglycemia and 20 had grade III toxicity. At a median followup of 29.2 months (range 1.6 to 39.2) 46 of 76 evaluable cases (60.5%) progressed. Observed median progression-free survival was 15.7 months (95% CI 12.8-25.1). Predicted median progression-free survival in a matched population was 10 months. Seven patients died, including 4 of prostate cancer, 1 with intra-abdominal bleeding during treatment and 2 of pneumonia and sudden cardiac death, respectively, following treatment. CONCLUSIONS: Adjuvant docetaxel for prostate cancer is feasible with significant reversible but acceptable toxicity. The actual median progression-free survival of 15.7 months was longer than the nomogram predicted rate for this patient population. Adjuvant docetaxel treatment should be further evaluated in phase III trials in patients with high risk prostate cancer.",J Urol,2007,177,1777-81,10.1016/j.juro.2007.01.028,https://www.ncbi.nlm.nih.gov/pubmed/17437819,,positive,1,
32350585,Surgery associated with increased survival compared to radiation in clinically localized Gleason 9-10 prostate cancer: a SEER analysis,Nemirovsky A,"PURPOSE: Men with Gleason score 9-10 prostate cancer have worse outcomes compared to those with Gleason 8 disease. Upfront treatments remain controversial for these patients. Using the Surveillance, Epidemiology, and End Results (SEER) database, we evaluated the impact of initial treatment with external beam radiation therapy (EBRT), external beam radiation therapy with brachytherapy (EBRT + BT), or surgery on prostate cancer-specific mortality (PCSM) and overall mortality (OM) in Gleason 9-10 disease. METHODS: The SEER database was queried for men diagnosed with biopsy Gleason 9-10 prostate cancer from 2005 to 2014. Gathered data included demographic, pathologic, therapy received, and survival outcomes. Kaplan-Meier survival curves and crude and multivariate analyses were generated for initial therapy with EBRT, EBRT + BT, or surgery. RESULTS: A total of 7877 men were included, 4465 (56.7%) who underwent upfront treatment with EBRT alone, 623 (7.9%) with EBRT + BT, and 2789 (35.4%) with surgery. The 7 year PCSM rates were 29.2, 15.0, and 14.6% for EBRT, EBRT + BT, and surgery respectively (p < 0.001). The 7 year OM rates were 43.8, 27.2, and 20.0% for EBRT, EBRT + BT, and surgery, respectively (p < 0.001).When controlling for age, year of diagnosis, Gleason score, clinical T stage, and PSA level on multivariate analysis, EBRT had greater PCSM and OM than surgery (HR 0.41, 95% CI 0.28-0.61, p < 0.001 and HR 0.44, 95% CI 0.34-0.57, p < 0.001 respectively), but the mortality differences was not statistically significant between EBRT and EBRT + BT. CONCLUSION: Among men with localized Gleason 9-10 disease, surgery was associated with statistically significant improved survival outcomes compared to EBRT alone.",World J Urol,2021,39,415-423,doi: 10.1007/s00345-020-03215-x. Epub 2020 Apr 29,https://www.ncbi.nlm.nih.gov/pubmed/32350585,,negative,0,2020.0
23084481,Postoperative radiotherapy after radical prostatectomy for high-risk prostate cancer: long-term results of a randomised controlled trial (EORTC trial 22911).,Bolla M,"BACKGROUND: We report the long-term results of a trial of immediate postoperative irradiation versus a wait-and-see policy in patients with prostate cancer extending beyond the prostate, to confirm whether previously reported progression-free survival was sustained. METHODS: This randomised, phase 3, controlled trial recruited patients aged 75 years or younger with untreated cT0-3 prostate cancer (WHO performance status 0 or 1) from 37 institutions across Europe. Eligible patients were randomly assigned centrally (1:1) to postoperative irradiation (60 Gy of conventional irradiation to the surgical bed for 6 weeks) or to a wait-and-see policy until biochemical progression (increase in prostate-specific antigen >0·2 μg/L confirmed twice at least 2 weeks apart). We analysed the primary endpoint, biochemical progression-free survival, by intention to treat (two-sided test for difference at α=0.05, adjusted for one interim analysis) and did exploratory analyses of heterogeneity of effect. This trial is registered with ClinicalTrials.gov, number NCT00002511. FINDINGS: 1005 patients were randomly assigned to a wait-and-see policy (n=503) or postoperative irradiation (n=502) and were followed up for a median of 10·6 years (range 2 months to 16·6 years). Postoperative irradiation significantly improved biochemical progression-free survival compared with the wait-and-see policy (198 [39·4%] of 502 patients in postoperative irradiation group vs 311 [61·8%] of 503 patients in wait-and-see group had biochemical or clinical progression or died; HR 0·49 [95% CI 0·41-0·59]; p<0·0001). Late adverse effects (any type of any grade) were more frequent in the postoperative irradiation group than in the wait-and-see group (10 year cumulative incidence 70·8% [66·6-75·0] vs 59·7% [55·3-64·1]; p=0.001). INTERPRETATION: Results at median follow-up of 10·6 years show that conventional postoperative irradiation significantly improves biochemical progression-free survival and local control compared with a wait-and-see policy, supporting results at 5 year follow-up; however, improvements in clinical progression-free survival were not maintained. Exploratory analyses suggest that postoperative irradiation might improve clinical progression-free survival in patients younger than 70 years and in those with positive surgical margins, but could have a detrimental effect in patients aged 70 years or older. FUNDING: Ligue Nationale contre le Cancer (Comité de l'Isère, Grenoble, France) and the European Organisation for Research and Treatment of Cancer (EORTC) Charitable Trust.",Lancet,2012,380,2018-27,10.1016/S0140-6736(12)61253-7,https://www.ncbi.nlm.nih.gov/pubmed/23084481,HIGH RISK,positive,1,
24996687,Oncologic outcomes at 10 years following robotic radical prostatectomy.,Diaz M,"BACKGROUND: Reports on long-term oncologic outcomes for patients who undergo robot-assisted radical prostatectomy (RARP) are scant, as for radical prostatectomy covering only the contemporary prostate-specific antigen (PSA) era. OBJECTIVE: To evaluate cancer control in men who underwent RARP at least 10 yr ago. DESIGN, SETTING, AND PARTICIPANTS: From 2001 to 2003, we followed 483 consecutive men with localized prostate cancer who underwent RARP at a high-volume tertiary center. INTERVENTION: RARP as first-line therapy. OUTCOME MEASUREMENTS AND STATISTICAL ANALYSIS: We calculated biochemical recurrence -free survival (BCRFS), metastasis-free survival (MFS), and cancer-specific survival (CSS). Actuarial rates were estimated via Kaplan-Meier. Cox proportional hazards models were used to identify variables predictive of biochemical recurrence (BCR), receipt of salvage therapy, and metastases. RESULTS AND LIMITATIONS: There were 108 patients with BCR at a median follow-up of 121 mo (interquartile range: 97-132). Actuarial BCRFS, MFS, and CSS rates at 10 yr were 73.1%, 97.5%, and 98.8%, respectively. On multivariable analysis, D'Amico risk groups or pathologic Gleason grade, stage, and margins were the strongest predictors of BCR depending on whether preoperative or postoperative variables were considered. The value of the detectable PSAs together with disease severity were independent predictors of receipt of salvage therapy, together with a persistent PSA for metastases. CONCLUSIONS: In contemporary patients with localized prostate cancer, RARP confers effective 10-yr cancer control. Disease severity and PSA measurements can be used to guide more personalized and cost-effective postoperative surveillance regimens. PATIENT SUMMARY: Robot-assisted radical prostatectomy confers effective 10-yr cancer control for men with localized disease, similar to the open approach. Recurrence is best predicted by postoperative disease severity. Persistent disease signals the risk of progression likely requiring early salvage treatment; lower postoperative risk warrants protracted surveillance beyond 5 yr from surgery, and those with higher risk may require follow-up beyond 10 yr.",Eur Urol,2015,67,1168-1176,10.1016/j.eururo.2014.06.025,https://www.ncbi.nlm.nih.gov/pubmed/24996687,,positive,1,
31610249,External Beam Radiation Therapy (EBRT) and High-Dose-Rate (HDR) Brachytherapy for Intermediate and High-Risk Prostate Cancer: The Impact of EBRT Volume,Tharmalingam H,"PURPOSE: Whole pelvis radiation therapy (WPRT) may improve clinical outcomes over prostate-only radiation therapy (PORT) in high-risk prostate cancer patients by sterilization of micrometastatic nodal disease, provided there is optimal control of the primary site. METHODS AND MATERIALS: A prospective multicenter cohort study of eligible patients (stage ≥T2c, Gleason score ≥7 or presenting prostate-specific antigen ≥10) treated between 2009 and 2013 were enrolled in a United Kingdom national protocol delivering combined external beam radiation therapy and high-dose-rate brachytherapy. Centers elected to deliver WPRT, 46 Gy in 23 fractions or PORT 37.5 Gy in 15 fractions with 15 Gy single dose high-dose-rate brachytherapy. The primary endpoint was biochemical progression-free survival (bPFS). Secondary endpoints were overall survival, genitourinary, and gastrointestinal toxicity. This was not a randomized comparison and was subject to bias; the findings are therefore hypothesis generating, but not conclusive. RESULTS: Eight hundred and twelve patients were entered; 401 received WPRT and 411 received PORT. With a median follow-up of 4.7 years, 5-year bPFS rates for WPRT versus PORT arms were 89% versus 81% (P = .007) for all patients and 84% versus 77% (P = .001) for high-risk patients. Differences in bPFS remained significant after accounting for Gleason score, presenting prostate-specific antigen, T stage, and androgen deprivation therapy duration as covariates. There was no difference in overall survival. The overall post treatment toxicities across both cohorts were low with no greater than 1.5% of ≥grade 3 toxicities at any follow-up time point. WPRT increased both prevalence and cumulative incidence of acute genitourinary toxicity (P = .004) and acute gastrointestinal toxicity (P = .003). No difference in late radiation toxicity was observed. CONCLUSIONS: A significant improvement in 5-year bPFS was seen in intermediate and high-risk prostate cancer treated with WPRT compared with PORT in a combined external beam radiation therapy and brachytherapy schedule with no increase in late radiation toxicity.",Int J Radiat Oncol Biol Phys,2020,1,,doi: 10.1016/j.ijrobp.2019.09.044. Epub 2019 Oct 11,https://www.ncbi.nlm.nih.gov/pubmed/31610249,,negative,0,2020.0
18279937,"Is it possible to compare PSA recurrence-free survival after surgery and radiotherapy using revised ASTRO criterion--""nadir + 2""?",Nielsen ME,"OBJECTIVES: The new American Society for Therapeutic Radiology and Oncology/Radiation Therapy Oncology Group consensus definition of biochemical failure after radiotherapy for prostate cancer is defined as a prostate-specific antigen level at or greater than the absolute nadir PSA level plus 2 ng/mL. Because this definition inevitably will be used to compare cancer control rates after radiotherapy to those after surgery, this study examined the effect of this comparison. METHODS: We reviewed the data from 2570 men who had undergone radical prostatectomy from 1985 to 2004. Biochemical failure was defined as any measurable PSA level of 0.2 ng/mL or greater. We evaluated how the nadir+2 definition affected the failure rate when applied to this series. RESULTS: The actuarial 5, 10, and 15-year biochemical recurrence-free survival probability with failure defined as a PSA level of 0.2 ng/mL or more and a PSA level of 2 ng/mL or more was 88.6%, 81.2%, and 78.1% and 94.6%, 89.4%, and 84.3%, respectively (P <0.0001). The median time to biochemical progression was 2.8 years for the greater than 0.2 ng/mL definition and 7.9 years for the 2 ng/mL or more definition. The nadir+2 definition systematically overestimated the biochemical recurrence-free survival, even after stratifying patients into standard prognostic risk groups, especially in men who developed local recurrence. CONCLUSIONS: When applied to a mature series of surgically treated patients with localized prostate cancer, the American Society for Therapeutic Radiology and Oncology ""nadir+2"" definition resulted in a systematic delay in the determination of biochemical failure. Because patients in this series who experienced a detectable PSA level took more than 5 years to progress to a PSA level of 2 ng/mL or greater, the 5-year biochemical control rates with the definition of 0.2 ng/mL or more should be compared with the 10-year biochemical control rates using the nadir+2 definition.",Urology,2008,72,389-93; discussion 394-5,10.1016/j.urology.2007.10.053,https://www.ncbi.nlm.nih.gov/pubmed/18279937,,positive,1,
26072289,Radiation dose escalation or longer androgen suppression for locally advanced prostate cancer? Data from the TROG 03.04 RADAR trial,Denham JW,"BACKGROUND: The relative effects of radiation dose escalation (RDE) and androgen suppression (AS) duration on local prostatic progression (LP) remain unclear. METHODS: We addressed this in the TROG 03.04 RADAR trial by incorporating a RDE programme by stratification at randomisation. Men were allocated 6 or 18 months AS±18 months zoledronate (Z). The main endpoint was a composite of clinically diagnosed LP or PSA progression with a PSA doubling time ⩾6 months. Fine and Gray competing risk modelling with adjustment for site clustering produced cumulative incidence estimates at 6.5 years for each RDE group. RESULTS: Composite LP declined coherently in the 66, 70 and 74 Gy external beam dosing groups and was lowest in the high dose rate brachytherapy boost (HDRB) group. At 6.5 years, adjusted cumulative incidences were 22%, 15%, 13% and 7% respectively. Compared to 6 months AS, 18 months AS also significantly reduced LP (p<0.001). Post-radiation urethral strictures were documented in 45 subjects and increased incrementally in the dosing groups. Crude incidences were 0.8%, 0.9%, 3.8% and 12.7% respectively. CONCLUSION: RDE and increasing AS independently reduce LP and increase urethral strictures. The risks and benefits to the individual must be balanced when selecting radiation dose and AS duration.",Radiother Oncol,2015,115,301-7,doi: 10.1016/j.radonc.2015.05.016. Epub 2015 Jun 10,https://www.ncbi.nlm.nih.gov/pubmed/26072289,,negative,0,2015.0
25998747,Influence of pathological factors on oncological outcomes after robot-assisted radical prostatectomy for localized prostate cancer: Results of a prospective study,Kozal S,"PURPOSE: To assess the prognostic significance of lymphovascular invasion (LVI), maximum tumor diameter (MTD), high-grade prostatic intraepithelial neoplasia, perineural invasion, and length of positive surgical margins after robot-assisted radical prostatectomy (RARP). METHODS: A single-institution prospective analysis of all patients who underwent RARP for localized prostate cancer was performed between January 2005 and June 2013. The primary end point was biochemical recurrence-free survival (BRFS). BRFS was estimated using the Kaplan-Meier method and compared to that from the log-rank test. Cox׳s proportional hazards regression univariate and multivariate analyses were performed to define the prognostic factors. RESULTS: Overall, 742 men were included. After a median follow-up of 31.4 months, biochemical recurrence occurred in 80 patients (10.8%). BRFS was 93%, 87%, and 80.7% at 1, 3, and 5 years, respectively. Progression to local recurrence occurred in 49 patients (6.6%). During the follow-up period, 3 patients experienced progression to metastatic disease and were treated with hormonotherapy. No patient died of disease during the study period. In multivariate analyses, Gleason score was the strongest predictor of BRFS (hazard ratio [HR] = 3.4; P<0.001). There were 3 other predictive factors of BRFS were LVI (HR = 7.64; P = 0.005), MTD (HR = 4.04; P =0.009), and margin length ≥ 3 mm (HR = 1.25; P = 0.04). CONCLUSION: In the era of serum prostate-specific antigen testing maturity in conjunction with a single approach to extirpation of the prostate gland by RARP, LVI, MTD, and positive surgical margins ≥ 3 mm are prognostic factors associated with BRFS after RARP. Consideration could be given to incorporate them in the pathology report of the radical prostatectomy specimens and they could assist physicians in clinical decision making.",Urol Oncol,2015,33,330,doi: 10.1016/j.urolonc.2015.03.020. Epub 2015 May 18,https://www.ncbi.nlm.nih.gov/pubmed/25998747,,negative,0,2015.0
20921463,Quality-of-life impact of primary treatments for localized prostate cancer in patients without hormonal treatment,Pardo Y,"PURPOSE: Earlier studies evaluating the effect on quality of life (QoL) of localized prostate cancer interventions included patients receiving adjuvant hormone therapy, which could have affected their outcomes. Our objective was to compare the QoL impact of the three most common primary treatments on patients who were not receiving adjuvant hormonal treatment. PATIENTS AND METHODS: This was a prospective study of 435 patients treated with radical prostatectomy, external-beam radiotherapy, or brachytherapy. QoL was assessed before and after treatment with the Short Form-36 and the Expanded Prostate Cancer Index Composite. Differences between groups were tested by analysis of variance. Distribution of outcome at 3 years was examined by stratifying according to baseline status. Generalized estimating equation models were constructed to assess the effect of treatment over time. RESULTS: Compared with the brachytherapy group, the prostatectomy group showed greater deterioration on urinary incontinence and sexual scores but better urinary irritative-obstructive results (-18.22, -13.19, and +6.38, respectively, at 3 years; P < .001). In patients with urinary irritative-obstructive symptoms at baseline, improvement was observed in 64% of those treated with nerve-sparing radical prostatectomy. Higher bowel worsening (-2.87, P = .04) was observed in the external radiotherapy group, with 20% of patients reporting bowel symptoms. CONCLUSION: Radical prostatectomy caused urinary incontinence and sexual dysfunction but improved pre-existing urinary irritative-obstructive symptoms. External radiotherapy and brachytherapy caused urinary irritative-obstructive adverse effects and some sexual dysfunction. External radiotherapy also caused bowel adverse effects. Relevant differences between treatment groups persisted for up to 3 years of follow-up, although the difference in sexual adverse effects between brachytherapy and prostatectomy tended to decline over long-term follow-up. These results provide valuable information for clinical decision making.",J Clin Oncol,2010,1,,doi: 10.1200/JCO.2009.25.3245. Epub 2010 Oct 4,https://www.ncbi.nlm.nih.gov/pubmed/20921463,,negative,0,2010.0
16278474,Parameters for treatment decisions for salvage radiation therapy,Hayes SB,"Radical prostatectomy (RP) is the most common primary treatment for prostate cancer. About 40% of those with high-risk pathologic features, such as a positive margin or seminal vesicle involvement, will develop biochemical failure at some point in the future. Radiotherapy (RT), with or without concurrent androgen deprivation, has been used liberally in the management of men with a rising prostate-specific antigen (PSA) after RP, based mostly on relatively small retrospective series. Factors such as the prostatectomy Gleason score, seminal vesicle invasion, absolute pre-RT PSA level, and pre-RT PSA doubling time are emerging as important determinants of outcome after RT. These factors should be used as a guide to the options of local therapy alone (RT), local therapy plus systemic therapy (typically androgen deprivation therapy), and systemic therapy alone.",J Clin Oncol,2005,10,,doi: 10.1200/JCO.2005.03.1575,https://www.ncbi.nlm.nih.gov/pubmed/16278474,,negative,0,2005.0
12206842,Targeted cryoablation of the prostate: 7-year outcomes in the primary treatment of prostate cancer.,Bahn DK,"The efficacy and safety of the long-term experience with targeted cryoablation of prostate cancer (TCAP) at a community hospital is retrospectively reviewed. A series of 590 consecutive patients who underwent TCAP as primary therapy with curative intent for localized or locally advanced prostate cancer from March 1993 to September 2001 were identified. Patients were stratified into 3 risk groups according to clinical characteristics. Biochemical disease-free survival (bDFS), post-TCAP biopsy results, and post-TCAP morbidity were calculated and presented. The mean follow-up time for all patients was 5.43 years. The percentages of patients in the low-, medium-, and high-risk groups were 15.9%, 30.3%, and 53.7%, respectively. Using a prostate-specific antigen (PSA)-based definition of biochemical failure of 0.5 ng/mL, results were as follows: (1) the 7-year actuarial bDFS for low-, medium-, and high-risk patients were 61%, 68%, and 61%, respectively; (2) the bDFS probabilities for a PSA cutoff of 1.0 ng/mL for low-, medium-, and high-risk patients were 87%, 79%, and 71%, respectively; and (3) the bDFS probabilities for low-, medium-, and high-risk patients using the American Society for Therapeutic Radiology and Oncology (ASTRO) definition of biochemical failure (3 successive increases of PSA level) were 92%, 89%, and 89%, respectively. The rate of positive biopsy was 13%. After a positive biopsy, 32 patients underwent repeat cryoablation. For those patients who underwent repeat cryoablation, 68%, 72%, and 91% remain bDFS using definitions of 0.5 ng/mL, 1.0 ng/mL, and the ASTRO criteria, respectively, after a mean follow-up time since repeat cryoablation of 63 months. The rates of morbidity were modest, and no serious complications were observed. TCAP was shown to equal or surpass the outcome data of external-beam radiation, 3-dimensional conformal radiation, and brachytherapy. These 7-year outcome data provide compelling validation of TCAP as an efficacious treatment modality for locally confined and locally advanced prostatic carcinoma.",Urology,2002,60,3-11,10.1016/s0090-4295(02)01678-3,https://www.ncbi.nlm.nih.gov/pubmed/12206842,INTERMEDIATE RISK,positive,1,
23415964,Outcome and toxicity for patients treated with intensity modulated radiation therapy for localized prostate cancer.,Vora SA,"PURPOSE: We evaluate long-term disease control and chronic toxicities observed in patients treated with intensity modulated radiation therapy for clinically localized prostate cancer. MATERIALS AND METHODS: A total of 302 patients with localized prostate cancer treated with image guided intensity modulated radiation therapy between July 2000 and May 2005 were retrospectively analyzed. Risk groups (low, intermediate and high) were designated based on National Comprehensive Cancer Network guidelines. Biochemical control was based on the American Society for Therapeutic Radiology and Oncology (Phoenix) consensus definition. Chronic toxicity was measured at peak symptoms and at last visit. Toxicity was scored based on Common Terminology Criteria for Adverse Events v4. RESULTS: The median radiation dose delivered was 75.6 Gy (range 70.2 to 77.4) and 35.4% of patients received androgen deprivation therapy. Patients were followed until death or from 6 to 138 months (median 91) for those alive at last evaluation. Local and distant recurrence rates were 5% and 8.6%, respectively. At 9 years biochemical control rates were 77.4% for low risk, 69.6% for intermediate risk and 53.3% for high risk cases (log rank p = 0.05). On multivariate analysis T stage and prostate specific antigen group were prognostic for biochemical control. At last followup only 0% and 0.7% of patients had persistent grade 3 or greater gastrointestinal and genitourinary toxicity, respectively. High risk group was associated with higher distant metastasis rate (p = 0.02) and death from prostate cancer (p = 0.0012). CONCLUSIONS: This study represents one of the longest experiences with intensity modulated radiation therapy for prostate cancer. With a median followup of 91 months, intensity modulated radiation therapy resulted in durable biochemical control rates with low chronic toxicity.",J Urol,2013,190,521-6,10.1016/j.juro.2013.02.012,https://www.ncbi.nlm.nih.gov/pubmed/23415964,INTERMEDIATE RISK,positive,1,
27219522,PMH 9907: Long-term outcomes of a randomized phase 3 study of short-term bicalutamide hormone therapy and dose-escalated external-beam radiation therapy for localized prostate cancer.,McPartlin AJ,"BACKGROUND: The role of hormone therapy (HT) with dose-escalated external-beam radiotherapy (DE-EBRT) in the treatment of intermediate-risk prostate cancer (IRPC) remains controversial. The authors report the long-term outcome of a phase 3 study of DE-EBRT with or without HT for patients with localized prostate cancer (LPC). METHODS: From 1999 to 2006, 252 of an intended 338 patients with LPC were randomized to receive DE-EBRT with or without 5 months of neoadjuvant and concurrent bicalutamide 150 mg once daily. The study was closed early because of contemporary concerns surrounding bicalutamide. The primary outcome was biochemical failure (BF) incidence, and the secondary endpoints were overall survival (OS), local control (LC), and quality of life. The BF and OS rates were estimated using the cumulative incidence function and Kaplan-Meier methods and were compared using the Gray test and the log-rank test. RESULTS: Eleven patients were excluded from analysis. Characteristics were well balanced in each treatment arm. Ninety-five percent of patients had IRPC. The prescribed dose increased from 75.6 grays (Gy) in 42 fractions to 78 Gy in 39 fractions over the period. At a median follow-up of 9.1 years, 98 BFs occurred, with no significant effect of HT versus no HT on the BF rate (40% vs 47%; P = .32), the OS rate (82% vs 86%; P = .37), the LC rate (52% vs 48 %; P = .32) or quality of life, in the patients who completed the questionnaires. Dose escalation to 75.6 Gy versus >75.6 Gy reduced the BF rate by 26% (P = .004). CONCLUSIONS: For patients who predominantly have IRPC, the addition of HT to DE-EBRT did not significantly affect BF, OS, or LC. Bicalutamide appeared to be well tolerated. The conclusions from the study are limited by incomplete recruitment. Cancer 2016;122:2595-603. © 2016 American Cancer Society.",Cancer,2016,122,2595-603,10.1002/cncr.30093,https://www.ncbi.nlm.nih.gov/pubmed/27219522,,positive,1,
15821561,5-year urinary and sexual outcomes after radical prostatectomy: results from the prostate cancer outcomes study,Penson DF,"PURPOSE: Prior studies of postoperative outcomes following radical prostatectomy have been limited by selection bias and short-term followup. In this study we assessed temporal changes in urinary and sexual function up to 5 years following radical prostatectomy in a population based cohort. MATERIALS AND METHODS: A sample of 1,288 men with localized prostate cancer who underwent radical prostatectomy and completed a baseline survey within 6 to 12 months of diagnosis were included in the analysis. Two and 5-year functional and quality of life data were collected, as was information on the use of erectile aids. Temporal functional changes and potentially confounding or modifying factors were assessed using longitudinal regression models. RESULTS: Of these men 14% reported frequent urinary leakage or no urinary control 60 months after diagnosis, which was slightly higher than the 10% reporting incontinence at 24 months (p = 0.007). At 60 months 28% of the men had erections firm enough for intercourse compared with 22% at 24 months (p = 0.003). Sildenafil was the most commonly used erectile aid (43% ever used) and 45% of users reported that it helped ""somewhat"" or ""a lot."" CONCLUSIONS: Urinary and sexual dysfunction were common 5 years following radical prostatectomy in this large, community based cohort of prostate cancer survivors. While a small minority of subjects experienced changes in urinary or sexual function between years 2 and 5 after prostatectomy, functional outcomes remained relatively stable in the majority of participants.",J Urol,2005,173,1701-5,doi: 10.1097/01.ju.0000154637.38262.3a,https://www.ncbi.nlm.nih.gov/pubmed/15821561,,negative,0,2005.0
19111801,"Outcomes for intermediate risk prostate cancer: are there advantages for surgery, external radiation, or brachytherapy?",Klein EA,"The treatment of localized prostate cancer remains controversial because of the lack of conclusive well-controlled or randomized studies comparing outcome of various forms of radiotherapy (RT) to radical prostatectomy (RP). We review recent results from an institutional database and prospective quality of life study comparing cancer-related and quality of live (QOL) outcomes among different treatment modalities for intermediate risk prostate cancer. The results suggest similar short-term survival but domain-specific effects on QOL after treatment with radical prostatectomy, brachytherapy, or external beam radiotherapy.",Urol Oncol,2009,27,67-71,10.1016/j.urolonc.2008.04.001,https://www.ncbi.nlm.nih.gov/pubmed/19111801,INTERMEDIATE RISK,positive,1,
20561698,Development of a patient-reported questionnaire for collecting toxicity data following prostate brachytherapy,Farnell DJ,"PURPOSE: To improve a questionnaire used to collect patient-reported outcomes from patients with early stage prostate cancer treated with brachytherapy. A secondary aim was to adapt the Late Effects of Normal Tissue (LENT) subjective toxicity questionnaire for use to collect Common Terminology Criteria for Adverse Events (CTCAE) data, the current preferred platform for assessing radiation toxicity. MATERIALS AND METHODS: Three hundred and seventy-seven patients were treated with permanent iodine-125 seed implant brachytherapy for early prostate cancer. Toxicity data were collected before and at nine time points post-treatment (0-36 months). Compliance rates for patients completing individual items and item-subsection correlation coefficients were calculated. A factor analysis was carried out to analyse responses to the questionnaire and identify less informative questions, which could be removed. Cronbach's α coefficient was used to measure reliability. RESULTS: Two thousand one hundred and eighty-eight questionnaires were analysed. There was poor compliance for questions specifically relating to operations and bowel medication. We found that the division of the questionnaire into subsections based on anatomical site was reasonable and that certain items could be safely removed. The high mean value for Cronbach's α across all questionnaires (0.752; 95% CI: 0.726-0.779) indicated that the questionnaire was reliable. Fifteen of the 44 questions were removed from the original questionnaires. Questions on urinary incontinence severity, management of urinary and bowel incontinence, effects of reduced flow of urine and the effects of symptoms on activity of daily living and change in sexual function were required to adapt the LENT subjective questionnaire for use to collect CTCAE data. CONCLUSIONS: A questionnaire, validated over 6 years to collect LENT subjective data were adapted and is a reliable approach for collecting CTCAE data after prostate brachytherapy.",Radiother Oncol,2010,97,136-42,doi: 10.1016/j.radonc.2010.05.011. Epub 2010 Jun 17,https://www.ncbi.nlm.nih.gov/pubmed/20561698,,negative,0,2010.0
15794776,Radical prostatectomy for clinically advanced (cT3) prostate cancer since the advent of prostate-specific antigen testing: 15-year outcome.,Ward JF,"UNLABELLED: In the first paper in this section, authors from the Mayo Clinic describe their experience and 15-year outcomes in the controversial subject of radical prostatectomy in patients with clinical T3 prostate cancer. The findings were interesting in many respects, but the authors concluded that radical prostatectomy as part of multimodal treatment for patients with clinical T3 disease offers cancer control and good survival rates. There follows a series of papers on both prostate cancer and bladder cancer, but the final paper in this section from the UK attempts to define the accuracy of urologists and oncologists in assessing patient life-expectancy. Using various methods they found that, rather disappointingly, doctors were poor at predicting 10-year survival, leading to the possible outcome that some patients may be denied treatment after a pessimistic assessment of life-expectancy. OBJECTIVE: To report a long-term experience with extirpative surgery in patients presenting with locally advanced (cT3) prostate cancer, as the best management of such patients remains a problem. PATIENTS AND METHODS: In a single-institution retrospective study identifying 5652 men who had radical prostatectomy (RP) for histologically confirmed prostate cancer since the advent of prostate-specific antigen (PSA) testing (1987-97), 15% (842) had RP for cT3 disease. The median follow-up of these men was 10.3 years. Cancer-specific, overall and disease-free survival was plotted and compared with those of patients having RP for cT2 disease during the same period. Perioperative morbidity, continence and erectile function rates were examined, with a multivariate analysis for risk factors of disease recurrence. RESULTS: Freedom from local or systemic disease at 5, 10, and 15 years after RP for cT3 disease was 85%, 73% and 67%; the respective cancer-specific survival rates were 95%, 90% and 79%. Significantly many men who did not receive neoadjuvant therapy (27%) were clinically over-staged (pT2) and most men with pT3 disease (78%) received adjuvant therapy. The mean time to adjuvant therapy after RP was not significantly different between men with cT3 and cT2 disease (4.0 and 4.3 years). Pathological grade (> or =7), positive surgical margins, and nondiploid chromatin were all independently associated with a significant risk for clinical disease recurrence, while preoperative PSA level had little effect on outcome. Complications and continence rates after RP in patients with cT3 mirrored those in patients with cT2 disease. CONCLUSIONS: Significantly many patients with cT3 prostate cancer are overstaged (pT2) in the PSA era. RP as part of a multimodal treatment strategy for patients with cT3 disease offers cancer control and survival rates approaching those achieved for cT2 disease. Pathological grade, ploidy and margin status are all significant predictors of outcome after RP. Complications and incontinence rates in patients with cT3 disease mirror those after RP for cT2 disease.",BJU Int,2005,95,751-6,10.1111/j.1464-410X.2005.05394.x,https://www.ncbi.nlm.nih.gov/pubmed/15794776,HIGH RISK,positive,1,
11912386,Outcome of patients with Gleason score 8 or higher prostate cancer following radical prostatectomy alone.,Mian BM,"PURPOSE: We determine the effect of clinical and pathological variables on the outcome of patients with prostate cancer of Gleason scores 8 or greater treated with radical prostatectomy alone. MATERIALS AND METHODS: Between April 1987 and October 1998, 1,199 patients underwent radical retropubic prostatectomy. We identified 188 patients assigned a Gleason score of 8 or higher in the prostatectomy specimen who did not receive any neoadjuvant or adjuvant therapy. Median followup was 60 months (range 1 to 129). Disease recurrence was defined as any detectable prostate specific antigen level 0.1 ng./ml. or greater. RESULTS: Of 188 patients 128 (68%) had no evidence of prostate cancer after a median followup of 60 months, while 60 (32%) demonstrated a detectable PSA level. There were 58 (31%) patients with disease confined to the prostate with negative surgical margins while 108 (57%) had prostate cancer confined to the surgical specimen. Positive surgical margin with extraprostatic extension was seen in 16 (9%) patients and seminal vesicle invasion was present in 40 (21%). The 5 and 7-year disease-free survival rates for the entire cohort were 71% and 55%, respectively. Patients with specimen confined disease had a significantly higher 5-year disease-free survival rate than those with nonspecimen confined disease (84% and 50%, p <0.0001). On multivariate analysis pathological status of the surgical specimen was the most significant independent predictor of disease recurrence. Age, ethnicity, clinical stage and preoperative PSA had no independent effect on disease recurrence. CONCLUSIONS: Long-term disease-free survival can be expected in those patients with high grade prostate cancer whose disease is confined to the prostate and/or the surgical specimen.",J Urol,2002,167,1675-80,,https://www.ncbi.nlm.nih.gov/pubmed/11912386,,positive,1,
19632069,Local control following permanent prostate brachytherapy: effect of high biologically effective dose on biopsy results and oncologic outcomes.,Stone NN,"PURPOSE: To determine factors that influence local control and systemic relapse in patients undergoing permanent prostate brachytherapy (PPB). METHODS AND MATERIALS: A total of 584 patients receiving PPB alone or PPB with external beam radiation therapy (19.5%) agreed to undergo prostate biopsy (PB) at 2 years postimplantion and yearly if results were positive or if the prostate-specific antigen (PSA) level increased. Short-term hormone therapy was used with 280 (47.9%) patients. Radiation doses were converted to biologically effective doses (BED) (using alpha/beta = 2). Comparisons were made by chi-square analysis and linear regression. Survival was determined by the Kaplan-Meier method. RESULTS: The median PSA concentration was 7.1 ng/ml, and the median follow-up period was 7.1 years. PB results were positive for 48/584 (8.2%) patients. Positive biopsy results by BED group were as follows: 22/121 (18.2%) patients received a BED of < or =150 Gy; 15/244 (6.1%) patients received >150 to 200 Gy; and 6/193 (3.1%; p < 0.001) patients received >200 Gy. Significant associations of positive PB results by risk group were low-risk group BED (p = 0.019), intermediate-risk group hormone therapy (p = 0.011) and BED (p = 0.040), and high-risk group BED (p = 0.004). Biochemical freedom from failure rate at 7 years was 82.7%. Biochemical freedom from failure rate by PB result was 84.7% for negative results vs. 59.2% for positive results (p < 0.001). Cox regression analysis revealed significant associations with BED (p = 0.038) and PB results (p = 0.002) in low-risk patients, with BED (p = 0.003) in intermediate-risk patients, and with Gleason score (p = 0.006), PSA level (p < 0.001), and PB result (p = 0.038) in high-risk patients. Fifty-three (9.1%) patients died, of which eight deaths were due to prostate cancer. Cause-specific survival was 99.2% for negative PB results vs. 87.6% for positive PB results (p < 0.001). CONCLUSIONS: Higher radiation doses are required to achieve local control following PPB. A BED of >200 Gy with an alpha/beta ratio of 2 yields 96.9% local control rate. Failure to establish local control impacts survival.",Int J Radiat Oncol Biol Phys,2010,76,355-60,10.1016/j.ijrobp.2009.01.078,https://www.ncbi.nlm.nih.gov/pubmed/19632069,LOW RISK,positive,1,
26238951,High-Dose-Rate Brachytherapy as Monotherapy for Intermediate- and High-Risk Prostate Cancer: Clinical Results for a Median 8-Year Follow-Up.,Yoshioka Y,"PURPOSE: To present mature results of high-dose-rate brachytherapy (HDR-BT) as monotherapy for intermediate- and high-risk prostate cancer. METHODS AND MATERIALS: From 1995 through 2012, 190 patients, 79 with intermediate-risk and 111 with high-risk prostate cancer, were treated with HDR-BT alone using 48 Gy/8 fractions, 54 Gy/9 fractions, or 45.5 Gy/7 fractions over 4 to 5 days. Neoadjuvant with or without adjuvant androgen deprivation therapy was administered to 139 patients, 35 intermediate- and 104 high-risk. RESULTS: Median follow-up time was 92 months (range, 10-227 months), with a minimum of 2 years for surviving patients. Respective rates of cause-specific survival, overall survival, metastasis-free survival, and biochemical no evidence of disease for the intermediate-risk patients were 100%, 100%, 96%, and 93% at 5 years, and 100%, 96%, 91%, and 91% at 8 years. Corresponding rates for the high-risk patients were 97%, 93%, 84%, and 81% at 5 years, and 93%, 81%, 74%, and 77% at 8 years. The cumulative incidence of late grade 2 to 3 genitourinary toxicity was 5% at 5 years and 10% at 8 years, and that of late grade 3 was 0 at 5 years and 1% at 8 years. The cumulative incidence of late grade 2-3 gastrointestinal toxicity was 4% at 5 years and 6% at 8 years, and that of late grade 3 was 0 at 5 years and 2% at 8 years. No grade 4 or 5 toxicity was detected. CONCLUSIONS: Our single-institution study with a median 8-year follow-up showed that HDR-BT as monotherapy was safe and effective for patients with intermediate- and high-risk prostate cancer.",Int J Radiat Oncol Biol Phys,2016,94,675-82,10.1016/j.ijrobp.2015.05.044,https://www.ncbi.nlm.nih.gov/pubmed/26238951,,positive,1,
30724780,Application of a Prognostic Stratification System for High-risk Prostate Cancer to Patients Treated With Radiotherapy: Implications for Treatment Optimization.,Foster B,"OBJECTIVES: We applied an established prognostic model to high-risk prostate cancer (HRPC) patients treated with radiotherapy (RT) and evaluated the influence of clinical and treatment variables on treatment outcomes. METHODS: In total, 1075 HRPC patients undergoing definitive radiotherapy (RT) between 1995 and 2010 were retrospectively reviewed. Median follow-up was 62.3 months. Patients received either dose-escalated external beam radiotherapy (n=628, EBRT) or combined-modality radiotherapy (n=447, pelvic RT and low-dose rate brachytherapy boost, CMRT). 82.9% received androgen-deprivation therapy (ADT). A prognostic model stratified patients into predefined groups (good, intermediate, and poor). Kaplan-Meier methods and Cox proportional hazards regressions assessed biochemical failure (BF), distant metastasis (DM), prostate cancer-specific mortality (PCSM) and overall mortality (OM). C-indices analyzed predictive value. RESULTS: The model was prognostic; C-indices for BF, DM, PCSM and OM were: 0.62, 0.64, 0.61, and 0.57. On multivariate analysis, CMRT and longer ADT (≥24 mo) were associated with improved BF, DM, and PCSM. Gleason score (GS) 9-10 was the strongest predictor of PCSM. C-indices for BF, DM, PCSM, and OM using a 4-compartment model incorporating GS 9-10 were: 0.62, 0.65, 0.68, and 0.56. In poor-prognosis patients (GS 8-10+additional risk factors), CMRT+LTADT (>12 mo) had 10-year PCSM (3.7%±3.6%), comparing favorably to 25.8%±9.2% with EBRT+LTADT. CONCLUSIONS: The model applies to high-risk RT patients; GS 9-10 remains a powerful predictor of PCSM. Comparing similar prognosis patients, CMRT is associated with improved disease-specific outcomes relative to EBRT. In poor-prognosis patients, CMRT+LTADT yields superior 10-year PCSM, potentially improving RT treatment personalization for those with HRPC.",Am J Clin Oncol,2019,42,382-390,10.1097/COC.0000000000000521,https://www.ncbi.nlm.nih.gov/pubmed/30724780,,positive,1,
20942835,The interaction of body mass index and race in predicting biochemical failure after radical prostatectomy,Lee DJ,"STUDY TYPE: Therapy (case series). LEVEL OF EVIDENCE: 4 OBJECTIVE: To examine the interaction of body mass index (BMI) and race in predicting biochemical failure (BCF) after radical prostatectomy (RP). The relative contribution of BMI and race to BCF after RP has not been well characterized. PATIENTS AND METHODS: From 1988 to 2008, 969 white and black men underwent RP and BMI data were available. In all, 168 (17.3%) were black and 801 (82.7%) were white men. BCF was defined as a post-surgery PSA level≥0.2 ng/mL on ≥2 measurements. Cox regression methods were used to model the relationship between race, BMI and BCF. RESULTS: The 969 men had a mean age of 59.8±7.2 years. There was no significant difference in BMI between black and white men (P=0.32). The 5-year disease-free survival for black obese men was the lowest at 48%, compared with non-obese black (73%), obese white (82%) and non-obese white men (83%, P<0.001). BMI did not have a significant impact on BCF. In a multivariate analysis, black race remained an independent predictor of BCF [hazard ratio (HR)=1.76, P=0.01]. BMI does not affect the risk of BCF in black men differently than white men (P value for interaction 0.93). CONCLUSIONS: Black race is an independent predictor of biochemical failure after adjusting for pathological factors. The impact of BMI on BCF did not vary among different races. These findings suggest that elevated BMI does not affect the BCF rates of black men more than in other races, and that other factors may influence the racial variability in disease-free survival and BCF risk.",BJU Int,2011,107,1741-7,doi: 10.1111/j.1464-410X.2010.09768.x. Epub 2010 Oct 13,https://www.ncbi.nlm.nih.gov/pubmed/20942835,,negative,0,2010.0
29225057,Comparison of Pathological and Oncologic Outcomes of Favorable Risk Gleason Score 3 + 4 and Low Risk Gleason Score 6 Prostate Cancer: Considerations for Active Surveillance.,Gearman DJ,"PURPOSE: Recent NCCN<sup>®</sup> (National Comprehensive Cancer Network®) Guidelines® show that patients with biopsy Gleason score 3 + 4/Grade Group 2 but otherwise favorable features are active surveillance candidates. However, little is known about the long-term outcomes compared to that in men in the low risk Gleason score 6/Grade Group 1 group. We sought to clarify the risk of adverse features and oncologic outcomes in surgically treated, favorable Grade Group 2 vs 1 cases. MATERIALS AND METHODS: We queried our prospectively maintained radical prostatectomy database for all 8,095 patients with biopsy Grade Group 1 or 2 prostate cancer who otherwise fulfilled the NCCN low risk definition of prostate specific antigen less than 10 ng/ml and cT2a or less, and who underwent radical prostatectomy from 1987 to 2014. Multivariable logistic regression and Kaplan-Meier methods were used to compare pathological and oncologic outcomes. RESULTS: Organ confined disease was present in 93.9% and 82.6% of Grade Group 1 and favorable intermediate risk Grade Group 2 cases while seminal vesicle invasion was noted in 1.7% and 4.7%, and nodal disease was noted in 0.3% and 1.8%, respectively (all p <0.0001). On multivariable logistic regression biopsy proven Grade Group 2 disease was associated with a threefold greater risk of nonorgan confined disease (OR 3.1, 95% CI 1.7-5.7, p <0.001). The incidence of late treatment (more than 90 days from surgery) in Grade Group 1 vs 2 was 3.1% vs 8.5% for hormonal therapy and 6.0% vs 12.2% for radiation (p <0.001). In the Grade Group 1 vs 2 cohorts the 10-year biochemical recurrence-free survival rate was 88.9% vs 81.2% and the 10-year systemic progression-free survival rate was 99% vs 96.5% (each p <0.001). CONCLUSIONS: Men at favorable risk with Grade Group 2 disease who are considering active surveillance should be informed of the risks of harboring adverse pathological features which impact secondary therapies and an increased risk of cancer progression.",J Urol,2018,199,1188-1195,10.1016/j.juro.2017.11.116,https://www.ncbi.nlm.nih.gov/pubmed/29225057,,positive,1,
20338476,Permanent prostate brachytherapy in prostate glands <20 cm(3),Mayadev J,"PURPOSE: To investigate the dosimetry, treatment-related morbidity, and biochemical outcomes for brachytherapy in patients with prostate glands <20 cm(3). METHODS AND MATERIALS: From November 1996 to October 2006, 104 patients with prostate glands <20 cm(3) underwent brachytherapy. Multiple prostate, urethral, and rectal dosimetric parameters were evaluated. Treatment-related urinary and rectal morbidity were assessed from patient questionnaires. Cause-specific survival, biochemical progression-free survival, and overall survival were recorded. RESULTS: The median patient age, follow up, and pre-treatment ultrasound volume was 64 years, 5.0 years and 17.6cm(3), respectively. Median day 0 dosimetry was significant for the following: V100 98.5%, D90 126.1% and R100 <0.5% of prescription dose. The mean urethral and maximum urethral doses were 119.6% and 133.8% of prescription. The median time to International Prostate Symptom Score resolution was 4 months. There were no RTOG grade III or IV rectal complications. The cause-specific survival, biochemical progression-free survival, and overall survival rates were 100%, 92.5%, and 77.8% at 9 years. For biochemically disease-free patients, the median most recent postbrachytherapy PSA value was 0.02 ng/mL. CONCLUSION: Our results demonstrate that brachytherapy for small prostate glands is highly effective, with an acceptable morbidity profile, excellent postimplant dosimetry, acceptable treatment-related morbidity, and favorable biochemical outcomes.",Int J Radiat Oncol Biol Phys,2010,76,1450-5,doi: 10.1016/j.ijrobp.2009.04.014,https://www.ncbi.nlm.nih.gov/pubmed/20338476,,negative,0,2010.0
26489923,Treatment outcomes with permanent brachytherapy in high-risk prostate cancer patients stratified into prognostic categories.,Bittner N,"PURPOSE: To determine whether a previously reported substratification system can be extrapolated to patients with high-risk prostate cancer treated with permanent interstitial brachytherapy. METHODS AND MATERIALS: Four hundred six National Comprehensive Cancer Network patients with high-risk prostate cancer treated with permanent prostate brachytherapy with or without supplemental external beam radiotherapy were stratified into good (prostate-specific antigen >20 or Gleason score ≥8 or ≥T3), intermediate (prostate-specific antigen >20 and ≥T3), and poor (Gleason score ≥8 with ≥1 additional high-risk feature) prognostic cohorts. Because of only 1 patient with intermediate high-risk disease, the analysis was performed on patients in the good and poor cohorts. Biochemical failure (BF), prostate cancer-specific mortality (PCSM), distant metastasis, and overall mortality were assessed as function of prognostic group. Multiple parameters were evaluated for impact on outcome. RESULTS: With a median followup time of 7.9 years, 10- and 14-year rates of BF and PCSM for the entire cohort were 7.8% and 3.7%, respectively. The BF rate was significantly greater in the poor prognostic category (16.8% vs. 7.8%, p = 0.041). The poor prognostic category was the strongest predictor of BF in univariate and multivariate analyses. No statistically significant differences in PCSM, distant metastasis, or overall mortality were identified between the good and poor prognostic categories. CONCLUSIONS: Patients with high-risk prostate cancer treated with a brachytherapy approach have excellent long-term biochemical control and cancer-specific survival. The poor prognostic high-risk category had a higher rate of BF compared with the good prognostic category without a higher rate of PCSM or distant metastasis.",Brachytherapy,2015,14,766-72,10.1016/j.brachy.2015.09.003,https://www.ncbi.nlm.nih.gov/pubmed/26489923,,positive,1,
15815194,Update on laparoscopic and robotic radical prostatectomy,Hoznek A,"PURPOSE OF REVIEW: Laparoscopic and robotic-assisted prostatectomy have been proposed as alternatives to traditional open retropubic prostatectomy. In this review, we update the more recent data concerning the results, technical trends and controversies regarding these novel, minimally invasive procedures. RECENT FINDINGS: As a result of improved patient selection, a better understanding of surgical anatomy, and refinements in surgical techniques, traditional retropubic prostatectomy set the standards very high, leaving little room for improvement. In this review, the results of laparoscopic prostatectomy are compared with contemporary in addition to historical series. Besides the transperitoneal laparoscopic approach, which was almost exclusively used in the initial series, the introduction and development of the extraperitoneal laparoscopic approach meant a significant change in the surgical strategy of a number of teams worldwide. The relative merits of the transperitoneal and extraperitoneal approaches are discussed. Robotic radical prostatectomy is a promising technical innovation that allows us to overcome many of the inherent limitations of laparoscopic surgery. As a result of financial constraints, the experience has been limited to a few centres worldwide. SUMMARY: Although long-term results are still lacking, novel minimally invasive techniques seem to fulfil the highest standards of radical prostatectomy in terms of early oncological cure, functional results and morbidity. A standardization of data collection and evaluation methodology will be indispensable for a better comparison of the different series.",Curr Opin Urol,2005,15,173-80,doi: 10.1097/01.mou.0000165551.71792.b9,https://www.ncbi.nlm.nih.gov/pubmed/15815194,,negative,0,2005.0
21195465,Comparison of tumor control and toxicity outcomes of high-dose intensity-modulated radiotherapy and brachytherapy for patients with favorable risk prostate cancer.,Zelefsky MJ,"OBJECTIVES: To compare the long-term, prostate-specific antigen relapse-free survival outcome and incidence of toxicity for patients with low-risk prostate cancer who underwent brachytherapy or intensity-modulated radiotherapy (RT). METHODS: A total of 729 consecutive patients underwent brachytherapy (n = 448; prescription dose 144 Gy) or intensity-modulated RT alone (n = 281; prescription dose 81 Gy). The prostate-specific antigen relapse-free survival using the nadir plus 2 ng/mL definition and late toxicity using the National Cancer Institute's Common Terminology Criteria for Adverse Events were determined. RESULTS: The 7-year prostate-specific antigen relapse-free survival rate for the brachytherapy and intensity-modulated RT groups was 95% and 89% for low-risk patients, respectively (P = .004). Cox regression analysis demonstrated that brachytherapy was associated with improved prostate-specific antigen relapse-free survival, even after adjustment for other variables. The incidence of metastatic disease between treatment sessions was low for both treatment groups. Late grade 2 gastrointestinal toxicity was observed in 5.1% and 1.4% of the brachytherapy and intensity-modulated RT groups, respectively (P = .02). No significant differences were seen between treatment groups for late grade 3 or greater rectal complications (brachytherapy 1.1% and intensity-modulated RT 0%; P = .19). Late grade 2 urinary toxicity occurred more often in the brachytherapy group than in the intensity-modulated RT group (15.6% and 4.3%, respectively; P < .0001). No significant differences were seen between the 2 treatment groups for late grade 3 urinary toxicity (brachytherapy 2.2% and intensity-modulated RT 1.4%; P = .62). CONCLUSIONS: Among low-risk prostate cancer patients, the 7-year biochemical tumor control was superior for intraoperatively planned brachytherapy compared with high-dose intensity-modulated RT. Although significant toxicities were minimal for both groups, modest, but significant, increases in grade 2 urinary and rectal symptoms were noted for brachytherapy compared with intensity-modulated RT.",Urology,2011,77,986-90,10.1016/j.urology.2010.07.539,https://www.ncbi.nlm.nih.gov/pubmed/21195465,,positive,1,
27084658,"Five-Year Biochemical Results, Toxicity, and Patient-Reported Quality of Life After Delivery of Dose-Escalated Image Guided Proton Therapy for Prostate Cancer.",Bryant C,"PURPOSE: To report clinical outcomes in patients treated with image guided proton therapy (PT) for localized prostate cancer. METHODS AND MATERIALS: The medical records of 1327 men were reviewed. Each man was enrolled on an outcomes tracking study. Dual enrollment on a prospective clinical trial was allowed. Each patient was treated for localized prostate cancer with PT at our institution between 2006 and 2010. Ninety-eight percent of patients received 78 Gy (radiobiological equivalent [RBE]) or higher; 18% received androgen deprivation therapy (ADT). The 5-year freedom from biochemical progression (FFBP), distant metastasis-free survival, and cause-specific survival rates are reported for each risk group. Data on patient-reported quality of life and high-grade toxicities were prospectively collected and reported. A multivariate analysis was performed to identify clinical predictors of biochemical failure and urologic toxicity. RESULTS: The median follow-up time was 5.5 years. The 5-year FFBP rates were 99%, 94%, and 74% in low-risk, intermediate-risk, and high-risk patients, respectively. The actuarial 5-year rates of late grade 3+ Common Terminology Criteria for Adverse Events, version 4.0, gastrointestinal (GI) and genitourinary (GU) toxicity were 0.6% and 2.9%, respectively. Multivariate analysis showed a significant correlation between grade 3+ GU toxicity and pretreatment prostate reductive procedures (P<.0001), prostate volume (P=.0085), pretreatment α-blockers (P=.0067), diabetes (P=.0195), and dose-volume histogram parameters (P=.0208). The median International Prostate Symptom Scores pretreatment scores and scores at 5 years after treatment were 7 and 7, respectively. The mean Expanded Prostate Cancer Index Composite (EPIC) scores significantly declined for sexual summary for patients not receiving ADT (from 67 to 53) between baseline and 5 years. CONCLUSIONS: Image guided PT provided excellent biochemical control rates for patients with localized prostate cancer. The actuarial rates of high-grade toxicity were low after PT. From pretreatment to 5 years of follow-up, a significant decline was found only in mean EPIC sexual summary scores. Prospective clinical studies are needed to determine the comparative effectiveness of PT and other radiation treatment strategies.",Int J Radiat Oncol Biol Phys,2016,95,422-434,10.1016/j.ijrobp.2016.02.038,https://www.ncbi.nlm.nih.gov/pubmed/27084658,,positive,1,
25127123,Permanent prostate brachytherapy with or without supplemental external beam radiotherapy as practiced in Japan: outcomes of 1300 patients.,Yorozu A,"PURPOSE: To report outcomes for men treated with iodine-125 ((125)I) prostate brachytherapy (BT) at a single institution in Japan. METHODS AND MATERIALS: Between 2003 and 2009, 1313 patients (median age, 68 years) with clinically localized prostate cancer were treated with (125)I BT. Median prostate-specific antigen level was 7.6 ng/mL (range, 1.1-43.3). T-stage was T1c in 60%, T2 in 39%, and T3 in 1% of patients. The Gleason score was <7, 7, and >7 in 49%, 45%, and 6% of patients, respectively. Neoadjuvant androgen deprivation therapy was used in 40% of patients and combined external beam radiotherapy of 45 Gy in 48% of patients. Postimplant dosimetry was performed after 30 days after implantation, with total doses converted to the biologically effective dose. Survival functions were calculated by the Kaplan-Meier method and Cox hazard model. RESULTS: Median followup was 67 months (range, 6-126). The 7-year biochemical freedom from failure for low-, intermediate-, and selected high-risk prostate cancers were 98%, 93%, and 81%, respectively (p < 0.001). Multivariate analysis identified the Gleason score, initial prostate-specific antigen level, positive biopsy rate, dose, and neoadjuvant androgen deprivation therapy as predictors for biochemical freedom from failure. The 7-year actuarial developing Grade 3+ genitourinary and gastrointestinal toxicity was 2% and 0.3%, respectively. Forty-four percent patients with normal baseline potency retained normal erectile function at 5 years. CONCLUSIONS: (125)I prostate BT is a highly effective treatment option for low-, intermediate-, and selected high-risk prostate cancers. Side effects were tolerable. An adequate dose may be required to achieve successful biochemical control.",Brachytherapy,2015,14,111-7,10.1016/j.brachy.2014.06.008,https://www.ncbi.nlm.nih.gov/pubmed/25127123,,positive,1,
15583704,Salvage cryosurgery for locally recurrent prostate cancer following radiotherapy,Ahmed S,"The popularity of radiotherapy as a minimally invasive treatment for prostate cancer is increasing. Despite advancements in radiation delivery, a number of patients will fail treatment. Salvage radical prostatectomy has been the main therapeutic option for locally recurrent radiation failure prostate cancer with curative intent. The operation is technically difficult to perform and associated with significant comorbidities. Salvage cryotherapy has emerged as a minimally invasive alternative option. In this article, we review the role of cryotherapy in recurrent prostate cancer and compare its outcome with salvage radical prostatectomy.",Prostate Cancer Prostatic Dis,2005,8,31-5,doi: 10.1038/sj.pcan.4500774,https://www.ncbi.nlm.nih.gov/pubmed/15583704,,negative,0,2005.0
25582682,Permanent seed brachytherapy for clinically localized prostate cancer: long-term outcomes in a 700 patient cohort.,Martinez E,"PURPOSE: Few large European studies have evaluated long-term outcomes for permanent prostate brachytherapy (PPB) as monotherapy for clinically localized prostate cancer. The objective of the present study was to evaluate long-term survival in this patient profile. METHODS AND MATERIALS: Retrospective study of 700 patients who underwent transperineal ultrasound-guided iodine-125 PPB (145 Gy) between January 2000 and July 2012. Median age was 64.8 years (range, 35-79). Most patients (638 of 700; 91%) had low-risk disease (D'Amico criteria). Eighty-five patients (12%) received hormonal treatment. Overall survival, cause-specific survival, and biochemical relapse-free survival were calculated and estimated using actuarial and Kaplan-Meier methods. Differences between groups were assessed using the log-rank test. RESULTS: Median followup was 63 months (range, 6-164). At 5- and 10-year followup, respectively, overall survival was 94% (95% confidence interval [CI], 92-96) and 84% (95% CI, 78-90); cause-specific survival was 100% and 97% (95% CI, 95-99); and biochemical relapse-free survival was 95% (95% CI, 93-97) and 85% (95% CI, 79-91). CONCLUSIONS: The long-term results presented in this report confirm previous studies and provide additional support for the use of PPB in patients with favorable-risk prostate cancer. Seed brachytherapy provides excellent long-term results in this patient profile.",Brachytherapy,2015,14,166-72,10.1016/j.brachy.2014.11.015,https://www.ncbi.nlm.nih.gov/pubmed/25582682,,positive,1,
21185115,Disease-free survival following salvage cryotherapy for biopsy-proven radio-recurrent prostate cancer,Williams AK,"BACKGROUND: The optimum treatment of prostate cancer recurrence following radiation therapy (RT) remains controversial due to the lack of long-term data. OBJECTIVE: Our aim was to review the survival of patients who underwent salvage cryotherapy to the prostate gland for biopsy-proven recurrent prostate cancer and establish prognostic indicators. DESIGN, SETTING, AND PARTICIPANTS: A retrospective analysis was performed on all patients undergoing salvage cryotherapy at an academic urology unit for biopsy-proven locally recurrent prostate cancer after RT from 1995 to 2004. Patients' preoperative, perioperative, and postoperative data were reviewed and recorded. INTERVENTION: Two freeze-thaw cycles of transperineal cryotherapy were performed under transrectal ultrasound guidance by a single surgeon. MEASUREMENTS: The primary outcome was survival. Secondary outcomes were disease-free survival (DFS), metastasis-free survival, and progression to androgen-deprivation therapy. RESULTS AND LIMITATIONS: Of 187 patients, 176 had records available for follow-up (follow-up rate: 94%). Mean follow-up was 7.46 yr (range: 1-14 yr). Fifty-two patients were followed for >10 yr. DFS at 10 yr was 39%. Risk factors for recurrence were presalvage prostate-specific antigen (PSA), preradiation, and presalvage Gleason score. A PSA nadir >1.0 ng/dl was highly predictive of early recurrence. CONCLUSIONS: Salvage cryotherapy led to an acceptable 10-yr DFS. Presalvage PSA and Gleason score were the best predictors of disease recurrence. A PSA nadir >1 ng/dl following cryotherapy indicated a poor prognosis, and recurrence of disease was universal in these patients.",Eur Urol,2011,60,405-10,doi: 10.1016/j.eururo.2010.12.012. Epub 2010 Dec 21,https://www.ncbi.nlm.nih.gov/pubmed/21185115,,negative,0,2010.0
20951450,Analysis of second malignancies after modern radiotherapy versus prostatectomy for localized prostate cancer,Huang J,"PURPOSE: To clarify the risk of developing second primary cancers (SPCs) after radiotherapy (RT) versus prostatectomy for localized prostate cancer (PCa) in the modern era. METHODS: The RT cohort consisted of 2120 patients matched on a 1:1 basis with surgical patients according to age and follow-up time. RT techniques consisted of conventional or two-dimensional RT (2DRT, 36%), three-dimensional conformal RT and/or intensity modulated RT (3DCRT/IMRT, 29%), brachytherapy (BT, 16%), and a combination of 2DRT and BT (BT boost, 19%). RESULTS: The overall SPC risk was not significantly different between the matched-pair (HR 1.14, 95% CI 0.94-1.39), but the risk became significant >5years or >10years after RT (HR 1.86, 95% CI 1.36-2.55; HR 4.94, 95% CI 2.18-11.2, respectively). The most significant sites of increased risk were bladder, lymphoproliferative, and sarcoma. Of the different RT techniques, only 2DRT was associated with a significantly higher risk (HR 1.76, 95% CI 1.32-2.35), but not BT boost (HR 0.83, 95% CI 0.50-1.38), 3DCRT/IMRT (HR 0.81, 95% CI 0.55-1.21), or BT (HR 0.53, 95% CI 0.28-1.01). CONCLUSIONS: Radiation-related SPC risk varies depending on the RT technique and may be reduced by using BT, BT boost, or 3DCRT/IMRT.",Radiother Oncol,2011,98,81-6,doi: 10.1016/j.radonc.2010.09.012. Epub 2010 Oct 14,https://www.ncbi.nlm.nih.gov/pubmed/20951450,,negative,0,2010.0
32328779,"Trends in risk-group distribution and Pentafecta outcomes in patients treated with nerve-sparing, robot-assisted radical prostatectomy: a 10-year low-intermediate volume single-center experience",Afferi L,"PURPOSE: To evaluate the trends in risk-group distribution and Pentafecta outcomes in patients treated with nerve-sparing (NS), robot-assisted radical prostatectomy (RARP) in a single low-intermediate volume prostate cancer (PCa) center over a 10-year period. MATERIALS AND METHODS: We queried a prospectively maintained database for patients who underwent NS RARP between 2009 and 2018 in a low-intermediate volume PCa center. Risk-groups were defined according to the D'Amico classification. Pentafecta outcomes referred to the postsurgical presence of potency and continence, and the absence of biochemical recurrence (BCR), positive surgical margins (PSM), and perioperative complications. The Kruskall-Wallis test, the t test and the Mann-Whitney tests were used when appropriate. RESULTS: 603 patients underwent NS RARP and 484 patients were evaluated for Pentafecta outcomes. Median postsurgical follow-up was 28 months. Overall, 137 (22.7%), 376 (62.3%), and 90 (15%) patients were diagnosed in the low-, intermediate-, and high-risk groups, respectively. Patients undergoing NS RARP shifted from 33 to 20% in the low-risk group, from 52 to 62% in the intermediate-risk group, and from 10 to 13% in the high-risk group. Patients reaching Pentafecta increased from 38 to 44%. No postoperative potency was the main reason for non-achieving Pentafecta (71%). BCR strongly limited Pentafecta achievement in the high-risk group (61%), but not in intermediate (24%) and low-risk (30%) groups. CONCLUSIONS: Low-intermediate volume PCa centers show similar trends to high-volume centers regarding risk group distributions over time in PCa patients undergoing NS RARP. We reported an increase in Pentafecta outcomes achievement over time even for experienced surgeons. Pentafecta outcomes achievement is risk-group dependent.",World J Urol,2021,39,389-397,doi: 10.1007/s00345-020-03206-y. Epub 2020 Apr 23,https://www.ncbi.nlm.nih.gov/pubmed/32328779,,negative,0,2020.0
32416376,Accelerating prostate stereotactic ablative body radiotherapy: Efficacy and toxicity of a randomized phase II study of 11 versus 29 days overall treatment time (PATRIOT),Alayed Y,"BACKGROUND: Prostate stereotactic ablative radiotherapy (SABR) regimens differ in time, dose, and fractionation. We report an update of a multicentre, Canadian randomized phase II study to investigate the impact of overall treatment time on quality of life (QOL), efficacy, and toxicity. METHODS: Men with intermediate risk prostate cancer were randomized to 40 Gy in 5 fractions delivered every other day (EOD) versus once per week (QW). Primary outcome was proportion of patients experiencing a minimally clinically important change (MCIC) in acute bowel QOL using EPIC. Secondary outcomes were toxicity, biochemical failure (BF), other QOL domains, and the rate of salvage therapy. FINDINGS: 152 men from 3 centers were randomized; the median follow-up was 62 months. Results are described for EOD versus QW. Acute bowel and urinary QOL was reported previously. Late changes in QOL were not significantly different between the two arms. There were 1 (1.3%) vs 3 (2.7%) late grade 3 + GI toxicities (p = 0.36) and 5 (6.7%) vs 2 (2.7%) late grade 3 GU toxicities (p = 0.44). Two and 5 patients had BF (5-year failure rate 3.0 vs 7.2%, p = 0.22); 0 and 4 patients received salvage therapy (p = 0.04). 5-Year OS and CSS was 95.8% and 98.6% with no difference between arms (p = 0.49, p = 0.15). 3 patients in the QW arm developed metastases. INTERPRETATION: Although we previously reported that weekly prostate SABR had better bowel and urinary QOL compared to EOD, the updated results show no difference in late toxicity, QOL, BF, or PSA kinetics. Patients should be counseled that QW SABR reduces short-term toxicity compared to QW SABR.",Radiother Oncol,2020,149,8-13,doi: 10.1016/j.radonc.2020.04.039. Epub 2020 Apr 27,https://www.ncbi.nlm.nih.gov/pubmed/32416376,,negative,0,2020.0
32738465,Long-Term Results of Moderate Hypofractionation to Prostate and Pelvic Nodes Plus Androgen Suppression in High-Risk Prostate Cancer.,Faria S,"PURPOSE: Moderate hypofractionated radiation therapy (HypoRT) is an attractive alternative to conventionally fractionated radiation therapy for prostate cancer. However, most studies using HypoRT only included the prostate as the target volume. We report long-term outcomes of patients with high-risk prostate cancer treated with androgen deprivation therapy (ADT) and HypoRT to the prostate and nodal areas with a simultaneous integrated boost technique. METHODS AND MATERIALS: Patients with localized, high-risk prostate cancer entered a prospective phase I/II study with a HypoRT regimen of 60 Gy/20 fractions (4 weeks) to the prostate volume while the nodal areas received 44 Gy in the same 20 fractions delivered with intensity modulated radiation therapy with a simultaneous integrated boost technique. ADT started 2 to 3 months before HypoRT. Toxicity was prospectively assessed according to the Common Terminology Criteria for Adverse Events v3. Outcomes rates were calculated by the actuarial method of Kaplan-Meier from the date of last radiation treatment until date of event. RESULTS: We report on the first 105 patients treated between October 2010 and February 2014. Median follow-up was 74 months, with 97% of patients followed for more than 36 months. Median ADT duration was 18 months. The worst grade 2 or higher late gastrointestinal or genitourinary toxicity was seen in 7% and 9%, respectively. There was no grade 4 or 5 toxicity. At the last follow-up, the rates of grade ≥2 gastrointestinal or genitourinary toxicity were 2% and 3%, respectively, with no residual grade ≥3 toxicity. The 5- and 7-year actuarial overall survival and relapse free survival were 91% and 85% and 87% and 81%, respectively. CONCLUSIONS: The longest follow-up report of moderate HypoRT (plus ADT) to the prostate and pelvic nodes shows that this approach is feasible, well tolerated, and effective. It is convenient for patients and the health system. A larger randomized trial using this approach is warranted.",Pract Radiat Oncol,2020,10,e514-e520,10.1016/j.prro.2020.06.012,https://www.ncbi.nlm.nih.gov/pubmed/32738465,,positive,1,
26648528,Intensity-modulated salvage radiotherapy with simultaneous integrated boost for local recurrence of prostate carcinoma: a pilot study on the place of PET-choline for guiding target volume delineation,Wahart A,"OBJECTIVE: The aim of this study was to report the first cases of salvage radiotherapy (RT) using the intensity-modulated radiotherapy (IMRT) with simultaneous integrated boost (SIB) targeted on choline positron emission tomography (PET) uptake in a local recurrent prostate cancer, after a radical prostatectomy. METHODS: Four patients received salvage irradiation for biochemical relapse that occurred after the initial radical prostatectomy. The relapse occurred from 10 months to 6 years with PSA levels ranging from 2.35 to 4.86 ng ml(-1). For each patient, an (18)F-choline PET-CT showed a focal choline uptake in prostatic fossa, with standardized uptake value calculated on the basis of predicted lean body mass (SUL) max of 3.3-6.8. No involved lymph node or distant metastases were diagnosed. IMRT doses were of 62.7 Gy (1.9 Gy/fraction, 33 fractions), with a SIB of 69.3 Gy (2.1 Gy/fraction, 33 fractions) to a PET-guided target volume. RESULTS: Acute toxicities were limited. We observed no gastrointestinal toxicity ≥grade 2 and only one grade 2 genitourinary toxicity. At 1-month follow-up evaluation, no complication and a decrease in PSA level (6.8-43.8% of the pre-therapeutic level) were reported. After 4 months, a decrease in PSA level was obtained for all the patients, ranging from 30% to 70%. At a median follow-up of 15 months, PSA level was controlled for all the patients, but one of them experienced a distant lymph node recurrence. CONCLUSION: Salvage irradiation to the prostate bed with SIB guided by PET-CT is feasible, with biological efficacy and no major acute toxicity. ADVANCES IN KNOWLEDGE: IMRT with PET-oriented SIB for salvage treatment of prostate cancer is possible, without major acute toxicity.",Br J Radiol,2016,89,20150579,doi: 10.1259/bjr.20150579. Epub 2015 Dec 9,https://www.ncbi.nlm.nih.gov/pubmed/26648528,,negative,0,2015.0
32063492,Phase II Trial of Enzalutamide and Androgen Deprivation Therapy with Salvage Radiation in Men with High-risk Prostate-specific Antigen Recurrent Prostate Cancer: The STREAM Trial,Bitting RL,"BACKGROUND: Salvage external beam radiotherapy (RT) with androgen deprivation therapy (ADT) improves survival over RT in men with prostate cancer (PC) and rising prostate-specific antigen (PSA) levels after radical prostatectomy (RP). OBJECTIVE: To investigate the safety and efficacy of enzalutamide concurrent with salvage RT and ADT. DESIGN, SETTING, AND PARTICIPANTS: This was a three-center prospective phase 2 single-arm trial (NCT02057939) of men with Gleason 7-10 PC and PSA recurrence within 4 yr of RP ranging from 0.2 to 4.0 ng/dl, no prior hormonal therapy, and no radiographic evidence of metastases. We enrolled 38 men; 37 completed therapy and were evaluable with testosterone recovery at 2 yr. INTERVENTION: Six months of ADT with 160 mg/d enzalutamide and 66 Gy RT to the prostate bed. OUTCOME MEASUREMENTS AND STATISTICAL ANALYSIS: The primary endpoint was improved 2-yr progression-free survival (PFS) over historical controls. Secondary objectives included 3-yr PFS, safety, and patient-reported quality of life (QOL). RESULTS AND LIMITATIONS: The primary endpoint of 2-yr PFS was 65% (95% confidence interval [CI]: 47, 78) versus 51% (95% CI: 33, 67) in a trial of men with similar eligibility treated with salvage RT and adjuvant docetaxel. The 3-yr PFS was 53%. Eleven (29%) men experienced G3 toxicities, and there were no G4-5 or unexpected toxicities. QOL data suggest modest worsening of bowel, bladder, and hormonal symptoms at 3 mo, with recovery by 24 mo in most men. CONCLUSIONS: Salvage RT with enzalutamide and ADT following RP for men with PSA recurrent high-risk PC is safe and demonstrates encouraging efficacy, warranting prospective controlled phase 3 trials of ADT with or without potent androgen receptor inhibition in this curative-intent setting. PATIENT SUMMARY: Addition of 6 mo of oral daily enzalutamide to standard salvage radiation and hormone therapy is safe and may improve prostate cancer remission rates at 2 and 3 yr.",Eur Urol Oncol,2021,4,948-954,doi: 10.1016/j.euo.2020.01.005. Epub 2020 Feb 13,https://www.ncbi.nlm.nih.gov/pubmed/32063492,,negative,0,2020.0
18932254,Biochemical recurrence after radical prostatectomy for prevalent versus incident cases of prostate cancer : implications for management.,Nguyen PL,"BACKGROUND: Among screened populations, it is unknown whether men with prostate cancer (PC) diagnosed at the initial screening (prevalent cases) have a different outcome than men who are diagnosed at subsequent screenings (incident cases) after adjusting for known prognostic factors. METHODS: The current study cohort was comprised of 1923 men from a prospective PC screening study who underwent radical prostatectomy (RP) between September 19, 1989 and May 22, 2002. Cox regression multivariate analysis was used to determine whether having prevalent PC versus incident PC was associated with the time to prostate-specific antigen (PSA) failure after RP after adjusting for PSA level, Gleason score, clinical tumor (T) classification, and year of RP. RESULTS: Men with prevalent PC had higher PSA levels (P < .001) and more advanced clinical T classification (P < .001) than men with incident PC. After a median follow-up of 6.1 years, factors that were associated with a significantly shorter time to PSA failure after RP were prevalent PC (adjusted hazard ratio [AHR], 1.8; 95% confidence interval [95% CI], 1.3-2.6; P = .0005), baseline PSA (AHR, 1.07; 95%CI, 1.04-1.09; P < .001), Gleason 7 disease (AHR, 2.5; 95% CI, 1.9-3.3; P < .001), Gleason 8 to 10 disease (AHR, 2.3; 95%CI, 1.5-3.5; P < .001), and the year of RP (AHR, 0.92; 95%CI, 0.86-0.97; P = .003). Men with prevalent PC also had worse outcomes after adjusting for their more advanced pathologic features. CONCLUSIONS: After adjusting for known prognostic factors, men with prevalent PC had a poorer outcome after RP than men with incident PC. The authors believe that this finding should be taken into consideration when weighing the risk of recurrence and treatment options for men who are diagnosed with PC on their initial screening.",Cancer,2008,113,3146-52,10.1002/cncr.23926,https://www.ncbi.nlm.nih.gov/pubmed/18932254,LOW RISK,positive,1,
25466361,The clinical significance of persistent cancer cells on prostate biopsy after high-dose-rate brachytherapy boost for intermediate-risk prostate cancer.,D'Alimonte L,"PURPOSE: To evaluate the association between post-treatment biopsy results and the probability of biochemical disease-free survival (bDFS). METHODS AND MATERIALS: Two sequential prospective clinical trials were undertaken in men with intermediate-risk prostate cancer (T1-T2 with either Gleason score 7 and prostate-specific antigen [PSA] level lower than 20 ng/mL or Gleason score 6 and PSA level of 10-20 ng/mL). All patients had high-dose-rate brachytherapy (two fractions of 10Gy separated by 1 week or a single 15-Gy fraction) followed by external beam radiotherapy. Both study groups were followed prospectively with regular PSA readings and prostate biopsy at 2 years. Biopsies were reported as: positive=malignant cells with no or only partial radiation effect, negative=no malignant cells seen, and indeterminate=malignant cells with marked radiation effect. Biochemical failure was defined using the nadir+2 ng/mL definition and estimated using the Kaplan-Meier curves. Fisher exact test was performed to investigate any relationships between high-dose-rate treatment and biopsy results. RESULTS: A total of 181 patients were included in this analysis. The median followup for all patients was 6.2 years (range, 0.3-10.5). Post-treatment biopsy was performed in 111 patients of which 82 (74%) were negative, 17 (15%) indeterminate, and 12 (11%) malignant. The 5-year bDFS was 97.5%, 93.8%, and 83.3% for those with benign, indeterminate, and malignant biopsies, respectively (p=0.4398). Median PSA nadir was 0.08 ng/mL (range, 0.01-3.63), with no difference in PSA change over time by treatment (p=0.9953) or biopsy result (p=0.4398) CONCLUSIONS: Routine biopsy at 2 years was not able to reliably predict which patients would ultimately fail as even those with a positive biopsy had a long-term bDFS higher than 80%.",Brachytherapy,2015,14,309-14,10.1016/j.brachy.2014.10.003,https://www.ncbi.nlm.nih.gov/pubmed/25466361,,positive,1,
19863521,Radical prostatectomy as initial monotherapy for patients with pathologically confirmed high-grade prostate cancer,Bahler CD,"OBJECTIVE: To report the long-term outcome of high-grade prostate cancer treated with radical prostatectomy (RP) as initial monotherapy, analyse the effect of clinical and pathological variables on survival, and report cancer-related symptoms. PATIENTS AND METHODS: A retrospective chart review was conducted to identify patients with Gleason 8-10 prostate cancer found on pathological review in men undergoing RP as initial therapy for clinically localized disease between 1988 and 2005. Kaplan-Meier analysis was used to calculate event-free survival. Univariable and multivariable analyses were used to assess the effects of clinical and pathological variables on prostate-specific antigen (PSA) recurrence. RESULTS: After excluding 20 patients, 119 were identified with pathologically confirmed high-grade cancers at the time of RP. The overall median (interquartile range) follow-up was 73 (41-113) months. Twenty-four (20%) patients had organ-confined cancer, 60 (50%) had specimen-confined cancer, and 14 (12%) had nodal metastasis. Kaplan-Meier analysis showed overall survival rates at 5 and 10 years, respectively, of 90% and 75%, cancer-specific survival of 92% and 82%, and a PSA recurrence-free follow-up at 5 years of 31%. Using univariable analysis, preoperative PSA level, pathological Gleason score, pathological stage, surgical margin status and tumour volume were found to significantly affect the PSA recurrence-free follow-up. No variables were significant on multivariable analysis. Cancer-related symptoms were reported by only 14 patients, with a median time from surgery to first symptom of 43 months. CONCLUSION: High-grade prostate cancer can be treated with RP as initial monotherapy with an acceptable 10-year cancer-specific survival (82%). The PSA recurrence-free follow-up is poor (31% at 5 years). However, few patients progress to symptomatic recurrence after PSA relapse within the first 5 years.",BJU Int,2010,105,1372-6,doi: 10.1111/j.1464-410X.2009.08979.x. Epub 2009 Oct 26,https://www.ncbi.nlm.nih.gov/pubmed/19863521,,negative,0,2010.0
19636023,Prostate cancer-specific mortality after radical prostatectomy for patients treated in the prostate-specific antigen era.,Stephenson AJ,"PURPOSE: The long-term risk of prostate cancer-specific mortality (PCSM) after radical prostatectomy is poorly defined for patients treated in the era of widespread prostate-specific antigen (PSA) screening. Models that predict the risk of PCSM are needed for patient counseling and clinical trial design. METHODS: A multi-institutional cohort of 12,677 patients treated with radical prostatectomy between 1987 and 2005 was analyzed for the risk of PCSM. Patient clinical information and treatment outcome was modeled using Fine and Gray competing risk regression analysis to predict PCSM. RESULTS: Fifteen-year PCSM and all-cause mortality were 12% and 38%, respectively. The estimated PCSM ranged from 5% to 38% for patients in the lowest and highest quartiles of predicted risk of PSA-defined recurrence, based on a popular nomogram. Biopsy Gleason grade, PSA, and year of surgery were associated with PCSM. A nomogram predicting the 15-year risk of PCSM was developed, and the externally validated concordance index was 0.82. Neither preoperative PSA velocity nor body mass index improved the model's accuracy. Only 4% of contemporary patients had a predicted 15-year PCSM of greater than 5%. CONCLUSION: Few patients will die from prostate cancer within 15 years of radical prostatectomy, despite the presence of adverse clinical features. This favorable prognosis may be related to the effectiveness of radical prostatectomy (with or without secondary therapy) or the low lethality of screen-detected cancers. Given the limited ability to identify contemporary patients at substantially elevated risk of PCSM on the basis of clinical features alone, the need for novel markers specifically associated with the biology of lethal prostate cancer is evident.",J Clin Oncol,2009,27,4300-5,10.1200/JCO.2008.18.2501,https://www.ncbi.nlm.nih.gov/pubmed/19636023,,positive,1,
31942652,Focal high-dose-rate brachytherapy for localized prostate cancer: toxicity and preliminary biochemical results,Prada PJ,"BACKGROUND: This study aimed to evaluate the outcomes and the toxicity of focal high-dose-rate (HDR) brachytherapy in selected localized prostate cancer patients. METHODS: Fifty patients were treated with focal high-dose-rate brachytherapy between March 2013 and November 2017, representing 5% of the cases treated by our group during this period. Only patients with very limited and localized tumors, according to strict criteria, were selected for the procedure. The prescribed dose for the focal volume was 24 Gy. RESULTS: The treated volume corresponded to a mean value of 32% of the total prostatic volume. The mean focal D<sub>90</sub> in our series was 23 Gy (range 16-26 Gy). The mean initial IPSS was 8.2 (range 0-26), at 6 months 7.5 (range 0-23), and at 24 months 6.7 (range 0-18). No acute or late urinary retention was seen. When the ICIQ-SF score was 0 at the end of treatment, it remained nil thereafter at 1 and 2 years for all patients. No intraoperative or perioperative complications occurred. No rectal toxicity was reported after treatment. Of the total patients identified as potent, only three patients had a very slight decrease of the mean IIEF5. The mean initial PSA was 6.9 ng/mL (range 1.9-13.4). At the last follow-up visit, the mean PSA was 3 ng/ml (range 0.48-8.11). CONCLUSION: HDR focal brachytherapy in selected patients with low intermediate-risk prostate cancer could achieve the same satisfactory results in terms of relapse-free survival as conventional whole prostate brachytherapy with less toxicity.",Strahlenther Onkol,2020,196,222-228,doi: 10.1007/s00066-019-01561-3. Epub 2020 Jan 15,https://www.ncbi.nlm.nih.gov/pubmed/31942652,,negative,0,2020.0
22901567,Updated results of magnetic resonance imaging guided partial prostate brachytherapy for favorable risk prostate cancer: implications for focal therapy.,Nguyen PL,"PURPOSE: We report updated results of magnetic resonance imaging guided partial prostate brachytherapy and propose a definition of biochemical failure following focal therapy. MATERIALS AND METHODS: From 1997 to 2007, 318 men with cT1c, prostate specific antigen less than 15 ng/ml, Gleason 3 + 4 or less prostate cancer received magnetic resonance imaging guided brachytherapy in which only the peripheral zone was targeted. To exclude benign prostate specific antigen increases due to prostatic hyperplasia, we investigated the usefulness of defining prostate specific antigen failure as nadir +2 with prostate specific antigen velocity greater than 0.75 ng/ml per year. Cox regression was used to determine the factors associated with prostate specific antigen failure. RESULTS: Median followup was 5.1 years (maximum 12.1). While 36 patients met the nadir +2 criteria, 16 of 17 biopsy proven local recurrences were among the 26 men who also had a prostate specific antigen velocity greater than 0.75 ng/ml per year (16 of 26 vs 1 of 10, p = 0.008). Using the nadir +2 definition, prostate specific antigen failure-free survival for low risk cases at 5 and 8 years was 95.1% (91.0-97.3) and 80.4% (70.7-87.1), respectively. This rate improved to 95.6% (91.6-97.7) and 90.0% (82.6-94.3) using nadir +2 with prostate specific antigen velocity greater than 0.75 ng/ml per year. For intermediate risk cases survival was 73.0% (55.0-84.8) at 5 years and 66.4% (44.8-81.1) at 8 years (the same values as using nadir +2 with prostate specific antigen velocity greater than 0.75 ng/ml per year). CONCLUSIONS: Requiring a prostate specific antigen velocity greater than 0.75 ng/ml per year in addition to nadir +2 appears to better predict clinical failure after therapies that target less than the whole gland. Further followup will determine whether magnetic resonance imaging guided brachytherapy targeting the peripheral zone produces comparable cancer control to whole gland treatment in men with low risk disease. However, at this time it does not appear adequate for men with even favorable intermediate risk disease.",J Urol,2012,188,1151-6,10.1016/j.juro.2012.06.010,https://www.ncbi.nlm.nih.gov/pubmed/22901567,,positive,1,
19398902,Excellent results from high dose rate brachytherapy and external beam for prostate cancer are not improved by androgen deprivation.,Demanes DJ,"PURPOSE: Prostate cancer patients treated with high dose rate brachytherapy and external beam radiation therapy were stratified by risk group for analysis to determine whether androgen deprivation therapy (ADT) affected outcome. METHODS: From 1991 through 1998, 411 patients were treated with 4 fractions of 5.5 to 6.0 Gy high dose rate brachytherapy and a total of 36.0 to 39.6 Gy external beam radiation therapy (dose escalation over time). The dataset was prospective. Administration of ADT was not randomized, but it was the primary study variable. During this period, ADT was administered across all risk groups for various indications. It did not necessarily reflect advanced disease or large prostate size. There were 200 patients in the ""ADT Group"" (20% low, 48% intermediate, and 32% high risk) and 211 in the ""No ADT Group"" (33% low, 44% intermediate, 23% high risk). The median follow-up was 6.4 years. Cases were grouped according to low, intermediate, and high risk groups to reduce the effects of unrecognized selection bias for or against the ADT group. The prostate specific antigen (PSA) nadir plus 2.0 ng/ml (nadir + 2) was used as the biochemical control end point. Local control, PSA progression-free survival, distant metastasis free survival, and cause-specific survival were compared. RESULTS: The 10 year PSA-PFS (nadir + 2) for all 411 patients was 81%. The results stratified by risk group were: low 92%, intermediate 87%, and high 63%. The low and intermediate risk groups were not statistically different from one another but they were both significantly better than the high risk group. ADT versus No ADT 10-year survival showed no significant differences for any outcome variable: PSA-PFS (83% vs. 81% ns), local control (97% vs. 99%), distant metastasis free survival (94% vs. 97%), and cause-specific survival (97% vs. 97%). A subset analysis of PSA-PFS (nadir + 2) stratified by risk group revealed no difference between the ADT and No ADT groups. CONCLUSIONS: high dose rate brachytherapy and external beam radiation therapy resulted in high rates of local control, PSA progression-free survival, distant metastasis free survival, and cause-specific survival in all risk groups. Improved outcome from the use of androgen deprivation was not observed.",Am J Clin Oncol,2009,32,342-7,10.1097/COC.0b013e31818cd277,https://www.ncbi.nlm.nih.gov/pubmed/19398902,LOW RISK,positive,1,
17577217,Long-term outcomes after treatment with brachytherapy and supplemental conformal radiation for prostate cancer patients having intermediate and high-risk features.,Dattoli M,"BACKGROUND: This study summarizes long-term outcomes from treatment of prostate cancer with increased risk of extracapsular cancer extension (ECE) using brachytherapy-based treatment. METHODS: A total of 282 consecutive patients were treated from 1992-1996 by 1 author (M.D.). Two hundred forty-three patients had at least 1 higher risk feature for ECE including Gleason Score 7-10 (172), prostate-specific antigen (PSA) above 10 (166), and clinical stages T(2c) (109) and T(3) (107). Using National Comprehensive Cancer Network (NCCN) guidelines, 119 patients had intermediate-risk disease and 124 had high-risk disease. Patients received pelvic 3-dimensional conformal external beam radiation followed by a palladium (Pd)-103 boost. Generous brachytherapy margins were utilized. Biochemical failure was defined using ASTRO Consensus Definition, nadir +2 and PSA >0.2 ng/mL at last follow-up. The nonfailing patient follow-up period was 1-14 years (median, 9.5 years). Biochemical data and original biopsy slides were independently re-reviewed at the University of Washington (by K.W. and L.T., respectively). RESULTS: Overall actuarial freedom from biochemical progression at 14 years was 81%, including 87% and 72% having intermediate and high-risk disease, respectively. Absolute risk of failure decreased progressively, falling to 1% beyond 6 years after treatment. All failing patients had prostate biopsies without evidence of local recurrence. The strongest predictor of failure was Gleason score (P = .03) followed by PSA (P = .041). Treatment morbidity was limited to temporary RTOG grade 1-2 urinary and gastrointestinal symptoms. CONCLUSIONS: High tumor control rates are possible with beam radiation followed by Pd-103 brachytherapy. Despite perceptions that brachytherapy is inappropriate for patients at higher risk for ECE, this series strengthens the rationale that brachytherapy-based treatment may be a desirable modality for such patients.",Cancer,2007,110,551-5,10.1002/cncr.22810,https://www.ncbi.nlm.nih.gov/pubmed/17577217,INTERMEDIATE RISK,positive,1,
28279064,Cancer-Specific Mortality Among Korean Men with Localized or Locally Advanced Prostate Cancer Treated with Radical Prostatectomy Versus Radiotherapy: A Multi-Center Study Using Propensity Scoring and Competing Risk Regression Analyses.,Koo KC,"PURPOSE: Studies comparing radical prostatectomy (RP) outcomes with those of radiotherapy with or without androgen deprivation therapy (RT±ADT) for prostate cancer (PCa) have yielded conflicting results. Therefore, we used propensity score-matched analysis and competing risk regression analysis to compare cancer-specific mortality (CSM) and other-cause mortality (OCM) between these two treatments. MATERIALS AND METHODS: The multi-center, Severance Urological Oncology Group registry was utilized to identify 3,028 patients with clinically localized or locally advanced PCa treated by RP (n=2,521) or RT±ADT (n=507) between 2000 and 2016. RT±ADT cases (n=339) were matched with an equal number of RP cases by propensity scoring based on age, preoperative prostate-specific antigen, clinical tumor stage, biopsy Gleason score, and Charlson Comorbidity Index (CCI). CSM and OCM were co-primary endpoints. RESULTS: Median follow-up was 65.0 months. Five-year overall survival rates for patients treated with RP and RT±ADT were 94.7% and 92.0%, respectively (p=0.105). Cumulative incidence estimates revealed comparable CSM rates following both treatments within all National Comprehensive Cancer Network risk groups. Gleason score ≥ 8 was associated with higher risk of CSM (p=0.009). OCM rates were comparable between both groups in the low- and intermediate-risk categories (p=0.354 and p=0.643, respectively). For high-risk patients, RT±ADT resulted in higher OCM rates than RP (p=0.011). Predictors of OCM were age ≥ 75 years (p=0.002) and CCI ≥ 2 (p < 0.001). CONCLUSION: RP and RT±ADT provide comparable CSM outcomes in patients with localized or locally advanced PCa. The risk of OCM may be higher for older high-risk patients with significant comorbidities.",Cancer Res Treat,2018,50,129-137,10.4143/crt.2017.004,https://www.ncbi.nlm.nih.gov/pubmed/28279064,,positive,1,
23462420,Retrospective evaluation reveals that long-term androgen deprivation therapy improves cause-specific and overall survival in the setting of dose-escalated radiation for high-risk prostate cancer.,Feng FY,"PURPOSE: To evaluate the role of androgen deprivation therapy (ADT) and duration for high-risk prostate cancer patients treated with dose-escalated radiation therapy (RT). METHODS AND MATERIALS: A retrospective analysis of high-risk prostate cancer patients treated with dose-escalated RT (minimum 75 Gy) with or without ADT was performed. The relationship between ADT use and duration with biochemical failure (BF), metastatic failure (MF), prostate cancer-specific mortality (PCSM), non-prostate cancer death (NPCD), and overall survival (OS) was assessed as a function of pretreatment characteristics, comorbid medical illness, and treatment using Fine and Gray's cumulative incidence methodology. RESULTS: The median follow-up time was 64 months. In men with National Comprehensive Cancer Network defined high-risk prostate cancer treated with dose-escalated RT, on univariate analysis, both metastasis (P<.0001; hazard ratio 0.34; 95% confidence interval 0.18-0.67; cumulative incidence at 60 months 13% vs 35%) and PCSM (P=.015; hazard ratio 0.41; 95% confidence interval 0.2-1.0; cumulative incidence at 60 months 6% vs 11%) were improved with the use of ADT. On multivariate analysis for all high-risk patients, Gleason score was the strongest negative prognostic factor, and long-term ADT (LTAD) improved MF (P=.002), PCSM (P=.034), and OS (P=.001). In men with prostate cancer and Gleason scores 8 to 10, on multivariate analysis after adjustment for other risk features, there was a duration-dependent improvement in BF, metastasis, PCSM, and OS, all favoring LTAD in comparison with STAD or RT alone. CONCLUSION: For men with high-risk prostate cancer treated with dose-escalated EBRT, this retrospective study suggests that the combination of LTAD and RT provided a significant improvement in clinical outcome, which was especially true for those with Gleason scores of 8 to 10.",Int J Radiat Oncol Biol Phys,2013,86,64-71,10.1016/j.ijrobp.2012.11.024,https://www.ncbi.nlm.nih.gov/pubmed/23462420,HIGH RISK,positive,1,
14511029,Outcome after radical prostatectomy with a pretreatment prostate biopsy Gleason score of >/=8.,Manoharan M,"OBJECTIVE: To determine the outcome and predictors of recurrence in patients with a pretreatment prostate biopsy Gleason score (GS) of >/= 8 and treated with radical prostatectomy (RP). PATIENTS AND METHODS: We retrospectively reviewed 1048 consecutive patients who underwent RP by one surgeon (M.S.S.); patients who had a pretreatment biopsy GS of >/= 8 were identified. Information was recorded on patient age, initial prostate specific antigen (PSA) level, clinical stage, biopsy GS, pathology GS, extraprostatic extension (EPE), tumour volume, surgical margin status, seminal vesicle invasion (SVI), and lymph node involvement. The results were assessed statistically using the Kaplan-Meier method, univariate log-rank tests and multivariate analysis using Cox's proportional hazards regression. RESULTS: In all, 123 patients met the initial selection criteria; 44 were excluded from further analyses (five salvage RP, 23 < 1 year follow-up and 16 adjuvant treatment). Thus 79 patients were included in the uni- and multivariate analyses; 25 (31%) patients had a GS of </= 7 in the RP specimen and 54 (69%) remained at GS >/= 8. The mean follow-up was 55 months, the age of the patients 63 years and the mean (sd) initial PSA level 13 (12) ng/mL. The overall biochemical failure rate was 38% (41% if the final GS was >/= 8 and 32% if it was </= 7). For those with a GS of >/= 8 in the RP specimen, 20% (11/54) were organ-confined; two patients (2.5%) in this group developed local recurrence. If the final GS was </= 7, 52% (13/25) were organ-confined. In the univariate analysis, significant risk factors for recurrence were PSA >/= 20 ng/mL, EPE, SVI, a positive surgical margin and tumour volume. Cox's proportional regression indicated that a PSA of >/= 20 ng/mL (hazard ratio 7.9, 95% confidence interval 2.6-24.2, P < 0.001), the presence of EPE (4.2, 1.6-10.9, P = 0.004) and a positive surgical margin (3.8, 1.5-9.7, P = 0.005) were significant independent predictors in a multivariate analysis. CONCLUSION: RP is a reasonable treatment option for patients with a prostate biopsy GS of >/=8 and clinical stage T1-2. These patients have a high chance of remaining disease-free if their PSA level is </= 20 ng/mL. Patients with a pretreatment biopsy GS of >/= 8 should be counselled about the potential differences between the biopsy and the RP specimen GS.",BJU Int,2003,92,539-44,10.1046/j.1464-410x.2003.04419.x,https://www.ncbi.nlm.nih.gov/pubmed/14511029,,positive,1,
26276528,"Patient-reported quality of life after stereotactic body radiotherapy (SBRT), intensity modulated radiotherapy (IMRT), and brachytherapy",Evans JR,"BACKGROUND AND PURPOSE: Stereotactic body radiotherapy (SBRT) is being used for prostate cancer, but concerns persist about toxicity compared to other radiotherapy options. MATERIALS AND METHODS: We conducted a multi-institutional pooled cohort analysis of patient-reported quality of life (QOL) [EPIC-26] before and after intensity-modulated radiotherapy (IMRT), brachytherapy, or SBRT for localized prostate cancer. Data were analyzed by mean domain score, minimal clinically detectable difference (MCD) in domain score, and multivariate analyses to determine factors associated with domain scores at 2-years. RESULTS: Data were analyzed from 803 patients at baseline and 645 at 2-years. Mean declines at 2-years across all patients were -1.9, -4.8, -4.9, and -13.3 points for urinary obstructive, urinary incontinence, bowel, and sexual symptom domains, respectively, corresponding to MCD in 29%, 20%, and 28% of patients. On multivariate analysis (vs. IMRT), brachytherapy had worse urinary irritation at 2-years (-6.8 points, p<0.0001) but no differences in other domains (p>0.15). QOL after SBRT was similar for urinary (p>0.5) and sexual domains (p=0.57), but was associated with better bowel score (+6.7 points, p<0.0002). CONCLUSIONS: QOL 2-years after brachytherapy, IMRT, or SBRT is very good and largely similar, with small differences in urinary and bowel QOL that are likely minimized by modern techniques.",Radiother Oncol,2015,116,179-84,doi: 10.1016/j.radonc.2015.07.016. Epub 2015 Aug 11,https://www.ncbi.nlm.nih.gov/pubmed/26276528,,negative,0,2015.0
32077006,Post-HIFU locally relapsed prostate cancer: high-dose salvage radiotherapy guided by molecular imaging,Rigo M,"PURPOSE: To evaluate tolerance and biochemical control rates of salvage external beam radiotherapy (EBRT) in patients with local relapse from prostate cancer (PC) after high-intensity focused ultrasound (HIFU) as primary treatment. METHODS: Twenty-four patients presented biochemical failure of PC. Salvage EBRT to the residual prostate was performed with moderate hypofractionation schedule (MHRT) in 28 fractions (n = 16) or with extreme hypofractionation schedule (SBRT) in 5 fractions (n = 8) by means of image-guided volumetric modulation arc therapy. In case of MHRT, the median dose was 71.4 Gy, whereas in case of SBRT it was 32.5 Gy. RESULTS: The median follow-up was 28 months. The median PSA nadir was 0.26 ng/mL. In case of MHRT, the median PSA nadir was 0.15 ng/mL and occurred within a median time of 19 months. In case of SBRT, the median PSA nadir was 0.64 ng/mL and occurred within a median time of 8 months. No G3 higher acute or late toxicity after EBRT was observed. Only three patients presented with G2 acute GI toxicity (actinic proctitis). Twelve patients experienced acute G1 GU toxicity: 8/16 of men treated with MHRT and 4/8 of men treated with SBRT. Complete local control of disease was achieved in 23/24 patients (96%). CONCLUSIONS: Our data confirm the feasibility and the low toxicity of salvage EBRT with both schedules of treatment after HIFU failure. The findings of low acute toxicity and good biochemical control rates are encouraging, but a larger number of patients and a longer follow-up are needed to confirm these results.",Radiol Med,2020,125,491-499,doi: 10.1007/s11547-020-01148-4. Epub 2020 Feb 19,https://www.ncbi.nlm.nih.gov/pubmed/32077006,,negative,0,2020.0
19540075,Long-term biochemical and survival outcome of 921 patients treated with I-125 permanent prostate brachytherapy.,Hinnen KA,"PURPOSE: To assess long-term biochemical and survival outcome after permanent prostate brachytherapy (BT). METHODS AND MATERIALS: Data on 921 patients, treated with permanent interstitial BT monotherapy between 1989 and 2004 for <or=T2c Nx/0 Mx/0 prostate cancer were evaluated. All patients were treated with I-125 seeds (prescription dose 144 Gy). Eighty-five patients with a gland volume >or=50cc received 6 months of antiandrogen therapy before treatment. Patients were classified into risk groups with 232 defined as low-, 369 intermediate-, and 320 high-risk disease. The median follow-up was 69 months (range, 4-186 months); mean age was 67 years. RESULTS: Average 5- and 10-year biochemical no evidence of disease (bNED) rates were 79% and 57%. Average 10-year bNED rates by risk group were 88% for low-risk, 61% for intermediate-risk, and 30% for high-risk disease. The average 10-year overall and disease-specific survival rates were 59% and 82%. Ten-year overall and disease-specific survival rates by risk group were, respectively, 68% and 96% for low-risk, and 64% 87% for intermediate-risk, and 49% and 69% for high-risk disease. In multivariate Cox regression analysis, both risk group and treatment era were independent predictors of bNED and survival. CONCLUSIONS: These data on long-term survival continue to support the use of I-125 monotherapy for prostate cancer in low-risk patients and, in particular, demonstrate its efficacy in intermediate-risk patients.",Int J Radiat Oncol Biol Phys,2010,76,1433-8,10.1016/j.ijrobp.2009.03.049,https://www.ncbi.nlm.nih.gov/pubmed/19540075,LOW RISK,positive,1,
25487524,Does prostate-specific antigen nadir predict longer-term outcomes of prostate cancer after neoadjuvant and adjuvant androgen deprivation therapy in conjunction with brachytherapy?,Morris LM,"PURPOSE: To evaluate whether nadir prostate-specific antigen (nPSA), time to nPSA (TnPSA), and nPSA 3-years post-treatment are prognostic for prostate cancer (PC) in patients treated with temporary brachytherapy plus external beam radiation therapy (EBRT) and hormonal manipulation. METHODS AND MATERIALS: We retrospectively analyzed our database of 253 patients with Stage T1-T3 N0M0 PC who underwent brachytherapy with temporary brachytherapy plus EBRT. All patients received neoadjuvant androgen deprivation for a median of 6 months. Treatment consisted of three pulses of pseudo pulsed-dose-rate brachytherapy to a median dose of 18Gy with 50.4Gy in 28 fractions of EBRT. Treatment took place between December 1999 and March 2006. RESULTS: At a median of 6-years followup, nPSA value was a predictor of biochemical control. Rising nPSA categories of <0.01, 0.01-<0.05, 0.05-≤0.1, 0.1-≤ 1.0, or >1.0 ng/mL correlated with a deteriorating 5-year biochemical control (nBED) by the Phoenix definition of 100%, 90.0%, 82.5%, 64.3%, and 10%, respectively. A highly statistically significant relationship between nPSA value and subsequent clinical failure is also demonstrated. The relationship between TnPSA and nBED was strongly significant (p<0.0001), with a significantly longer nPSA for patients who had Phoenix nBED. A PSA of <1.5 ng/mL achieved 3-year post radiation therapy was prognostic for biochemical and clinical disease control (p<0.0001). CONCLUSION: The nPSA, TnPSA, and reaching a PSA cutoff level of <1.5 ng/mL at 3 years post-treatment can provide useful prognostic information on long-term biochemical and clinical control of PC in patients treated with pseudo PDR, EBRT, and hormone manipulation.",Brachytherapy,2015,14,322-8,10.1016/j.brachy.2014.11.002,https://www.ncbi.nlm.nih.gov/pubmed/25487524,,positive,1,
27339116,"Hypofractionated versus conventionally fractionated radiotherapy for patients with localised prostate cancer (HYPRO): final efficacy results from a randomised, multicentre, open-label, phase 3 trial.",Incrocci L,"BACKGROUND: Studies have reported a low α/β ratio for prostate cancer, suggesting that hypofractionation could enhance the biological tumour dose without increasing genitourinary and gastrointestinal toxicity. In the multicentre phase 3, HYpofractionated irradiation for PROstate cancer (HYPRO) trial, hypofractionated radiotherapy was compared with conventionally fractionated radiotherapy for treatment of prostate cancer. We have previously reported acute and late incidence of genitourinary and gastrointestinal toxicity; here we report protocol-defined 5-year relapse-free survival outcomes. METHODS: We did an open-label, randomised, phase 3 trial at seven Dutch radiotherapy centres. We enrolled patients with intermediate-risk to high-risk T1b-T4NX-N0MX-M0 localised prostate cancer, a prostate-specific antigen concentration of 60 μg/L or less, and a WHO performance status of 0-2. We used a web-based application to randomly assign (1:1) patients to either hypofractionated radiotherapy of 64·6 Gy (19 fractions of 3·4 Gy, three fractions per week) or conventionally fractionated radiotherapy of 78·0 Gy (39 fractions of 2·0 Gy, five fractions per week). Based on an estimated α/β ratio for prostate cancer of 1·5 Gy, the equivalent total dose in fractions of 2·0 Gy was 90·4 Gy for hypofractionation compared with 78·0 Gy for conventional fractionation. The primary endpoint was relapse-free survival. All analyses were done on an intention-to-treat basis in all eligible patients. The HYPRO trial completed recruitment in 2010 and follow-up is ongoing. This trial is registered with ISRCTN, number ISRCTN85138529. FINDINGS: Between March 19, 2007, and Dec 3, 2010, 820 patients were enrolled, of whom 804 were eligible and assessable for intention-to-treat analyses. Of these, 407 were assigned hypofractionated radiotherapy and 397 were allocated conventionally fractionated radiotherapy. 537 (67%) of 804 patients received concomitant androgen deprivation therapy for a median duration of 32 months (IQR 10-44). Median follow-up was 60 months (IQR 51-69). Treatment failure was reported in 169 (21%) of 804 patients, 80 (20%) in the hypofractionation group and 89 (22%) in the conventional fractionation group. 5-year relapse-free survival was 80·5% (95% CI 75·7-84·4) for patients assigned hypofractionation and 77·1% (71·9-81·5) for those allocated conventional fractionation (adjusted hazard radio 0·86, 95% CI 0·63-1·16; log-rank p=0·36). There were no treatment-related deaths. INTERPRETATION: Hypofractionated radiotherapy was not superior to conventional radiotherapy with respect to 5-year relapse-free survival. Our hypofractionated radiotherapy regimen cannot be regarded as the new standard of care for patients with intermediate-risk or high-risk prostate cancer. FUNDING: Dutch Cancer Society.",Lancet Oncol,2016,17,1061-1069,10.1016/S1470-2045(16)30070-5,https://www.ncbi.nlm.nih.gov/pubmed/27339116,,positive,1,
25770875,High dose-rate brachytherapy boost for intermediate risk prostate cancer: Long-term outcomes of two different treatment schedules and early biochemical predictors of success.,Helou J,"BACKGROUND AND PURPOSE: To report long-term cancer control rates following high dose-rate (HDR) brachytherapy boost for intermediate risk prostate cancer and explore early biochemical predictors of success. MATERIAL AND METHODS: Results of two sequential phase II trials are updated and compared: (1) Single 15 Gy HDR-boost followed by external beam radiotherapy (EBRT) 37.5 Gy/15fractions, (2) Two HDR fractions of 10 Gy followed by EBRT 45 Gy/25fractions. Patients were followed prospectively for clinical and biochemical outcomes. Nadir PSA (nPSA) and PSA at 3-years were analyzed as continuous variables, and ROC analysis was used to identify the optimal cutoff values. Kaplan-Meier bDFS curves were generated and the log-rank test used to compare different groups RESULTS: 183 patients were accrued; 123 to the single fraction trial and 60 to the standard fractionation trial, with a median follow-up of 74 months and 99 months, respectively. The 5-year biochemical relapse-free survival was 97.4% and 92.7%, respectively (p=0.995). Median nPSA was 0.08 ng/ml. Failure to achieve a nPSA <0.4 ng/ml was associated with a significantly higher rate of biochemical relapse (5-year bDFS: 100% vs. 72%; p<0.0001). CONCLUSION: HDR boost with single fraction 15 Gy provides durable long-term biochemical disease-free survival. PSA nadir <0.4 ng/ml is associated with very low risk of biochemical failure.",Radiother Oncol,2015,115,84-9,10.1016/j.radonc.2015.02.023,https://www.ncbi.nlm.nih.gov/pubmed/25770875,,positive,1,
20605342,Long-term outcome for clinically localized prostate cancer treated with permanent interstitial brachytherapy.,Taira AV,"PURPOSE: To present the largest series of prostate cancer brachytherapy patients treated with modern brachytherapy techniques and postimplant day 0 dosimetric evaluation. METHODS AND MATERIALS: Between April 1995 and July 2006, 1,656 consecutive patients were treated with permanent interstitial brachytherapy. Risk group stratification was carried out according to the Mt. Sinai guidelines. Median follow-up was 7.0 years. The median day 0 minimum dose covering at least 90% of the target volume was 118.8% of the prescription dose. Cause of death was determined for each deceased patient. Multiple clinical, treatment, and dosimetric parameters were evaluated for impact on the evaluated survival parameters. RESULTS: At 12 years, biochemical progression-free survival (bPFS), cause-specific survival (CSS), and overall survival (OS) for the entire cohort was 95.6%, 98.2%, and 72.6%, respectively. For low-, intermediate-, and high-risk patients, bPFS was 98.6%, 96.5%, and 90.5%; CSS was 99.8%, 99.3%, and 95.2%; and OS was 77.5%, 71.1%, and 69.2%, respectively. For biochemically controlled patients, the median posttreatment prostate-specific antigen (PSA) concentration was 0.02 ng/ml. bPFS was most closely related to percent positive biopsy specimens and risk group, while Gleason score was the strongest predictor of CSS. OS was best predicted by patient age, hypertension, diabetes, and tobacco use. At 12 years, biochemical failure and cause-specific mortality were 1.8% and 0.2%, 5.1% and 2.1%, and 10.4% and 7.1% for Gleason scores 5 to 6 and 7 and ≥8, respectively. CONCLUSIONS: Excellent long-term outcomes are achievable with high-quality brachytherapy for low-, intermediate-, and high-risk patients. These results compare favorably to alternative treatment modalities including radical prostatectomy.",Int J Radiat Oncol Biol Phys,2011,79,1336-42,10.1016/j.ijrobp.2010.01.005,https://www.ncbi.nlm.nih.gov/pubmed/20605342,HIGH RISK,positive,1,
29463165,Results of 14 years of brachytherapy for localized prostate cancer in Denmark: the Herlev cohort.,Jacobsen MG,"OBJECTIVE: Brachytherapy is one of several curative treatments for localized prostate cancer (PCa). The objective of this study was to report biochemical recurrence-free survival (BRFS), metastatic-free survival (MFS) and PCa-specific mortality after low-dose brachytherapy, stratified according to the D'Amico risk classification in a large Danish cohort. MATERIALS AND METHODS: The study population comprised 502 men treated with brachytherapy in 1998-2012. BRFS was defined by the Phoenix criteria. Kaplan-Meier survival analysis was used to estimate BRFS and MFS. The cumulative PCa mortality was analysed using competing risk analyses. Multivariable Cox regression analysis was used to estimate risk of biochemical recurrence. RESULTS: In total, 206 men were classified with low-risk PCa, 265 men with intermediate-risk PCa and 33 men with high-risk PCa. Median follow-up was 6.6 years [95% confidence interval (CI) 6.2-7.0]. The 10 year BRFS was 90% (95% CI 83-97), 75% (95% CI 65-87) and 75% (95% CI 59-92) in men with low-, intermediate- and high-risk PCa, respectively. The 10 year MFS was 95% (95% CI 89-100), 93% (95% CI 88-98) and 78% (95% CI 57-99) in men with low-, intermediate- and high-risk PCa, respectively. The 10 year cumulative incidence of PCa mortality was 1% (95% CI 0-3), 5% (95% CI 0-12) and 11% (95% CI 0-25) for men with low-, intermediate- and high-risk PCa, respectively. CONCLUSIONS: Low-dose brachytherapy offers good short- to intermediate-term cancer control in selected men with localized PCa. Further studies are needed for safety analyses and for comparison with other treatment modalities.",Scand J Urol,2018,52,164-168,10.1080/21681805.2018.1438510,https://www.ncbi.nlm.nih.gov/pubmed/29463165,,positive,1,
21784585,Single-fraction high-dose-rate brachytherapy and hypofractionated external beam radiation therapy in the treatment of intermediate-risk prostate cancer - long term results.,Cury FL,"PURPOSE: We present the long-term results of a cohort of patients with intermediate-risk prostate cancer (PC) treated with single-fraction high-dose-rate brachytherapy (HDRB) combined with hypofractionated external beam radiation therapy (HypoRT). METHODS AND MATERIALS: Patients were treated exclusively with HDRB and HypoRT. HDRB delivered a dose of 10 Gy to the prostate surface and HypoRT consisted of 50 Gy delivered in 20 daily fractions. The first 121 consecutive patients with a minimum of 2 years posttreatment follow-up were assessed for toxicity and disease control. RESULTS: The median follow-up was 65.2 months. No acute Grade III or higher toxicity was seen. Late Grade II gastrointestinal toxicity was seen in 9 patients (7.4%) and Grade III in 2 (1.6%). Late Grade III genitourinary toxicity was seen in 2 patients (1.6%). After a 24-month follow-up, a rebiopsy was offered to the first 58 consecutively treated patients, and 44 patients agreed with the procedure. Negative biopsies were found in 40 patients (91%). The 5-year biochemical relapse-free survival rate was 90.7% (95% CI, 84.5-96.9%), with 13 patients presenting biochemical failure. Among them, 9 were diagnosed with distant metastasis. Prostate cancer-specific and overall survival rates at 5 years were 100% and 98.8% (95% CI, 96.4-100%), respectively. CONCLUSION: The combination of HDRB and HypoRT is well tolerated, with acceptable toxicity rates. Furthermore, results from rebiopsies revealed an encouraging rate of local control. These results confirm that the use of conformal RT techniques, adapted to specific biological tumor characteristics, have the potential to improve the therapeutic ratio in intermediate-risk PC patients.",Int J Radiat Oncol Biol Phys,2012,82,1417-23,10.1016/j.ijrobp.2011.05.025,https://www.ncbi.nlm.nih.gov/pubmed/21784585,INTERMEDIATE RISK,positive,1,
15667877,"Combination of docetaxel, estramustine phosphate, and zoledronic acid in androgen-independent metastatic prostate cancer: efficacy, safety, and clinical benefit assessment",Efstathiou E,"OBJECTIVES: Docetaxel is an effective agent for the treatment of androgen-independent prostate cancer (AIPC). Its combination with estramustine phosphate (EMP) has shown promising results in AIPC but the toxicity remains considerable. In an effort to minimize toxicity, we designed an every-2-week docetaxel administration regimen with a 3-day low-dose EMP regimen. Patients with bone metastases also received zoledronic acid. METHODS: A total of 54 patients with AIPC received docetaxel at 45 mg/m2 and EMP (140 mg orally every 8 hours for nine doses) every 2 weeks. Zoledronic acid was administered at 4 mg every 28 days. RESULTS: Of the 49 assessable patients, 22 (45%, 95% confidence interval [CI] 31% to 60%) had a prostate-specific antigen response. Of 24 patients with measurable disease, 9 (38%, 95% CI 19% to 59%) had a response to therapy (one complete response and eight partial responses). The median time to progression was 4.4 months (95% CI 2.7 to 6), and overall survival was 13.3 months (95% CI 9 to 17.6). Toxicity was mild, with only 5 cases of grade 3 or 4 toxicity. The pain score improved by 1 point in 21 (54%) of 39 symptomatic patients, and 14 (40%) of 38 patients who used analgesics discontinued analgesic consumption by the end of treatment. CONCLUSIONS: The combination of an every-2-week regimen of docetaxel, EMP, and zoledronic acid is an effective, well-tolerated regimen that results in symptomatic improvement in a significant proportion of patients with AIPC.",Urology,2005,65,126-30,doi: 10.1016/j.urology.2004.08.041,https://www.ncbi.nlm.nih.gov/pubmed/15667877,,negative,0,2005.0
27339115,"Conventional versus hypofractionated high-dose intensity-modulated radiotherapy for prostate cancer: 5-year outcomes of the randomised, non-inferiority, phase 3 CHHiP trial.",Dearnaley D,"BACKGROUND: Prostate cancer might have high radiation-fraction sensitivity that would give a therapeutic advantage to hypofractionated treatment. We present a pre-planned analysis of the efficacy and side-effects of a randomised trial comparing conventional and hypofractionated radiotherapy after 5 years follow-up. METHODS: CHHiP is a randomised, phase 3, non-inferiority trial that recruited men with localised prostate cancer (pT1b-T3aN0M0). Patients were randomly assigned (1:1:1) to conventional (74 Gy delivered in 37 fractions over 7·4 weeks) or one of two hypofractionated schedules (60 Gy in 20 fractions over 4 weeks or 57 Gy in 19 fractions over 3·8 weeks) all delivered with intensity-modulated techniques. Most patients were given radiotherapy with 3-6 months of neoadjuvant and concurrent androgen suppression. Randomisation was by computer-generated random permuted blocks, stratified by National Comprehensive Cancer Network (NCCN) risk group and radiotherapy treatment centre, and treatment allocation was not masked. The primary endpoint was time to biochemical or clinical failure; the critical hazard ratio (HR) for non-inferiority was 1·208. Analysis was by intention to treat. Long-term follow-up continues. The CHHiP trial is registered as an International Standard Randomised Controlled Trial, number ISRCTN97182923. FINDINGS: Between Oct 18, 2002, and June 17, 2011, 3216 men were enrolled from 71 centres and randomly assigned (74 Gy group, 1065 patients; 60 Gy group, 1074 patients; 57 Gy group, 1077 patients). Median follow-up was 62·4 months (IQR 53·9-77·0). The proportion of patients who were biochemical or clinical failure free at 5 years was 88·3% (95% CI 86·0-90·2) in the 74 Gy group, 90·6% (88·5-92·3) in the 60 Gy group, and 85·9% (83·4-88·0) in the 57 Gy group. 60 Gy was non-inferior to 74 Gy (HR 0·84 [90% CI 0·68-1·03], pNI=0·0018) but non-inferiority could not be claimed for 57 Gy compared with 74 Gy (HR 1·20 [0·99-1·46], pNI=0·48). Long-term side-effects were similar in the hypofractionated groups compared with the conventional group. There were no significant differences in either the proportion or cumulative incidence of side-effects 5 years after treatment using three clinician-reported as well as patient-reported outcome measures. The estimated cumulative 5 year incidence of Radiation Therapy Oncology Group (RTOG) grade 2 or worse bowel and bladder adverse events was 13·7% (111 events) and 9·1% (66 events) in the 74 Gy group, 11·9% (105 events) and 11·7% (88 events) in the 60 Gy group, 11·3% (95 events) and 6·6% (57 events) in the 57 Gy group, respectively. No treatment-related deaths were reported. INTERPRETATION: Hypofractionated radiotherapy using 60 Gy in 20 fractions is non-inferior to conventional fractionation using 74 Gy in 37 fractions and is recommended as a new standard of care for external-beam radiotherapy of localised prostate cancer. FUNDING: Cancer Research UK, Department of Health, and the National Institute for Health Research Cancer Research Network.",Lancet Oncol,2016,17,1047-1060,10.1016/S1470-2045(16)30102-4,https://www.ncbi.nlm.nih.gov/pubmed/27339115,,positive,1,
30303599,Prostate cancer in 432 men aged <50 years in the prostate-specific antigen era: a new outlook.,Gielchinsky I,"OBJECTIVE: To evaluate the clinical presentation and treatment outcomes of prostate cancer (PCa) in 432 consecutive patients aged < 50 years in the prostate-specific antigen (PSA) era. METHODS: Retrospective analysis was performed on all patients with PCa (14 570) from the years 1994 to 2017. A total of 432 consecutive patients aged < 50 years were identified. The patients were stratified by D'Amico risk groups, and their clinical presentation and treatment outcomes were analysed. The rates of biochemical recurrence after surgery were compared with the D'Amico prediction model as well as with older propensity-score-matched patients. The surgical pathology results in patients undergoing active surveillance (AS) were compared with those of low-risk patients who underwent immediate surgery. RESULTS: A total of 44%, 42% and 13% of patients harboured low-risk, intermediate-risk and high-risk PCa, respectively. Their median age was 47 years and a positive family history of PCa was reported in 39.1%. Clinical stage was T1 in 65.5% and T2 in 30.0% of patients, and 2.0% of patients had metastatic disease at presentation. Radical prostatectomy (RP) was performed in 78.4% of patients (n = 339) and the biochemical recurrence rates were 7.8% (low-risk), 15.3% (intermediate-risk) and 23.3% (high-risk) at 5 years post-surgery. These rates were lower than expected according to the D'Amico prediction model or when compared with older matched patients. A total of 74 patients with low-risk PCa underwent AS and only 17.6% (n = 13) required radical treatment after a median follow-up of 46 months. The surgical pathology results in patients undergoing ASdid not differ significantly from patients with low-risk PCa who underwent immediate surgery (positive surgical margins [P = 0.145], tumour volume [P = 0.257] or seminal vesicle involvement [P = 0.100]). Of the present cohort, only 0.4% died from PCa during a median follow-up of 65 months. CONCLUSIONS: The clinical presentation and prognosis of young patients has changed dramatically during the PSA era. Patients nowadays present with lower-risk disease that can be treated adequately, with reassuring biochemical recurrence rates at 5 years post-surgery. AS appears to be safe in patients with low-risk. PCa.",BJU Int,2018,122 Suppl 5,35-41,10.1111/bju.14586,https://www.ncbi.nlm.nih.gov/pubmed/30303599,,positive,1,
32073662,Validation of a subclassification for high-risk prostate cancer in a prospective cohort,Butler SS,"BACKGROUND: A subgroup of men with favorable high-risk prostate cancer (T1c with either a Gleason score of 4 + 4 = 8 and a prostate-specific antigen [PSA] level <10 ng/mL or a Gleason score of 6 and a PSA level >20 ng/mL) has been associated with improved outcomes in comparison with other standard high-risk patients. This study was designed to validate the prognostic utility of a subclassification for high-risk disease with a prospectively collected data set. METHODS: This study identified 3033 men from the Prostate, Lung, Colorectal, and Ovarian Cancer Screening Trial who had been diagnosed from 1993 to 2001 with clinically localized prostate cancer-either intermediate-risk disease (clinical stage T2b-c, a Gleason score of 7, or a PSA level of 10 to 20 ng/mL) or high-risk disease (clinical stage T3-T4, a Gleason score of 8-10, or a PSA level >20 ng/mL)-that was managed with radical prostatectomy or radiation therapy. Multivariable logistic regression was used to calculate adjusted odds ratios (aORs) for pathological T3 to T4 or N1 (pT3-T4/pN1) disease. Fine and Gray competing risks regression was used to determine adjusted hazard ratios (aHRs) of prostate cancer-specific mortality (PCSM). RESULTS: The median follow-up was 5.7 years. Patients with favorable high-risk disease had lower 8-year PCSM in comparison with patients with standard high-risk disease (2.2% vs 10.8%; aHR, 0.26; 95% confidence interval [CI], 0.09-0.73; P = .01) but similar PCSM in comparison with patients with intermediate-risk disease (2.2% vs 2.2%; aHR, 0.90; 95% CI, 0.32-2.54; P = .84). Among those who underwent surgery, those with favorable high-risk disease had lower odds of pT3-T4/pN1 disease than those with standard high-risk disease (46.2% vs 63.3%; aOR, 0.50; 95% CI, 0.27-0.94; P = .03). CONCLUSIONS: This study validates the prognostic utility of a subclassification for high-risk disease in a prospectively collected patient cohort. Patients with favorable high-risk disease have PCSM similar to that of patients with intermediate-risk disease and significantly better than that of patients with standard high-risk disease. Future trials are needed to assess possible de-intensification of therapy for favorable high-risk disease.",Cancer,2020,15,,doi: 10.1002/cncr.32778. Epub 2020 Feb 19,https://www.ncbi.nlm.nih.gov/pubmed/32073662,,negative,0,2020.0
15774239,High dose rate (HDR) brachytherapy with conformal radiation therapy for localized prostate cancer,Deger S,"OBJECTIVES: To evaluate the outcome of high dose rate (HDR) brachytherapy with iridium 192 (Ir(192)) and 3D conformal external beam radiotherapy in patients with localized prostate cancer. METHODS: A total of 442 patients with localized prostate cancer underwent combined radiotherapy with interstitial brachytherapy with Ir(192) and 3D conformal external beam radiotherapy between December 1992 and March 2001. Patients underwent laparoscopic pelvic lymph node dissection to exclude patients with lymphatic involvement. Iridium 192 was delivered twice with a one-week interval in afterloading technique. 247 patients (56%) had clinical T3 disease and 128 patients (29%) had an initial PSA of more than 20 ng/ml. Progression was defined as biochemical failure according to ASTRO criteria. Patients were divided according to pretreatment variables that independently affected prostate-specific antigen (PSA) relapse-free survival in three risk groups. Low risk was defined as cT1c-cT2 and G1-G2 and PSA<10 ng/ml (n=94). Intermediate risk included patients with cT1c-cT2 and G1-G2 and PSA between 10 and 20 ng/ml (n=53). High risk group patients were cT3 or G3 or PSA>20 ng/ml (n=295). RESULTS: Median follow-up was 5 years. Late grade 3-4 complications according to RTOG/EORTC criteria occurred in 50 patients (11%). The initial PSA value decreased from median 11.8 ng/ml to 0.98 ng/ml 12 months after treatment, to 0.3 ng/ml after 60 months and to 0.1 ng/ml 10 years after therapy. 53% of the patients (n=235) reached a PSA nadir of 0.5 ng/ml. 66 patients (15%) had a local recurrence, 54 (12%) developed systemic disease and 12 (3%) had both local and systemic failure. The progression free survival rate was 65% at 5-year follow-up. Five-year progression free survival was 81% in the low risk group, 65% in the intermediate risk group and 59% in the high risk group. Five-year overall survival was 87% and 5-year disease specific survival 94%. Initial PSA value, risk group and age were significantly related to progression free survival. CONCLUSIONS: Combined HDR brachytherapy with Iridium 192 is an alternative treatment option for patients with localized prostate cancer. Initial PSA value, risk group, and age are important prognostic factors for progression free survival.",Eur Urol,2005,47,441-8,doi: 10.1016/j.eururo.2004.11.014. Epub 2005 Jan 18,https://www.ncbi.nlm.nih.gov/pubmed/15774239,,negative,0,2005.0
26531200,Oncological outcomes following robotic-assisted radical prostatectomy in a multiracial Asian population,Alvin LW,"This study evaluates the oncological outcomes of RARP in a multiracial Asian population from a single institution. All suitable patients from 1st January 2003-30th June 2013 were identified from a prospectively maintained cancer registry. Peri-operative and oncological outcomes were analysed. Significance was defined as p < 0.05. There were n = 725 patients identified with a mean follow-up duration 28 months. The mean operative time, EBL and LOS were 186 min, 215 ml and 3 days, respectively. The pathological stage was pT2 in 68.6% (n = 497/725), pT3 in 31.3% (n = 227/725) and n = 1 patient with pT4 disease. The pathological Gleason scores (GS) were 6 in 27.9% (n = 202/725), GS 7 in 63.6% (n = 461/725) and GS ≥ 8 in 8.0 % (n = 58/725). The node positivity rate was 5.8% (n = 21/360). The positive margin rates were 31.0% (n = 154/497) and 70.9% (n = 161/227) for pT2 and pT3, respectively, and decreasing PSM rates are observed with surgical maturity. The biochemical recurrence rates were 9.7% (n = 48/497) and 34.2% (n = 78/228) for pT2 and pT3/T4, respectively. On multivariate analysis, independent predictors of BCR were pathological T stage and pathological Gleason score. Post-operatively, 78.5% (n = 569/725) of patients had no complications and 17.7% (n = 128/725) had minor (Clavien grade I-II) complications. This series, representing the largest from Southeast Asia, suggests that RARP can be a safe and oncologically feasible treatment for localised prostate cancer in an institution with moderate workload.",J Robot Surg,2015,9,201-9,doi: 10.1007/s11701-015-0516-1. Epub 2015 Jul 7,https://www.ncbi.nlm.nih.gov/pubmed/26531200,,negative,0,2015.0
25578739,Systematic review and meta-analysis of the survival outcomes of first-line treatment options in high-risk prostate cancer,Lei JH,"Prostate cancer (PCa) is the most common non-dermatologic cancer in the western countries in western countries. High-risk PCa accounts for 15% of the diagnosed cases. In this study, we compare the long-term survival outcomes of radical prostatectomy (RP), radiation therapy (RT), brachytherapy (BT), androgen- deprivation therapy (ADT), and watchful waiting (WW) in high-risk prostate cancer (PCa). Overall, RP/(RT plus ADT) gave the best survival outcome in patients with high-risk PCa, whereas ADT/WW had the worst outcome. The overall priority for treatment strategy could be ranked as follows: RP/(RT plus ADT), RT, and ADT/WW. RP had significant better overall survival (OS) than RT or BT, and RP had significant lower cancer-specific mortality (CSM) than RT (0.51 [95% CI 0.30-0.73], P<0.001). ADT improved the cancer-specific survival (CSS) of RP based on a case-controlled study; added ADT to RT failed to challenge the position of RP but could improve the outcome of RT. In conclusions,RP/(RT plus adjuvant ADT) could both be used for the first-line therapy of high-risk PCa. When encountering an individual patient, urologists should consider various factors like tumors themselves, preferences of individuals, and so on.",Sci Rep,2015,12,,doi: 10.1038/srep07713,https://www.ncbi.nlm.nih.gov/pubmed/25578739,,negative,0,2015.0
26004800,Duration of Androgen Deprivation Therapy Influences Outcomes for Patients Receiving Radiation Therapy Following Radical Prostatectomy,Jackson WC,"BACKGROUND: Limited data exist to guide the use of androgen deprivation therapy (ADT) for men treated with radiation therapy (RT) after radical prostatectomy (RP). The optimal duration of ADT in this setting is unknown. OBJECTIVE: To determine if the duration of ADT influences clinical outcomes for men receiving post-RP RT. DESIGN, SETTING, AND PARTICIPANTS: A total of 680 men who received adjuvant radiation therapy (n=105) or salvage radiation therapy (n=575) between 1986 and 2010 at a single tertiary care institution were reviewed retrospectively. Median follow-up post-RT was 57.8 mo. INTERVENTION: RT was delivered using three-dimensional conformal or intensity-modulated RT in 1.8-Gy fractions. For patients treated with ADT, >80% were treated with a gonadotropin-releasing hormone agonist with or without a nonsteroidal antiandrogen. OUTCOME MEASUREMENTS AND STATISTICAL ANALYSIS: Biochemical failure (BF), distant metastasis (DM), prostate cancer-specific mortality (PCSM), and overall mortality were assessed using Kaplan-Meier analysis and propensity score analysis. RESULTS AND LIMITATIONS: Overall, 144 patients (21%) received ADT with post-RP RT, most of whom had high-risk disease features such as Gleason score 8-10, seminal vesicle invasion, or pre-RT prostate-specific antigen >1 ng/ml. Median ADT duration was 12 mo (interquartile range: 6.0-23.7). Patients who received <12 mo of ADT had an association with increased BF (hazard ratio [HR]: 2.27; p=0.003) and DM (HR: 2.48; p=0.03) compared with patients receiving ≥12 mo of ADT. The 5-yr rates of DM were 6.0% and 23% for ≥12 and <12 mo of ADT, respectively. On propensity score analysis controlling for pretreatment and treatment-related factors, each month of ADT was associated with a decreased risk for BF (HR: 0.95; p=0.0004), DM (HR: 0.88; p=0.0004), and PCSM (HR: 0.90; p=0.037). These findings are limited by the retrospective nature of our analysis. CONCLUSIONS: For men with high-risk disease features receiving ADT with post-RP RT, the duration of ADT is associated with clinical outcomes. Our findings suggest that for these men an extended course of ADT ≥12 mo may be preferable. Validation of our findings is needed. PATIENT SUMMARY: We evaluated outcomes for men with high-risk disease features treated with androgen deprivation therapy (ADT) and radiotherapy after radical prostatectomy. Longer durations of ADT resulted in improved patient outcomes.",Eur Urol,2016,69,50-7,doi: 10.1016/j.eururo.2015.05.009. Epub 2015 May 21,https://www.ncbi.nlm.nih.gov/pubmed/26004800,,negative,0,2015.0
26408674,Hypofractionated Radiotherapy for Localized Prostate Cancer: A Challenging Accelerated Hypofractionated Radiotherapy,Yamazaki H,"Conventionally fractionated (CF) external-beam radiation therapy (1.8-2.0 Gy/fraction) is an established treatment modality for localized prostate cancer. Emerging evidence suggests that the α/β ratio for prostate cancer is as low as 1.5, which has prompted investigators to explore hypofractionated (HF) radiation therapy. We reviewed the current status of hypofractionation and found that the accumulated outcomes reveal that dose escalation by moderate (2.5-4 Gy/fraction) hypofractionation (mHF) results in a better early biochemical outcome with acceptable complication rates, although there exist no marked advantages, other than the convenience of short treatment periods. Recently, hypofractionated external-beam radiotherapy has been challenged by accelerated hypofractionation (AHF), i.e., stereotactic body irradiation, particle therapy, and a high-dose-rate brachytherapy, using 5-10 Gy/fraction with a precise dose distribution and shorter treatment periods. Five-year biochemical control rates improved to >90%, even for high-risk groups, with a higher dose delivery using a safer technology. The overall survival rate reached nearly 100% at 5 years and was unaffected by prostate cancer, particularly in patients aged >80 years. Therefore, if maintaining the quality of life is the main purpose, short-term treatment is an attractive option from the socioeconomic perspective. Furthermore, CF and mHF regimens use equivalent doses at 2 Gy per fraction (EQD2) of 62-84 Gy, whereas AHF uses a higher EQD2 of 85 to 135 Gy if an α/β ratio of 1.5 is applied. In the preliminary phase, AHF has theoretical advantages that not only reduce the treatment period but also potentially improve BC, particularly in high-risk groups using a higher EQD2.",Anticancer Res,2015,35,5167-77,,https://www.ncbi.nlm.nih.gov/pubmed/26408674,,negative,0,2015.0
22537541,Updated results and patterns of failure in a randomized hypofractionation trial for high-risk prostate cancer.,Arcangeli S,"PURPOSE: To report long-term results and patterns of failure after conventional and hypofractionated radiation therapy in high-risk prostate cancer. METHODS AND MATERIALS: This randomized phase III trial compared conventional fractionation (80 Gy at 2 Gy per fraction in 8 weeks) vs hypofractionation (62 Gy at 3.1 Gy per fraction in 5 weeks) in combination with 9-month androgen deprivation therapy in 168 patients with high-risk prostate cancer. Freedom from biochemical failure (FFBF), freedom from local failure (FFLF), and freedom from distant failure (FFDF) were analyzed. RESULTS: In a median follow-up of 70 months, biochemical failure (BF) occurred in 35 of the 168 patients (21%) in the study. Among these 35 patients, local failure (LF) only was detected in 11 (31%), distant failure (DF) only in 16 (46%), and both LF and DF in 6 (17%). In 2 patients (6%) BF has not yet been clinically detected. The risk reduction by hypofractionation was significant in BF (10.3%) but not in LF and DF. We found that hypofractionation, with respect to conventional fractionation, determined only an insignificant increase in the actuarial FFBF but no difference in FFLF and FFDF, when considering the entire group of patients. However, an increase in the 5-year rates in all 3 endpoints-FFBF, FFLF, and FFDF-was observed in the subgroup of patients with a pretreatment prostate-specific antigen (iPSA) level of 20 ng/mL or less. On multivariate analysis, the type of fractionation, iPSA level, Gleason score of 4+3 or higher, and T stage of 2c or higher have been confirmed as independent prognostic factors for BF. High iPSA levels and Gleason score of 4+3 or higher were also significantly associated with an increased risk of DF, whereas T stage of 2c or higher was the only independent variable for LF. CONCLUSION: Our results confirm the isoeffectiveness of the 2 fractionation schedules used in this study, although a benefit in favor of hypofractionation cannot be excluded in the subgroup of patients with an iPSA level of 20 ng/mL or less. The α/β ratio might be more appropriately evaluated by FFLF than FFBF results, at least in high-risk disease.",Int J Radiat Oncol Biol Phys,2012,84,1172-8,10.1016/j.ijrobp.2012.02.049,https://www.ncbi.nlm.nih.gov/pubmed/22537541,HIGH RISK,positive,1,
25600860,Postoperative radiation therapy for patients at high-risk of recurrence after radical prostatectomy: does timing matter?,Hsu CC,"OBJECTIVE: To evaluate among radical prostatectomy (RP) patients at high-risk of recurrence whether the timing of postoperative radiation therapy (RT) (adjuvant, early salvage with detectable post-RP prostate-specific antigen [PSA], or 'late' salvage with a PSA level of >1.0 ng/mL) is significantly associated with overall survival (OS), prostate-cancer specific survival or metastasis-free survival, in a longitudinal cohort. PATIENTS AND METHODS: Of 6 176 RP patients in the Cancer of the Prostate Strategic Urologic Research Endeavor (CaPSURE), 305 patients with high-risk pathological features (margin positivity, Gleason score 8-10, or pT3-4) who underwent postoperative RT were examined, either in the adjuvant (≤6 months after RP with undetectable PSA levels, 76 patients) or salvage setting (>6 months after RP or pre-RT PSA level of >0.1 ng/mL, 229 patients). Early (PSA level of ≤1.0 ng/mL, 180 patients) or late salvage RT (PSA level >1.0 ng/mL, 49 patients) was based on post-RP, pre-RT PSA level. Multivariable Cox regression examined associations with all-cause mortality and prostate cancer-specific mortality and/or metastases (PCSMM). RESULTS: After a median of 74 months after RP, 65 men had died (with 37 events of PCSMM). Adjuvant and salvage RT patients had comparable high-risk features. Compared with adjuvant, salvage RT (early or late) had an increased association with all-cause mortality (hazard ratio [HR] 2.7, P = 0.018) and with PCSMM (HR 4.0, P = 0.015). PCSMM-free survival differed by further stratification of timing, with 10-year estimates of 88%, 84%, and 71% for adjuvant, early salvage, and late salvage RT, respectively (P = 0.026). For PCSMM-free survival and OS, compared with adjuvant RT, late salvage RT had statistically significantly increased risk; however, early salvage RT did not. CONCLUSION: This analysis suggests that patients who underwent early salvage RT with PSA levels of <1.0 ng/mL may have comparable metastasis-free survival and OS compared with adjuvant RT; however, late salvage RT with a PSA level of >1.0 ng/mL is associated with worse clinical outcomes.",BJU Int,2015,116,713-20,doi: 10.1111/bju.13043. Epub 2015 May 26,https://www.ncbi.nlm.nih.gov/pubmed/25600860,,negative,0,2015.0
16086912,20 Gy versus 44 Gy supplemental beam radiation with Pd-103 prostate brachytherapy: preliminary biochemical outcomes from a prospective randomized multi-center trial,Wallner K,"BACKGROUND AND PURPOSE: While favorable results are achieved with combined modality irradiation, there has never been a rigorous study of the need for supplemental beam. The study reported here compares clinical outcomes with substantially different external beam radiation doses. Similar to classic randomized Wilm's tumor studies from the 1980s, the intention of the trial design was to decrementally test the need for beam radiation. PATIENTS AND METHODS: As of June 2000, 165 of a planned 600 patients with 1997 AJC clinical stage T1c-T2a prostatic carcinoma, Gleason grade 7-10 and/or PSA 10-20 ng/ml, were treated on a randomized protocol comparing 44 versus 20 Gy pre-implant supplemental beam radiation, combined with Pd-103, 90 versus 115 Gy, respectively (NIST-1999). Freedom from biochemical failure was defined as a serum PSA</=0.5 ng/ml at last follow-up. Patients were censored at last follow-up if their serum PSA was still decreasing. Patients whose serum PSA nadired at a value >0.5 ng/ml were scored as failures at the time at which their PSA nadired. The follow-up period for non-failing patients ranged from 0.5 to 4.9 years (median: 2.9 years). Accrual of 566 patients was achieved in October 2004. The study was closed at that time because of slowing accrual, due in part to the findings reported here. RESULTS: The overall actuarial freedom from biochemical progression at 3 years is 85%, with 59 patients followed beyond 3 years. A total of 21 patients have developed biochemical failure, 12 treated with 20 Gy and nine treated with 44 Gy. There were no clinically evident local failures. The actuarial biochemical freedom-from-failure rate at 3 years was 83% for 20 Gy patients versus 88% for 44 Gy patients (P=0.64). For 112 patients with a pre-treatment PSA<10 ng/ml, the 3-year freedom from progression was 84% in patients receiving 20 Gy beam radiation versus 94% in those who received 44 Gy beam (P=0.16). For 47 patients with a pre-treatment PSA>10 ng/ml, the 3-year freedom from progression was 82% in patients receiving 20 Gy beam radiation versus 72% in those who received 44 Gy beam (P=0.38). CONCLUSIONS: The randomized data presented here suggests that the likelihood of biochemical cure is similar with standard (44 Gy) or lower dose (20 Gy) supplemental beam radiation. Since the biological effect of 20 Gy external beam radiation is likely to be small, we interpret these preliminary results to suggest that supplemental beam radiation is unnecessary, in the setting of a high degree of prostate coverage by the brachytherapy prescription dose. With closure of this study, we have begun treating intermediate and high risk patients on a prospective randomized comparison of Pd-103 with 20 versus 0 Gy supplemental beam radiation.",Radiother Oncol,2005,75,307-10,doi: 10.1016/j.radonc.2005.03.019,https://www.ncbi.nlm.nih.gov/pubmed/16086912,,negative,0,2005.0
