pmid,title,author,abstract,journal,year,volume,pages,doi,url,risk_category,dataset,label,year_group
20690197,"Comparative risk-adjusted mortality outcomes after primary surgery, radiotherapy, or androgen-deprivation therapy for localized prostate cancer",Cooperberg MR,"BACKGROUND: Because no adequate randomized trials have compared active treatment modalities for localized prostate cancer, the authors analyzed risk-adjusted, cancer-specific mortality outcomes among men who underwent radical prostatectomy, men who received external-beam radiation therapy, and men who received primary androgen-deprivation therapy. METHODS: The Cancer of the Prostate Strategic Urologic Research Endeavor (CaPSURE) registry comprises men from 40 urologic practice sites who are followed prospectively under uniform protocols, regardless of treatment. In the current study, 7538 men with localized disease were analyzed. Prostate cancer risk was assessed using the Kattan preoperative nomogram and the Cancer of the Prostate Risk Assessment (CAPRA) score, both well validated instruments that are calculated from clinical data at the time of diagnosis. A parametric survival model was constructed to compare outcomes across treatments adjusting for risk and age. RESULTS: In total, 266 men died of prostate cancer during follow-up. Adjusting for age and risk, the hazard ratio for cancer-specific mortality relative to prostatectomy was 2.21 (95% confidence interval [CI], 1.50-3.24) for radiation therapy and 3.22 (95% CI, 2.16-4.81) for androgen deprivation. Absolute differences between prostatectomy and radiation therapy were small for men at low risk but increased substantially for men at intermediate and high risk. These results were robust to a variety of different analytic techniques, including competing risks regression analysis, adjustment by CAPRA score rather than Kattan score, and examination of overall survival as the endpoint. CONCLUSIONS: Prostatectomy for localized prostate cancer was associated with a significant and substantial reduction in mortality relative to radiation therapy and androgen-deprivation monotherapy. Although this was not a randomized study, given the multiple adjustments and sensitivity analyses, it is unlikely that unmeasured confounding would account for the large observed differences in survival.",Cancer,2010,15,,doi: 10.1002/cncr.25456,https://www.ncbi.nlm.nih.gov/pubmed/20690197,,negative,0,2010.0
25994643,Robotic radical prostatectomy in high-risk prostate cancer: current perspectives,Canda AE,"Around 20%-30% of patients diagnosed with prostate cancer (PCa) still have high-risk PCa disease (HRPC) that requires aggressive treatment. Treatment of HRPC is controversial, and multimodality therapy combining surgery, radiation therapy, and androgen deprivation therapy have been suggested. There has been a trend toward performing radical prostatectomy (RP) in HRPC and currently, robot-assisted laparoscopic RP (RARP) has become the most common approach. Number of publications related to robotic surgery in HRPC is limited in the literature. Tissue and Tumor characteristics might be different in HRPC patients compared to low-risk group and increased surgical experience for RARP is needed. Due to the current literature, RARP seems to have similar oncologic outcomes including surgical margin positivity, biochemical recurrence and recurrence-free survival rates, additional cancer therapy needs and lymph node (LN) yields with similar complication rates compared to open surgery in HRPC. In addition, decreased blood loss, lower rates of blood transfusion and shorter duration of hospital stay seem to be the advantages of robotic surgery in this particular patient group. RARP in HRPC patients seems to be safe and technically feasible with good intermediate-term oncologic results, acceptable morbidities, excellent short-term surgical and pathological outcomes and satisfactory functional results.",Asian J Androl,2015,,-,doi: 10.4103/1008-682X.153541,https://www.ncbi.nlm.nih.gov/pubmed/25994643,,negative,0,2015.0
23769266,Treatment outcomes and morbidity following definitive brachytherapy with or without external beam radiation for the treatment of localized prostate cancer: 20-year experience at Mount Sinai Medical Center.,Marshall RA,"OBJECTIVES: To present our treatment algorithm and 20-year experience in treating prostate cancer with brachytherapy since 1990, with focus on cancer-control outcomes and treatment-related morbidity. METHODS AND MATERIALS: We selected patients treated for localized prostate cancer with brachytherapy, combination therapy with external beam radiotherapy, and adjuvant androgen deprivation therapy as prescribed by our Mount Sinai risk stratification and treatment algorithm. Outcomes were analyzed with respect to biochemical failure, distant metastases, prostate cancer-specific survival, and overall survival. Morbidity was assessed with respect to urinary, sexual, and rectal outcomes. RESULTS: In total, 2,495 patients met inclusion criteria. The 12-year actuarial freedom from biochemical failure was 83% (low risk: 90%, intermediate risk: 84%, and high risk: 64%); freedom from distant metastasis was 95%; prostate cancer-specific survival was 95%; and overall survival was 70%. On multivariate analysis, significant associations were found between cancer control and risk group, total biologically effective dose, and androgen deprivation therapy. With regard to morbidity, potency was preserved in 61%, and urinary symptoms improved in 35%. The 12-year actuarial freedom from urinary retention events was 90% and from severe rectal bleed was 93%. CONCLUSIONS: Brachytherapy, as administered via the Mount Sinai algorithm, remains an efficacious and benign treatment option for patients with localized prostate cancer of all risk groups.",Urol Oncol,2014,32,38.e1-7,10.1016/j.urolonc.2013.03.004,https://www.ncbi.nlm.nih.gov/pubmed/23769266,LOW RISK,positive,1,
20201836,Radical prostatectomy in older men: survival outcomes in septuagenarians and octogenarians,Pierorazio PM,"OBJECTIVE: To examine the survival outcomes of septuagenarians and octogenarians (aged > or =80 years) who underwent radical prostatectomy (RP) at our institution, as the US Preventive Services Task Force recently released recommendations that men aged > or =75 years should not be screened for prostate cancer. PATIENTS AND METHODS: Our institutional RP database (1982-2008) was queried for men aged > or =70 years at the time of surgery to evaluate actuarial survival after RP; 386 aged 70-81 years (median 71) underwent RP. The median (range) follow-up was 6.5 (1-22) years. Clinicopathological characteristics and mortality data were evaluated; mortality data were gathered through Social Security Administration Death Index and causes of death were confirmed with the Center for Disease Control National Death Index information. Kaplan-Meier analysis was used to evaluate cause-specific survival. RESULTS: Ten patients (2.6%) had clinical stage T1a-b, 213 (55.3%) had T1c, and 143 (37.1%) had T2 prostate cancer. The median (range) preoperative prostate-specific antigen (PSA) level was 6.2 (0.2-49.9) ng/mL, and the biopsy and pathological Gleason sum was 6 (3-9) and 7 (4-9), respectively. Causes of death included prostate cancer (17), other malignancies (14), cardiovascular causes (14), neurological disease (four), pneumonia (two) and accident (one). The prostate cancer-specific survival rate was 97.6%, 94.0% and 90.2% at 5, 10 and 15 years after RP, respectively; the respective cardiovascular survival rate was 99.5%, 97.6% and 92.5%, and the overall survival rate was 93.1%, 82.5% and 68.9%, respectively. CONCLUSIONS: If appropriately selected, older men have excellent overall and prostate-cancer specific survival after RP. The benefits of surgery should be weighed against the increased risks of surgical and anaesthetic complications.",BJU Int,2010,106,791-5,doi: 10.1111/j.1464-410X.2010.09239.x. Epub 2010 Mar 1,https://www.ncbi.nlm.nih.gov/pubmed/20201836,,negative,0,2010.0
26112477,Salvage brachytherapy for locally recurrent prostate cancer after external beam radiotherapy,Yamada Y,"External beam radiotherapy (EBRT) is a standard treatment for prostate cancer. Despite the development of novel radiotherapy techniques such as intensity-modulated conformal radiotherapy, the risk of local recurrence after EBRT has not been obviated. Various local treatment options (including salvage prostatectomy, brachytherapy, cryotherapy, and high-intensity focused ultrasound [HIFU]) have been employed in cases of local recurrence after primary EBRT. Brachytherapy is the first-line treatment for low-risk and selected intermediate-risk prostate tumors. However, few studies have examined the use of brachytherapy to treat post-EBRT recurrent prostate cancer. The purpose of this paper is to analyze the current state of our knowledge about the effects of salvage brachytherapy in patients who develop locally recurrent prostate cancer after primary EBRT. This article also introduces our novel permanent brachytherapy salvage method.",Asian J Androl,2015,,-,doi: 10.4103/1008-682X.151391,https://www.ncbi.nlm.nih.gov/pubmed/26112477,,negative,0,2015.0
23914263,Oncologic outcomes following radical prostatectomy in the active surveillance era.,Louis AS,"OBJECTIVE: In this study, we examine the oncologic outcomes of men with low, intermediate and high preoperative risk for prostate cancer treated with radical prostatectomy prior to and during the active surveillance era. METHODS: We analyzed records from patients who underwent radical prostatectomy at our Canadian tertiary care facility from 2000 to 2012. Patients were stratified by D'Amico preoperative risk category and by year of treatment. Biochemical recurrence-free survival was estimated using the Kaplan-Meier method. RESULTS: We included 2643 consecutive patients in our analysis. The proportion of men with low-risk disease undergoing radical prostatectomy decreased from 2007 onwards coincident with the implementation of an active surveillance strategy in our institution. Men with low-risk and high-risk disease showed significantly worse biochemical outcomes from 2007 to 2012 compared to 2000 to 2006 (p < 0.05), while men with intermediate-risk prostate cancer showed no significant differences (p = 0.27). Within the low-risk cohort, the later treatment group displayed significantly lower age, pre-treatment prostate specific antigen and tumour volume and significantly higher testosterone and body mass index. CONCLUSIONS: The time period corresponding with the implementation of active surveillance at our institution corresponded with significant deterioration of biochemical outcomes in the low- and high-risk groups. This suggests that the men with most favourable disease deferred treatment, whereas men with worse preoperative disease characteristics were increasingly treated with radical prostatectomy in the past 6 years perhaps to their benefit.",Can Urol Assoc J,2013,7,E475-80,10.5489/cuaj.1404,https://www.ncbi.nlm.nih.gov/pubmed/23914263,LOW RISK,positive,1,
25497586,Radiotherapy in Prostate Cancer Patients With Pelvic Lymphocele After Surgery: Clinical and Dosimetric Data of 30 Patients,Jereczek-Fossa BA,"INTRODUCTION: The purpose of the study was to evaluate the feasibility of irradiation after prostatectomy in the presence of asymptomatic pelvic lymphocele. PATIENTS AND METHODS: The inclusion criteria for this study were: (1) patients referred for postoperative (adjuvant or salvage) intensity modulated radiotherapy (IMRT; 66-69 Gy in 30 fractions); (2) detection of postoperative pelvic lymphocele at the simulation computed tomography [CT] scan; (3) no clinical symptoms; and (4) written informed consent. Radiotherapy toxicity and occurrence of symptoms or complications of lymphocele were analyzed. Dosimetric data (IMRT plans) and the modification of lymphocele volume during radiotherapy (cone beam CT [CBCT] scan) were evaluated. RESULTS: Between January 2011 and July 2013, in 30 of 308 patients (10%) treated with radiotherapy after prostatectomy, pelvic lymphocele was detected on the simulation CT. The median lymphocele volume was 47 cm(3) (range, 6-467.3 cm(3)). Lymphocele was not included in planning target volume (PTV) in 8 cases (27%). Maximum dose to lymphocele was 57 Gy (range, 5.7-73.3 Gy). Radiotherapy was well tolerated. In all but 2 patients, lymphoceles remained asymptomatic. Lymphocele drainage-because of symptom occurrence-had to be performed in 2 patients during IMRT and in one patient, 7 weeks after IMRT. CBCT at the end of IMRT showed reduction in lymphocele volume and position compared with the initial data (median reduction of 37%), more pronounced in lymphoceles included in PTV. CONCLUSION: Radiotherapy after prostatectomy in the presence of pelvic asymptomatic lymphocele is feasible with acceptable acute and late toxicity. The volume of lymphoceles decreased during radiotherapy and this phenomenon might require intermediate radiotherapy plan evaluation.",Clin Genitourin Cancer,2015,13,,doi: 10.1016/j.clgc.2014.11.007. Epub 2014 Nov 20,https://www.ncbi.nlm.nih.gov/pubmed/25497586,,negative,0,2015.0
16086912,20 Gy versus 44 Gy supplemental beam radiation with Pd-103 prostate brachytherapy: preliminary biochemical outcomes from a prospective randomized multi-center trial,Wallner K,"BACKGROUND AND PURPOSE: While favorable results are achieved with combined modality irradiation, there has never been a rigorous study of the need for supplemental beam. The study reported here compares clinical outcomes with substantially different external beam radiation doses. Similar to classic randomized Wilm's tumor studies from the 1980s, the intention of the trial design was to decrementally test the need for beam radiation. PATIENTS AND METHODS: As of June 2000, 165 of a planned 600 patients with 1997 AJC clinical stage T1c-T2a prostatic carcinoma, Gleason grade 7-10 and/or PSA 10-20 ng/ml, were treated on a randomized protocol comparing 44 versus 20 Gy pre-implant supplemental beam radiation, combined with Pd-103, 90 versus 115 Gy, respectively (NIST-1999). Freedom from biochemical failure was defined as a serum PSA</=0.5 ng/ml at last follow-up. Patients were censored at last follow-up if their serum PSA was still decreasing. Patients whose serum PSA nadired at a value >0.5 ng/ml were scored as failures at the time at which their PSA nadired. The follow-up period for non-failing patients ranged from 0.5 to 4.9 years (median: 2.9 years). Accrual of 566 patients was achieved in October 2004. The study was closed at that time because of slowing accrual, due in part to the findings reported here. RESULTS: The overall actuarial freedom from biochemical progression at 3 years is 85%, with 59 patients followed beyond 3 years. A total of 21 patients have developed biochemical failure, 12 treated with 20 Gy and nine treated with 44 Gy. There were no clinically evident local failures. The actuarial biochemical freedom-from-failure rate at 3 years was 83% for 20 Gy patients versus 88% for 44 Gy patients (P=0.64). For 112 patients with a pre-treatment PSA<10 ng/ml, the 3-year freedom from progression was 84% in patients receiving 20 Gy beam radiation versus 94% in those who received 44 Gy beam (P=0.16). For 47 patients with a pre-treatment PSA>10 ng/ml, the 3-year freedom from progression was 82% in patients receiving 20 Gy beam radiation versus 72% in those who received 44 Gy beam (P=0.38). CONCLUSIONS: The randomized data presented here suggests that the likelihood of biochemical cure is similar with standard (44 Gy) or lower dose (20 Gy) supplemental beam radiation. Since the biological effect of 20 Gy external beam radiation is likely to be small, we interpret these preliminary results to suggest that supplemental beam radiation is unnecessary, in the setting of a high degree of prostate coverage by the brachytherapy prescription dose. With closure of this study, we have begun treating intermediate and high risk patients on a prospective randomized comparison of Pd-103 with 20 versus 0 Gy supplemental beam radiation.",Radiother Oncol,2005,75,307-10,doi: 10.1016/j.radonc.2005.03.019,https://www.ncbi.nlm.nih.gov/pubmed/16086912,,negative,0,2005.0
31866092,"Salvage Radiotherapy Versus Hormone Therapy for Prostate-specific Antigen Failure After Radical Prostatectomy: A Randomised, Multicentre, Open-label, Phase 3 Trial (JCOG0401)(†)",Yokomizo A,"BACKGROUND: No standard therapy has been established for localised prostate cancer patients with prostate-specific antigen (PSA) failure after radical prostatectomy (RP). OBJECTIVE: To determine whether radiotherapy ± hormone therapy is superior to hormone therapy alone in such patients. DESIGN, SETTING, AND PARTICIPANTS: This study is a multicentre, randomised, open-label, phase 3 trial. Patients with localised prostate cancer whose PSA concentrations had decreased to <0.1 ng/ml after RP, and then increased to 0.4-1.0 ng/ml, were randomised to the salvage hormone therapy (SHT) group (80 mg bicalutamide [BCL] followed by luteinising hormone-releasing hormone agonist in case of BCL failure) or the salvage radiation therapy (SRT) ± SHT group (64.8 Gy of SRT followed by the same regimen as in the SHT group in case of SRT failure). From May 2004 to May 2011, 210 patients (105 in each arm) were registered, with the median follow-up being 5.5 yr. OUTCOME MEASUREMENTS AND STATISTICAL ANALYSIS: The primary endpoint was time to treatment failure (TTF) of BCL. RESULTS AND LIMITATIONS: TTF of BCL was significantly longer in the SRT ± SHT group (8.6 yr) than in the SHT group (5.6 yr; hazard ratio 0.56, 90% confidence interval [0.40-0.77]; one-sided p =  0.001). Thirty-two of 102 patients (31%) in the SRT ± SHT group did not have SRT treatment failure. However, clinical relapse-free survival and overall survival did not differ between the arms. The most frequent grade 3-4 adverse event was erectile dysfunction (83 patients [80%] in the SHT group vs. 76 [74%] in the SRT ± SHT group). Limitations include the short follow-up periods and surrogate endpoint setting to allow definitive conclusions. CONCLUSIONS: Initial SRT prolongs TTF of BCL in patients with post-RP PSA failure, indicating that SRT ± SHT is more beneficial than SHT alone. PATIENT SUMMARY: Patients who have prostate-specific antigen failure after radical prostatectomy benefit from salvage radiation therapy prior to salvage hormone therapy.",Eur Urol,2020,77,689-698,doi: 10.1016/j.eururo.2019.11.023. Epub 2019 Dec 19,https://www.ncbi.nlm.nih.gov/pubmed/31866092,,negative,0,2020.0
16182220,Combined modality treatment with high-dose-rate brachytherapy boost for locally advanced prostate cancer,Hsu IC,"PURPOSE: This is a retrospective review of our experience using high-dose-rate (HDR) brachytherapy boost for prostate cancer. METHODS AND MATERIALS: During the study period, we recommended external beam radiotherapy (45 Gy) and HDR boost (18 Gy in three fractions) combined with hormonal therapy (HT) for 2 months before and during radiotherapy to patients with at least one of the following risk features: pretreatment prostate-specific antigen>10, Gleason score (GS)>or=7, and clinical T3 disease. Additional HT for 2 years after radiotherapy was recommended for patients with GS>7. To patients whose risk of positive nodes exceeded 15%, we recommended whole pelvic radiotherapy. We administered HDR via single implant, and all fractions were given within 24h. RESULTS: This report is based on our initial 64 patients treated with HDR boost. The median follow-up was 50 months (range 25-68 months). The 4-year estimates of overall and disease-free survival were 98% and 92%, respectively. One patient experienced late grade 4 gastrointestinal toxicity. CONCLUSIONS: HDR brachytherapy is an effective means of delivering conformal prostate radiotherapy, and may be used with whole pelvic radiotherapy and HT.",Brachytherapy,2005,4,202-6,doi: 10.1016/j.brachy.2005.03.005,https://www.ncbi.nlm.nih.gov/pubmed/16182220,,negative,0,2005.0
21119084,Active surveillance compared with initial treatment for men with low-risk prostate cancer: a decision analysis,Hayes JH,"CONTEXT: In the United States, 192,000 men were diagnosed as having prostate cancer in 2009, the majority with low-risk, clinically localized disease. Treatment of these cancers is associated with substantial morbidity. Active surveillance is an alternative to initial treatment, but long-term outcomes and effect on quality of life have not been well characterized. OBJECTIVE: To examine the quality-of-life benefits and risks of active surveillance compared with initial treatment for men with low-risk, clinically localized prostate cancer. DESIGN AND SETTING: Decision analysis using a simulation model was performed: men were treated at diagnosis with brachytherapy, intensity-modulated radiation therapy (IMRT), or radical prostatectomy or followed up by active surveillance (a strategy of close monitoring of newly diagnosed patients with serial prostate-specific antigen measurements, digital rectal examinations, and biopsies, with treatment at disease progression or patient choice). Probabilities and utilities were derived from previous studies and literature review. In the base case, the relative risk of prostate cancer-specific death for initial treatment vs active surveillance was assumed to be 0.83. Men incurred short- and long-term adverse effects of treatment. PATIENTS: Hypothetical cohorts of 65-year-old men newly diagnosed as having clinically localized, low-risk prostate cancer (prostate-specific antigen level <10 ng/mL, stage ≤T2a disease, and Gleason score ≤6). MAIN OUTCOME MEASURE: Quality-adjusted life expectancy (QALE). RESULTS: Active surveillance was associated with the greatest QALE (11.07 quality-adjusted life-years [QALYs]), followed by brachytherapy (10.57 QALYs), IMRT (10.51 QALYs), and radical prostatectomy (10.23 QALYs). Active surveillance remained associated with the highest QALE even if the relative risk of prostate cancer-specific death for initial treatment vs active surveillance was as low as 0.6. However, the QALE gains and the optimal strategy were highly dependent on individual preferences for living under active surveillance and for having been treated. CONCLUSIONS: Under a wide range of assumptions, for a 65-year-old man, active surveillance is a reasonable approach to low-risk prostate cancer based on QALE compared with initial treatment. However, individual preferences play a central role in the decision whether to treat or to pursue active surveillance.",JAMA,2010,1,,doi: 10.1001/jama.2010.1720,https://www.ncbi.nlm.nih.gov/pubmed/21119084,,negative,0,2010.0
15990188,3D conformal radiation therapy for prostate cancer in elderly patients,Geinitz H,"BACKGROUND AND PURPOSE: The aim of this study was to evaluate if conformal radiation therapy for localized prostate cancer with doses of 70 Gy is well tolerated in patients aged 75 years or older, and if the side effects and the biochemical recurrence free (bNED) survival are comparable to younger patients. PATIENTS AND METHODS: Eighty patients>or=75 years received definitive conformal radiotherapy for prostate cancer. Acute and late side effects as well as bNED survival (ASTRO criteria) were compared to 221 patients younger than 75 years who were treated during the same period of time. RESULTS: Median dose to the prostate was 70 Gy in both groups. There were no significant differences in acute or late side effects between age groups. The frequency of grade III late symptoms was low and ranged between 0 and 4% for the evaluated symptoms irrespective of age group. Older patients had a better bNED survival than younger patients (bNED survival at 4 years: 76 vs. 61%, P=0.042). CONCLUSIONS: High-dose conformal radiation therapy for prostate cancer is well tolerated in patients aged 75 years or older. In terms of bNED survival radiation treatment is at least as effective as it is for younger patients.",Radiother Oncol,2005,76,27-34,doi: 10.1016/j.radonc.2005.06.001,https://www.ncbi.nlm.nih.gov/pubmed/15990188,,negative,0,2005.0
16029786,Neoadjuvant hormone therapy and external-beam radiation for localized high-risk prostate cancer: the importance of PSA nadir before radiation,Ludgate CM,"PURPOSE: To examine the impact of various patient, disease, and treatment characteristics on outcome in patients treated with neoadjuvant hormone therapy (NAHT) and external-beam radiation therapy (EBRT) for clinically localized, high-risk prostate adenocarcinoma (initial prostate-specific antigen [PSA] level >20, Gleason score 8-10 or Stage > or = T3). METHODS AND MATERIALS: A retrospective chart review was conducted on 407 patients treated between 1991 and 2001 with NAHT and EBRT for high-risk prostate cancer. The effect of tumor (PSA level, Gleason score, and T stage) and treatment (NAHT duration, total-hormone duration, preradiation PSA) characteristics on rates of biochemical disease-free survival (bDFS), prostate cancer-specific survival, and overall survival were examined. RESULTS: Median follow-up time was 78 months (range: 5-140 months). Actuarial bDFS at 5 years was 52% (95% confidence interval [CI], 46% to 57%) for the entire group. On multivariate analysis, initial PSA level (p = 0.004), Gleason score (p = 0.005), and preradiation PSA level (p < 0.001) were predictive of bDFS, whereas age, T stage, duration of NAHT, and duration of total hormone therapy were not predictive of outcomes. Gleason score and preradiation PSA level were also predictive of prostate cancer-specific survival rates. CONCLUSION: Improved bDFS in patients with high-risk prostate cancer was associated with lower initial PSA level, lower Gleason score, and lower preradiation PSA level. The duration of NAHT did not have an impact on outcomes, but the preradiation PSA was an important predictor of bDFS in high-risk patients.",Int J Radiat Oncol Biol Phys,2005,1,,doi: 10.1016/j.ijrobp.2005.01.001,https://www.ncbi.nlm.nih.gov/pubmed/16029786,,negative,0,2005.0
31735483,Focal Salvage MR Imaging-Guided Cryoablation for Localized Prostate Cancer Recurrence after Radiotherapy: 12-Month Follow-up,Bomers JGR,"PURPOSE: To evaluate safety, quality of life (QoL), and local cancer control after focal salvage MR imaging-guided cryoablation in patients with local recurrence of prostate cancer (PCa) after radiotherapy. MATERIALS AND METHODS: A retrospective, single-center study was performed in 62 patients with radiorecurrent PCa who underwent MR imaging-guided cryoablation since May 2011 with a follow-up ≥12 months in December 2017. Rates and descriptions of adverse events were reported. Ablation complications were classified according to the Clavien and SIR systems. Validated questionnaires were used to observe functional outcomes and QoL before therapy and 6 and 12 months after therapy. Cancer control was defined as no biochemical failure according to Phoenix criteria and no other clinical evidence for local or metastatic disease. RESULTS: All procedures were technically feasible. The number of complications requiring major therapy (Clavien grade 3b/4 or SIR grade D/E/F) was low (2 [3.2%] and 1 [1.6%], respectively). After 12 months, the International Consultation of Incontinence Questionnaire-Short Form (P < .001) and 5-item International Index of Erectile Function (P = .001) scores became significantly worse, indicating increased symptoms of incontinence and diminished erectile function, without compromising QoL. Six patients developed metastases within 6 months. After 12 months, 36 patients (63%) were disease-free. CONCLUSIONS: Focal salvage MR imaging-guided cryoablation is safe and is associated with a high technical success rate, preservation of QoL, and local PCa control. This treatment can be a reasonable alternative to salvage radical prostatectomy in properly selected patients with low morbidity and preservation of QoL; however, longer follow-up is needed.",J Vasc Interv Radiol,2020,31,35-41,doi: 10.1016/j.jvir.2019.07.001. Epub 2019 Nov 15,https://www.ncbi.nlm.nih.gov/pubmed/31735483,,negative,0,2020.0
19922544,Salvage high-intensity focused ultrasound for biopsy-confirmed local recurrence of prostate cancer after radical prostatectomy,Murota-Kawano A,"OBJECTIVE: To present experience in high-intensity focused ultrasound (HIFU) used as a salvage therapy for biopsy-confirmed local recurrence at the vesico-urethral anastomosis after radical prostatectomy (RP). PATIENTS AND METHODS: From July 2006, four patients diagnosed with prostate cancer recurrence after RP were treated with HIFU, with or without salvage radiotherapy, using the Sonablate 500 (Focus Surgery, IN, USA). Biochemical failure was defined as in increase in prostate-specific antigen (PSA) level of >0.2 ng/mL. No patients received any adjuvant therapy after HIFU therapy before reporting failure. RESULTS: The mean age and initial PSA level before RP was 74 years and 10.0 ng/mL, respectively. After RP, one patient was stage T2aN0M0, two were stage T3N0M0 and the last had an unknown pathological stage. Three patients received external beam radiotherapy as salvage therapy after RP. The mean PSA level before HIFU, tumour volume at the vesico-urethral lesion and operative duration were 4.3 ng/mL, 4.6 mL and 27 min, respectively. Adenocarcinomas were confirmed by biopsy of the tumour at the vesico-urethral anastomotic lesion before HIFU. At 24 months of follow-up, patients 2 and 4 were classified a biochemically disease-free. Biopsies at the anastomotic site after HIFU in three patients showed no malignancy, with fibrosis. There were no complications. CONCLUSION: Salvage HIFU for patients with recurrence after RP is feasible, even though they received salvage radiotherapy before HIFU. More patients and a longer follow-up are needed to evaluate the safety and oncological adequacy of this new approach.",BJU Int,2010,105,1642-5,doi: 10.1111/j.1464-410X.2009.08990.x. Epub 2009 Nov 17,https://www.ncbi.nlm.nih.gov/pubmed/19922544,,negative,0,2010.0
22326573,"Outcomes following iodine-125 brachytherapy in patients with Gleason 7, intermediate risk prostate cancer: a population-based cohort study.",Herbert C,"BACKGROUND AND PURPOSE: To evaluate outcome in patients with Gleason 7 prostate cancer treated with iodine-125 brachytherapy at the British Columbia Cancer Agency. MATERIALS AND METHODS: Between 20th July 1998 and 7th February 2006, 1500 patients underwent I-125 prostate brachytherapy without supplemental external beam radiation therapy. Of these, 439 had Gleason 7 disease; 362 had Gleason 3+4 and 77 had 4+3 disease. Generally, patients received 6 months of androgen suppression. We compared biochemical no evidence of disease (bNED) between patients with Gleason ≤ 6 and Gleason 7 and between Gleason 3+4 and 4+3 using the Phoenix definition of biochemical recurrence. RESULTS: Median follow-up was 60 months. Estimated 5 year bNED was 97% for patients with Gleason score ≤ 6 and 94% for patients with Gleason 7 disease (p=0.037). Estimated bNED was 95% and 94% for 3+4 and 4+3, respectively (p=0.791). There was no difference in bNED between implants achieving D90 ≥ versus<the median value (150.5 Gy) or ≥ versus<140 Gy. CONCLUSIONS: I-125 brachytherapy with 6 months of ADT demonstrates excellent bNED rates in Gleason 7 disease. We found no evidence of a difference between patients with Gleason 3+4 versus 4+3 disease.",Radiother Oncol,2012,103,228-32,10.1016/j.radonc.2012.01.006,https://www.ncbi.nlm.nih.gov/pubmed/22326573,INTERMEDIATE RISK,positive,1,
25600860,Postoperative radiation therapy for patients at high-risk of recurrence after radical prostatectomy: does timing matter?,Hsu CC,"OBJECTIVE: To evaluate among radical prostatectomy (RP) patients at high-risk of recurrence whether the timing of postoperative radiation therapy (RT) (adjuvant, early salvage with detectable post-RP prostate-specific antigen [PSA], or 'late' salvage with a PSA level of >1.0 ng/mL) is significantly associated with overall survival (OS), prostate-cancer specific survival or metastasis-free survival, in a longitudinal cohort. PATIENTS AND METHODS: Of 6 176 RP patients in the Cancer of the Prostate Strategic Urologic Research Endeavor (CaPSURE), 305 patients with high-risk pathological features (margin positivity, Gleason score 8-10, or pT3-4) who underwent postoperative RT were examined, either in the adjuvant (≤6 months after RP with undetectable PSA levels, 76 patients) or salvage setting (>6 months after RP or pre-RT PSA level of >0.1 ng/mL, 229 patients). Early (PSA level of ≤1.0 ng/mL, 180 patients) or late salvage RT (PSA level >1.0 ng/mL, 49 patients) was based on post-RP, pre-RT PSA level. Multivariable Cox regression examined associations with all-cause mortality and prostate cancer-specific mortality and/or metastases (PCSMM). RESULTS: After a median of 74 months after RP, 65 men had died (with 37 events of PCSMM). Adjuvant and salvage RT patients had comparable high-risk features. Compared with adjuvant, salvage RT (early or late) had an increased association with all-cause mortality (hazard ratio [HR] 2.7, P = 0.018) and with PCSMM (HR 4.0, P = 0.015). PCSMM-free survival differed by further stratification of timing, with 10-year estimates of 88%, 84%, and 71% for adjuvant, early salvage, and late salvage RT, respectively (P = 0.026). For PCSMM-free survival and OS, compared with adjuvant RT, late salvage RT had statistically significantly increased risk; however, early salvage RT did not. CONCLUSION: This analysis suggests that patients who underwent early salvage RT with PSA levels of <1.0 ng/mL may have comparable metastasis-free survival and OS compared with adjuvant RT; however, late salvage RT with a PSA level of >1.0 ng/mL is associated with worse clinical outcomes.",BJU Int,2015,116,713-20,doi: 10.1111/bju.13043. Epub 2015 May 26,https://www.ncbi.nlm.nih.gov/pubmed/25600860,,negative,0,2015.0
31542882,External beam radiation therapy improves survival in high- and intermediate-risk non-metastatic octogenarian prostate cancer patients,Knipper S,"PURPOSE: There is no contemporary proof of cancer-control benefits in octogenarian clinically localized prostate cancer (PCa) patients with life expectancy (LE) < 10 years. Therefore, cancer-specific mortality (CSM) rates after external beam radiation therapy (EBRT) vs. no local treatment (NLT) were tested in octogenarian PCa patients with LE < 10 years. METHODS: Within the surveillance, epidemiology, and end results database (2004-2015), we identified 22,361 octogenarian clinically localized PCa patients who either received EBRT or NLT. Temporal trends, cumulative incidence plots and multivariable competing-risks regression analyses (MCR) were used after propensity score matching. Sensitivity analyses were performed according to D'Amico risk groups and LE > 5 years. RESULTS: Of all, 7325 (32.8%) received EBRT vs. 15,036 (67.2%) received NLT. Rates of EBRT significantly increased over time (25.0-42.4%). Overall, 10-year CSM rates were 10.6% vs. 17.0% and 10-year other-cause mortality rates were 50.3% vs. 58.1%, in EBRT vs. NLT patients (both p < 0.001). In MCR focusing on the overall cohort, EBRT represented an independent predictor of lower CSM (hazard ratio: 0.5). In sensitivity analyses, hazard ratios of 0.5 (p < 0.001), 0.5 (p < 0.001) and 0.8 (p = 0.5) were, respectively, recorded in D'Amico high-, intermediate- and low-risk patients. In sensitivity analyses addressing patients with LE > 5 years virtually the same results were recorded. CONCLUSIONS: In octogenarian patients with LE < 10 years, EBRT seems to be associated with lower CSM in D'Amico high-risk, as well as in D'Amico intermediate-risk patients relative to their NLT counterparts. Based on these observations, greater consideration for EBRT may be given in octogenarian patients.",Int Urol Nephrol,2020,52,59-66,doi: 10.1007/s11255-019-02284-1. Epub 2019 Sep 21,https://www.ncbi.nlm.nih.gov/pubmed/31542882,,negative,0,2020.0
16165923,Combined curative radiotherapy including HDR brachytherapy and androgen deprivation in localized prostate cancer: a prospective assessment of acute and late treatment toxicity,Wahlgren T,"Self-reported symptoms including urinary, bowel and sexual side effects were investigated prospectively at multiple assessment points before and after combined radiotherapy of prostate cancer including HDR brachytherapy and neoadjuvant androgen deprivation therapy. Between April 2000 and June 2003, patients with predominantly advanced localized prostate tumours subjected to this treatment were asked before treatment and on follow-up visits to complete a questionnaire covering urinary, bowel and sexual problems. The mainly descriptive analyses included 525 patients, responding to at least one questionnaire before or during the period 2-34 months after radiotherapy. Adding androgen deprivation before radiotherapy significantly worsened sexual function. During radiotherapy, urinary, bowel and sexual problems increased and were reported at higher levels up to 34 months, although there seemed to be a general tendency to less pronounced irritative bowel and urinary tract symptoms over time. No side effects requiring surgery were reported. Classic late irradiation effects such as mucosal bleeding were demonstrated mainly during the second year after therapy, but appear less pronounced in comparison with dose escalated EBRT series. In conclusion, despite the high radiation dose given, the toxicity seemed comparable with that of other series but long term (5-10 years) symptom outcome has to be determined.",Acta Oncol,2005,44,633-43,doi: 10.1080/02841860510029716,https://www.ncbi.nlm.nih.gov/pubmed/16165923,,negative,0,2005.0
20299147,Outcome predictors of radical prostatectomy in patients with prostate-specific antigen greater than 20 ng/ml: a European multi-institutional study of 712 patients.,Spahn M,"BACKGROUND: Prostate cancer (PCa) patients with pretreatment prostate-specific antigen (PSA) >20 ng/ml have a high risk of biochemical and clinical failure and even cancer-related death after local therapy. Pretreatment predictors of outcome after radical prostatectomy (RP) in this patient group are necessary. OBJECTIVE: Our aim was to assess how the use of additional high-risk factors (biopsy Gleason score [bGS] > or = 8 or clinical stage 3-4) can improve prediction of treatment failure and cancer-related death after RP in patients with PSA >20. DESIGN, SETTING, AND PARTICIPANTS: In a retrospective multicentre cohort study from six European centres between 1987 and 2005, 712 patients with PSA >20 ng/ml underwent RP and bilateral pelvic lymphadenectomy. MEASUREMENTS: Subgroups were analysed to determine the relationship between the number of high-risk factors and histopathology, biochemical progression-free survival, clinical evidence of progressive disease, prostate cancer-specific mortality (PCSM), and overall mortality. Kaplan-Meier analysis with log-rank test and Cox multivariable analysis were applied. RESULTS AND LIMITATIONS: Median follow-up was 77 mo. The number of high-risk factors was significantly associated with unfavourable histopathology. Among patients with only PSA >20 ng/ml, 33% had pT2 PCa, 57.9% had bGS <7, 54% had negative surgical margins, and 85% were lymph node negative (pN0), whereas among patients with all three high-risk factors, 4.5% had pT2 PCa, 2.3% had bGS <7, 20.5% had negative margins, and 49% were pN0 (p<0.001). The strongest predictor of progression and mortality was bGS. PSA >20 ng/ml associated with bGS < or =7 resulted in 10-yr PCSM of 5%; when associated with bGS > or =8, PCSM was 35%. The main limitations of the study were retrospective design and varying treatment modalities. CONCLUSIONS: PCa patients with PSA >20 ng/ml have varying risk levels of disease progression and PCSM. Considering additional risk factors further stratifies this group into four subgroups that can guide the clinician in preoperative patient counselling.",Eur Urol,2010,58,1-7; discussion 10-1,10.1016/j.eururo.2010.03.001,https://www.ncbi.nlm.nih.gov/pubmed/20299147,HIGH RISK,positive,1,
18932254,Biochemical recurrence after radical prostatectomy for prevalent versus incident cases of prostate cancer : implications for management.,Nguyen PL,"BACKGROUND: Among screened populations, it is unknown whether men with prostate cancer (PC) diagnosed at the initial screening (prevalent cases) have a different outcome than men who are diagnosed at subsequent screenings (incident cases) after adjusting for known prognostic factors. METHODS: The current study cohort was comprised of 1923 men from a prospective PC screening study who underwent radical prostatectomy (RP) between September 19, 1989 and May 22, 2002. Cox regression multivariate analysis was used to determine whether having prevalent PC versus incident PC was associated with the time to prostate-specific antigen (PSA) failure after RP after adjusting for PSA level, Gleason score, clinical tumor (T) classification, and year of RP. RESULTS: Men with prevalent PC had higher PSA levels (P < .001) and more advanced clinical T classification (P < .001) than men with incident PC. After a median follow-up of 6.1 years, factors that were associated with a significantly shorter time to PSA failure after RP were prevalent PC (adjusted hazard ratio [AHR], 1.8; 95% confidence interval [95% CI], 1.3-2.6; P = .0005), baseline PSA (AHR, 1.07; 95%CI, 1.04-1.09; P < .001), Gleason 7 disease (AHR, 2.5; 95% CI, 1.9-3.3; P < .001), Gleason 8 to 10 disease (AHR, 2.3; 95%CI, 1.5-3.5; P < .001), and the year of RP (AHR, 0.92; 95%CI, 0.86-0.97; P = .003). Men with prevalent PC also had worse outcomes after adjusting for their more advanced pathologic features. CONCLUSIONS: After adjusting for known prognostic factors, men with prevalent PC had a poorer outcome after RP than men with incident PC. The authors believe that this finding should be taken into consideration when weighing the risk of recurrence and treatment options for men who are diagnosed with PC on their initial screening.",Cancer,2008,113,3146-52,10.1002/cncr.23926,https://www.ncbi.nlm.nih.gov/pubmed/18932254,LOW RISK,positive,1,
15734203,Long-term outcome of high dose rate brachytherapy in radiotherapy of localised prostate cancer,Aström L,"BACKGROUND AND PURPOSE: High dose rate brachytherapy (HDR-BT) in prostate cancer (PC) is receiving increasing interest. The steep dose gradient gives a possibility to escalate the dose to the prostate. If the alpha/beta ratio is low for PC, hypofractionation will be of advantage. A retrospective analysis of outcome in patients (pts) consecutively treated with combined HDR-BT and conformal external beam radiotherapy (ERT) was performed. MATERIAL AND METHODS: Data from 214 pts treated consecutively from 1988 to 2000 were analysed. The median age was 64 years (50-77). Median follow up was 4 years (12-165 months). Pre-irradiatory endocrine therapy was given to 150 pts (70%). The pts were divided into low-, intermediate- and high (80/87/47 pts) risk groups according to the occurrence of none, one, or more risk factors defined by T-classification, PSA and histopathology. ERT was given with 2 Gy fractions to 50 Gy. HDR-BT consisted of two 10 Gy fractions. RESULTS: Overall 5-year biochemical no evidence of disease (bNED) was 82%, and for the low-, intermediate-, and high-risk group bNED was 92, 88 and 61%, respectively. PSA-relapse was found in 17, local recurrence in 3 and distant metastases in 13 pts. Five pts died of PC. No recurrences were observed after 5 years. Severe late complications were few. Urethral stricture (13 pts) was the most frequent. No severe rectal complications were seen. CONCLUSION: Dose escalation with HDR-BT is safe and effective in radiotherapy of localised PC.",Radiother Oncol,2005,74,157-61,doi: 10.1016/j.radonc.2004.10.014. Epub 2004 Nov 25,https://www.ncbi.nlm.nih.gov/pubmed/15734203,,negative,0,2005.0
26033633,Impact of obesity on outcomes after definitive dose-escalated intensity-modulated radiotherapy for localized prostate cancer,Wang LS,"BACKGROUND: Previous publications have demonstrated conflicting results regarding body mass index (BMI) and prostate cancer (CaP) outcomes after definitive radiotherapy (RT) before the dose escalation era. The goal of the current study was to determine whether increasing BMI was associated with outcomes in men with localized CaP who were treated with dose-escalated RT. METHODS: The authors identified patients with localized (T1b-T4N0M0) CaP who were treated with definitive intensity-modulated RT and image-guided RT from 2001 through 2010. BMI was analyzed as a continuous variable. Adjusting for confounders, multivariable competing risk and Cox proportional hazards regression models were used to assess the association between BMI and the risk of biochemical failure (BF), distant metastases (DM), cause-specific mortality (CSM), and overall mortality. RESULTS: Of the 1442 patients identified, approximately 20% had a BMI <25 kg/m(2) , 48% had a BMI of 25 to 29.9 kg/m(2) , 23% had a BMI of 30 to 34.9 kg/m(2) , 6% had a BMI of 35 to 39.9 kg/m(2) , and 4% had a BMI of ≥40 kg/m(2) . The median follow-up was 47.6 months (range, 1-145 months), with a median age of 68 years (range, 36-89 years). The median dose was 78 grays (range, 76-80 grays) and 30% of patients received androgen deprivation therapy. Increasing BMI was found to be inversely associated with age (P<.001) and pretreatment prostate-specific antigen level (P = .018). On multivariable analysis, increasing BMI was associated with an increased risk of BF (hazard ratio [HR], 1.03; 95% confidence interval [95% CI], 1.00-1.07 [P = .042]), DM (HR, 1.07; 95% CI, 1.02-1.11 [P = .004]), CSM (HR, 1.15; 95% CI, 1.07-1.23 [P<.001]), and overall mortality (HR, 1.05; 95% CI, 1.02-1.08 [P = .004]). CONCLUSIONS: For patients with CaP receiving dose-escalated intensity-modulated RT with daily image-guidance, increasing BMI appears to be associated with an increased risk of BF, DM, CSM, and overall mortality.",Cancer,2015,1,,doi: 10.1002/cncr.29472. Epub 2015 May 29,https://www.ncbi.nlm.nih.gov/pubmed/26033633,,negative,0,2015.0
23541457,A new risk classification system for therapeutic decision making with intermediate-risk prostate cancer patients undergoing dose-escalated external-beam radiation therapy.,Zumsteg ZS,"BACKGROUND: The management of intermediate-risk prostate cancer (PCa) is controversial, in part due to the heterogeneous nature of patients falling within this classification. OBJECTIVE: We propose a new risk stratification system for intermediate-risk PCa to aid in prognosis and therapeutic decision making. DESIGN, SETTING, AND PARTICIPANTS: Between 1992 and 2007, 1024 patients with National Comprehensive Cancer Network intermediate-risk PCa and complete biopsy information were treated with definitive external-beam radiation therapy (EBRT) utilizing doses ≥ 81 Gy. Unfavorable intermediate-risk (UIR) PCa was defined as any intermediate-risk patient with a primary Gleason pattern of 4, percentage of positive biopsy cores (PPBC) ≥ 50%, or multiple intermediate-risk factors (IRFs; cT2b-c, prostate-specific antigen [PSA] 10-20, or Gleason score 7). INTERVENTION: All patients received EBRT with ≥ 81 Gy with or without neoadjuvant and concurrent androgen-deprivation therapy (ADT). OUTCOME MEASUREMENTS AND STATISTICAL ANALYSIS: Univariate and multivariate analyses were performed using a Cox proportional hazards model for PSA recurrence-free survival (PSA-RFS) and distant metastasis (DM). PCa-specific mortality (PCSM) was analyzed using a competing-risk method. RESULTS AND LIMITATIONS: Median follow-up was 71 mo. Primary Gleason pattern 4 (hazard ratio [HR]: 3.26; p<0.0001), PPBC ≥ 50% (HR: 2.72; p=0.0007), and multiple IRFs (HR: 2.20; p=0.008) all were significant predictors of increased DM in multivariate analyses. Primary Gleason pattern 4 (HR: 5.23; p<0.0001) and PPBC ≥ 50% (HR: 4.08; p=0.002) but not multiple IRFs (HR: 1.74; p=0.21) independently predicted for increased PCSM. Patients with UIR disease had inferior PSA-RFS (HR: 2.37; p<0.0001), DM (HR: 4.34; p=0.0003), and PCSM (HR: 7.39; p=0.007) compared with those with favorable intermediate-risk disease, despite being more likely to receive neoadjuvant ADT. Short follow-up and retrospective study design are the primary limitations. CONCLUSIONS: Intermediate-risk PCa is a heterogeneous collection of diseases that can be separated into favorable and unfavorable subsets. These groups likely will benefit from divergent therapeutic paradigms.",Eur Urol,2013,64,895-902,10.1016/j.eururo.2013.03.033,https://www.ncbi.nlm.nih.gov/pubmed/23541457,INTERMEDIATE RISK,positive,1,
26700655,Surgery Versus Radiotherapy for Clinically-localized Prostate Cancer: A Systematic Review and Meta-analysis,Wallis CJD,"CONTEXT: To date, there is no Level 1 evidence comparing the efficacy of radical prostatectomy and radiotherapy for patients with clinically-localized prostate cancer. OBJECTIVE: To conduct a meta-analysis assessing the overall and prostate cancer-specific mortality among patients treated with radical prostatectomy or radiotherapy for clinically-localized prostate cancer. EVIDENCE ACQUISITION: We searched Medline, EMBASE, and the Cochrane Library through June 2015 without year or language restriction, supplemented with hand search, using Preferred Reporting Items for Systematic Reviews and Meta-Analysis and Meta-analysis of Observational Studies in Epidemiology guidelines. We used multivariable adjusted hazard ratios (aHRs) to assess each endpoint. Risk of bias was assessed using the Newcastle-Ottawa scale. EVIDENCE SYNTHESIS: Nineteen studies of low to moderate risk of bias were selected and up to 118 830 patients were pooled. Inclusion criteria and follow-up length varied between studies. Most studies assessed patients treated with external beam radiotherapy, although some included those treated with brachytherapy separately or with the external beam radiation therapy group. The risk of overall (10 studies, aHR 1.63, 95% confidence interval 1.54-1.73, p<0.00001; I(2)=0%) and prostate cancer-specific (15 studies, aHR 2.08, 95% confidence interval 1.76-2.47, p < 0.00001; I(2)=48%) mortality were higher for patients treated with radiotherapy compared with those treated with surgery. Subgroup analyses by risk group, radiation regimen, time period, and follow-up length did not alter the direction of results. CONCLUSIONS: Radiotherapy for prostate cancer is associated with an increased risk of overall and prostate cancer-specific mortality compared with surgery based on observational data with low to moderate risk of bias. These data, combined with the forthcoming randomized data, may aid clinical decision making. PATIENT SUMMARY: We reviewed available studies assessing mortality after prostate cancer treatment with surgery or radiotherapy. While the studies used have a potential for bias due to their observational design, we demonstrated consistently higher mortality for patients treated with radiotherapy rather than surgery.",Eur Urol,2016,70,21-30,doi: 10.1016/j.eururo.2015.11.010. Epub 2015 Dec 15,https://www.ncbi.nlm.nih.gov/pubmed/26700655,,negative,0,2015.0
20044216,Young men have equivalent biochemical outcomes compared with older men after treatment with brachytherapy for prostate cancer.,Burri RJ,"PURPOSE: To evaluate retrospectively the biochemical outcomes of young men treated with low-dose-rate brachytherapy for prostate cancer. METHODS AND MATERIALS: From 1990 to 2005, 1,665 men with clinically localized prostate cancer were treated with low-dose-rate brachytherapy +/- hormone therapy (HT) +/- external beam radiotherapy and underwent > or = 2 years of follow-up. Patients were stratified on the basis of age: < or = 60 (n = 378) and >60 years (n = 1,287). Biochemical failure was defined as a prostate-specific antigen (PSA) nadir plus 2 ng/mL. Univariate and multivariate analyses were used to determine the association of variables with freedom from biochemical failure (FFbF). RESULTS: Median follow-up was 68 months (range, 24-180) for men < or = 60 years and 66 months (range, 24-200) for men >60. For the entire group, the actuarial 5- and 8-year FFbF rates were 94% and 88%, respectively. Men < or = 60 demonstrated similar 5- and 8-year FFbF (95% and 92%) compared with men >60 (93% and 87%; p = 0.071). A larger percent of young patients presented with low-risk disease; lower clinical stage, Gleason score (GS), and pretreatment PSA values; were treated after 1997; did not receive any HT; and had a high biologic effective dose (BED) of radiation (all ps <0.001). On multivariate analysis, PSA (p = 0.001), GS (p = 0.005), and BED (p < 0.001) were significantly associated with FFbF, but age was not (p = 0.665). CONCLUSION: Young men achieve excellent 5- and 8-year biochemical control rates that are comparable to those of older men after prostate brachytherapy. Young age should not be a deterrent when considering brachytherapy as a primary treatment option for clinically localized prostate cancer.",Int J Radiat Oncol Biol Phys,2010,77,1315-21,10.1016/j.ijrobp.2009.06.052,https://www.ncbi.nlm.nih.gov/pubmed/20044216,LOW RISK,positive,1,
16135479,Randomized trial comparing two fractionation schedules for patients with localized prostate cancer,Lukka H,"PURPOSE: The optimal radiation dose fractionation schedule for localized prostate cancer is unclear. This study was designed to compare two dose fractionation schemes (a shorter 4-week radiation schedule v a longer 6.5-week schedule). PATIENTS AND METHODS: Patients with early-stage (T1 or T2) prostate cancer were randomly assigned to 66 Gy in 33 fractions over 45 days (long arm) or 52.5 Gy in 20 fractions over 28 days (short arm). The study was designed as a noninferiority investigation with a predefined tolerance of -7.5%. The primary outcome was a composite of biochemical or clinical failure (BCF). Secondary outcomes included presence of tumor on prostate biopsy at 2 years, survival, and toxicity. RESULTS: From March 1995 to December 1998, 936 men were randomly assigned to treatment; 470 were assigned to the long arm, and 466 were assigned to the short arm. The median follow-up time was 5.7 years. At 5 years, the BCF probability was 52.95% in the long arm and 59.95% in the short arm (difference = -7.0%; 90% CI, -12.6% to -1.4%), favoring the long arm. No difference in 2-year postradiotherapy biopsy or in overall survival was detected between the arms. Acute toxicity was found to be slightly higher in the short arm (11.4%) compared with the long arm (7%; difference = -4.4%; 95% CI, -8.1% to -0.6%); however, late toxicity was similarly low in both arms (3.2%). CONCLUSION: Given the results, we cannot exclude the possibility that the chosen hypofractionated radiation regimen may be inferior to the standard regimen. Further evaluation involving higher dose hypofractionated radiation regimens in contemporary radiation settings is necessary.",J Clin Oncol,2005,1,,doi: 10.1200/JCO.2005.06.153,https://www.ncbi.nlm.nih.gov/pubmed/16135479,,negative,0,2005.0
20707801,Prostate cancer death is unlikely in high-risk patients following quality permanent interstitial brachytherapy.,Merrick GS,"OBJECTIVE: To evaluate cause-specific survival (CSS), biochemical progression-free survival (bPFS) and overall survival (OS) in high-risk prostate cancer brachytherapy patients. PATIENTS AND METHODS: From April 1995 to June 2005, 284 patients with high-risk prostate cancer (Gleason score ≥ 8 or prostate-specific antigen > 20 ng/mL or clinical stage ≥ T2 c) underwent brachytherapy. Supplemental external beam radiation therapy was given to 257 (90.5%) patients and 179 (63.0%) received androgen deprivation therapy (ADT). Median follow up was 7.8 years. The median post-implant day 0 D90 was 118.9% of prescription dose. Patients with metastatic prostate cancer or castrate-resistant disease without obvious metastases who died of any cause were classified as dead from prostate cancer. Multiple parameters were evaluated for impact on survival. RESULTS: Twelve-year CSS, bPFS and OS were 94.2%, 89.0% and 69.7%. On multivariate analysis, bPFS was best predicted by percent positive biopsies and ADT. The analysis failed to identify any predictors for CSS, while OS was highly correlated with patient age, percent positive biopsies and diabetes. Fourteen percent of patients died from diseases of the heart, while 8%, 8% and 6% of patients died from non-prostate cancer, other causes and prostate cancer, respectively. When OS was stratified by patients with 0-3 vs ≥ 4 comorbidities, the 12-year OS was 73.0% and 52.7% (P = 0.036). CONCLUSIONS: High-quality brachytherapy results in favourable bPFS and CSS for high-risk patients. Death from diseases of the heart is more than twice as likely as death from prostate cancer. Strategies to improve cardiovascular health may positively impact OS.",BJU Int,2011,107,226-32,10.1111/j.1464-410X.2010.09486.x,https://www.ncbi.nlm.nih.gov/pubmed/20707801,HIGH RISK,positive,1,
32417995,Site-specific relapse patterns of patients with biochemical recurrence following radical prostatectomy assessed by (68)Ga-PSMA-11 PET/CT or (11)C-Choline PET/CT: impact of postoperative treatments,Devos G,"BACKGROUND: Salvage radiotherapy (RT) (± androgen deprivation therapy (ADT)) is often used as a treatment in patients with biochemical recurrence (BCR) following radical prostatectomy (RP). Unfortunately, even after RT ± ADT, a significant number of patients will develop 'second' BCR. The aim of this study was to investigate the impact of postoperative treatments (adjuvant/salvage radiotherapy (RT) ± androgen deprivation therapy) on the recurrence pattern in patients with BCR following RP assessed by 11C-Choline PET/CT or 68 Ga-PSMA PET/CT. METHODS: Patients who developed BCR following RP and who had at least one positive lesion on PET/CT were retrospectively assessed. Positive spots were mapped as local, lymph node (LN), skeletal or visceral recurrence. A distinction was made between locoregional (prostate bed and pelvic LN) and extrapelvic recurrence (skeletal, visceral and/or extrapelvic LN). Patients were categorized according to postoperative treatment received in three subgroups (RT, ADT and RT + ADT) and compared with the reference group (RP only). The impact of the radiation field was also investigated. RESULTS: We identified 200 patients assessed by <sup>68</sup>Ga-PSMA-11 (80%) or <sup>11</sup>C-Choline PET/CT (20%). Patients who received postoperative RT + ADT had less LN recurrence distal to the common iliac bifurcation (26.7% vs 66.6%; p = 0.0004), but more recurrence to retroperitoneal LN than the reference group (38% vs. 14.4%, p = 0.02). Moreover, the RT + ADT subgroup had more extrapelvic recurrence compared to the reference group (66.2% vs 40.8%, p = 0.02). Patients who received RT to the prostate bed had more recurrence distal to the common iliac bifurcation compared to those who received RT to the prostate bed + pelvic LN (51.6% vs 26.1%, p = 0.0069). CONCLUSION: Post-prostatectomy treatments (ADT and/or RT) and the postoperative radiation field (prostate bed vs. prostate bed + pelvis) have a significant impact on the recurrence pattern. This knowledge can help clinicians to counsel their patients on their chances of being eligible for (locoregional) metastasis-directed therapies.",World J Urol,2021,39,399-406,doi: 10.1007/s00345-020-03220-0. Epub 2020 May 16,https://www.ncbi.nlm.nih.gov/pubmed/32417995,,negative,0,2020.0
32063492,Phase II Trial of Enzalutamide and Androgen Deprivation Therapy with Salvage Radiation in Men with High-risk Prostate-specific Antigen Recurrent Prostate Cancer: The STREAM Trial,Bitting RL,"BACKGROUND: Salvage external beam radiotherapy (RT) with androgen deprivation therapy (ADT) improves survival over RT in men with prostate cancer (PC) and rising prostate-specific antigen (PSA) levels after radical prostatectomy (RP). OBJECTIVE: To investigate the safety and efficacy of enzalutamide concurrent with salvage RT and ADT. DESIGN, SETTING, AND PARTICIPANTS: This was a three-center prospective phase 2 single-arm trial (NCT02057939) of men with Gleason 7-10 PC and PSA recurrence within 4 yr of RP ranging from 0.2 to 4.0 ng/dl, no prior hormonal therapy, and no radiographic evidence of metastases. We enrolled 38 men; 37 completed therapy and were evaluable with testosterone recovery at 2 yr. INTERVENTION: Six months of ADT with 160 mg/d enzalutamide and 66 Gy RT to the prostate bed. OUTCOME MEASUREMENTS AND STATISTICAL ANALYSIS: The primary endpoint was improved 2-yr progression-free survival (PFS) over historical controls. Secondary objectives included 3-yr PFS, safety, and patient-reported quality of life (QOL). RESULTS AND LIMITATIONS: The primary endpoint of 2-yr PFS was 65% (95% confidence interval [CI]: 47, 78) versus 51% (95% CI: 33, 67) in a trial of men with similar eligibility treated with salvage RT and adjuvant docetaxel. The 3-yr PFS was 53%. Eleven (29%) men experienced G3 toxicities, and there were no G4-5 or unexpected toxicities. QOL data suggest modest worsening of bowel, bladder, and hormonal symptoms at 3 mo, with recovery by 24 mo in most men. CONCLUSIONS: Salvage RT with enzalutamide and ADT following RP for men with PSA recurrent high-risk PC is safe and demonstrates encouraging efficacy, warranting prospective controlled phase 3 trials of ADT with or without potent androgen receptor inhibition in this curative-intent setting. PATIENT SUMMARY: Addition of 6 mo of oral daily enzalutamide to standard salvage radiation and hormone therapy is safe and may improve prostate cancer remission rates at 2 and 3 yr.",Eur Urol Oncol,2021,4,948-954,doi: 10.1016/j.euo.2020.01.005. Epub 2020 Feb 13,https://www.ncbi.nlm.nih.gov/pubmed/32063492,,negative,0,2020.0
20598436,Salvage radiotherapy after high-intensity focussed ultrasound for recurrent localised prostate cancer,Riviere J,"BACKGROUND: Radiotherapy is a treatment option in the case of local failure following treatment for localised prostate cancer with high-intensity focussed ultrasound (HIFU). OBJECTIVE: Our aim was to evaluate tolerance and oncologic control with salvage radiotherapy (SRT) after HIFU failure and to identify predictive factors of success. DESIGN, SETTING, AND PARTICIPANTS: From March 1995 to March 2008, all patients who presented with histologically proven persistent local disease following HIFU and were treated with curative intent SRT (with or without hormonal treatment) were included in this single-centre retrospective study. INTERVENTION: Patients underwent conformal radiotherapy. The median dose of conformal treatment was 72 Gy (65-78 Gy). MEASUREMENTS: The primary outcome measure was progression-free survival (PFS) defined as no biochemical relapse (three consecutive rises in prostate-specific antigen [PSA] with a velocity >0.4 ng/ml per year or PSA >1.5 ng/ml) and no additional treatment. Predictive factors of failure were examined in univariate and multivariate analyses. Adverse events in terms of urinary and digestive toxicity, urine incontinence, and erectile dysfunction (ED) were reported. RESULTS AND LIMITATIONS: The median (range) and mean (standard deviation) follow-up of the 100 patients analysed was 33 mo (5-164 mo) and 37.2 mo (23.6 mo), respectively. Eighty-three patients received SRT alone, and 17 received SRT and androgen-deprivation therapy. For the 83 patients treated with exclusive radiation therapy, PFS was 72.5% at 5 yr and 93%, 67%, and 55% for the low-, intermediate-, and high-risk groups, respectively. In the univariate analysis, PSA level prior to SRT, risk status, PSA nadir after SRT, PSA nadir after SRT >0.2 ng/ml, and time to achieve this nadir were all predictive of failure. In the multivariate analysis, PSA nadir post-SRT with a threshold at 0.2 ng/ml and time to achieve this nadir were the significant predictive factors of failure. Gastrointestinal toxicity was low; urinary toxicity grade < or =2 was 34.5%. Four were grade 3 (4.7%), one was grade 4 (1.2%), and one was grade 5 (1.2%). The incidence of severe ED (International Index of Erectile Dysfunction-5 score 5-10) was 14% pre-HIFU, and 51.9% and 82.3% pre- and post-SRT, respectively. Because our study was retrospective, results have to be interpreted cautiously. CONCLUSIONS: SRT provides satisfactory oncologic control after HIFU failure with little (or mild) additional toxicity. These results warrant further investigation.",Eur Urol,2010,58,567-73,doi: 10.1016/j.eururo.2010.06.003. Epub 2010 Jun 11,https://www.ncbi.nlm.nih.gov/pubmed/20598436,,negative,0,2010.0
16111581,Outcome of salvage radiotherapy for biochemical failure after radical prostatectomy with or without hormonal therapy,Cheung R,"BACKGROUND: This study analyzed the outcome of salvage radiotherapy for biochemical failure after radical prostatectomy (RP). By comparing the outcomes for patients who received RT alone and for those who received combined RT and hormonal therapy, we assessed the potential benefits of hormonal therapy. PATIENTS AND METHODS: This cohort was comprised of 101 patients who received salvage RT between 1990 and 2001 for biochemical failure after RP. Fifty-nine of these patients also received hormone. Margin status (positive vs. negative), extracapsular extension (yes vs. no), seminal vesicle involvement (yes vs. no), pathologic stage, Gleason score, pre-RP PSA, post-RP PSA, pre-RT PSA, hormonal use, radiotherapy dose and technique, RP at M. D. Anderson Cancer Center, and time from RP to salvage RT were analyzed. Statistically significant variables were used to construct prognostic groups. RESULTS: Independent prognostic factors for the RT-alone group were margin status and pre-RT PSA. RP at M. D. Anderson Cancer Center was marginally significant (p = 0.06) in multivariate analysis. Pre-RT PSA was the only significant prognostic factor for the combined-therapy group. We used a combination of margin status and pre-RT PSA to construct a prognostic model for response to the salvage treatment based on the RT group. We identified the favorable group as those patients with positive margin and pre-RT PSA < or = 0.5 ng/mL vs. the unfavorable group as otherwise. This stratification separates patients into clinically meaningful groups. The 5-year PSA control probabilities for the favorable vs. the unfavorable group were 83.7% vs. 61.7% with radiotherapy alone (p = 0.03). Androgen ablation seemed to be most beneficial in the unfavorable group. CONCLUSION: After prostatectomy, favorable-group patients may fare well with salvage radiotherapy alone. These patients may be spared the toxicity of androgen ablation. The other patients may benefit most from a combined approach with hormonal treatment. We further suggest that salvage radiotherapy should be given early when the PSA is still low.",Int J Radiat Oncol Biol Phys,2005,1,,doi: 10.1016/j.ijrobp.2005.01.020,https://www.ncbi.nlm.nih.gov/pubmed/16111581,,negative,0,2005.0
32398040,PEACE V - Salvage Treatment of OligoRecurrent nodal prostate cancer Metastases (STORM): a study protocol for a randomized controlled phase II trial,De Bruycker A,"BACKGROUND: Pelvic nodal recurrences are being increasingly diagnosed with the introduction of new molecular imaging techniques, like choline and PSMA PET-CT, in the restaging of recurrent prostate cancer (PCa). At this moment, there are no specific treatment recommendations for patients with limited nodal recurrences and different locoregional treatment approaches are currently being used, mostly by means of metastasis-directed therapies (MDT): salvage lymph node dissection (sLND) or stereotactic body radiotherapy (SBRT). Since the majority of patients treated with MDT relapse within 2 years in adjacent lymph node regions, with an estimated median time to progression of 12-18 months, combining MDT with whole pelvic radiotherapy (WPRT) may improve oncological outcomes in these patients. The aim of this prospective multicentre randomized controlled phase II trial is to assess the impact of the addition of WPRT to MDT and short-term androgen deprivation therapy (ADT) on metastasis-free survival (MFS) in the setting of oligorecurrent pelvic nodal recurrence. METHODS & DESIGN: Patients diagnosed with PET-detected pelvic nodal oligorecurrence (≤5 nodes) following radical local treatment for PCa, will be randomized in a 1:1 ratio between arm A: MDT and 6 months of ADT, or arm B: WPRT added to MDT and 6 months of ADT. Patients will be stratified by type of PET-tracer (choline, FACBC or PSMA) and by type of MDT (sLND or SBRT). The primary endpoint is MFS and the secondary endpoints include clinical and biochemical progression-free survival (PFS), prostate cancer specific survival, quality of life (QoL), toxicity and time to castration-resistant prostate cancer (CRPC) and to palliative ADT. Estimated study completion: December 31, 2023. DISCUSSION: This is the first prospective multicentre randomized phase II trial assessing the potential of combined WPRT and MDT as compared to MDT alone on MFS for patients with nodal oligorecurrent PCa. TRIAL REGISTRATION: ClinicalTrials.gov Identifier: NCT03569241, registered June 14, 2018, ; Identifier on Swiss National Clinical Trials Portal (SNCTP): SNCTP000002947, registered June 14, 2018.",BMC Cancer,2020,12,,doi: 10.1186/s12885-020-06911-4,https://www.ncbi.nlm.nih.gov/pubmed/32398040,,negative,0,2020.0
15850918,High-dose regions versus likelihood of cure after prostate brachytherapy,Wallner K,"PURPOSE: To analyze the effect of high-dose regions on biochemical cancer control rates after prostate brachytherapy. METHODS AND MATERIALS: Patients with 1997 American Joint Committee on Cancer clinical Stage T1c-T2a prostate carcinoma (Gleason grade 5-6, prostate-specific antigen level 4-10 ng/mL) were randomized to implantation with 125I (144 Gy) vs. 103Pd (125 Gy, National Institute of Standards and Technology 1999). Isotope implantation was performed by standard techniques, using a modified peripheral loading pattern. Of the 313 patients entered in the protocol, 270 were included in this analysis. The 125I source strength ranged from 0.4 to 0.89 mCi (median, 0.55 mCi), and the 103Pd source strength ranged from 1.3 to 1.6 mCi (median, 1.5 mCi). CT was performed within 4 h after implantation. The dosimetric parameters analyzed included the percentage of the postimplant prostate volume covered by the 100%, 150%, 200%, and 300% prescription dose (V100, V150, V200, and V300, respectively). The median time to the last follow-up for patients without failure was 2.7 years. Freedom from biochemical failure was defined as a serum prostate-specific antigen level of < or =0.5 ng/mL at last follow-up. Patients were censored at last follow-up if their serum prostate-specific antigen level was still decreasing. RESULTS: The mean V100, V150, V200, and V300 value was 90% (+/-8%), 63% (+/-14), 35% (+/-13%), and 14% (+/-7%), respectively. Patients with a V100 of > or =90% had a 3-year freedom from biochemical failure rate of 96% vs. 87% for those with a V100 of <90% (p=0.0029). Overall, patients with more high-dose regions had a greater chance of biochemical control. However, when only patients with a V100 of > or =90% were analyzed, no relationship was found between higher dose regions and the likelihood of cancer control. This lack of effect on biochemical control was apparent for both isotopes. CONCLUSION: High-dose regions do not appear to affect cancer control rates, as long as >90% of the prostate volume is covered by the prescription dose.",Int J Radiat Oncol Biol Phys,2005,1,,doi: 10.1016/j.ijrobp.2004.09.021,https://www.ncbi.nlm.nih.gov/pubmed/15850918,,negative,0,2005.0
20724223,Prostatic length predicts functional outcomes after iodine-125 prostate brachytherapy,Pal RP,"PURPOSE: To determine the value of prostatic length as a predictor of urinary morbidity after brachytherapy for prostate cancer. METHODS AND MATERIALS: Between May 2002 and September 2008, 214 consecutive patients received brachytherapy for localized prostate cancer at our institution. A prospective analysis of factors predicting urinary toxicity was carried out for these patients. To evaluate urinary morbidity, the posttreatment International Prostate Symptom Score (IPSS) at 3, 9, and 18 months together with rates of urinary retention was recorded. RESULTS: The mean patient age was 62 years, and the mean followup period was 24.4 months. The median IPSS before treatment was 5 (range, 0-20). This increased to 15 (0-33) at 3 months, before subsequently falling to 8 (0-31) and 6 (0-35) at 9 and 18 months, respectively. Twenty-six of 214 (12%) patients experienced urinary retention. Both prostatic length (p-value=0.001, <0.001) and volume (p-value=0.002, <0.001) correlated with a higher posttreatment IPSS at 3 and 9 months. In addition, prostate length and volume predicted those patients developing urinary retention requiring catheterization (p-value <0.001, <0.001). Pretreatment IPSS predicted IPSS at 3, 9, and 18 months (p-value <0.001, <0.001, and 0.011) but did not significantly correlate with retention rates. Other factors predicting IPSS at 3 months included radiation dose (D(90)) (p-value=0.01) and number of needles used (p-value=0.01). CONCLUSION: Prostatic length is a useful tool for determining urinary toxicity after brachytherapy for prostate cancer and should be included in the pretreatment assessment.",Brachytherapy,2011,,-,doi: 10.1016/j.brachy.2010.06.010. Epub 2010 Aug 19,https://www.ncbi.nlm.nih.gov/pubmed/20724223,,negative,0,2010.0
32167866,Prospective Evaluation of Focal High Intensity Focused Ultrasound for Localized Prostate Cancer,Nahar B,"PURPOSE: We report short-term outcomes of focal high intensity focused ultrasound use for primary treatment of localized prostate cancer. MATERIALS AND METHODS: Single-center prospectively collected data on patients with prostate cancer who underwent primary focal high intensity focused ultrasound from January 2016 to July 2018 were included. All patients underwent a 12-core biopsy with magnetic resonance imaging-ultrasound fusion biopsy depending on the presence of targetable lesions. Any Grade Group was allowed, however only patients with localized disease were included. The primary outcome was oncologic control, defined as negative followup in-field biopsy of treated cancer. Prostate specific antigen, Sexual Health Inventory for Men, International Prostate Symptom Score and Expanded Prostate Cancer Index Composite domain scores were assessed 3-monthly till 12 months. Biopsy was performed at 6 or 12 months for high or low/intermediate risk cancer, respectively. RESULTS: Fifty-two patients with minimum followup of 12 months were included in the study. The majority of patients (67%) had cancer Grade Group 2 or greater. Fifteen patients (28.8%) underwent complete transurethral prostate resection/holmium laser enucleation of prostate procedure for debulking large prostates to avoid postoperative urinary retention. Among 30 (58%) patients who underwent followup biopsies, 25 (83%) had negative in-field biopsy results and 4 (13%) had de-novo positive out-of-field biopsy. Only 5 major complications (all grade III) in 4 patients were noted. Urinary symptoms returned to near baseline questionnaire scores within 3-6 months. Sexual function returned to baseline at 12 months. CONCLUSIONS: Focal high intensity focused ultrasound is a safe and effective treatment for patients with localized clinically significant prostate cancer with acceptable short-term oncologic and functional outcomes. The complications are minimal and patient selection is essential. Short-term oncologic outcomes are promising but longer followup is required to establish long-term oncologic outcomes.",J Urol,2020,204,483-489,doi: 10.1097/JU.0000000000001015. Epub 2020 Mar 13,https://www.ncbi.nlm.nih.gov/pubmed/32167866,,negative,0,2020.0
15756656,Postprostatectomy adjuvant versus salvage radiotherapy: a complication-adjusted number-needed-to-treat analysis,Jani AB,"BACKGROUND: Radiotherapy (RT) has been used with success after radical retropubic prostatectomy (RRP), both in the adjuvant and salvage settings. The purpose of the current investigation was to systematically compare adjuvant versus salvage RT in a manner that incorporates both treatment efficacy and complications. METHODS: A literature review was performed of reports of post-RRP salvage and adjuvant RT, and 12 trials comprising 1060 patients met the appropriate inclusion criteria. The biochemical failure-free survival in each study/arm was tabulated, and these values were entered into a model to compute an unadjusted number-needed-to treat (NNT). RT complications were then considered, accounting for differences in toxicity incidences in the salvage versus adjuvant setting, to compute complication-adjusted NNTs. In all the trials, the signs and magnitudes of the NNTs obtained were used to compare adjuvant with salvage RT. RESULTS: The absolute NNT analysis showed an advantage of adjuvant compared with salvage RT. After adjustment for RT complications, however, the advantage shifted to salvage RT. This transition point from superiority of adjuvant RT to superiority of salvage RT was sensitive to the estimated incidence and severity of RT side effects. CONCLUSIONS: Adjuvant post-RRP RT was advantageous in comparison to salvage RT if the side effects of RT were estimated to be negligible. However, with moderate incidence/severity of RT side effects, salvage RT was advantageous. The findings herein must be tested in a prospective study in which both health-related quality of life and cancer control are documented in patients receiving adjuvant versus salvage post-RRP RT. Further work is needed to better estimate parameters entered into the model to determine the precise transition point between adjuvant and salvage RT with modern RT techniques.",Cancer,2005,1,,doi: 10.1002/cncr.20949,https://www.ncbi.nlm.nih.gov/pubmed/15756656,,negative,0,2005.0
31411996,Nonsurgical Salvage Local Therapies for Radiorecurrent Prostate Cancer: A Systematic Review and Meta-analysis,Ingrosso G,"CONTEXT: Different nonsurgical therapeutic strategies can be adopted for intraprostatic relapse of prostate cancer after primary radiotherapy, including re-irradiation (with brachytherapy [BT] or external beam radiotherapy [EBRT]), high-intensity focused ultrasound (HIFU), and cryotherapy. The main issues to consider when choosing nonsurgical salvage local therapies are local tumor control and significant genitourinary toxicity. OBJECTIVE: To conduct a systematic review and meta-analysis of the role of nonsurgical salvage modalities in patients with radiorecurrent prostate cancer and associated clinical outcomes and toxicity profiles. EVIDENCE ACQUISITION: We performed a critical review of the Medline, Scopus, and ClinicalKey databases from January 1, 2000 through February 1, 2018 according to the Preferred Reporting Items and Meta-Analyses statement. To assess the overall quality of the literature reviewed, we used a modified Delphi tool for case-series studies. EVIDENCE SYNTHESIS: A total of 64 case-series studies were included, corresponding to a cohort of 5585 patients. The modified Delphi checklist evidenced high methodological quality overall (mean quality score of 80.6%). Biochemical control rates were lowest for patients treated with HIFU (58%, 95% confidence interval [CI] 47-68%) and highest for patients treated with BT (69%, 95% CI 62-76%) and EBRT (69%, 95% CI 53-83%). The lowest prevalence of incontinence was for patients treated with BT (3%, 95% CI 0-6%; I<sup>2</sup>=63.4%) and the highest was among patients treated with HIFU (28%, 95% CI 19-38%; I<sup>2</sup>=89.7%). CONCLUSIONS: Nonsurgical therapeutic options, especially BT, showed good outcomes in terms of biochemical control and tolerability in the local recurrence setting. PATIENT SUMMARY: The current analysis demonstrated that nonsurgical salvage local therapies offer a chance of a curative local approach in radiorecurrent prostate cancer. However, high-quality data from prospective trials are needed to validate long-term outcomes from nonsurgical strategies for the treatment of intraprostatic recurrence after previous radiotherapy.",Eur Urol Oncol,2020,3,183-197,doi: 10.1016/j.euo.2018.12.011. Epub 2019 Jan 24,https://www.ncbi.nlm.nih.gov/pubmed/31411996,,negative,0,2020.0
26159555,Elective pelvic versus prostate bed-only salvage radiotherapy following radical prostatectomy: A propensity score-matched analysis,Song C,"PURPOSE: To compare the impact of elective whole pelvic radiotherapy (WPRT) versus prostate bed-only radiotherapy (PBRT) on biochemical relapse-free survival (bRFS) in prostate cancer patients treated with salvage radiotherapy following radical prostatectomy (RP). PATIENTS AND METHODS: In our database, 163 lymph node-negative prostate cancer patients who had undergone salvage radiotherapy (SRT) for biochemical relapse after RP between September 2004 and April 2012 were identified. PBRT was administered to 134 patients (the PBRT group), while the remaining 29 patients (the WPRT group) received WPRT. RESULTS: Median follow-up was 57 months (range 18-122 months). In the propensity score-matched cohort, the 4-year bRFS of the WPRT group was significantly higher compared to the PBRT group (63.1 vs. 43.4%, p = 0.034). Subgroup analysis showed that the bRFS of patients who had two or more risk factors (seminal vesicle invasion, Roach score for lymph node invasion ≥ 45%, and number of harvested lymph nodes ≤ 5) and were treated with WPRT was significantly improved compared to those who received PBRT (hazard ratio, HR 0.33; 95% confidence interval, CI 0.13-0.83; p = 0.018). CONCLUSION: Elective WPRT for SRT may improve bRFS in patients with unfavorable risk factors. These results need to be confirmed by a prospective randomized trial.",Strahlenther Onkol,2015,191,801-9,doi: 10.1007/s00066-015-0872-9. Epub 2015 Jul 10,https://www.ncbi.nlm.nih.gov/pubmed/26159555,,negative,0,2015.0
32174775,Comparison of Biochemical Recurrence After Robot-assisted Laparoscopic Radical Prostatectomy with Volatile and Total Intravenous Anesthesia,Kim NY,"<b>Aims</b>: Recurrence after cancer surgery is a major concern in patients with cancer. Growing evidence from preclinical studies has revealed that various anesthetics can influence the immune system in different ways. The current study compared the long-term biochemical recurrence of prostate cancer after robot-assisted laparoscopic radical prostatectomy (RALP) in terms of selection of anesthetic agent between total intravenous anesthesia (TIVA) with propofol/remifentanil and volatile anesthetics (VA) with sevoflurane or desflurane/remifentanil. <b>Methods</b>: We followed up oncologic outcomes of patients who underwent RALP from two previous prospective randomized controlled trials, and the outcomes of those who received TIVA (n = 64) were compared with those who received VA (n = 64). The follow-up period lasted from November 2010 to March 2019. <b>Results</b>: Both TIVA and VA groups showed identical biochemical recurrence-free survivals at all-time points after RALP. The following predictive factors of prostate cancer recurrence were determined by Cox regression: colloid input [hazard ratio (HR)=1.002, 95% confidence interval (CI): 1.000-1.003; P = 0.011], initial prostate-specific antigen level (HR=1.025, 95% CI: 1.007-1.044; P = 0.006), and pathological tumor stage 3b (HR=4.217, 95% CI:1.207-14.735; P = 0.024), but not the anesthetic agent. <b>Conclusions</b>: Our findings demonstrate that both TIVA with propofol/remifentanil and VA with sevoflurane or desflurane/remifentanil have comparable effects on oncologic outcomes in patients undergoing RALP.",Int J Med Sci,2020,4,,doi: 10.7150/ijms.40958. eCollection 2020,https://www.ncbi.nlm.nih.gov/pubmed/32174775,,negative,0,2020.0
23664646,"Long-term outcome for prostate cancer using pseudo pulse-dosed rate brachytherapy, external beam radiotherapy, and hormones.",Izard MA,"PURPOSE: We report the long-term outcomes of pulse-dose rate (PDR) brachytherapy used in a nonstandard style (pseudo-PDR) with an high-dose rate brachytherapy technique in conjunction with external beam radiotherapy (EBRT) and hormonal manipulation on prostate cancer (PC). METHODS AND MATERIALS: We treated 253 patients with Stage T1-T3 N0M0 PC, between December 1999 and March 2006. All patients received neoadjuvant androgen deprivation for a median 6 months. Treatment consisted of three pulses of pseudo-PDR brachytherapy to a median dose of 18Gy with 50.4Gy in 28 fractions of EBRT. RESULTS: At a median 6 years followup, (range, 1-11 years), 5-year overall survival was 92%, and PC-specific survival was 96%. The 5-year biochemical control (biochemical no evidence of disease) by the Phoenix definition for low-, intermediate-, and high-risk groups was 95%, 90%, and 71%, respectively (p<0.00001). At 6 years, the incidence of Radiotherapy Oncology Group Grade 2 and 3 genitourinary toxicity was 1% and 6%; Radiotherapy Oncology Group Grade 2 and 3 gastrointestinal toxicity was 4% and 0%. Erectile preservation at 3 years was 58%. The Phoenix definition best predicted clinical failure with a high specificity (94%). CONCLUSIONS: Pseudo-PDR brachytherapy plus EBRT with limited neoadjuvant hormonal manipulation is an effective treatment option in localized PC, with minimal and tolerable morbidity and provides excellent control. This technique of a modified PDR-delivery technique appears as effective as high-dose rate therapy.",Brachytherapy,2013,12,608-14,10.1016/j.brachy.2013.04.004,https://www.ncbi.nlm.nih.gov/pubmed/23664646,INTERMEDIATE RISK,positive,1,
15667961,Improved biochemical relapse-free survival with increased external radiation doses in patients with localized prostate cancer: the combined experience of nine institutions in patients treated in 1994 and 1995.,Kupelian P,"PURPOSE: To study the radiation dose-response as determined by Kaplan-Meier prostate-specific antigen (PSA) disease-free survival (PSA-DFS) estimates in patients with stage T1-T2 prostate cancer treated within a 2-year period (1994-1995). METHODS: Nine institutions combined data on 4839 patients with stage T1 and T2 adenocarcinoma of the prostate who received > or =60 Gy external beam radiation therapy (RT) as sole treatment. No patient received neoadjuvant androgen deprivation or planned adjuvant androgen deprivation. Of the 4839 patients, 1325 were treated in 1994 and 1995; 1061 were treated with <72 Gy and 264 with > or =72 Gy. The median RT doses for the <72 Gy and the > or =72 Gy groups were 68.4 Gy and 75.6 Gy, respectively. The median follow-up for the <72 Gy and the > or =72 Gy groups were 5.8 and 5.7 years, respectively. Risk groups, defined on the basis of T stage, pretherapy PSA level, and biopsy Gleason score (GS), were as follows: low risk--T1b, T1c, T2a, GS < or =6 and PSA < or =10 ng/mL; intermediate risk--T1b, T1c, T2a, GS < or =6 and PSA >10 ng/mL but < or =20 ng/mL or T2b, GS < or =6 and PSA < or =20 ng/mL or GS 7 and PSA < or =20 ng/mL; high risk--GS 8-10 or PSA >20 ng/mL. The endpoint for outcome analysis was PSA-DFS at 5 years after therapy using the American Society for Therapeutic Radiology and Oncology failure definition. RESULTS: Patients receiving > or =72 Gy had significantly more advanced cancers. The proportion of stage T2b/T2c cancers in the > or =72 Gy group was 42% compared with 32% in the <72 Gy group (p = 0.027). The mean pretherapy PSA was 11.4 ng/mL in the > or =72 Gy group compared with 10.7 ng/mL in the <72 Gy group (p = 0.001). The proportion of GS > or =8 cancers in the > or =72 Gy group was 9% compared with 7% in the <72 Gy group (p = 0.309). Overall, 15% of patients receiving <72 Gy had high-risk disease, compared with 22% of patients receiving > or =72 Gy (p = 0.034). The > or =72 Gy group had a greater number of follow-up PSA levels (mean 10.6/patient) compared with the <72 Gy group (mean 9.6/patient) (p = 0.007). For all 1325 patients, the 5- and 8-year PSA-DFS estimates were 64% and 62%, respectively. The 5-year PSA-DFS estimates for <72 Gy vs. > or =72 Gy were 63% vs. 69%, respectively (p = 0.046). Multivariate analysis for factors affecting PSA-DFS was performed for all cases using the following variables: pretherapy PSA (continuous), biopsy GS (continuous), stage (T1 vs. T2), radiation dose (continuous), and radiation technique (three-dimensional conformal vs. conventional). Pretreatment PSA (p < 0.001, chi-square 112.2), GS (p < 0.001, chi-square 12.8), radiation dose (p < 0.001, chi-square 13.5), and stage (p = 0.007, chi-square 7.2) were independent predictors of outcome. Radiotherapy technique was not (p = 0.50). CONCLUSION: Differences in PSA-DFS estimates observed in multiple retrospective series have been attributed to differences in follow-up duration between patients treated to conventional doses (longer follow-up intervals) and those treated to higher doses (shorter follow-up intervals). In this report, the median follow-up duration in the > or =72 Gy group was essentially identical to the <72 Gy group, because the study included a large number of patients treated consecutively during a narrow time range (1994-1995). With similar follow-up duration, higher than conventional radiotherapy doses were associated with improved PSA-DFS when controlled for the influence of pretreatment PSA levels, biopsy GS, and clinical T stage.",Int J Radiat Oncol Biol Phys,2005,61,415-9,10.1016/j.ijrobp.2004.05.018,https://www.ncbi.nlm.nih.gov/pubmed/15667961,INTERMEDIATE RISK,positive,1,
23462420,Retrospective evaluation reveals that long-term androgen deprivation therapy improves cause-specific and overall survival in the setting of dose-escalated radiation for high-risk prostate cancer.,Feng FY,"PURPOSE: To evaluate the role of androgen deprivation therapy (ADT) and duration for high-risk prostate cancer patients treated with dose-escalated radiation therapy (RT). METHODS AND MATERIALS: A retrospective analysis of high-risk prostate cancer patients treated with dose-escalated RT (minimum 75 Gy) with or without ADT was performed. The relationship between ADT use and duration with biochemical failure (BF), metastatic failure (MF), prostate cancer-specific mortality (PCSM), non-prostate cancer death (NPCD), and overall survival (OS) was assessed as a function of pretreatment characteristics, comorbid medical illness, and treatment using Fine and Gray's cumulative incidence methodology. RESULTS: The median follow-up time was 64 months. In men with National Comprehensive Cancer Network defined high-risk prostate cancer treated with dose-escalated RT, on univariate analysis, both metastasis (P<.0001; hazard ratio 0.34; 95% confidence interval 0.18-0.67; cumulative incidence at 60 months 13% vs 35%) and PCSM (P=.015; hazard ratio 0.41; 95% confidence interval 0.2-1.0; cumulative incidence at 60 months 6% vs 11%) were improved with the use of ADT. On multivariate analysis for all high-risk patients, Gleason score was the strongest negative prognostic factor, and long-term ADT (LTAD) improved MF (P=.002), PCSM (P=.034), and OS (P=.001). In men with prostate cancer and Gleason scores 8 to 10, on multivariate analysis after adjustment for other risk features, there was a duration-dependent improvement in BF, metastasis, PCSM, and OS, all favoring LTAD in comparison with STAD or RT alone. CONCLUSION: For men with high-risk prostate cancer treated with dose-escalated EBRT, this retrospective study suggests that the combination of LTAD and RT provided a significant improvement in clinical outcome, which was especially true for those with Gleason scores of 8 to 10.",Int J Radiat Oncol Biol Phys,2013,86,64-71,10.1016/j.ijrobp.2012.11.024,https://www.ncbi.nlm.nih.gov/pubmed/23462420,HIGH RISK,positive,1,
15705087,Brachytherapy-related dysuria,Merrick GS,"OBJECTIVE: To evaluate the incidence and temporal resolution of dysuria after permanent prostate brachytherapy, and to identify predictors of brachytherapy-related dysuria. PATIENTS AND METHODS: The study included 130 patients with no history of transurethral resection of the prostate before treatment, who had brachytherapy on one of two prospective randomized trials, with explicitly planned and executed urethral-sparing techniques (100-150% minimum peripheral dose) using either 103Pd or 125I for clinical T1c-T2c prostate cancer. The median follow-up was 22.6 months. An alpha-blocker was initiated either prophylactically 2 weeks before implantation and continued at least until the International Prostate Symptom Score (IPSS) returned to normal, or withheld until the onset of significant brachytherapy-related urinary morbidity. Dysuria was evaluated on a 0-10 scale, before brachytherapy and then at 1, 3, 6 and 12 months afterward, with a median of four dysuria questionnaires per patient. Clinical, treatment and dosimetric variables evaluated included alpha-blocker, age, IPSS before and the maximum after treatment, prostate volume on ultrasonography, hormonal status, supplemental radiotherapy, isotope, urethral dose, V(100/200), D90, and time to obtaining a normal IPSS. RESULTS: The maximum incidence of dysuria was 85% at 1 month after brachytherapy, with subsequent resolution over time. The use of prophylactic tamsulosin resulted in a statistically lower dysuria severity score (difference of 2.7 vs 4.2, P < 0.005) at 1 month, with no discernible differences at 3, 6, 12 and 18 months. Patients with dysuria had a statistically higher IPSS. The dysuria resolved faster in patients implanted with 103Pd but was unaffected by the use of supplemental radiotherapy and/or androgen deprivation therapy. In multivariate analysis, prophylactic alpha-blockers resulted in statistically lower maximum dysuria scores, while the maximum IPSS after implantation and isotope type (but only at 6 months) were the best predictors of the resolution of dysuria. CONCLUSIONS: Dysuria is common after brachytherapy but is typically mild. Prophylactic alpha-blockers gave significantly lower maximum dysuria scores but did not affect the time to the resolution of dysuria. The maximum IPSS after the implant was the best predictor of the resolution of dysuria.",BJU Int,2005,95,597-602,doi: 10.1111/j.1464-410X.2005.05346.x,https://www.ncbi.nlm.nih.gov/pubmed/15705087,,negative,0,2005.0
19583717,Current salvage methods for recurrent prostate cancer after failure of primary radiotherapy,Kimura M,"We reviewed the current salvage methods for patients with local recurrent prostate cancer after primary radiotherapy (RT), using a search of relevant Medline/PubMed articles published from 1982 to 2008, with the following search terms: 'radiorecurrent prostate cancer, local salvage treatment, salvage radical prostatectomy (RP), salvage cryoablation, salvage brachytherapy, salvage high-intensity focused ultrasound (HIFU)', and permutations of the above. Only articles written in English were included. The objectives of this review were to analyse the eligibility criteria for careful selection of appropriate patients and to evaluate the oncological results and complications for each method. There are four whole-gland re-treatment options (salvage RP, salvage cryoablation, salvage brachytherapy, salvage HIFU) for RT failure, although others might be in development or investigations. Salvage RP has the longest follow-up with acceptable oncological results, but it is a challenging technique with a high complication rate. Salvage cryoablation is a feasible option, especially using third-generation technology, whereby the average biochemical disease-free survival rate is 50-70% and there are fewer occurrences of severe complications such as recto-urethral fistula. Salvage brachytherapy, with short-term cancer control, is comparable to other salvage methods but depends on cumulative dosage limitation to target tissues. HIFU is a relatively recent option in the salvage setting. Both salvage brachytherapy and HIFU require more detailed studies with intermediate and long-term follow-up. As these are not prospective, randomized studies and the definitions of biochemical failure varied, there are limited comparisons among these different salvage methods, including efficacy. In the focal therapy salvage setting, the increased use of thermoablative methods for eligible patients might contribute to reducing complications and maintaining quality of life. The problem to effectively salvage patients with locally recurrent disease after RT is the lack of diagnostic examinations with sufficient sensitivity and specificity to detect local recurrence at an early curable stage. Therefore, a more strict definition of biochemical failure, improved imaging techniques, and accurate specimen mapping are needed as diagnostic tools. Furthermore, universal selection criteria and an integrated definition of biochemical failure for all salvage methods are required to determine which provides the best oncological efficacy and least comorbidity.",BJU Int,2010,105,191-201,doi: 10.1111/j.1464-410X.2009.08715.x. Epub 2009 Jul 2,https://www.ncbi.nlm.nih.gov/pubmed/19583717,,negative,0,2010.0
20378156,"Five year biochemical recurrence free survival for intermediate risk prostate cancer after radical prostatectomy, external beam radiation therapy or permanent seed implantation.",Vassil AD,"OBJECTIVE: To compare biochemical recurrence-free survival (bRFS) for patients with intermediate-risk prostate cancer treated by retropubic radical prostatectomy (RRP), laparoscopic radical prostatectomy (LRP), external beam radiation therapy (RT), or permanent seed implantation (PI). METHODS: Patients treated for intermediate-risk prostate cancer per National Comprehensive Cancer Network guidelines from 1996 to 2005 were studied. Variables potentially affecting bRFS were examined using univariate and multivariate Cox regression analysis. Five-year bRFS rates were calculated by actuarial methods; bRFS was calculated using Kaplan-Meier analysis. Nadir +2 definition of biochemical failure was used for RT and PI patients; a PSA ≥ 0.4 ng/mL was used for radical prostatectomy (RP) patients. Time to initiation of salvage therapy was compared for each treatment group using the Kruskal-Wallis test. RESULTS: Nine-hundred seventy-nine patients were analyzed with a median follow-up of 65 months. Five years bRFS rate was 82.8% for all patients (89.5% PI, 85.7% RT, 79.9% RRP, and 60.2% LRP). Patients treated by LRP had significantly worse bRFS than RT (P < .0001), PI (P < .0001), or RRP patients (P = .0038). Treatment modality (P < .0001) and average number of PSA tests per year (P < .0001) were the only independent predictors of bRFS on multivariate analysis. Median time to initiation of salvage therapy from time of treatment was 28.6 months for all patients (26.1 RP, 21.0 LRP, 47.4 PI, 47.8 RT; P < .0001). CONCLUSIONS: Patients with intermediate-risk prostate cancer choosing PI, RT, or RRP appear to have improved 5-year bRFS and delayed salvage therapy compared with LRP.",Urology,2010,76,1251-7,10.1016/j.urology.2010.01.010,https://www.ncbi.nlm.nih.gov/pubmed/20378156,INTERMEDIATE RISK,positive,1,
25339310,Radical prostatectomy versus external beam radiotherapy for localized prostate cancer: Comparison of treatment outcomes,Kim YJ,"PURPOSE: We retrospectively compared the treatment outcomes of localized prostate cancer between radical prostatectomy (RP) and external beam radiotherapy (EBRT). MATERIALS AND METHODS: We retrospectively analyzed 738 patients with localized prostate cancer who underwent either RP (n = 549) or EBRT (n = 189) with curative intent at our institution between March 2001 and December 2011. Biochemical failure was defined as a prostate-specific antigen (PSA)  level of ≥ 0.2 ng/ml in the RP group and the nadir of + ≥ 2 ng/ml in the EBRT group. RESULTS: The median (range) follow-up duration was 48.8 months (0.7-133.2 months) and 48.7 months (1.0-134.8 months) and the median age was 66 years (45-89 years) and 71 years (51-84 years; p < 0.001) in the RP and EBRT groups, respectively. Overall, 21, 42, and 36 % of patients in the RP group, and 15, 27, and 58 % of patients in the EBRT group were classified as low, intermediate, and high risk, respectively (p < 0.001). Androgen-deprivation therapy was more common in the EBRT group (59 vs. 27 %, respectively; p < 0.001). The 8-year biochemical failure-free survival rates were 44 and 72 % (p < 0.001) and the disease-specific survival rates were 98 % and 97 % (p = 0.543) in the RP and EBRT groups, respectively. CONCLUSIONS: Although the EBRT group included more high-risk patients than did the RP group, the outcomes of EBRT were not inferior to those of RP. Our data suggest that EBRT is a viable alternative to RP for treating localized prostate cancer.",Strahlenther Onkol,2015,191,321-9,doi: 10.1007/s00066-014-0765-3. Epub 2014 Oct 23,https://www.ncbi.nlm.nih.gov/pubmed/25339310,,negative,0,2015.0
20421534,Statin use and risk of prostate cancer recurrence in men treated with radiation therapy,Gutt R,"PURPOSE: There has been growing interest in the potential anticancer activity of statins based on preclinical evidence of their antiproliferative, proapoptotic, and radiosensitizing properties. The primary objective of this study was to determine whether statin use is associated with improved clinical outcomes in patients treated with radiotherapy (RT) for prostate cancer. PATIENTS AND METHODS: In total, 691 men with prostate adenocarcinoma treated with curative-intent RT between 1988 and 2006 were retrospectively analyzed. Of those, 189 patients (27%) were using statins, either during initial consultation or during follow-up. Lipid panels were collected (n = 298) a median of 5 months before RT start. Median follow-up was 50 months after RT. RESULTS: Statin use was associated with improved freedom from biochemical failure (FFBF; P < .001), freedom from salvage androgen deprivation therapy (FFADT; P = .0011), and relapse-free survival (RFS; P < .001). Improved FFBF for statin users was seen in low-, intermediate-, and high-risk groups (P = .0401, P = .0331, and P = .0034, respectively). The improvement in FFBF with statin use was independent of ADT use or radiation dose. On multivariable analysis, statin use was associated with improved FFBF (P < .001) along with pretreatment prostate-specific antigen < or = 8.4 (P < .001), stage less than T2b (P = .0111), and Gleason score < 7 (P = .0098). On univariate analysis, pretreatment total cholesterol < 187 (89% v 80%; P = .0494) and low-density lipoprotein (LDL) < 110 (96% v 85%; P = .0462) were associated with improved 4-year FFBF. CONCLUSION: Statin use was associated with a significant improvement in FFBF, FFADT, and RFS in this cohort of men treated with RT for prostate cancer. The favorable effect of statins may be mediated by direct effect or via the LDL-lowering effect of these medications.",J Clin Oncol,2010,1,,doi: 10.1200/JCO.2009.27.3003. Epub 2010 Apr 26,https://www.ncbi.nlm.nih.gov/pubmed/20421534,,negative,0,2010.0
23669165,Whole-gland ablation of localized prostate cancer with high-intensity focused ultrasound: oncologic outcomes and morbidity in 1002 patients.,Crouzet S,"BACKGROUND: High-intensity focused ultrasound (HIFU) is a nonsurgical therapy for selected patients with localized prostate cancer (PCa). OBJECTIVE: The long-term oncologic and morbidity outcomes of primary HIFU therapy for localized PCa were evaluated in a prospective, single-arm, single-institution cohort study. DESIGN, SETTING, AND PARTICIPANTS: Participants were patients treated with HIFU for localized PCa from 1997 to 2009. Excluded were patients with local recurrence following radiotherapy. A second HIFU session was systematically performed in patients with biopsy-proven local recurrence. INTERVENTION: Whole-gland prostate ablation with transrectal HIFU. OUTCOME MEASUREMENTS AND STATISTICAL ANALYSIS: Incontinence was assessed using the Ingelman-Sundberg score, and potency was assessed using the five-item version of the International Index of Erectile Function (IIEF-5) scores. Primary outcomes were survival rates (biochemical-free, cancer-specific, metastasis-free, and overall survival). Secondary outcomes were morbidity rates. Median follow-up was 6.4 yr (range: 0.2-13.9). The Kaplan-Meier method was used to determine survival estimates, and multivariate analysis was used to determine predictive factors of biochemical progression. RESULTS AND LIMITATIONS: A total of 1002 patients were included. The median nadir prostate-specific antigen (PSA) was 0.14 ng/ml, with 63% of patients reaching a nadir PSA ≤0.3 ng/ml. Sixty percent of patients received one HIFU session, 38% received two sessions, and 2% received three sessions. The 8-yr biochemical-free survival rates (Phoenix definition) were 76%, 63%, and 57% for low-, intermediate-, and high-risk patients, respectively (p < 0.001). At 10 yr, the PCa-specific survival rate and metastasis-free survival rate (MFSR) were 97% and 94%, respectively. Salvage therapies included external-beam radiation therapy (EBRT) (13.8%), EBRT plus androgen-deprivation therapy (ADT) (9.7%), and ADT alone (12.1%). Severe incontinence and bladder outlet obstruction decreased with refinement in the technology, from 6.4% and 34.9% to 3.1% and 5.9%, respectively. Limitations included the fact that the study was a single-arm study without a comparison group, technological improvements, changes in surgical protocol during the study, and the use of ADT to downsize the prostate in 39% of patients. CONCLUSIONS: HIFU is a potentially effective treatment of localized PCa, with a low PCa-specific mortality rate and a high MFSR at 10 yr as well as acceptable morbidity.",Eur Urol,2014,65,907-14,10.1016/j.eururo.2013.04.039,https://www.ncbi.nlm.nih.gov/pubmed/23669165,LOW RISK,positive,1,
21493015,Gleason pattern 5 is the greatest risk factor for clinical failure and death from prostate cancer after dose-escalated radiation therapy and hormonal ablation.,Sabolch A,"PURPOSE: The division of Gleason score (GS) into three categories (2-6, 7, 8-10) may not fully use its prognostic power, as revealed by recent reports demonstrating the presence of Gleason Pattern 5 (GP5) as a strong predictor for biochemical recurrence. Therefore, we analyzed the clinical outcomes in patients treated with dose-escalated radiation therapy (RT) based on the presence or absence of GP5. METHODS AND MATERIALS: Outcomes were analyzed for 718 men treated for localized prostate cancer with external-beam RT to a minimum planning target volume dose of at least 75 Gy. We assessed the impact of GP5 and that of pretreatment- and treatment-related factors on freedom from biochemical failure, freedom from metastasis (FFM), cause-specific survival (CSS), and overall survival (OS). RESULTS: At biopsy, 89% of patients had no GP5, and 11% (76/718) had GP5. There were no differences in age, comorbid illness, T stage, prostate-specific antigen, or the use or duration of androgen deprivation therapy between GS8 without GP5 and GS8-10 with GP5. The presence of GP5 predicted lower FFM (p < 0.002; hazard ratio [HR] 3.4 [1.7-7.1]); CSS (p < 0.0001; HR 12.9 [5.4-31]); and OS (p < 0.0001; HR 3.6 [2.0-6.5]) in comparison with GS8 (without GP5). The 8-year FFM, CSS, and OS were 89%, 98%, and 57%, respectively, for those with Gleason 8 prostate cancer without GP5 in comparison with 61%, 55%, and 31%, respectively, for those with GP5. In addition, both FFM and CSS were strongly influenced by androgen deprivation therapy given concurrently with RT. On multivariate analysis, GP5 was the strongest prognostic factor for all clinical endpoints, including OS. CONCLUSION: The presence of GP5 predicts for worse clinical behavior, which therefore needs to be accounted for by risk stratification schemes. Further intensification of local and/or systemic therapy may be appropriate for such patients.",Int J Radiat Oncol Biol Phys,2011,81,e351-60,10.1016/j.ijrobp.2011.01.063,https://www.ncbi.nlm.nih.gov/pubmed/21493015,LOW RISK,positive,1,
25255713,Long-term oncologic outcomes of radical prostatectomy compared with brachytherapy-based approaches for intermediate- and high-risk prostate cancer,Crook J,"PURPOSE: To review the recently published contemporary long-term outcomes from tertiary care urologic practices comparing brachytherapy-based management strategies and radical prostatectomy (RP) across intermediate- and high-risk groups. METHODS AND MATERIALS: Literature was reviewed for the past 5 years under the search terms localized prostate cancer, outcomes, brachytherapy, and adical prostatectomy. Abstracts were reviewed and excluded if results were not reported according to the recognized risk groupings or if followup was less than 5 years. RESULTS: A total of 1237 abstracts concerning adical prostatectomy and 600 concerning brachytherapy were retrieved in the initial search. Of these, 80 met the inclusion criteria, and the articles were retrieved and reviewed in detail. CONCLUSIONS: For intermediate- and high-risk prostate cancer, brachytherapy-based approaches provide superior long-term oncologic and functional outcomes. Irritative and obstructive symptoms are prominent in the first 6-12 months but resolve by 3 years for all but <5%. High-risk patients do very well with multimodality treatment combining external beam radiotherapy, a brachytherapy boost, and androgen deprivation for 9-12 months.",Brachytherapy,2015,,-,doi: 10.1016/j.brachy.2014.08.047. Epub 2014 Sep 23,https://www.ncbi.nlm.nih.gov/pubmed/25255713,,negative,0,2015.0
31721315,Focal salvage low-dose-rate brachytherapy for recurrent prostate cancer based on magnetic resonance imaging/transrectal ultrasound fusion biopsy technique,Yamada Y,"OBJECTIVE: To examine the effect of permanent salvage brachytherapy in prostate cancer patients suffering recurrence after three-dimensional conformal external beam radiotherapy. METHODS: The ultra-focal (target lesion alone), hemi-lobe (within a hemi-lobe) or focused whole-gland (focusing on the lesion, but extending into the whole gland) pattern was selected based on the Gleason score for the targeted biopsy, the numbers of positive cores in the targeted and systematic biopsies, and the locations of the positive cores. Novel dosimetry criteria derived from three-dimensional cancer mapping, which was based on targeted magnetic resonance imaging/transrectal ultrasound fusion biopsies, were used in these cases. RESULTS: Permanent salvage brachytherapy was carried out in 13 patients who suffered prostate-specific antigen failure (prostate-specific antigen 2.1-6.8 ng/mL; age range 57-75 years; Gleason score ≤7 [n = 10], Gleason score ≥8 [n = 2] and Gleason score not available [n = 1]) since 2012. The targeted biopsy showed a single focus in three patients. The ultra-focal, hemi-lobe and focused whole-gland patterns were chosen in three, five and five patients, respectively. During the follow-up period (median duration 48 months), prostate-specific antigen failure occurred in zero of three, one of five and three of five of the patients treated with the ultra-focal, hemi-lobe and focused whole-gland patterns, respectively. The 4-year biochemical recurrence-free survival rate was 74%. No grade 3-4 adverse intestinal or urological events occurred. CONCLUSIONS: Targeted fusion biopsy-based three-dimensional cancer mapping should be used for permanent salvage brachytherapy treatment planning to reduce the incidence of treatment-related adverse events while maintaining good oncological outcomes.",Int J Urol,2020,27,149-155,doi: 10.1111/iju.14151. Epub 2019 Nov 13,https://www.ncbi.nlm.nih.gov/pubmed/31721315,,negative,0,2020.0
22494584,Twelve-month prostate-specific antigen values and perineural invasion as strong independent prognostic variables of long-term biochemical outcome after prostate seed brachytherapy.,Ding W,"PURPOSE: To determine whether post-treatment prostate-specific antigen (ptPSA) values at 12 months and other clinical parameters predict long-term PSA relapse-free survival (PRFS) following prostate seed brachytherapy. METHODS AND MATERIALS: Records of 204 hormone-naïve patients with localized adenocarcinoma of the prostate treated at St. Mary's Regional Medical Center in Reno, NV, and at Carson Tahoe Regional Medical Center in Carson City, NV, between 1998 and 2003, using I-125 or Pd-103 seed brachytherapy, were retrospectively analyzed. Treatment planning was done using a preplanned, modified peripheral loading technique. A total of 185 of 204 patients had PSA records at 12 months after implant. Variables included were age, initial pretreatment PSA, Gleason score, T stage, National Comprehensive Cancer Network (NCCN) risk group (RG), perineural invasion (PNI), external beam boost, dose, and ptPSA levels at 12 months with cutpoints at ≤1, 1.01 to 2.00, 2.01 to 3.00, and >3.00 ng/ml. RESULTS: Median follow-up was 80 months, and median age was 69 years. The numbers of patients stratified by NCCN low, intermediate, and high RG were 110:65:10, respectively. Monotherapy and boost prescription doses were 145 Gy and 110 Gy for I-125, and 125 Gy and 100 Gy for Pd-103 seeds, respectively. The median dose (D90) was 95.4% of the prescribed dose. The 5-year PRFS at the 12-months ptPSA levels of ≤1, 1.01 to 2.00, 2.01 to 3.00, and >3.00 ng/ml were 98.5%, 85.7%, 61.5%, and 22.2%, respectively. The 10-year PRFS at the 12-months ptPSA levels of ≤1 and 1.01 to 2.00 ng/ml were 90.5% and 85.7%, respectively. In multivariate analysis, both ptPSA and PNI were significant independent predictors of PRFS. Hazard ratios (HR) for ptPSA levels at ≤1, 1.01 to 2.00, 2.01 to 3.00, and >3.00 ng/ml at 12 months were 1, 4.96, 27.57, and 65.10, respectively. PNI had an HR of 6.1 (p=0.009). CONCLUSIONS: Presence of PNI and ptPSA values at 12 months are strong prognostic variables for long-term PRFS after definitive prostate brachytherapy seed implantation.",Int J Radiat Oncol Biol Phys,2012,84,962-7,10.1016/j.ijrobp.2012.01.043,https://www.ncbi.nlm.nih.gov/pubmed/22494584,LOW RISK,positive,1,
26211465,Percentage of positive prostate biopsies independently predicts biochemical outcome following radiation therapy for prostate cancer,Gabriele D,"BACKGROUND: This work aims to definitely show the ability of percentage of positive biopsy cores (%PC) to independently predict biochemical outcome beyond traditional pretreatment risk-factors in prostate cancer (PCa) patients treated with radiotherapy. METHODS: A cohort of 2493 men belonging to the EUREKA-2 retrospective multicentric database on (PCa) and treated with external-beam radiation therapy (EBRT) as primary treatment comprised the study population (median follow-up 50 months). A Cox regression time to prostate-specific antigen (PSA) failure analysis was performed to evaluate the predictive power of %PC, both in univariate and multivariate settings, with age, pretreatment PSA, clinical-radiological staging, bioptic Gleason Score (bGS), RT dose and RT +/- ADT as covariates. RESULTS: P statistics for %PC is lower than 0.001 both in univariate and multivariate models. %PC as a continuous variable yields an AUC of 69% in ROC curve analysis for biochemical relapse. Four classes of %PC (1-20%, 21-50%, 51-80% and 81-100%) distinctly split patients for risk of biochemical relapse (overall log-rank test P<0.0001), with biochemical progression free survival (bPFS) at 5-years ranging from 88% to 58% and 10-years bPFS ranging from 80% to 38%. CONCLUSIONS: We strongly affirm the usefulness of %PC information beyond main risk factors (PSA, staging and bGS) in predicting biochemical recurrence after EBRT for PCa. The stratification of patients according to %PC may be valuable to further discriminate cases with favourable or adverse prognosis.",Panminerva Med,2016,58,109-14,,https://www.ncbi.nlm.nih.gov/pubmed/26211465,,negative,0,2015.0
31964317,"Is ""extreme"" bladder neck preservation in robot-assisted radical prostatectomy a safe procedure?",Dal Moro F,"INTRODUCTION: The aim was to investigate the surgical and pathological outcomes of an ""extreme"" bladder neck preservation in prostate cancer patients treated with robotic radical prostatectomy. The greatest concern about the ""extreme"" bladder neck preservation is the potential risk of creating a positive surgical margin at the level of bladder neck. MATERIALS AND METHODS: We prospectively collected data from 88 patients with diagnosed prostate cancer who underwent robotic radical prostatectomy with ""'extreme' bladder neck preservation."" All surgical procedures were performed by the same expert surgeon (F.D.M.). In this study, ""'extreme' bladder neck preservation"" was considered when the length of the spared intraprostatic segment of bladder neck was ⩾1 cm. We compared the histopathologic data with those of a homogeneous similar cohort of 88 consecutive patients who underwent robotic radical prostatectomy without bladder neck preservation. RESULTS: The two groups analyzed were comparable according to clinical and pathological characteristics. A positive surgical margin at the level of bladder neck was found in five (5.7%) cases in the ""extreme"" bladder neck preservation group and in six cases (6.8%) in the no-bladder neck preservation group. The prostatic base was involved by neoplasia in 14 and 19 patients (15.9% and 21.6%, respectively); of these, five (35.7%) and six (31.6%) had positive surgical margin at the level of bladder neck, respectively. The pathological staging in positive surgical margin at the level of bladder neck patients was pT3 in five (100%) cases in the ""extreme"" bladder neck preservation group and in four (66.7%) cases when we decided not to preserve the bladder neck. CONCLUSION: We demonstrated that ""extreme"" bladder neck preservation is a safe oncological procedure with similar pathologic findings of a comparable no-bladder neck preservation series. Positive surgical margins at the level of bladder neck are linked to neoplasia with adverse pathological features, rather than the ""extreme"" bladder neck preservation procedure.",Urologia,2020,87,149-154,doi: 10.1177/0391560319899253. Epub 2020 Jan 22,https://www.ncbi.nlm.nih.gov/pubmed/31964317,,negative,0,2020.0
32320130,"Pelvic exenteration surgery in patients with locally advanced castration-naïve and castration-resistant, symptomatic prostate cancer",Heidenreich A,"OBJECTIVES: To evaluate retrospectively the surgical, symptomatic and oncological outcomes of pelvic exenteration surgery (PES) in men with significant intrapelvic complications of locally advanced castration-sensitive (CSPC) and castration-resistant prostate cancer (CRPC). PATIENTS AND METHODS: A total of 103 patients with locally advanced progressive and symptomatic CSPC or CRPC underwent PES (radical cystoprostatectomy, n = 71 [68.9%]; radical prostatectomy with continent vesicostomy, n = 9 [8.7%]; total exenteration, n = 23 [22.3%]). All patients underwent local staging via magnetic resonance imaging, cystoscopy and rectoscopy. Systemic staging was carried out with chest, abdominal and pelvic computed tomography scans and bone scans. Peri-operative complications were assessed according to Clavien-Dindo classification. Symptom-free and overall survival were evaluated using the Kaplan-Meier method. Statistical tests were two-tailed with a P value <0.05 taken to indicate statistical significance. RESULTS: After a median (range) follow-up of 36.5 (3-123) months, the symptom-free survival rate at 1 and 3 years was 89.2% (n = 89) and 64.1% (n = 66), respectively. The median symptom-free survival was 27.9 months. A total of 78.6% of the patients were symptom-free during their remaining lifetime. The overall survival rate at 1 and 3 years was 92.2% and 43.7%, respectively, and the median overall survival was 33.6 months. Clavien-Dindo grades 2, 3 and 4 complications developed in 31 (30.6%), 12 (11.6%) and eight patients (8.1%), respectively. CONCLUSION: Pelvic exenteration surgery is technically feasible in well-selected patients, resulting in symptom relief in >90% of patients, covering 80% of their remaining lifetime.",BJU Int,2020,126,342-349,doi: 10.1111/bju.15088. Epub 2020 May 16,https://www.ncbi.nlm.nih.gov/pubmed/32320130,,negative,0,2020.0
32476081,Survival outcomes of Asian younger men (< 55 years) undergoing radical prostatectomy: a review of prostate cancer database in a tertiary hospital in Singapore,Lu Y,"PURPOSE: Prostate cancer largely affects older men. This study aims to investigate prostate cancer in younger men (< 55 years) to shed light on the survival outcomes of this unique subset of patients in Asian context. METHODS: Data were obtained from the Singapore General Hospital Prostate Cancer Registry. Data on all men with clinically organ confined prostate cancer who underwent radical prostatectomy between 1998 and 2016 were obtained from the registry. Tumor characteristics, follow-up data, and cause of death were acquired. RESULTS: A total of 1120 men underwent radical prostatectomy between 1998 and 2016. Of these, 12 were aged ≤ 44 years, 106 were aged 45-54 years, 596 were aged 55-64, 397 were aged 65-74 and 9 were aged ≥ 75. There was no difference across age groups when comparing Gleason ≤ 7 vs Gleason ≥ 8 disease, T1/2 vs T3/4 disease and the median PSA values were similar. No difference was observed in overall survival or prostate cancer specific survival among 4 age groups (≤ 44, 45-54, 55-64, 65-74) (p = 0.156 and p = 0.227 respectively). Although there was a trend of increasing rate of biochemical recurrence for older patients, it's not statistically significant (p = 0.157). Time to biochemical recurrence was similar as well (p = 0.257). CONCLUSION: This large cohort of Asian patients who underwent radical prostatectomy did not show significant age-related differences in important parameters and outcomes.",Int Urol Nephrol,2020,52,1885-1891,doi: 10.1007/s11255-020-02518-7. Epub 2020 May 31,https://www.ncbi.nlm.nih.gov/pubmed/32476081,,negative,0,2020.0
15964706,Lack of benefit of pelvic radiation in prostate cancer patients with a high risk of positive pelvic lymph nodes treated with high-dose radiation,Vargas CE,"PURPOSE: The use of pelvic radiation for patients with a high risk of lymph node (LN) metastasis (>15%) remains controversial. We reviewed the data at three institutions treating patients with a combination of external-beam radiation therapy and high-dose-rate brachytherapy to address the prognostic implications of the use of the Roach formula and the benefit of pelvic treatment. METHODS AND MATERIALS: From 1986 to 2003, 1,491 patients were treated with external-beam radiation therapy and high-dose-rate brachytherapy. The Roach formula [2/3 prostate-specific antigen + (Gleason score -6) x 10] could be calculated for 1,357 patients. Group I consisted of patients having a risk of positive LN < or = 15% (n = 761), Group II had a risk >15% and < or = 30% (n = 422), and Group III had a risk of LN disease >30% (n = 174). A >15% risk of having positive LN was found in 596 patients and was used to determine the benefit of pelvic radiation. The pelvis was treated at two of the cancer centers (n = 312), whereas at the third center (n = 284) radiation therapy was delivered to the prostate and seminal vesicles alone. Average biologic effective dose was > or = 100 Gy (alphabeta = 1.2). Biochemical failure was as per the American Society for Therapeutic Radiology and Oncology definition. Statistics included the log-rank test as well as Cox univariate and multivariate analysis. RESULTS: For all 596 patients with a positive LN risk >15%, median follow-up was 4.3 years, with a mean of 4.8 years. For all cases, median follow-up was 4 years and mean follow-up was 4.4 years. Five-year results for the three groups based on their risk of positive LN were significantly different in terms of biochemical failure (p < 0.001), clinical control (p < 0.001), disease-free survival excluding biochemical failure (p < 0.001), cause-specific survival (p < 0.001), and overall survival (p < 0.001). For all patients with a risk of positive LN >15% (n = 596), Group II (>15-30% risk), or Group III (>30% risk), no benefit was seen in the 5-year rates of clinical failure, cause-specific survival, or overall survival with pelvic radiation. In the Cox multivariate analysis for cause-specific survival, Gleason score (p = 0.009, hazard ratio [HR] 3.1), T stage (p = 0.03, HR 1.8), and year of treatment (p = 0.05, HR 1.1) were significant. A log-rank test for cause-specific survival for all patients (n = 577) by the use of pelvic radiation was not significant (p = 0.99) accounting for high-dose-rate brachytherapy dose, neoadjuvant hormones, Gleason score, prostate-specific antigen, T stage, and year of treatment as covariates. CONCLUSIONS: The use of the Roach formula to stratify patients for clinical and biochemical outcomes is excellent. Pelvic radiation added to high prostate radiation doses did not show a clinical benefit for patients at a high risk of pelvic LN disease (>15%) selected using the Roach formula.",Int J Radiat Oncol Biol Phys,2005,1,,doi: 10.1016/j.ijrobp.2005.04.026. Epub 2005 Jun 20,https://www.ncbi.nlm.nih.gov/pubmed/15964706,,negative,0,2005.0
16813890,Long-term outcome following radical prostatectomy in men with clinical stage T3 prostate cancer.,Carver BS,"PURPOSE: We evaluated patients at our institution who underwent radical prostatectomy for clinical stage T3 prostate cancer to determine their long-term clinical outcomes. MATERIALS AND METHODS: We reviewed our prospective surgical database and identified 176 men who underwent radical retropubic prostatectomy for clinical stage T3 prostate cancer from 1983 to 2003. Clinical and pathological data were reviewed and evaluated in a Cox proportional hazards model to determine preoperative predictors of biochemical recurrence. Clinical progression following biochemical recurrence was evaluated and clinical failure was defined as the development of clinical metastases or progression to hormone refractory prostate cancer. RESULTS: Of the 176 patients with cT3 prostate cancer 64 (36%) received neoadjuvant hormonal therapy. At a mean followup of 6.4 years 84 (48%) patients had disease recurrence with a median time to biochemical recurrence of 4.6 years. The actuarial 10-year probability of freedom from recurrence was 44%. On multivariate analysis biopsy Gleason score, pretreatment serum prostate specific antigen and year of surgery were independent predictors of biochemical recurrence. Neoadjuvant hormonal therapy was not a significant predictor of biochemical recurrence. Following biochemical recurrence clinical failure developed in 30 of 84 (36%) men with a median time of 11 years. Overall the 5, 10 and 15-year probabilities of death from prostate cancer were 6%, 15% and 24%, respectively. CONCLUSIONS: More than half (52%) of our patients remained free of disease recurrence following radical prostatectomy. In our series neoadjuvant hormonal therapy offered no advantage with respect to disease recurrence. Radical prostatectomy remains an integral component in the treatment of select patients with clinical stage T3 prostate cancer.",J Urol,2006,176,564-8,10.1016/j.juro.2006.03.093,https://www.ncbi.nlm.nih.gov/pubmed/16813890,HIGH RISK,positive,1,
21070079,Stereotactic body radiotherapy as boost for organ-confined prostate cancer,Katz AJ,"Stereotactic body radiotherapy (SBRT) boost following external beam radiation therapy (EBRT) for advanced localized prostate cancer may reduce toxicity while escalating the dose. We present preliminary biochemical control and urinary, rectal and sexual toxicities for 73 patients treated with SBRT as a boost to EBRT. Forty-one intermediate- and 32 high-risk localized prostate cancer patients received 45 Gy EBRT with SBRT boost. Twenty-eight patients (38.3%) received a total SBRT boost dose of 18 Gy (3 fractions of 6 Gy), 28 patients (38.3%) received 19.5 Gy (3 fractions of 6.5 Gy), and 17 patients (23.2%) received 21 Gy (3 fractions of 7 Gy). Toxicity was assessed using the Radiation Therapy Oncology Group urinary and rectal toxicity scale. Biochemical failure was assessed using the Phoenix definition. The median follow-up was 33 months (range, 22 - 43 months). Less than 7% Grade II and no higher grade acute toxicities occurred. To date, one Grade III and no Grade IV late toxicities occurred. For the 97% of patients with 24 months minimum follow-up, 71.8% achieved a PSA nadir threshold of 0.5 ng/mL. Three intermediate-risk and seven high-risk biochemical failures occurred; one high-risk patient died of his cancer. Three-year actuarial biochemical control rates were 89.5% and 77.7% for intermediate- and high-risk patients, respectively. SBRT boost for prostate cancer treatment is safe and feasible with minimal acute toxicity. At 33 months late toxicity and biochemical control are promising. Long-term durability of these findings remains to be established.",Technol Cancer Res Treat,2010,9,575-82,doi: 10.1177/153303461000900605,https://www.ncbi.nlm.nih.gov/pubmed/21070079,,negative,0,2010.0
32215577,Outcomes of Observation vs Stereotactic Ablative Radiation for Oligometastatic Prostate Cancer: The ORIOLE Phase 2 Randomized Clinical Trial,Phillips R,"IMPORTANCE: Complete metastatic ablation of oligometastatic prostate cancer may provide an alternative to early initiation of androgen deprivation therapy (ADT). OBJECTIVE: To determine if stereotactic ablative radiotherapy (SABR) improves oncologic outcomes in men with oligometastatic prostate cancer. DESIGN, SETTING, AND PARTICIPANTS: The Observation vs Stereotactic Ablative Radiation for Oligometastatic Prostate Cancer (ORIOLE) phase 2 randomized study accrued participants from 3 US radiation treatment facilities affiliated with a university hospital from May 2016 to March 2018 with a data cutoff date of May 20, 2019, for analysis. Of 80 men screened, 54 men with recurrent hormone-sensitive prostate cancer and 1 to 3 metastases detectable by conventional imaging who had not received ADT within 6 months of enrollment or 3 or more years total were randomized. INTERVENTIONS: Patients were randomized in a 2:1 ratio to receive SABR or observation. MAIN OUTCOMES AND MEASURES: The primary outcome was progression at 6 months by prostate-specific antigen level increase, progression detected by conventional imaging, symptomatic progression, ADT initiation for any reason, or death. Predefined secondary outcomes were toxic effects of SABR, local control at 6 months with SABR, progression-free survival, Brief Pain Inventory (Short Form)-measured quality of life, and concordance between conventional imaging and prostate-specific membrane antigen (PSMA)-targeted positron emission tomography in the identification of metastatic disease. RESULTS: In the 54 men randomized, the median (range) age was 68 (61-70) years for patients allocated to SABR and 68 (64-76) years for those allocated to observation. Progression at 6 months occurred in 7 of 36 patients (19%) receiving SABR and 11 of 18 patients (61%) undergoing observation (P = .005). Treatment with SABR improved median progression-free survival (not reached vs 5.8 months; hazard ratio, 0.30; 95% CI, 0.11-0.81; P = .002). Total consolidation of PSMA radiotracer-avid disease decreased the risk of new lesions at 6 months (16% vs 63%; P = .006). No toxic effects of grade 3 or greater were observed. T-cell receptor sequencing identified significant increased clonotypic expansion following SABR and correlation between baseline clonality and progression with SABR only (0.082085 vs 0.026051; P = .03). CONCLUSIONS AND RELEVANCE: Treatment with SABR for oligometastatic prostate cancer improved outcomes and was enhanced by total consolidation of disease identified by PSMA-targeted positron emission tomography. SABR induced a systemic immune response, and baseline immune phenotype and tumor mutation status may predict the benefit from SABR. These results underline the importance of prospective randomized investigation of the oligometastatic state with integrated imaging and biological correlates. TRIAL REGISTRATION: ClinicalTrials.gov Identifier: NCT02680587.",JAMA Oncol,2020,1,,doi: 10.1001/jamaoncol.2020.0147,https://www.ncbi.nlm.nih.gov/pubmed/32215577,,negative,0,2020.0
20605366,Risk of all-cause and prostate cancer-specific mortality after brachytherapy in men with small prostate size,Nguyen PL,"BACKGROUND: Brachytherapy for prostate cancer can be technically challenging in men with small prostates (≤20 cc), but it is unknown whether their outcomes are different than those of men with larger prostates. METHODS AND MATERIALS: We studied 6,416 men treated with brachytherapy in one of 21 community-based practices. Cox regression and Fine and Gray's regression were used to determine whether volume ≤20 cc was associated with a higher risk of all-cause mortality (ACM) or prostate cancer-specific mortality (PCSM), respectively, after adjustment for other known prognostic factors. RESULTS: 443 patients (6.9%) had a prostate volume ≤20 cc. After a median follow-up of 2.91 years (interquartile range, 1.06-4.79), volume ≤20 cc was associated with a significantly higher risk of ACM (adjusted hazard ratio = 1.33 [95% CI 1.08-1.65], p = 0.0085) with 3-year estimates of ACM for ≤20 cc vs. >20 cc of 13.0% vs. 6.9% (p = 0.028). Only 23 men (0.36%) have died of prostate cancer, and no difference was seen in PCSM by volume (p = 0.4). CONCLUSION: Men with small prostates at the time of implant had a 33% higher risk of ACM, and the underlying cause of this remains uncertain. No increase in PCSM was observed in men with volume ≤20cc, suggesting that a small prostate should not in itself be a contraindication for brachytherapy, but inasmuch as absolute rates of PCSM were small, further follow-up will be needed to confirm this finding.",Int J Radiat Oncol Biol Phys,2011,1,,doi: 10.1016/j.ijrobp.2010.01.023. Epub 2010 Jun 3,https://www.ncbi.nlm.nih.gov/pubmed/20605366,,negative,0,2010.0
15538238,10-year disease-free survival rates after simultaneous irradiation for prostate cancer with a focus on calculation methodology.,Critz FA,"PURPOSE: We documented the 10-year disease-free survival rate after simultaneous irradiation for prostate cancer and suggested standards for outcome calculation methodology. MATERIALS AND METHODS: From 1992 to 1998, 1,469 consecutive men with clinical stage T1T2NxM0 prostate cancer who did not receive neoadjuvant hormones were treated with simultaneous irradiation, an ultrasound guided transperineal prostate I seed implant followed by external irradiation. Median pretreatment prostate specific antigen (PSA) was 7.1 ng/ml (range 0.3 to 88). All men were treated 5 or more years ago. Median followup was 6 years (range 3 months to 11 years). Disease freedom was defined as the achievement and maintenance of PSA 0.2 ng/ml or less, and treatment failure was defined as a PSA nadir greater than 0.2 ng/ml or a subsequent PSA increase above this level. RESULTS: The overall 10-year disease-free survival rate was 83%. Median time to recurrence was 30 months (range 3 months to 8 years) and 24% of recurrences were after 5-year followup. The 10-year outcome according to low, intermediate and high risk group was 93%, 80% and 61%, respectively (p <0.0001). Multivariate analysis of factors related to disease freedom documents that pretreatment PSA, Gleason score and percent positive biopsies were significant but stage and age were not. CONCLUSIONS: By calculating outcome with PSA cut point 0.2 ng/ml and evaluation only of men treated 5 or more years ago, the 10-year disease-free survival rates from this study can be reasonably compared with the outcome of radical prostatectomy performed in the PSA era.",J Urol,2004,172,2232-8,10.1097/01.ju.0000144033.61661.31,https://www.ncbi.nlm.nih.gov/pubmed/15538238,LOW RISK,positive,1,
15001244,Long-term outcome by risk factors using conformal high-dose-rate brachytherapy (HDR-BT) boost with or without neoadjuvant androgen suppression for localized prostate cancer.,Galalae RM,"PURPOSE: The aim of this study is to analyze, during the prostate-specific antigen (PSA) era, the long-term outcome of patients treated with conformal high-dose-rate (HDR) brachytherapy boost to the prostate with or without androgen deprivation therapy (ADT) when patients are stratified by risk factors for failure. METHODS AND MATERIALS: Between 1986 and 2000, 611 patients were treated for clinically localized prostate cancer in three prospective trials of external beam radiation therapy (EBRT) and dose-escalating HDR brachytherapy (BT) boost. There were 104 patients treated at Seattle, 198 at Kiel University, and 309 at William Beaumont Hospital. Of the 611 patients, 177 received a short course of neoadjuvant/concurrent ADT. The patients were divided into three risk groups. Group I, comprised of 46 patients, had stage < or =T2a, Gleason score (GS) < or = 6, and initial PSA (iPSA) < or = 10 ng/mL. Group II comprised 188 patients with stage > or =T2b, GS > or = 7, and iPSA > or = 10, with any one factor higher. Group III included 359 patients with any two risk factors higher. The American Society for Therapeutic Radiology and Oncology definition for biochemical failure was used. RESULTS: The mean follow-up was 5 years (range, 0.2-15.3). For the 611 patients, the 5-year and 10-year biochemical control (BC) rates were 77% and 73%, disease-free survival (DFS) was 67% and 49%, and cause-specific survival (CSS) was 96% and 92%, respectively. BC at 5 years for Group I patients was 96%, for Group II 88%, and for Group III patients 69%. CSS at 5 years was 100% in Group I, 99% in Group II, and 95% in Group III patients. In univariate and multiple regression analyses for BC, risk group, stage, iPSA, and GS were significant in predicting failure. However, age, follow-up interval, and ADT did not. CONCLUSIONS: EBRT with HDR-BT produced excellent long-term outcomes in terms of BC, DFS, and CSS in patients with prostate cancer even for those at highest risk. Conformal HDR-BT is both a precise dose delivery system and an effective treatment for both favorable and unfavorable prostate cancer. The addition of a short course of neoadjuvant/concurrent ADT failed to improve outcome. The results were similar at all three institutions, giving credence to the reproducibility of the brachytherapy treatment.",Int J Radiat Oncol Biol Phys,2004,58,1048-55,10.1016/j.ijrobp.2003.08.003,https://www.ncbi.nlm.nih.gov/pubmed/15001244,INTERMEDIATE RISK,positive,1,
19467793,Natural history of clinically staged low- and intermediate-risk prostate cancer treated with monotherapeutic permanent interstitial brachytherapy.,Taira AV,"PURPOSE: To evaluate the natural history of clinically staged low- and intermediate-risk prostate cancer treated with permanent interstitial seed implants as monotherapy. METHODS AND MATERIALS: Between April 1995 and May 2005, 463 patients with clinically localized prostate cancer underwent brachytherapy as the sole definitive treatment. Men who received supplemental external beam radiotherapy or androgen deprivation therapy were excluded. Dosimetric implant quality was determined based on the minimum dose that covered 90% of the target volume and the volume of the prostate gland receiving 100% of the prescribed dose. Multiple parameters were evaluated as predictors of treatment outcomes. RESULTS: The 12-year biochemical progression-free survival (bPFS), cause-specific survival, and overall survival rates for the entire cohort were 97.1%, 99.7%, and 75.4%, respectively. Only pretreatment prostate-specific antigen level, percent positive biopsy cores, and minimum dose that covered 90% of the target volume were significant predictors of biochemical recurrence. The bPFS, cause-specific survival, and overall survival rates were 97.4%, 99.6%, and 76.2%, respectively, for low-risk patients and 96.4%, 100%, and 74.0%, respectively, for intermediate-risk patients. The bPFS rate was 98.8% for low-risk patients with high-quality implants versus 92.1% for those with less adequate implants (p < 0.01), and it was 98.3% for intermediate-risk patients with high-quality implants versus 86.4% for those with less adequate implants (p < 0.01). CONCLUSIONS: High-quality brachytherapy implants as monotherapy can provide excellent outcomes for men with clinically staged low- and intermediate-risk prostate cancer. For these men, a high-quality implant can achieve results comparable to high-quality surgery in the most favorable pathologically staged patient subgroups.",Int J Radiat Oncol Biol Phys,2010,76,349-54,10.1016/j.ijrobp.2009.02.021,https://www.ncbi.nlm.nih.gov/pubmed/19467793,LOW RISK,positive,1,
20832665,Biochemical disease-free rate and toxicity for men treated with iodine-125 prostate brachytherapy with d(90) ≥180 Gy,Gómez-Iturriaga Piña A,"PURPOSE: Iodine-125 ((125)I) prostate brachytherapy is planned with a prescribed dose of 145 Gy and minimal dose received by 90% of the prostate (D(90)) of 120-125% (174-181 Gy). We examined the clinical outcomes and toxicity profile of men receiving a D(90) (isodose enclosing 90% of the prostate) of ≥180 Gy. METHODS AND MATERIALS: Between March 1999 and May 2006, 129 men (17% of our total brachytherapy population) treated with (125)I monotherapy for Stage T1-T2 prostate cancer received a D(90) ≥180 Gy. Implants were performed using transrectal ultrasonography and fluoroscopic guidance. The 1-month postplan dosimetry used magnetic resonance imaging-computed tomography fusion. The minimal follow-up was 2 years. Toxicity was scored according to the National Cancer Institute Common Terminology Criteria for Adverse Events toxicity scale, version 3. RESULTS: The median patient age was 63 years (range, 50-76), and the pretreatment prostate-specific antigen level was 5.5 ng/mL (range, 0.6-13.5). The Gleason score was ≤6 in 125 patients and was 7 in 4 patients. The median follow-up period was 40 months (range, 24-111), and the median D(90) was 186 Gy. The median minimal dose received by 30% of the urethra was 203 Gy, and the median rectal volume receiving a minimum of 100% of the prescribed dose was 0.81 cm(3). Acute Grade 2 genitourinary toxicity was seen in 5.4% and late Grade 2 in 7%. Late urinary retention (Grade 3) was seen in 2 patients (1.5%). Grade 1 rectal bleeding occurred in 9.3% and Grade 2 in 2.3%. On univariate logistic regression analysis, none of the clinical and dosimetric parameters predicted for rectal bleeding. Of 110 men who were potent before treatment, 81% remained potent 5 years after treatment. Three biochemical failures and only one local failure developed. The 5-year biochemical no evidence of disease rate using the ""nadir plus 2"" definition was 96.8%. CONCLUSION: A D(90) of ≥180 Gy is associated with excellent biochemical disease-free survival and acceptable toxicity.",Int J Radiat Oncol Biol Phys,2010,1,,doi: 10.1016/j.ijrobp.2009.07.1723,https://www.ncbi.nlm.nih.gov/pubmed/20832665,,negative,0,2010.0
25614253,Ten-year outcomes of I¹²⁵ low-dose-rate brachytherapy for clinically localized prostate cancer: a single-institution experience in Japan,Hayashi N,"PURPOSE: To report 10-year outcomes of patients treated with I(125) low-dose-rate brachytherapy (BT) for clinically localized prostate cancer. METHODS: A group of 1,060 patients with clinically localized prostate cancer treated with I(125) BT between March 2004 and December 2013 at the Yokohama City University Hospital were identified. The records of 743 patients with a minimum of 2 years of follow-up were reviewed. Cohorts were categorized according to National Comprehensive Cancer Network risk classification, and biochemical outcomes plus overall survival were examined. Biochemical failure was defined as nadir prostate-specific antigen (PSA) level + 2 ng/mL. Univariate and multivariate Cox proportional hazards were used to determine predictors of biochemical failure. RESULTS: A total of 743 patients met the criteria with a median follow-up of 54.6 months (range 24-114 months). The median age was 70 years (range 48-83). The 5- and 7-year overall survival rates were 98.8 and 97.6 %, and the 5- and 7-year biochemical failure-free survival rates were 92.6 and 91.0 %, respectively. With regard to distant metastases and survival, the 5- and 7-year metastatic-free survival rates were 98.2 and 95.9 %, respectively. A multivariate analysis revealed that initial PSA (p = 0.005; HR 1.097, 95 % CI 1.028-1.170), age (p = 0.001; HR 0.931, 95 % CI 0.893-0.971), and T stage (T1c vs. T2a) (p = 0.002; HR2.417, 95 % CI 1.319-4.267) were independent predictors of biochemical failure. CONCLUSIONS: I(125) low-dose-rate BT resulted in excellent survival and morbidity outcomes for localized prostate cancer at a single institution. Further studies are needed to obtain long-term outcomes.",World J Urol,2015,33,1519-26,doi: 10.1007/s00345-015-1480-0. Epub 2015 Jan 23,https://www.ncbi.nlm.nih.gov/pubmed/25614253,,negative,0,2015.0
14575822,Long-term multi-institutional analysis of stage T1-T2 prostate cancer treated with radiotherapy in the PSA era.,Kuban DA,"PURPOSE: To report the long-term outcome for patients with Stage T1-T2 adenocarcinoma of the prostate definitively irradiated in the prostate-specific antigen (PSA) era. METHODS AND MATERIALS: Nine institutions combined data on 4839 patients with Stage T1b, T1c, and T2 adenocarcinoma of the prostate who had a pretreatment PSA level and had received >or=60 Gy as definitive external beam radiotherapy. No patient had hormonal therapy before treatment failure. The median follow-up was 6.3 years. The end point for outcome analysis was PSA disease-free survival at 5 and 8 years after therapy using the American Society for Therapeutic Radiology and Oncology (ASTRO) failure definition. RESULTS: The PSA disease-free survival rate for the entire group of patients was 59% at 5 years and 53% at 8 years after treatment. For patients who had received >or=70 Gy, these percentages were 61% and 55%. Of the 4839 patients, 1582 had failure by the PSA criteria, 416 had local failure, and 329 had distant failure. The greatest risk of failure was at 1.5-3.5 years after treatment. The failure rate was 3.5-4.5% annually after 5 years, except in patients with Gleason score 8-10 tumors for whom it was 6%. In multivariate analysis for biochemical failure, pretreatment PSA, Gleason score, radiation dose, tumor stage, and treatment year were all significant prognostic factors. The length of follow-up and the effect of backdating as required by the ASTRO failure definition also significantly affected the outcome results. Dose effects were most significant in the intermediate-risk group and to a lesser degree in the high-risk group. No dose effect was seen at 70 or 72 Gy in the low-risk group. CONCLUSION: As follow-up lengthens and outcome data accumulate in the PSA era, we continue to evaluate the efficacy and durability of radiotherapy as definitive therapy for early-stage prostate cancer. Similar studies with higher doses and more contemporary techniques will be necessary to explore more fully the potential of this therapeutic modality.",Int J Radiat Oncol Biol Phys,2003,57,915-28,10.1016/s0360-3016(03)00632-1,https://www.ncbi.nlm.nih.gov/pubmed/14575822,INTERMEDIATE RISK,positive,1,
20815417,CyberKnife radiosurgery for prostate cancer,Katz AJ,"Treatment of prostate cancer with SBRT is an area of significant controversy for many in the radiation oncology community despite radiobiologic data that strongly suggest the prostate would be an excellent SBRT target. Recently, new data have emerged that show promising outcomes with minimal toxicity for CyberKnife SBRT of prostate cancer. In the following we present the motivating factors for prostate cancer SBRT followed by a critical evaluation of the current literature and discussion of the future of prostate cancer treatment with SBRT.",Technol Cancer Res Treat,2010,9,463-72,doi: 10.1177/153303461000900504,https://www.ncbi.nlm.nih.gov/pubmed/20815417,,negative,0,2010.0
23103235,25-Year disease-free survival rate after irradiation for prostate cancer calculated with the prostate specific antigen definition of recurrence used for radical prostatectomy.,Critz FA,"PURPOSE: We addressed whether there is durable control of prostate cancer, defined as a prostate specific antigen cutoff of less than 0.2 ng/ml, greater than 20 years after irradiation for this disease. We also evaluated late recurrence, defined as recurrence after 10-year followup. MATERIALS AND METHODS: A total of 3,546 consecutive hormone naïve men were treated with a (125)I prostate implant (retropubic and later transperineal), followed by external beam irradiation, from 1984 to 2000. Recurrence was defined as a prostate specific antigen increase of greater than 0.20 ng/ml or a prostate specific antigen nadir of greater than 0.20 ng/ml. Median followup was 11 years (range 3 months to 26 years). RESULTS: In all men 10, 15, 20 and 25-year disease-free survival rates were 75%, 73%, 73% and 73%, respectively. Longest time to recurrence was at the 15.5-year followup. In 313 men with recurrence who were treated 16 to 25 years ago 5% of recurrences were late. In men implanted by the transperineal method since 1995 the 15-year disease-free survival rate was 79%. CONCLUSIONS: With this irradiation program cancer control, defined using the recurrence definition for radical prostatectomy, was durable with no further recurrence between 15.5 and 25 years of followup. This study also suggests that at least 15 years of followup are necessary to fully evaluate any prostate cancer treatment. Furthermore, if prostate specific antigen is less than 0.20 ng/ml 15 years after treatment, later recurrence should be unlikely.",J Urol,2013,189,878-83,10.1016/j.juro.2012.10.061,https://www.ncbi.nlm.nih.gov/pubmed/23103235,LOW RISK,positive,1,
25806763,Low-dose-rate brachytherapy for low-grade prostate cancer,Raabe NK,"BACKGROUND: Prostate cancer is a radiosensitive type of cancer for which radiotherapy is used for both curative and palliative purposes. Low-dose-rate brachytherapy is an internal radiotherapy technique which allows high doses of radiation to be delivered to a tumour at short range and with a high degree of precision. We have conducted a systematic review of the evidence base for this treatment. The method is not established in Norway. METHOD: This review is based on systematic review articles and publications on treatment, outcomes, adverse effects and health economics considerations found by searching the databases Cochrane Library, Current Controlled Trials, Medline, Embase and NICE (National Institute of Clinical Excellence). RESULTS: Subsequent to long-term observations of the efficacy, adverse effects and costs presented in 43 selected studies, including one randomised, controlled trial, there is still uncertainty as to which of the three methods low-dose brachytherapy, external radiotherapy and radical prostatectomy is optimal. The reason for this is the methodological differences in patient selection and in endpoints such as biochemical disease-free interval and cause-specific survival. The evidence base appears to suggest that low-dose-rate brachytherapy causes more frequent grade 2 and 3 doctor-reported urogenital adverse effects than prostatectomy, but better patient-reported sexual functions and fewer patients with urinary incontinence than after surgery. Low-dose-rate brachytherapy appears to be socioeconomically cost-effective. INTERPRETATION: The evidence base with respect to therapeutic effect and toxicity in men with low-risk prostate cancer treated with low-dose brachytherapy is regarded as solidly documented. However, there are no good prospective randomised multi-centre trials with overall survival as an endpoint.",Tidsskr Nor Laegeforen,2015,24,,doi: 10.4045/tidsskr.13.1404. eCollection 2015 Mar 24,https://www.ncbi.nlm.nih.gov/pubmed/25806763,,negative,0,2015.0
26632846,Role of Focal Therapy with High-Intensity Focused Ultrasound in the Management of Clinically Localized Prostate Cancer,Kuru TH,"Overtreatment of prostate cancer (PC) remains one of the main burdens in uro-oncology. Focal therapy may be a reasonable alternative with less side effects and morbidity. Application of high-intensity focused ultrasound (HIFU) induces immediate and irreversible coagulation. The treatment leads to consecutive necrosis with sharply delineated margins, making HIFU a promising tool for the focal therapy of localized PC. Unlike radiation, the treatment leaves no collateral damage outside of the heated tissue, allowing repeated use of HIFU, if necessary. In case of non-organ-confined relapse, additional radical salvage therapy can be performed. This review gives an overview of the existing evidence on focal HIFU. Today, 3 HIFU devices are approved for the treatment of localized PC: Sonablate™, Ablatherm™ and the FocalOne™ device. In summary, the first published results of focal HIFU are promising. The quality of life and potency of the patients are well preserved. Therefore, HIFU treatment, and especially focal ablation of tumor foci, seems to be a safe alternative to standard treatment, with low side effects. The oncologic results seem satisfactory but need further follow-up to validate this practice of PC control.",Oncol Res Treat,2015,38,634-8,doi: 10.1159/000441600. Epub 2015 Nov 9,https://www.ncbi.nlm.nih.gov/pubmed/26632846,,negative,0,2015.0
19168203,Population-based study of biochemical and survival outcomes after permanent 125I brachytherapy for low- and intermediate-risk prostate cancer.,Morris WJ,"OBJECTIVES: To analyze the biochemical and survival outcomes after permanent low-dose-rate prostate brachytherapy in a large, consecutive, population-based cohort of patients. METHODS: A total of 1006 consecutive implants were performed from July 20, 1998 to October 23, 2003 for men with low-risk and ""low-tier"" intermediate-risk prostate cancer. The prescribed minimal peripheral dose was 144 Gy, using 0.33 mCi (125)I sources and a preplan technique with a strong posterior-peripheral dose bias. Most patients (65%) had received 6 months of androgen deprivation therapy. Supplemental external beam radiotherapy was not used. The prognostic features, dose metrics, and follow-up data were prospectively collected. Kaplan-Meier and Cox regression analyses were used to assess the factors associated with freedom from biochemical recurrence and survival. RESULTS: The median patient age at treatment was 66 years. The median follow-up was 54 months for biochemical outcomes and 66 months for survival. The actuarial freedom from biochemical recurrence rate was 95.6% +/- 1.6% at 5 years and 94.0% +/- 2.2% at 7 years. On multivariate analysis, the pretreatment prostate-specific antigen level (P = .03) and androgen deprivation therapy use (P = .04) were predictive of the freedom from biochemical recurrence. The actuarial rates of distant metastasis and disease-specific death at 5 years were both <1%. The overall survival rate at 5 years was 95.2% +/- 1.4% and was 93.4% +/- 1.8% at 7 years. On multivariate analysis, only age was predictive of overall survival (P = .011). CONCLUSIONS: When consistently planned and delivered, low-dose-rate brachytherapy, without supplemental external beam radiotherapy or intraoperative planning, can produce cancer-specific outcomes for men with low- and ""low-tier"" intermediate-risk prostate cancer at least equal to that produced by dose-escalated external beam radiotherapy or surgical prostatectomy.",Urology,2009,73,860-5; discussion 865-7,10.1016/j.urology.2008.07.064,https://www.ncbi.nlm.nih.gov/pubmed/19168203,LOW RISK,positive,1,
21104184,Salvage robotic assisted laparoscopic radical prostatectomy: indications and outcomes,Williams SB,"OBJECTIVES: Salvage robotic assisted laparoscopic radical prostatectomy (SRALP) has now become a feasible alternative to open prostatectomy in experienced hands. Herein we review the urologic literature for the indications and outcomes of SRALP. METHODS: A comprehensive review of the peer reviewed literature was performed for reported cases of salvage robotic and open prostatectomy, with emphasis being on comparing oncologic outcomes. RESULTS: Salvage prostatectomy, whether open or robotic, is a viable alternative for treatment of recurrent, localized, non-metastatic prostate cancer after failed primary radiotherapy. Although few reports of salvage robotic prostatectomy have been published with limited long-term follow-up, initial oncologic results seem at least comparable to the salvage open prostatectomy series. SRALP should be performed by centers with a dedicated and well experienced robotic urologic oncology program. CONCLUSIONS: SRALP is a feasible surgical treatment option for patients with recurrence after primary radiotherapy with preliminary oncologic outcomes comparable to the open approach. Further long-term follow-up is needed to validate these results.",World J Urol,2013,31,431-4,doi: 10.1007/s00345-010-0619-2. Epub 2010 Nov 21,https://www.ncbi.nlm.nih.gov/pubmed/21104184,,negative,0,2010.0
20171808,Comparison between high and low source activity seeds for I-125 permanent seed prostate brachytherapy,Masucci GL,"PURPOSE: To compare low (mean 0.44, SD ± 0.0163 mCi) with high source activity (0.61 ± 0.0178 mCi) in I(125) permanent seed brachytherapy regarding seed loss, dosimetric outcome, and toxicity. METHODS AND MATERIALS: The study included 199 patients with prostate cancer treated by permanent seed brachytherapy alone: the first 105 with seeds of lower activity (first cohort), the following 94 with higher seed activity (second cohort). The V100, V150, V200, and D90 were analyzed on the CT scan 30 days after implantation (CTD30). The V100, V150, and D2 of the rectum were also calculated on CTD30. Seed loss was determined 30 days after implantation. Urinary toxicity was measured with the International Prostate Symptom Score (IPSS) questionnaire. RESULTS: Lower seed activity was associated with lower V150 and V200 (p = 0.01 and p ≤ 0.001, respectively) on CTD30. More patients had a V100 <90% and D90 <140 Gy in the lower activity cohort (p = 0.098 for D90 and p = 0.029 for V100) on CTD30. There was no difference between cohorts in dose to the rectum (p = 0.325-0.516) or difference in patients' IPSS score from baseline (p = 0.0.117-0.618), although there was a trend toward more urinary toxicity at 4 and 8 months for high activity seeds. Seed loss as a percentage of implanted seeds was not different (p = 0.324). CONCLUSIONS: Higher seed activity (I(125) ≥ 0.6 mCi) results in at least equal V100 and D90 on CTD30. However, dose inhomogeneity and a trend toward more urinary toxicity at 4 and 8 months after treatment may lead to a higher long-term urinary complications.",Int J Radiat Oncol Biol Phys,2010,1,,doi: 10.1016/j.ijrobp.2009.08.057. Epub 2010 Feb 19,https://www.ncbi.nlm.nih.gov/pubmed/20171808,,negative,0,2010.0
16322296,Elevated expression of angiogenin in prostate cancer and its precursors,Katona TM,"PURPOSE: Angiogenin is a polypeptide involved in the formation and establishment of new blood vessels necessary for growth and metastasis of numerous malignant neoplasms, including prostatic adenocarcinoma. Antiangiogenin therapy inhibits the establishment, growth, and metastasis of prostatic adenocarcinoma in animal studies. In this study, we have investigated the expression of angiogenin in prostatic adenocarcinoma, high-grade prostatic intraepithelial neoplasia, and adjacent benign prostatic epithelium in a large cohort of prostatectomy specimens. METHODS: We have studied the expression of angiogenin by immunohistochemistry in prostatic adenocarcinoma, high-grade prostatic intraepithelial neoplasia, and adjacent benign prostatic tissue in 107 human total prostatectomy specimens. RESULTS: The percentage of cells staining positively for angiogenin in benign prostatic glandular epithelium (mean = 17%) was significantly less than for high-grade prostatic intraepithelial neoplasia (mean = 58%, P < 0.001) and prostatic adenocarcinoma (mean = 60%, P < 0.001). Compared with adjacent benign prostatic epithelium, the staining intensity was significantly greater in high-grade prostatic intraepithelial neoplasia (P < 0.001) and prostatic adenocarcinoma (P < 0.001). Furthermore, staining intensity has significantly stronger in prostatic adenocarcinoma versus high-grade prostatic intraepithelial neoplasia (P = 0.0023). However, there was no correlation of angiogenin expression with various clinical and pathologic variables examined, including age at surgery, Gleason scores, pathologic stage, tumor extent, angiolymphatic invasion, extraprostatic extension, seminal vesical invasion, lymph node metastasis, surgical margin status, presence of prostatic intraepithelial neoplasia, and perineural invasion. CONCLUSION: Angiogenin expression in prostatic tissue increases as prostatic epithelial cells evolve from a benign to an invasive phenotype. The increasing expression of prostatic adenocarcinoma in the progression from benign prostate to high-grade prostatic intraepithelial neoplasia and ultimately to prostatic adenocarcinoma are consistent with previous studies showing the influential role that angiogenin plays in the growth, invasion, and metastasis of prostatic adenocarcinoma and many other malignant tumors.",Clin Cancer Res,2005,1,,doi: 10.1158/1078-0432.CCR-05-0962,https://www.ncbi.nlm.nih.gov/pubmed/16322296,,negative,0,2005.0
32089359,Radical Prostatectomy or Observation for Clinically Localized Prostate Cancer: Extended Follow-up of the Prostate Cancer Intervention Versus Observation Trial (PIVOT),Wilt TJ,"BACKGROUND: Very long-term mortality in men with early prostate cancer treated with surgery versus observation is uncertain. OBJECTIVE: To determine long-term effects of surgery versus observation on all-cause mortality for men with early prostate cancer. DESIGN, SETTING, AND PARTICIPANTS: This study evaluated long-term follow-up of a randomized trial conducted at the US Department of Veterans Affairs and National Cancer Institute sites. The participants were men (n=731) ≤75yr of age with localized prostate cancer, prostate-specific antigen (PSA) <50ng/ml, life expectancy ≥10yr, and medically fit for surgery. INTERVENTION: Radical prostatectomy versus observation. OUTCOME MEASUREMENTS AND STATISTICAL ANALYSIS: All-cause mortality was assessed in the entire cohort and patient and tumor subgroups. Intention-to-treat analysis was conducted using Kaplan-Meier methods with log-rank tests and Cox proportional hazard models; cumulative mortality incidence, between-group differences, and relative risks were also assessed at predefined time periods. RESULTS AND LIMITATIONS: During 22.1yr (median follow-up for survivors=18.6yr; interquartile range: 16.6-20.0), 515 men died; 246 of 346 men (68%) were assigned to surgery versus 269 of 367 (73%) assigned to observation (hazard ratio 0.84 [95% confidence interval {CI}: 0.70-1.00]; p= 0.044 [absolute risk reduction = 5.7 percentage points, 95% CI: -0.89 to 12%]; relative risk: 0.92 [95% CI: 0.84-1.01]). The restricted mean survival in the surgical group was 13.6 yr (95% CI: 12.9-14.3) versus 12.6 yr (95% CI: 11.8-13.3) in the observation group; a mean of 1 life-year was gained with surgery. Results did not significantly vary by patient or tumor characteristics, although differences were larger favoring surgery among men aged <65 yr, of white race, and having better health status, fewer comorbidities, ≥34% positive prostate biopsy cores, and intermediate-risk disease. Results were not adjusted for multiple comparisons, and we could not assess outcomes other than all-cause mortality. CONCLUSIONS: Surgery was associated with small very long-term reductions in all-cause mortality and increases in years of life gained. Absolute effects did not vary markedly by patient characteristics. Absolute effects and mean survival were much smaller in men with low-risk disease, but were greater in men with intermediate-risk disease although not in men with high-risk disease. PATIENT SUMMARY: In this randomized study, we evaluated death from any cause in men with early prostate cancer treated with either surgery or observation. Overall, surgery may provide small very long-term reductions in death from any cause and increases in years of life gained. Absolute effects were much smaller in men with low-risk disease, but were greater in men with intermediate-risk disease although not in men with high-risk disease. Strategies are needed to identify men needing and benefitting from surgery while reducing ineffective treatment and overtreatment.",Eur Urol,2020,77,713-724,doi: 10.1016/j.eururo.2020.02.009. Epub 2020 Feb 21,https://www.ncbi.nlm.nih.gov/pubmed/32089359,,negative,0,2020.0
20122161,Stereotactic body radiotherapy for organ-confined prostate cancer,Katz AJ,"BACKGROUND: Improved understanding of prostate cancer radiobiology combined with advances in delivery of radiation to the moving prostate offer the potential to reduce treatment-related morbidity and maintain quality of life (QOL) following prostate cancer treatment. We present preliminary results following stereotactic body radiotherapy (SBRT) treatment for organ-confined prostate cancer. METHODS: SBRT was performed on 304 patients with clinically localized prostate cancer: 50 received 5 fractions of 7 Gy (total dose 35 Gy) and 254 received 5 fractions of 7.25 Gy (total dose 36.25 Gy). Acute and late toxicity was assessed using the Radiation Therapy Oncology Group scale. The Expanded Prostate Cancer Index Composite questionnaire was used to assess QOL. Prostate-specific antigen response was monitored. RESULTS: At a median 30-month (26 - 37 month, range) follow-up there were no biochemical failures for the 35-Gy dose level. Acute Grade II urinary and rectal toxicities occurred in 4% of patients with no higher Grade acute toxicities. One Grade II late urinary toxicity occurred with no other Grade II or higher late toxicities. At a median 17-month (8 - 27 month, range) follow-up the 36.25 Gy dose level had 2 low- and 2 high-risk patients fail biochemically (biopsy showed 2 low- and 1 high-risk patients were disease-free in the gland). Acute Grade II urinary and rectal toxicities occurred in 4.7% (12/253) and 3.6% (9/253) of patients, respectively. For those patients with a minimum of 12 months follow-up, 5.8% (12/206) had late Grade II urinary toxicity and 2.9% (6/206) had late Grade II rectal toxicities. One late Grade III urinary toxicity occurred; no Grade IV toxicities occurred. For both dose levels at 17 months, bowel and urinary QOL returned to baseline values; sexual QOL decreased by 10%. CONCLUSIONS: The low toxicity and maintained QOL are highly encouraging. Additional follow-up is needed to determine long-term biochemical control and maintenance of low toxicity and QOL.",BMC Urol,2010,1,,doi: 10.1186/1471-2490-10-1,https://www.ncbi.nlm.nih.gov/pubmed/20122161,,negative,0,2010.0
26004800,Duration of Androgen Deprivation Therapy Influences Outcomes for Patients Receiving Radiation Therapy Following Radical Prostatectomy,Jackson WC,"BACKGROUND: Limited data exist to guide the use of androgen deprivation therapy (ADT) for men treated with radiation therapy (RT) after radical prostatectomy (RP). The optimal duration of ADT in this setting is unknown. OBJECTIVE: To determine if the duration of ADT influences clinical outcomes for men receiving post-RP RT. DESIGN, SETTING, AND PARTICIPANTS: A total of 680 men who received adjuvant radiation therapy (n=105) or salvage radiation therapy (n=575) between 1986 and 2010 at a single tertiary care institution were reviewed retrospectively. Median follow-up post-RT was 57.8 mo. INTERVENTION: RT was delivered using three-dimensional conformal or intensity-modulated RT in 1.8-Gy fractions. For patients treated with ADT, >80% were treated with a gonadotropin-releasing hormone agonist with or without a nonsteroidal antiandrogen. OUTCOME MEASUREMENTS AND STATISTICAL ANALYSIS: Biochemical failure (BF), distant metastasis (DM), prostate cancer-specific mortality (PCSM), and overall mortality were assessed using Kaplan-Meier analysis and propensity score analysis. RESULTS AND LIMITATIONS: Overall, 144 patients (21%) received ADT with post-RP RT, most of whom had high-risk disease features such as Gleason score 8-10, seminal vesicle invasion, or pre-RT prostate-specific antigen >1 ng/ml. Median ADT duration was 12 mo (interquartile range: 6.0-23.7). Patients who received <12 mo of ADT had an association with increased BF (hazard ratio [HR]: 2.27; p=0.003) and DM (HR: 2.48; p=0.03) compared with patients receiving ≥12 mo of ADT. The 5-yr rates of DM were 6.0% and 23% for ≥12 and <12 mo of ADT, respectively. On propensity score analysis controlling for pretreatment and treatment-related factors, each month of ADT was associated with a decreased risk for BF (HR: 0.95; p=0.0004), DM (HR: 0.88; p=0.0004), and PCSM (HR: 0.90; p=0.037). These findings are limited by the retrospective nature of our analysis. CONCLUSIONS: For men with high-risk disease features receiving ADT with post-RP RT, the duration of ADT is associated with clinical outcomes. Our findings suggest that for these men an extended course of ADT ≥12 mo may be preferable. Validation of our findings is needed. PATIENT SUMMARY: We evaluated outcomes for men with high-risk disease features treated with androgen deprivation therapy (ADT) and radiotherapy after radical prostatectomy. Longer durations of ADT resulted in improved patient outcomes.",Eur Urol,2016,69,50-7,doi: 10.1016/j.eururo.2015.05.009. Epub 2015 May 21,https://www.ncbi.nlm.nih.gov/pubmed/26004800,,negative,0,2015.0
20605342,Long-term outcome for clinically localized prostate cancer treated with permanent interstitial brachytherapy.,Taira AV,"PURPOSE: To present the largest series of prostate cancer brachytherapy patients treated with modern brachytherapy techniques and postimplant day 0 dosimetric evaluation. METHODS AND MATERIALS: Between April 1995 and July 2006, 1,656 consecutive patients were treated with permanent interstitial brachytherapy. Risk group stratification was carried out according to the Mt. Sinai guidelines. Median follow-up was 7.0 years. The median day 0 minimum dose covering at least 90% of the target volume was 118.8% of the prescription dose. Cause of death was determined for each deceased patient. Multiple clinical, treatment, and dosimetric parameters were evaluated for impact on the evaluated survival parameters. RESULTS: At 12 years, biochemical progression-free survival (bPFS), cause-specific survival (CSS), and overall survival (OS) for the entire cohort was 95.6%, 98.2%, and 72.6%, respectively. For low-, intermediate-, and high-risk patients, bPFS was 98.6%, 96.5%, and 90.5%; CSS was 99.8%, 99.3%, and 95.2%; and OS was 77.5%, 71.1%, and 69.2%, respectively. For biochemically controlled patients, the median posttreatment prostate-specific antigen (PSA) concentration was 0.02 ng/ml. bPFS was most closely related to percent positive biopsy specimens and risk group, while Gleason score was the strongest predictor of CSS. OS was best predicted by patient age, hypertension, diabetes, and tobacco use. At 12 years, biochemical failure and cause-specific mortality were 1.8% and 0.2%, 5.1% and 2.1%, and 10.4% and 7.1% for Gleason scores 5 to 6 and 7 and ≥8, respectively. CONCLUSIONS: Excellent long-term outcomes are achievable with high-quality brachytherapy for low-, intermediate-, and high-risk patients. These results compare favorably to alternative treatment modalities including radical prostatectomy.",Int J Radiat Oncol Biol Phys,2011,79,1336-42,10.1016/j.ijrobp.2010.01.005,https://www.ncbi.nlm.nih.gov/pubmed/20605342,HIGH RISK,positive,1,
16259869,I-125 versus Pd-103 for low-risk prostate cancer: long-term morbidity outcomes from a prospective randomized multicenter controlled trial,Herstein A,"BACKGROUND: We tested the hypothesis that the shorter half-life of Pd-103 versus I-125 results in different late radiation-related morbidities following prostate brachytherapy. METHODS: As of June 14th, 2002, 352 of a planned total of 600 patients with 1997 American Joint Committee on Cancer (AJCC) clinical stage T1c-T2a prostatic carcinoma (Gleason grade 2-6, PSA 4-10 ng/mL) had been randomized to implantation with I-125 (144 Gy, TG-43) or Pd-103 (125 Gy, NIST-99). Treatment-related morbidity was monitored by questionnaires based on standard American Urologic Association (AUA) and Radiation Therapy Oncology Group (RTOG) criteria that were mailed at 1, 3, 6, 12, 18, and 24 months after implant. The use of alpha-blockers to relieve obstructive symptoms was not controlled for but was noted at each follow-up point. All patients reported here had a minimum follow-up of 2 years. Dosimetric parameters analyzed included the V100, which was defined as the percentage of the postimplant prostate volume covered by 100% of the prescription dose. Rectal doses were expressed as the R100, defined as the rectal volume (cc) that received at least 100% of the prescription dose. Statistical comparisons were by Student's unpaired t-test at specified follow-up times. RESULTS: The AUA scores peaked at the 1-month postimplant time point for both isotopes and gradually declined. The difference in AUA scores between patients who received I-125 versus those who received Pd-103 was greatest at 1 and 6 months following implantation. At 1 month, I-125 patients had a mean AUA score of 14.8 (+/-9.5) compared with 18.6 (+/-9.8) for the Pd-103 patients (P = 0.0009). By 6 months, mean AUA scores for the I-125 patients had decreased to 12.0 (+/-9.1) compared with 9.9 (+/-8.7) for the Pd-103 patients (P = 0.04). The use of alpha-blockers was similar between groups at all time points. Radiation proctitis (persistent bleeding) occurred in 29 of 314 patients (9%). There was an overall trend toward more proctitis in I-125 patients (P = 0.21). However, only four of the 163 patients (2%) with an R100 below the recommended 1.0 cc developed bleeding, which did not differ between isotopes (P = 0.49). DISCUSSION: Patients treated with Pd-103 had more intense radiation prostatitis in the first month after implantation, but they recovered from their radiation-related symptoms sooner than I-125 patients, consistent with palladium's shorter half-life. The trend toward more proctitis in the I-125 patient group likely reflects their higher R100 values due to less rapid dose fall-off that can be overcome with judicious treatment planning and implant execution.",Cancer J,2005,,-,doi: 10.1097/00130404-200509000-00005,https://www.ncbi.nlm.nih.gov/pubmed/16259869,,negative,0,2005.0
21665379,Redefining high-risk prostate cancer based on distant metastases and mortality after high-dose radiotherapy with androgen deprivation therapy.,Tendulkar RD,"PURPOSE: Modern outcomes of high-dose external beam radiotherapy (EBRT) with androgen deprivation therapy (ADT) for high-risk (HR) prostate cancer are not well described. METHODS AND MATERIALS: We identified 585 patients who met HR criteria by 2010 National Comprehensive Cancer Network guidelines, who were treated with EBRT consisting of ≥74 Gy from 1996 to 2008 at Cleveland Clinic, of whom 95% received ADT. We analyzed biochemical relapse-free survival (bRFS), distant metastases-free survival (DMFS), and prostate cancer-specific mortality (PCSM). RESULTS: The median EBRT dose was 78 Gy, and median ADT duration was 6 months. At 10 years, the bRFS was 50.2%, the DMFS was 71.6%, and the PCSM was 14.4%. On multivariate analysis, significant predictors of bRFS were biopsy Gleason score (bGS) of 8 to 10, stage T3, and prostate-specific antigen (PSA) concentration; predictors of DMFS were bGS of 8 to 10 and stage T3; the only predictor of PCSM was bGS of 8 to 10. The duration of ADT was not predictive of any endpoint. We identified an unfavorable high-risk (UHR) group of stage T1-T2 tumors consisting of bGS of 8 with PSA of >10 ng/ml or bGS of 9 to 10 with any PSA level; the remaining clinically localized cancers comprised the favorable high-risk (FHR) group. Comparing FHR, UHR, and stage T3 groups, the DMFS rates were 81.4%, 57.8%, and 59.1% (p < 0.0001), and the PCSM rates were 7.5%, 28.4%, and 20.6% at 10 years, respectively (p = 0.006). CONCLUSION: A bGS of 8 to 10 is the strongest predictor of bRFS, DMFS, and PCSM after high-dose EBRT with ADT. The duration of ADT did not correlate with outcome. Future studies should account for the heterogeneity in HR prostate cancer.",Int J Radiat Oncol Biol Phys,2012,82,1397-404,10.1016/j.ijrobp.2011.04.042,https://www.ncbi.nlm.nih.gov/pubmed/21665379,HIGH RISK,positive,1,
23798338,Long-term outcomes for men with high-risk prostate cancer treated definitively with external beam radiotherapy with or without androgen deprivation.,Nguyen QN,"BACKGROUND: Men with high-risk prostate cancer are often thought to have very poor outcomes in terms of disease control and survival even after definitive treatment. However, results after external beam radiotherapy have improved significantly through dose escalation and the use of androgen deprivation therapy (ADT). This report describes long-term findings after low-dose (< 75.6 Gy) or high-dose (≥ 75.6 Gy) external beam radiation, with or without ADT. METHODS: This analysis included 741 men with high-risk prostate cancer (clinical classification ≥ T3, Gleason score ≥ 8, or prostate-specific antigen level ≥ 20 ng/mL) treated with external beam radiotherapy at a single tertiary institution from 1987 through 2004. The radiation dose ranged from 60 to 79.3 Gy (median, 70 Gy); 295 men had received ADT for ≥ 2 years, and the median follow-up time was 8.3 years. RESULTS: The 5- and 10-year actuarial overall survival rates were significantly better for men treated with the higher radiation dose (no ADT plus ≥ 75.6 Gy, 87.3% and 72.0%, respectively; and ADT plus ≥ 75.6 Gy, 92.3% and 72%, respectively) (P = .0035). The corresponding 5- and 10-year biochemical failure-free survival rates were significantly better for patients treated with both ADT and higher radiation dose (82% and 77%, P < .0001). At 5 years, men who had not received ADT and had received radiation dose < 75.6 Gy had higher clinical local failure rates than those given ADT and radiation dose ≥ 75.6 Gy (24.2% versus 0%, P < .0001). The 10-year symptomatic local failure rate was only 2% for all patients. CONCLUSIONS: Contrary to lingering historical perceptions, treatment of high-risk prostate cancer with modern, high-dose, external beam radiotherapy and ADT can produce better biochemical, clinical, and survival outcomes over those from previous eras. Specifically, symptomatic local failure is uncommon, and few men die of prostate cancer even 10 or more years after treatment.",Cancer,2013,119,3265-71,10.1002/cncr.28213,https://www.ncbi.nlm.nih.gov/pubmed/23798338,HIGH RISK,positive,1,
23849172,Biochemical outcomes for patients with intermediate risk prostate cancer treated with I-125 interstitial brachytherapy monotherapy.,Tran AT,"BACKGROUND AND PURPOSE: Routine use of I-125 interstitial brachytherapy (BT) alone in intermediate risk (IR) prostate cancer is controversial. It is often combined with external beam radiotherapy (EBRT). The biochemical outcome of a large cohort of only IR disease treated with BT monotherapy is reported. MATERIALS AND METHODS: Between 2003 and 2007, 615 patients with Memorial Sloan-Kettering Cancer Centre (MSKCC) defined IR disease (one risk factor only-T2b, or Gleason score (GS) 7, or raised initial PSA (iPSA) 10.1-20ng/ml) were treated with BT monotherapy. ASTRO (3 consecutive rises) and Phoenix (nadir plus 2) criteria defined biochemical failure. Potential prognostic factors (pre- and post-implant dosimetric indices, GS 3+4 versus 4+3, androgen deprivation therapy (ADT)) were analysed. RESULTS: Median follow-up was 5.0years. Forty-three patients had stage T2b, 180 had raised iPSA, 392 had GS 7 disease. ADT was received by 108 patients. The 5-year biochemical no evidence of disease (bNED) rates are 87.3% (by ASTRO), 88.6% (by Phoenix). Stratification by risk factor (T2b, GS7, raised iPSA) demonstrated raised iPSA to have poorer outcome only by Phoenix criteria (p=0.0002). Other potential prognostic variables were non-significant. CONCLUSION: Good rates of biochemical control can be achieved in the medium term with BT monotherapy in IR disease. Raised iPSA correlated with a poorer outcome.",Radiother Oncol,2013,109,235-40,10.1016/j.radonc.2013.05.030,https://www.ncbi.nlm.nih.gov/pubmed/23849172,INTERMEDIATE RISK,positive,1,
11490237,High dose radiation delivered by intensity modulated conformal radiotherapy improves the outcome of localized prostate cancer.,Zelefsky MJ,"PURPOSE: We present the long-term outcome and tolerance of 3-dimensional (D) conformal and intensity modulated radiation therapy for localized prostate cancer. MATERIALS AND METHODS: Between October 1988 and December 1998, 1,100 patients with clinical stages T1c-T3 prostate cancer were treated with 3-D conformal or intensity modulated radiation therapy. Patients were categorized into prognostic risk groups based on pretreatment prostate specific antigen (PSA), Gleason score and clinical stage. Sextant biopsies were performed 2.5 years or greater after treatment to assess local control. PSA relapse was defined according to the consensus guidelines of the American Society for Therapeutic Radiation Oncology. Late toxicity was classified according to the Radiation Therapy Oncology Group morbidity grading scale. Median followup was 60 months. RESULTS: At 5 years the PSA relapse-free survival rate in patients at favorable, intermediate and unfavorable risk was 85% (95% confidence interval [CI] +/- 4), 58% (95% CI +/- 6) and 38% (95% CI +/- 6), respectively (p <0.001). Radiation dose was the most powerful variable impacting PSA relapse-free survival in each prognostic risk group. The 5-year actuarial PSA relapse-free survival rate for patients at favorable risk who received 64.8 to 70.2 Gy. was 77% (95% CI +/- 8) compared to 90% (95% CI +/- 8) for those treated with 75.6 to 86.4 Gy. (p = 0.04) [corrected]. The corresponding rates were 50% (95% CI +/- 8) versus 70% (95% CI +/- 6) in intermediate risk cases (p = 0.001), and 21% (95% CI +/- 8) versus 47% (95% CI +/- 6) in unfavorable risk cases (p = 0.008) [corrected]. Only 4 of 41 patients (10%) who received 81 Gy. had a positive biopsy 2.5 years or greater after treatment compared with 27 of 119 (23%) after 75.6, 23 of 68 (34%) after 70.2 and 13 of 24 (54%) after 64.8 Gy. The incidence of toxicity after 3-D conformal radiation therapy was dose dependent. The 5-year actuarial rate of grade 2 rectal toxicity in patients who received 75.6 Gy. or greater was 14% (95% CI +/- 2) compared with 5% (95% CI +/- 2) in those treated at lower dose levels (p <0.001). Treatment with intensity modulated radiation therapy significantly decreased the incidence of late grade 2 rectal toxicity since the 3-year actuarial incidence in 189 cases managed by 81 Gy. was 2% (95% CI +/- 2) compared with 14% (95% CI +/- 2) in 61 managed by the same dose of 3-D conformal radiation therapy (p = 0.005). The 5-year actuarial rate of grade 2 urinary toxicity in patients who received 75.6 Gy. or greater 3-D conformal radiation therapy was 13% compared with 4% in those treated up to lower doses (p <0.001). Intensity modulated radiation therapy did not affect the incidence of urinary toxicity. CONCLUSIONS: Sophisticated conformal radiotherapy techniques with high dose 3-D conformal and intensity modulated radiation therapy improve the biochemical outcome in patients with favorable, intermediate and unfavorable risk prostate cancer. Intensity modulated radiation therapy is associated with minimal rectal and bladder toxicity, and, hence, represents the treatment delivery approach with the most favorable risk-to-benefit ratio.",J Urol,2001,166,876-81,,https://www.ncbi.nlm.nih.gov/pubmed/11490237,HIGH RISK,positive,1,
32151469,Oncologic outcomes in 408 consecutive patient cohort treated with da Vinci robot-assisted radical prostatectomy,Moreno-Sierra J,"The objective of this study is to evaluate the general characteristics and oncological results in a cohort of 408 cases submitted to da Vinci Standard 4-armed robot-assisted radical prostatectomy (RARP), performed between October 2006 and February 2015 at Clínico San Carlos hospital. Statistical analysis was performed with the SPSS 20.0 program. Qualitative variables are presented with their frequency distribution and quantitative variables with their mean and standard deviation or median and interquartile range. The χ<sup>2</sup> test was used to analyze the association of qualitative variables. The disease-free survival outcome variable was evaluated with a Kaplan-Meier curve analysis, and the differences were contrasted with the Breslow test. A Cox regression model was adjusted. Among the results, we highlight the follow-up of 47 months (32-68.75m), recurrence-free survival of 90 months (95% CI, 86-94), median time to recurrence of 23 months (10.5-37 m), recurrence 16'6% (68/408), biochemical recurrence (62/498, 15'2%) and 22% of complications, mostly Clavien I-II. The results are summarized in Tables 1 to 7 and Figure 1. CONCLUSIONS: 1) RARP is a safe technique with an acceptable percentage of complications, mostly minor (Clavien grades iandii), 2) We found a higher probability of remaining recurrence-free in the lower grades of the ISUP classification and a higher probability of recurrence in high-risk cases, and 3) The multivariate model showed that the ISUP grade was significantly related to survival and the ISUP and PSM classification grades were independent prognostic variables.",Actas Urol Esp (Engl Ed),2020,44,179-186,doi: 10.1016/j.acuro.2019.11.001. Epub 2020 Mar 6,https://www.ncbi.nlm.nih.gov/pubmed/32151469,,negative,0,2020.0
22457326,Long-term oncological outcome and risk stratification in men with high-risk prostate cancer treated with radical prostatectomy.,Yamamoto S,"OBJECTIVE: To evaluate the long-term oncological outcome of radical prostatectomy for patients with high-risk prostate cancer. METHODS: Among 378 patients with prostate cancer who underwent radical prostatectomy at our hospital, 189 had high-risk prostate cancer defined as presenting with at least one of the following high-risk factors: prostate-specific antigen >20 ng/ml, clinical T3 and biopsy Gleason score ≥8. RESULTS: The median follow-up was 8.1 years. Of all patients, 106 and 61 had one and two high-risk factors, respectively, and the remaining 22 had all three high-risk factors. Pathological examination of the prostatectomy specimens revealed organ-confined disease, specimen-confined disease and lymph node metastasis in 80 (42%), 102 (54%) and 22 (12%), respectively. The 10-year prostate-specific antigen failure-free and local progression-free survival rates were 48.5 and 87.6%, respectively. The 10-year cancer-specific and overall survival rates were 94.1 and 88.7%, respectively. The 10-year prostate-specific antigen failure-free survivals of patients with one, two and all three high-risk factors were 58.5, 39.9 and 22.7%, respectively (P = 0.0001). Of the 106 patients with one high-risk factor only, the high Gleason score group had the best 10-year prostate-specific antigen failure-free survival (69.1%); in particular, that of patients without Gleason grade 5 was 100% (P= 0.032). CONCLUSIONS: Approximately half of patients with high-risk prostate cancer can be cured by radical prostatectomy without any adjuvant treatment. Radical prostatectomy for high-risk prostate cancer provides good long-term local cancer control and cancer-specific survival. In particular, radical prostatectomy for patients with only one high-risk factor can be considered a valuable therapeutic option as the first treatment.",Jpn J Clin Oncol,2012,42,541-7,10.1093/jjco/hys043,https://www.ncbi.nlm.nih.gov/pubmed/22457326,HIGH RISK,positive,1,
26276528,"Patient-reported quality of life after stereotactic body radiotherapy (SBRT), intensity modulated radiotherapy (IMRT), and brachytherapy",Evans JR,"BACKGROUND AND PURPOSE: Stereotactic body radiotherapy (SBRT) is being used for prostate cancer, but concerns persist about toxicity compared to other radiotherapy options. MATERIALS AND METHODS: We conducted a multi-institutional pooled cohort analysis of patient-reported quality of life (QOL) [EPIC-26] before and after intensity-modulated radiotherapy (IMRT), brachytherapy, or SBRT for localized prostate cancer. Data were analyzed by mean domain score, minimal clinically detectable difference (MCD) in domain score, and multivariate analyses to determine factors associated with domain scores at 2-years. RESULTS: Data were analyzed from 803 patients at baseline and 645 at 2-years. Mean declines at 2-years across all patients were -1.9, -4.8, -4.9, and -13.3 points for urinary obstructive, urinary incontinence, bowel, and sexual symptom domains, respectively, corresponding to MCD in 29%, 20%, and 28% of patients. On multivariate analysis (vs. IMRT), brachytherapy had worse urinary irritation at 2-years (-6.8 points, p<0.0001) but no differences in other domains (p>0.15). QOL after SBRT was similar for urinary (p>0.5) and sexual domains (p=0.57), but was associated with better bowel score (+6.7 points, p<0.0002). CONCLUSIONS: QOL 2-years after brachytherapy, IMRT, or SBRT is very good and largely similar, with small differences in urinary and bowel QOL that are likely minimized by modern techniques.",Radiother Oncol,2015,116,179-84,doi: 10.1016/j.radonc.2015.07.016. Epub 2015 Aug 11,https://www.ncbi.nlm.nih.gov/pubmed/26276528,,negative,0,2015.0
24360880,The 15-year outcomes of high-dose-rate brachytherapy for radical dose escalation in patients with prostate cancer - a benchmark for high-tech external beam radiotherapy alone?,Galalae RM,"PURPOSE: Dose escalation using high-dose-rate brachytherapy (HDR-BT) is an established treatment method for prostate cancer. First, long-term results were previously published (specific Kiel method). This study aims to evaluate 10-/15-year outcomes of Kiel Protocol 1 (1986-1992). METHODS AND MATERIALS: Conformal external beam radiotherapy (EBRT) was delivered to the pelvis (50 Gy per conventional fractionation) along with an HDR boost to the prostate amounting to a combined biologic equivalent dose in 2 Gy per fraction of 117.25 Gy (α/β = 3). The HDR-BT was performed in two fractions of 15 Gy to the peripheral zone of McNeal. The EBRT-clinical target volume covered the full pelvis. The analyzed cohort totaled 122 patients. The reported end points were overall/cancer-specific survival, local recurrence/distant metastasis rates, and biochemical (BC) control rates according to American Society for Therapeutic Radiology and Oncology/Phoenix definitions. All end points were calculated using the Kaplan-Meier method and the log-rank test in univariate analyses. RESULTS: The mean follow-up time was 116.8 months. The 5-, 10-, and 15-year survival rates were 81%, 62.1%, and 45% for overall survival; 92.1%, 83.1%, and 75.3% for cancer-specific survival; 92.5%, 91.4%, and 83.9% for local recurrence-free survival; and 83.8%, 81.2%, and 69.8% for distant metastasis-free survival, respectively. American Society for Therapeutic Radiology and Oncology-defined BC tumor control rates at 5, 10, and 15 years were 81.1%, 74%, and 67.8%, respectively. According to Phoenix, the BC control rates at 5, 10, and 15 years were 77.8%, 69%, and 63.6%, respectively. CONCLUSIONS: The long-term results for the combination of HDR-BT and EBRT continue to show excellent results, providing high equivalent dose in 2 Gy per fraction and high disease control rates. These outcomes were reproducible for the extended follow-up period ranging up to 21.9 years.",Brachytherapy,2014,13,117-22,10.1016/j.brachy.2013.11.002,https://www.ncbi.nlm.nih.gov/pubmed/24360880,HIGH RISK,positive,1,
32220567,Outcomes for Young Men With Localized Intermediate-Risk Prostate Cancer: An Analysis of the NCDB,Chua S,"BACKGROUND: Primary management of localized, intermediate-risk prostate cancer consists of radical prostatectomy (RP), radiotherapy (RT) with short-course androgen deprivation therapy (ADT), or RT alone. The purpose of this study was to determine if these treatment strategies have equivalent overall survival (OS) in patients < 55 years old with intermediate-risk prostate cancer. PATIENTS AND METHODS: We identified 35,134 patients in the National Cancer Data Base with localized intermediate-risk prostate cancer treated with RP, RT + ADT, or RT from 2004 to 2013. Ten-year OS rates were estimated by the Kaplan-Meier method. Adjusted hazard ratios (HR) with 95% confidence intervals (CI) were computed by multivariate Cox regression. RESULTS: A total of 29,920 patients (85.2%) underwent RP, 1393 (4.0%) RT + ADT, and 3821 (10.9%) RT. Median patient age was 51 years old, and median follow-up was 59.9 months. Ten-year OS was estimated to be 94.2% for RP, 80.7% for RT + ADT, and 85.2% for RT (P < .0001). On multivariate analysis, treatment with RT + ADT or RT was associated with significantly worse OS compared to treatment with RP (RT + ADT HR = 2.06, 95% CI 1.67-2.54, P < .0001; RT HR = 2.0, 95% CI 1.71-2.33, P < .0001). Patients who met all 3 of the intermediate-risk criteria showed worse OS compared to patients who met only one criterion (HR = 1.80; 95% CI, 1.32-2.44; P = .0002). CONCLUSION: RP is significantly more likely than RT + ADT or RT to be used as a primary treatment for young men with localized intermediate prostate cancer. RP was also associated with improved OS compared to RT + ADT and RT.",Clin Genitourin Cancer,2020,18,,doi: 10.1016/j.clgc.2020.02.002. Epub 2020 Feb 22,https://www.ncbi.nlm.nih.gov/pubmed/32220567,,negative,0,2020.0
25413406,Permanent prostate brachytherapy using high V150,Serrano NA,"PURPOSE: Prostate brachytherapy sometimes requires the volume receiving >150% of the prescribed dose (V150) to be >50% to obtain satisfactory coverage. There has been concern expressed that high V150 may be associated with higher rates of urinary retention and morbidity. METHODS AND MATERIALS: We reviewed 207 consecutive cases of prostate brachytherapy treated with palladium 103 ((103)Pd; n = 140) or iodine 125 ((125)I; n = 67). Prescribed doses for (103)Pd monotherapy and boost were 124 and 90 Gy, respectively; for (125)I, the corresponding doses were 160 and 120 Gy. Patients were evaluated at baseline, 1 month, 3 months, and every 6 months thereafter. RESULTS: Median follow-up at the time of analysis was 18 months. For (103)Pd, the mean intraoperative volume and V150 were 30.3 cm(3) and 72%, respectively; corresponding values for (125)I were 38.3 cm(3) and 59%, respectively. Two of the patients treated with iodine and 9 treated with palladium experienced acute urinary retention, which was not statistically significant (P = .48). The rectal V100 for (103)Pd was significantly less than that for (125)I (P < .001). The mean baseline, 1-month, and 12-month American Urologic Association (AUA) scores for (103)Pd were 8.5, 19.7, and 8.2, respectively; for (125)I, the values were 7.4, 17.1, and 13.4, respectively. At 12 months, the AUA scores returned to baseline in the (103)Pd-treated patients, whereas scores in (125)I-treated patients remained elevated (P = .005). High V150 did not appear to cause undue risk of urinary retention or morbidity based on logistic regression analysis of patients treated with monotherapy performed with either isotope. CONCLUSIONS: The risk of urinary retention was low, despite high V150 values for both isotopes. In patients treated with brachytherapy alone, no significant increase in urinary morbidity was seen in relation to V150. AUA scores returned to baseline in (103)Pd-treated patients at 1 year, whereas (125)I-treated patients demonstrated continued elevation.",Pract Radiat Oncol,2015,,-,doi: 10.1016/j.prro.2014.06.008. Epub 2014 Aug 7,https://www.ncbi.nlm.nih.gov/pubmed/25413406,,negative,0,2015.0
16234081,Outcomes of radical prostatectomy in thai men with prostate cancer,Leewansangtong S,"OBJECTIVE: Radical prostatectomy remains the standard treatment for early prostate cancer. Few data in the literature are from South East Asia. This study was conducted to evaluate the outcome of radical prostatectomy in Thai men. METHODS: A total of 151 patients with prostate cancer underwent radical prostatectomy at Siriraj Hospital, Bangkok, between 1994 and 2003. Clinical staging, preoperative prostate-specific antigen (PSA) and Gleason score were evaluated with pathological stage and margin status. Follow-up PSA monitoring and survival were analysed. RESULTS: Of 121 patients with clinical localized disease, 79 (65.3%), 40 (33.1%) and two (1.6%) had localized, locally advanced and metastatic disease, respectively, on pathology. The chance of localized disease with a preoperative PSA of 10 ng/mL or less, more than 10-50 ng/mL and more than 50 ng/mL was 75.5%, 50% and 12.5%, respectively (all p < 0.001). The chance of localized disease with a Gleason score of 2-4, 5-7 and 8-10 was 85%, 55.1% and 20.8%, respectively (all p < 0.02). Mean follow-up was 30 months. Among 140 evaluable patients, 51 (36.4%) had adjuvant therapy and 136 (97.1%) had undetectable PSA without clinical progression. The cumulative PSA progression-free survival among patients with pathological T1N0, T2N0 and T3N0 disease was 0.83 at 82 months, 0.48 at 85 months and 0.31 at 57 months, respectively. CONCLUSION: Radical prostatectomy in Thai men shows excellent results. The trend is the same as in Western series. The chance of organ-confined disease and free margin was high in patients with clinical T2 or less, PSA less than 10 ng/mL and low Gleason score. PSA progression-free survival was high in patients with organ-confined disease.",Asian J Surg,2005,28,286-90,doi: 10.1016/S1015-9584(09)60362-6,https://www.ncbi.nlm.nih.gov/pubmed/16234081,,negative,0,2005.0
17162020,High dose rate brachytherapy as a boost for the treatment of localized prostate cancer.,Phan TP,"PURPOSE: We report the outcome and toxicities of high dose rate brachytherapy as a boost for localized prostate cancer. MATERIALS AND METHODS: Between 1996 and 2003, 309 patients with prostate carcinoma were treated with external beam radiation therapy and high dose rate brachytherapy. Furthermore, 36% of the patients received neoadjuvant/concurrent or adjuvant androgen deprivation therapy. Patients were stratified into 3 groups. Group 1 of 67 patients had Gleason score 6 or less, pretreatment prostate specific antigen 10 ng/ml or less and clinical stage T2a or less. Group 2 of 109 patients had Gleason score 7 or greater, pretreatment prostate specific antigen greater than 10 ng/ml and clinical stage T2b or greater. Group 3 of 133 patients had 2 or more of these higher risk factors. RESULTS: At a median followup of 59 months the 5-year biochemical control rate, as defined by the American Society for Therapeutic Radiation and Oncology, was 86%, cause specific survival was 98% and overall survival was 91%. Biochemical control in stratified groups 1 to 3 was 98%, 90% and 78%, respectively. On univariate analysis risk group, pretreatment prostate specific antigen and Gleason score were significant predictors of biochemical control. However, on multivariate analysis only risk group and pretreatment prostate specific antigen were significant. Using the Common Toxicity Criteria scale there were 2 cases of grade 3 acute urinary toxicity. Regarding late side effects 4% of patients had grade 3 genitourinary toxicity and 1 had a grade 4 rectal complication. CONCLUSIONS: External beam radiation therapy and high dose rate brachytherapy for prostate cancer resulted in excellent biochemical control, cause specific survival and overall survival with minimal severe acute or late complications.",J Urol,2007,177,123-7; discussion 127,10.1016/j.juro.2006.08.109,https://www.ncbi.nlm.nih.gov/pubmed/17162020,INTERMEDIATE RISK,positive,1,
18566673,The relationship between the biochemical control outcomes and the quality of planning of high-dose rate brachytherapy as a boost to external beam radiotherapy for locally and locally advanced prostate cancer using the RTOG-ASTRO Phoenix definition.,Pellizzon AC,"PURPOSE: To evaluated prognostic factors and impact of the quality of planning of high dose rate brachytherapy (HDR-BT) for patients with local or locally advanced prostate cancer treated with external beam radiotherapy (EBRT) and HDR-BT. METHODS AND MATERIALS: Between 1997 and 2005, 209 patients with biopsy proven prostate adenocarcinoma were treated with localized EBRT and HDR-BT at the Department of Radiation-Oncology, Hospital A. C. Camargo, Sao Paulo, Brazil. Patient's age, Gleason score (GS), clinical stage (CS), initial PSA (iPSA), risk group for biochemical failure (GR), doses of EBRT and HDR-BT, use of three-dimensional planning for HDR-BT (3DHDR) and the Biological Effective Dose (BED) were evaluated as prognostic factors for biochemical control (bC). RESULTS: Median age and median follow-up time were 68 and 5.3 years, respectively. Median EBRT and HDR-BT doses were 45 Gy and 20 Gy. The crude bC at 3.3 year was 94.2%. For the Low, intermediate and high risk patients the bC rates at 3.3 years were 91.5%, 90.2% and 88.5%, respectively. Overall survival (OS) and disease specific survival rates at 3.3 years were 97.8% and 98.4%, respectively. On univariate analysis the prognostic factors related bC were GR (p= 0.040), GS < or = 6 (p= 0.002), total dose of HDR-BT > or = 20 Gy (p< 0.001), 3DHDR (p< 0.001), BED-HDR > or = 99 Gy(1.5) (p<0.001) and BED-TT > or = 185 (p<0.001). On multivariate analysis the statistical significant predictive factors related to bC were RG (p< 0.001), HDR-BT > or = 20 Gy (p=0.008) and 3DHDR (p<0.001). CONCLUSIONS: we observed that the bC rates correlates with the generally accepted risk factors described in the literature. Dose escalation, evaluated through the BED, and the quality of planning of HDR-BT are also important predictive factors when treating prostate cancer.",Int J Med Sci,2008,5,113-20,10.7150/ijms.5.113,https://www.ncbi.nlm.nih.gov/pubmed/18566673,HIGH RISK,positive,1,
17084553,Permanent prostate implant using high activity seeds and inverse planning with fast simulated annealing algorithm: A 12-year Canadian experience.,Martin AG,"PURPOSE: To report outcomes and toxicity of the first Canadian permanent prostate implant program. METHODS AND MATERIALS: 396 consecutive patients (Gleason < or =6, initial prostate specific antigen (PSA) < or =10 and stage T1-T2a disease) were implanted between June 1994 and December 2001. The median follow-up is of 60 months (maximum, 136 months). All patients were planned with fast-simulated annealing inverse planning algorithm with high activity seeds ([gt] 0.76 U). Acute and late toxicity is reported for the first 213 patients using a modified RTOG toxicity scale. The Kaplan-Meier biochemical failure-free survival (bFFS) is reported according to the ASTRO and Houston definitions. RESULTS: The bFFS at 60 months was of 88.5% (90.5%) according to the ASTRO (Houston) definition and, of 91.4% (94.6%) in the low risk group (initial PSA < or =10 and Gleason < or =6 and Stage < or =T2a). Risk factors statistically associated with bFFS were: initial PSA >10, a Gleason score of 7-8, and stage T2b-T3. The mean D90 was of 151 +/- 36.1 Gy. The mean V100 was of 85.4 +/- 8.5% with a mean V150 of 60.1 +/- 12.3%. Overall, the implants were well tolerated. In the first 6 months, 31.5% of the patients were free of genitourinary symptoms (GUs), 12.7% had Grade 3 GUs; 91.6% were free of gastrointestinal symptoms (GIs). After 6 months, 54.0% were GUs free, 1.4% had Grade 3 GUs; 95.8% were GIs free. CONCLUSION: The inverse planning with fast simulated annealing and high activity seeds gives a 5-year bFFS, which is comparable with the best published series with a low toxicity profile.",Int J Radiat Oncol Biol Phys,2007,67,334-41,10.1016/j.ijrobp.2006.08.042,https://www.ncbi.nlm.nih.gov/pubmed/17084553,LOW RISK,positive,1,
18448268,Primary causes of death after permanent prostate brachytherapy.,Bittner N,"PURPOSE: To evaluate the primary causes of death in low-risk (low-risk), intermediate-risk (intermediate-risk), and high-risk (high-risk) patients undergoing permanent prostate brachytherapy with or without supplemental therapies. METHODS AND MATERIALS: From April 1995 through November 2004, a total of 1,354 consecutive patients underwent prostate brachytherapy. All patients underwent brachytherapy >3 years before analysis. Of the patients, 532 (39.3%) received androgen deprivation therapy and 703 (51.9%) received supplemental radiation therapy. The median follow-up was 5.4 years. Multiple parameters were evaluated as predictors of cause-specific, biochemical progression-free, and overall survival. RESULTS: The 10-year cause-specific survival was 97.0% (99.7%, 99.0%, and 90.1% for low-risk, intermediate-risk, and high-risk patients). Overall survival was 76.7% (82.5%, 78.3%, and 67.6% for low-, intermediate-, and high-risk patients, respectively). The cumulative death rate for cardiovascular disease was 11.5% (8.7%, 9.3%, and 19.8% for low-, intermediate-, and high-risk patients). The death rate from second malignancies (nonprostate cancer) was 7.2% and was not substantially different when stratified by risk group. Death from all other causes was 6.5% for the entire cohort but 1.3%, 5.0%, and 10.8% for low-, intermediate-, and high-risk patients. In multivariate analysis, death from prostate cancer was best predicted by Gleason score and risk group, whereas death from cardiovascular disease, nonprostate cancer, and all other causes were most closely related to patient age and tobacco use. CONCLUSIONS: Although cardiovascular mortality was the predominant cause of death, prostate cancer was responsible for approximately 10% of all deaths. In particular, overall survival was poorest in the high-risk group. Although high-risk patients were most likely to die of prostate cancer, the divergence in overall survival between high-risk and lower-risk patients primarily resulted from an excess of cardiovascular deaths. Changes in lifestyle to improve cardiovascular health may improve overall survival in patients with clinically localized prostate cancer.",Int J Radiat Oncol Biol Phys,2008,72,433-40,10.1016/j.ijrobp.2008.02.013,https://www.ncbi.nlm.nih.gov/pubmed/18448268,LOW RISK,positive,1,
19409729,Equivalent biochemical control and improved prostate-specific antigen nadir after permanent prostate seed implant brachytherapy versus high-dose three-dimensional conformal radiotherapy and high-dose conformal proton beam radiotherapy boost.,Jabbari S,"PURPOSE: Permanent prostate implant brachytherapy (PPI), three-dimensional conformal radiotherapy (3D-CRT), and conformal proton beam radiotherapy (CPBRT) are used in the treatment of localized prostate cancer, although no head-to-head trials have compared these modalities. We studied the biochemical control (biochemical no evidence of disease [bNED]) and prostate-specific antigen (PSA) nadir achieved with contemporary PPI, and evaluated it against 3D-CRT and CPBRT. PATIENTS AND METHODS: A total of 249 patients were treated with PPI at the University of California, San Francisco, and the outcomes were compared with those from a 3D-CRT cohort and the published results of a high-dose CPBRT boost (CPBRTB) trial. For each comparison, subsets of the PPI cohort were selected with patient and disease criteria similar to those of the reference group. RESULTS: With a median follow-up of 5.3 years, the bNED rate at 5 and 7 years achieved with PPI was 92% and 86%, respectively, using the American Society for Therapeutic Radiology and Oncology (ASTRO) definition, and 93% using the PSA nadir plus 2 ng/mL definition. Using the ASTRO definition, a 5-year bNED rate of 78% was achieved for the 3D-CRT patients compared with 94% for a comparable PPI subset and 93% vs. 92%, respectively, using the PSA nadir plus 2 ng/mL definition. The median PSA nadir for patients treated with PPI and 3D-CRT was 0.10 and 0.40 ng/mL, respectively (p < .0001). For the CPBRT comparison, the 5-year bNED rate after a CPBRTB was 91% using the ASTRO definition vs. 93% for a similar group of PPI patients. A greater proportion of PPI patients achieved a lower PSA nadir compared with those achieved in the CPBRTB trial (PSA nadir < or =0.5 ng/mL, 91% vs. 59%, respectively). CONCLUSION: We have demonstrated excellent outcomes in low- to intermediate-risk patients treated with PPI, suggesting at least equivalent 5-year bNED rates and a greater proportion of men achieving lower PSA nadirs compared with 3D-CRT or CPBRTB.",Int J Radiat Oncol Biol Phys,2010,76,36-42,10.1016/j.ijrobp.2009.01.029,https://www.ncbi.nlm.nih.gov/pubmed/19409729,LOW RISK,positive,1,
16289906,"A phase II study of external beam radiotherapy combined with permanent source brachytherapy for intermediate-risk, clinically localized adenocarcinoma of the prostate: preliminary results of RTOG P-0019",Lee WR,"PURPOSE: To estimate the rate of acute and late Grade 3-5 genitourinary and gastrointestinal toxicity after treatment with external beam radiotherapy and permanent source brachytherapy in a multi-institutional, cooperative group setting. METHODS AND MATERIALS: All patients were treated with external beam radiotherapy (45 Gy in 25 fractions), followed 2-6 weeks later by an interstitial implant using 125I to deliver an additional 108 Gy. Late genitourinary toxicity was graded according to the Common Toxicity Criteria Version 2.0, and the Radiation Therapy Oncology Group/European Organization for Research and Treatment of Cancer late radiation morbidity scoring system was used for all other toxicity. RESULTS: A total of 138 patients from 28 institutions were entered on this study. Acute toxicity information was available in 131 patients, and 127 patients were analyzable for late toxicity. Acute Grade 3 toxicity was documented in 10 of 131 patients (7.6%). No Grade 4 or 5 acute toxicity has been observed. The 18-month month estimate of late Grade 3 genitourinary and gastrointestinal toxicity was 3.3% (95% confidence interval, 0.1-6.5). No late Grade 4 or 5 toxicity has been observed. CONCLUSIONS: The acute and late morbidity observed in this multi-institutional, cooperative group study is consistent with previous reports from single institutions with significant prostate brachytherapy experience.",Int J Radiat Oncol Biol Phys,2006,1,,doi: 10.1016/j.ijrobp.2005.09.002. Epub 2005 Nov 14,https://www.ncbi.nlm.nih.gov/pubmed/16289906,,negative,0,2005.0
23415964,Outcome and toxicity for patients treated with intensity modulated radiation therapy for localized prostate cancer.,Vora SA,"PURPOSE: We evaluate long-term disease control and chronic toxicities observed in patients treated with intensity modulated radiation therapy for clinically localized prostate cancer. MATERIALS AND METHODS: A total of 302 patients with localized prostate cancer treated with image guided intensity modulated radiation therapy between July 2000 and May 2005 were retrospectively analyzed. Risk groups (low, intermediate and high) were designated based on National Comprehensive Cancer Network guidelines. Biochemical control was based on the American Society for Therapeutic Radiology and Oncology (Phoenix) consensus definition. Chronic toxicity was measured at peak symptoms and at last visit. Toxicity was scored based on Common Terminology Criteria for Adverse Events v4. RESULTS: The median radiation dose delivered was 75.6 Gy (range 70.2 to 77.4) and 35.4% of patients received androgen deprivation therapy. Patients were followed until death or from 6 to 138 months (median 91) for those alive at last evaluation. Local and distant recurrence rates were 5% and 8.6%, respectively. At 9 years biochemical control rates were 77.4% for low risk, 69.6% for intermediate risk and 53.3% for high risk cases (log rank p = 0.05). On multivariate analysis T stage and prostate specific antigen group were prognostic for biochemical control. At last followup only 0% and 0.7% of patients had persistent grade 3 or greater gastrointestinal and genitourinary toxicity, respectively. High risk group was associated with higher distant metastasis rate (p = 0.02) and death from prostate cancer (p = 0.0012). CONCLUSIONS: This study represents one of the longest experiences with intensity modulated radiation therapy for prostate cancer. With a median followup of 91 months, intensity modulated radiation therapy resulted in durable biochemical control rates with low chronic toxicity.",J Urol,2013,190,521-6,10.1016/j.juro.2013.02.012,https://www.ncbi.nlm.nih.gov/pubmed/23415964,INTERMEDIATE RISK,positive,1,
32092343,Radiation Dose Escalation or Longer Androgen Suppression to Prevent Distant Progression in Men With Locally Advanced Prostate Cancer: 10-Year Data From the TROG 03.04 RADAR Trial,Joseph D,"PURPOSE: To clarify the relative effects of duration of androgen suppression (AS) and radiation dose escalation (RDE) on distant progression (DP) in men with locally advanced prostate cancer. METHODS AND MATERIALS: Participants with locally advanced prostate cancer in the TROG 03.04 RADAR trial were randomized to 6 or 18 months AS ± 18 months zoledronic acid (Z). The trial incorporated a RDE program by stratification at randomization and dosing options were 66, 70, or 74 Gy external beam radiation therapy (EBRT), or 46 Gy EBRT plus high-dose-rate brachytherapy boost (HDRB). The primary endpoint for this study was distant progression (DP). Secondary endpoints included local progression, bone progression, prostate cancer-specific mortality and all-cause mortality. Effect estimates for AS duration and RDE were derived using Fine and Gray competing risk models adjusting for use of Z, age, tumor stage, Gleason grade group, prostate-specific antigen, and treatment center. Cumulative incidence at 10 years was estimated for each RDE group. RESULTS: A total of 1051 out of 1071 randomized subjects were eligible for inclusion in this analysis. Compared with 6 months AS, 18 months AS significantly reduced DP independently of radiation dose (subhazard ratio 0.70; 95% confidence interval [CI], 0.56-0.87; P = .002). No statistically significant interaction between effect of AS duration and RT dose was observed (Wald test P = .76). In subgroup analyses, DP was significantly reduced by the longer duration of AS in the 70 Gy and HDRB groups but not in the 66 Gy and 74 Gy. Compared with 70 Gy, HDRB significantly reduced DP (subhazard ratio 0.68 [95% CI, 0.57-0.80]; P < .0001) independently of AS duration. At 10 years, adjusted cumulative incidences were 26.1% (95% CI, 18.9%-33.2%), 26.7% (22.9%-30.6%), 24.9% (20.0%-29.8%) and 19.7% (15.5%-23.8%) for DPs in the respective radiation dose groups. CONCLUSIONS: Compared with 6 months AS, 18 months AS reduced DP independently of radiation dose. Men treated with HDRB gained a significant benefit from a longer duration of AS. Evidence of improved oncologic outcomes for HDRB compared with dose-escalated EBRT needs to be confirmed in a randomized trial.",Int J Radiat Oncol Biol Phys,2020,15,,doi: 10.1016/j.ijrobp.2019.11.415,https://www.ncbi.nlm.nih.gov/pubmed/32092343,,negative,0,2020.0
25687401,A review of rectal toxicity following permanent low dose-rate prostate brachytherapy and the potential value of biodegradable rectal spacers,Schutzer ME,"Permanent radioactive seed implantation provides highly effective treatment for prostate cancer that typically includes multidisciplinary collaboration between urologists and radiation oncologists. Low dose-rate (LDR) prostate brachytherapy offers excellent tumor control rates and has equivalent rates of rectal toxicity when compared with external beam radiotherapy. Owing to its proximity to the anterior rectal wall, a small portion of the rectum is often exposed to high doses of ionizing radiation from this procedure. Although rare, some patients develop transfusion-dependent rectal bleeding, ulcers or fistulas. These complications occasionally require permanent colostomy and thus can significantly impact a patient's quality of life. Aside from proper technique, a promising strategy has emerged that can help avoid these complications. By injecting biodegradable materials behind Denonviller's fascia, brachytherpists can increase the distance between the rectum and the radioactive sources to significantly decrease the rectal dose. This review summarizes the progress in this area and its applicability for use in combination with permanent LDR brachytherapy.",Prostate Cancer Prostatic Dis,2015,18,96-103,doi: 10.1038/pcan.2015.4. Epub 2015 Feb 17,https://www.ncbi.nlm.nih.gov/pubmed/25687401,,negative,0,2015.0
25682339,Focal Ablation Targeted to the Index Lesion in Multifocal Localised Prostate Cancer: a Prospective Development Study,Ahmed HU,"BACKGROUND: Although localised prostate cancer is multifocal in most instances, the index lesion might be responsible for disease progression. OBJECTIVE: To determine the early genitourinary functional and cancer control outcomes of index lesion ablation. DESIGN, SETTING, AND PARTICIPANTS: This was a single-centre prospective development study in which 56 men were treated (July 2009-January 2011). The mean age was 63.9 yr (standard deviation 5.8) and median prostate-specific antigen (PSA) was 7.4 ng/ml (interquartile range [IQR] 5.6-9.5). There were seven (12.5%) low-risk, 47 (83.9%) intermediate-risk, and two (3.6%) high-risk cancers. INTERVENTION: Multiparametric magnetic resonance imaging (mpMRI) and prostate biopsies to localise disease, followed by index lesion ablation using high-intensity focused ultrasound. OUTCOME MEASUREMENTS AND STATISTICAL ANALYSIS: Primary outcomes were genitourinary side effects measured using validated questionnaires. Secondary outcomes included absence of clinically significant disease at 12 mo. RESULTS AND LIMITATIONS: The composite of leak-free, pad-free continence, and erections sufficient for penetration decreased from a baseline frequency of 40/56 (71.4%) to 33/56 (58.9%) at 12 mo. Pad-free and leak-free, pad-free continence was preserved in 48/52 (92.3%) and 46/50 (92.0%) patients, respectively. Erections sufficient for intercourse were preserved in 30/39 (76.9%) patients. The median PSA nadir decreased to 2.4 ng/ml (IQR 1.6-4.1). At 12 mo, 42/52 (80.8%) patients had histological absence of clinically significant cancer and 85.7% (48/56) had no measurable prostate cancer (biopsy and/or mpMRI). Two (3.6%) patients had clinically significant disease in untreated areas not detected at baseline. The main study limitation is the short follow-up duration. CONCLUSIONS: Index lesion ablation had low rates of genitourinary side effects and acceptable short-term absence of clinically significant cancer. Comparative effectiveness trials are required to assess cancer control outcomes against radical therapy. PATIENT SUMMARY: In this study we looked at whether it is possible to treat the largest and highest-grade tumour in men who have more than one known prostate tumour. We show that the side effects of targeted ablation were low, with acceptable rates of early cancer control. Larger studies with longer follow-up are needed. TRIAL REGISTRATION: NCT00988130.",Eur Urol,2015,68,927-36,doi: 10.1016/j.eururo.2015.01.030. Epub 2015 Feb 11,https://www.ncbi.nlm.nih.gov/pubmed/25682339,,negative,0,2015.0
25944676,Histological outcomes after focal high-intensity focused ultrasound and cryotherapy,Shah TT,"INTRODUCTION: Focal therapy has increasingly become an accepted treatment option for patients with localised prostate cancer. Most follow-up protocols use a mixture of protocol biopsies or ""for cause"" biopsies triggered by a rising PSA. In this paper, we discuss the histological outcomes from these biopsies and their use in guiding subsequent management and trial development. METHODS: We conducted a literature search and reviewed the post-treatment biopsy results from studies on focal HIFU and focal cryotherapy. We subsequently reviewed the results of three recently published consensus statements released discussing many of the issues concerning focal therapy. RESULTS: Research suggests that 1 in 5 of all post-treatment biopsies after focal therapy are positive. However, the majority of these seemed to be from the untreated portion of the gland or met criteria for clinically insignificant disease. The histological outcomes from focal therapy are promising and confirm its effectiveness in the short to medium term. Furthermore re-treatment is possible whilst maintaining a low-side-effect profile. CONCLUSION: Debate is ongoing about the clinical significance of various levels of residual disease after focal therapy and the exact threshold at which to call failure within a patient who has had focal therapy.",World J Urol,2015,33,955-64,doi: 10.1007/s00345-015-1561-0. Epub 2015 May 6,https://www.ncbi.nlm.nih.gov/pubmed/25944676,,negative,0,2015.0
20224263,Outcome of adjuvant radiotherapy after radical prostatectomy for prostate cancer patients,Suzuki K,"AIM: To examine the outcome and risk factors of biochemical failure (BCF) in Japanese prostate cancer (PCa) patients treated with adjuvant radiotherapy (RT) after radical prostatectomy (RP). PATIENTS AND METHOD: In this study we enrolled 83 Japanese patients having clinically organ-confined PCa without neoadjuvant treatments who received conventional RT (60 Gy) after RP. All patients had extracapsular extension (ECE) and/or positive surgical margin (PSM) of the RP specimens, but no lymph node metastasis. The disease-specific, clinical failure-free, and BCF-free survivals were analyzed. Furthermore, the risk factors affecting the BCF-free survival were examined in detail. RESULTS: The 5-year disease-specific, clinical failure-free, and BCF-free survival rates were 100, 99, and 87%, respectively. The clinicopathological factors associated with BCF were seminal vesicle invasion (SVI) (p = 0.024), perineural invasion (PNI) (p = 0.03), and pre-RT prostate-specific antigen (PSA) (p = 0.014). In the patients with PSM (n = 59), the entire surgical margin-positive patients had a significantly higher risk of BCF than the focal surgical margin-positive patients (p = 0.015). Multivariate analysis showed that SVI and pre-RT PSA were independent prognostic factors of BCF (p = 0.0142, p = 0.0225, respectively). 22% of our patients had only low-grade adverse effects. CONCLUSION: The outcome of adjuvant RT after RP in the Japanese patients with ECE and/or PSM was excellent, and the adverse effects were mild and tolerable. However, the patients with SVI, PNI, entire surgical margin-positive specimens, or high pre-RT PSA had poor biochemical control by only adjuvant RT after RP.",Urol Int,2010,84,382-7,doi: 10.1159/000296288. Epub 2010 Mar 13,https://www.ncbi.nlm.nih.gov/pubmed/20224263,,negative,0,2010.0
20619958,Multicentric oncologic outcomes of high-intensity focused ultrasound for localized prostate cancer in 803 patients,Crouzet S,"BACKGROUND: High-intensity focused ultrasound (HIFU) is an emerging treatment for select patients with localized prostate cancer (PCa). OBJECTIVES: To report the oncologic outcome of HIFU as a primary care option for localized prostate cancer from a multicenter database. DESIGN, SETTING, AND PARTICIPANTS: Patients with localized PCa treated with curative intent and presenting at least a 2-yr follow-up from February 1993 were considered in this study. Previously irradiated patients were excluded from this analysis. In case of any residual or recurrent PCa, patients were systematically offered a second session. Kaplan-Meier analysis was performed to determine disease-free survival rates (DFSR). MEASUREMENTS: Prostate-specific antigen (PSA), clinical stage, and pathologic results were measured pre- and post-HIFU. RESULTS AND LIMITATIONS: A total of 803 patients from six urologic departments met the inclusion criteria. Stratification according to d'Amico's risk group was low, intermediate, and high in 40.2%, 46.3%, and 13.5% of patients, respectively. Mean follow-up was 42+/-33 mo. Mean PSA nadir was 1.0+/-2.8 ng/ml with 54.3% reaching a nadir of < or =0.3 ng/ml. Control biopsies were negative in 85% of cases. The overall and cancer-specific survival rates at 8 yr were 89% and 99%, respectively. The metastasis-free survival rate at 8 yr was 97%. Initial PSA value and Gleason score value significantly influence the DFSR. The 5- and 7-yr biochemical-free survival rates (Phoenix criteria) were 83-75%, 72-63%, and 68-62% (p=0.03) and the additional treatment-free survival rates were 84-79%, 68-61%, and 52-54% (p<0.001) for low-, intermediate-, and high-risk patients, respectively. PSA nadir was a major predictive factor for HIFU success: negative biopsies, stable PSA, and no additional therapy. CONCLUSIONS: Local control and DFSR achieved with HIFU were similar to those expected with conformal external-beam radiation therapy (EBRT). The excellent cancer-specific survival rate is also explained by the possibility to repeat HIFU and use salvage EBRT.",Eur Urol,2010,58,559-66,doi: 10.1016/j.eururo.2010.06.037. Epub 2010 Jul 3,https://www.ncbi.nlm.nih.gov/pubmed/20619958,,negative,0,2010.0
23084481,Postoperative radiotherapy after radical prostatectomy for high-risk prostate cancer: long-term results of a randomised controlled trial (EORTC trial 22911).,Bolla M,"BACKGROUND: We report the long-term results of a trial of immediate postoperative irradiation versus a wait-and-see policy in patients with prostate cancer extending beyond the prostate, to confirm whether previously reported progression-free survival was sustained. METHODS: This randomised, phase 3, controlled trial recruited patients aged 75 years or younger with untreated cT0-3 prostate cancer (WHO performance status 0 or 1) from 37 institutions across Europe. Eligible patients were randomly assigned centrally (1:1) to postoperative irradiation (60 Gy of conventional irradiation to the surgical bed for 6 weeks) or to a wait-and-see policy until biochemical progression (increase in prostate-specific antigen >0·2 μg/L confirmed twice at least 2 weeks apart). We analysed the primary endpoint, biochemical progression-free survival, by intention to treat (two-sided test for difference at α=0.05, adjusted for one interim analysis) and did exploratory analyses of heterogeneity of effect. This trial is registered with ClinicalTrials.gov, number NCT00002511. FINDINGS: 1005 patients were randomly assigned to a wait-and-see policy (n=503) or postoperative irradiation (n=502) and were followed up for a median of 10·6 years (range 2 months to 16·6 years). Postoperative irradiation significantly improved biochemical progression-free survival compared with the wait-and-see policy (198 [39·4%] of 502 patients in postoperative irradiation group vs 311 [61·8%] of 503 patients in wait-and-see group had biochemical or clinical progression or died; HR 0·49 [95% CI 0·41-0·59]; p<0·0001). Late adverse effects (any type of any grade) were more frequent in the postoperative irradiation group than in the wait-and-see group (10 year cumulative incidence 70·8% [66·6-75·0] vs 59·7% [55·3-64·1]; p=0.001). INTERPRETATION: Results at median follow-up of 10·6 years show that conventional postoperative irradiation significantly improves biochemical progression-free survival and local control compared with a wait-and-see policy, supporting results at 5 year follow-up; however, improvements in clinical progression-free survival were not maintained. Exploratory analyses suggest that postoperative irradiation might improve clinical progression-free survival in patients younger than 70 years and in those with positive surgical margins, but could have a detrimental effect in patients aged 70 years or older. FUNDING: Ligue Nationale contre le Cancer (Comité de l'Isère, Grenoble, France) and the European Organisation for Research and Treatment of Cancer (EORTC) Charitable Trust.",Lancet,2012,380,2018-27,10.1016/S0140-6736(12)61253-7,https://www.ncbi.nlm.nih.gov/pubmed/23084481,HIGH RISK,positive,1,
23194129,High-dose rate brachytherapy compared with open radical prostatectomy for the treatment of high-risk prostate cancer: 10 year biochemical freedom from relapse.,Savdie R,"OBJECTIVE: • To compare long-term biochemical control of high-risk prostate cancer in those men receiving high-dose rate brachytherapy (HDRB) and radical prostatectomy (RP). PATIENTS AND METHODS: • The 10-year biochemical freedom from relapse (BFR) was calculated for 243 patients who underwent either RP or combined therapy with HDRB + external beam radiotherapy + androgen deprivation between 1998 and 2000. • INCLUSION CRITERIA: clinical stage ≥ T2b, or Gleason sum ≥ 8, or PSA level of > 20 ng/mL. Groups were appraised using the Kattan nomogram for surgery to calculate progression-free probability (PFP). RESULTS: • For the RP group (153 patients) the median PSA level was 8.1 ng/mL and the median age was 62.2 years. The median 5- and 10-year predicted PFP for RP was 64% and 56 %, respectively. The 5- and 10-year BFR was 65.5% and 55.4%. There was no significant difference between the predicted and the actual PFP for the RP group (P= 0.525). • For HDRB group (90 patients). The median PSA level was 14.2 ng/mL and the median age was 67.6 years. The median 5- and 10-year predicted PFP for HDRB was 46% and 35%, respectively. The 5- and 10-year BFR was 79.6% and 53.6%. There was a significant improvement between the actual and the predicted PFP for the HDRB group (P= 0.002). CONCLUSIONS: • Amongst a high-risk cohort, patients undergoing RP performed as predicted by the pre-treatment surgical nomogram, whereas the patients undergoing HDRB performed significantly better than was predicted by the surgical nomogram at 10 years.",BJU Int,2012,110 Suppl 4,71-6,10.1111/j.1464-410X.2012.11480.x,https://www.ncbi.nlm.nih.gov/pubmed/23194129,HIGH RISK,positive,1,
16029788,Lack of benefit from a short course of androgen deprivation for unfavorable prostate cancer patients treated with an accelerated hypofractionated regime,Martinez AA,"PURPOSE: High-dose radiotherapy, delivered in an accelerated hypofractionated course, was utilized to treat prostate cancer. Therapy consisted of external beam radiotherapy (EBRT) and transrectal ultrasound (TRUS)-guided conformally modulated high-dose rate (HDR) brachytherapy. The purpose of this report is (1) to assess long-term comparative outcomes from three trials using similar accelerated hypofractionated regimes; and (2) to examine the long-term survival impact of a short course of < or =6 months adjuvant/concurrent androgen deprivation when a very high radiation dose was delivered. METHODS AND MATERIALS: Between 1986 and 2000, 1,260 patients were treated at three institutions with pelvic EBRT (36-50 Gy) integrated with HDR prostate brachytherapy. The total dose including brachytherapy was given over 5 weeks. The biologic equivalent EBRT dose ranged between 90 and 123 Gy (median, 102 Gy) using an alpha /beta of 1.2. Patient eligibility criteria included a pretreatment prostate-specific antigen > or =10, Gleason score > or =7, or clinical stage > or =T2b. A total of 1,260 patients were treated, and 934 meet the criteria. Kiel University Hospital treated 198 patients; William Beaumont Hospital, 315; and California Endocurietherapy Cancer Center, 459 patients. Brachytherapy dose regimes were somewhat different between centers and the dose was escalated from 5.5 x 3 to 15 Gy x 2 Gy. Patients were divided for analysis between the 406 who received up to 6 months of androgen deprivation therapy and the 528 patients who did not. All patients had a minimum follow-up of 18 months (3 times the exposure to androgen deprivation therapy). The American Society for Therapeutic Radiology and Oncology biochemical failure definition was used. RESULTS: Mean age was 69 years. Median follow-up time was 4.4 years (range, 1.5-14.5); 4 years for androgen deprivation therapy patients and 4.9 for radiation alone. There was no difference at 5 and 8 years in overall survival, cause-specific survival, or biochemical control among the three institutions. The corresponding 8-year rates with and without androgen deprivation therapy were biochemical control 85% and 81%; overall survival 83% and 78%; cause-specific survival 89% and 94%; and metastatic rates of 16.6% and 7.3%. A multivariate analysis revealed androgen deprivation therapy did not predict for biochemical failure for either the entire group or the subset of 177 patients harboring all three poor prognostic factors. Moreover, adding androgen deprivation therapy strongly correlated with higher rates of both metastasis (p = 0.09; hazard ratio, 2.08) and cancer-related deaths (p = 0.02, hazard ratio 3.25). These negative results for the most unfavorable group led us to question if androgen deprivation therapy might have a deleterious impact through delay in delivery of the potentially curative radiation or whether there may be a biologic basis by fixing the cycling cells in G0. CONCLUSIONS: Accelerated hypofractionated pelvic EBRT integrated with TRUS-guided conformally modulated HDR administered to 1,260 patients in three institutions was an excellent method of delivering very high radiation dose to the prostate in 5 weeks. Similar high overall, cause-specific, and biochemical no evidence of disease survival rates achieved show that prostate HDR can be successfully delivered in academic and community settings. At 8 years, the addition of a course of < or =6 months of neoadjuvant/concurrent androgen deprivation therapy to a very high radiation dose did not confer a therapeutic advantage but added side effects and cost. Furthermore, for the most unfavorable group, there was a higher rate of distant metastasis and more prostate cancer-related deaths. We question the value of a short course of androgen deprivation therapy when used with high-dose radiation.",Int J Radiat Oncol Biol Phys,2005,1,,doi: 10.1016/j.ijrobp.2004.12.053,https://www.ncbi.nlm.nih.gov/pubmed/16029788,,negative,0,2005.0
16160131,Comparison of conventional-dose vs high-dose conformal radiation therapy in clinically localized adenocarcinoma of the prostate: a randomized controlled trial.,Zietman AL,"CONTEXT: Clinically localized prostate cancer is very prevalent among US men, but recurrence after treatment with conventional radiation therapy is common. OBJECTIVE: To evaluate the hypothesis that increasing the radiation dose delivered to men with clinically localized prostate cancer improves disease outcome. DESIGN, SETTING, AND PATIENTS: Randomized controlled trial of 393 patients with stage T1b through T2b prostate cancer and prostate-specific antigen (PSA) levels less than 15 ng/mL randomized between January 1996 and December 1999 and treated at 2 US academic institutions. Median age was 67 years and median PSA level was 6.3 ng/mL. Median follow-up was 5.5 (range, 1.2-8.2) years. INTERVENTION: Patients were randomized to receive external beam radiation to a total dose of either 70.2 Gy (conventional dose) or 79.2 Gy (high dose). This was delivered using a combination of conformal photon and proton beams. MAIN OUTCOME MEASURE: Increasing PSA level (ie, biochemical failure) 5 years after treatment. RESULTS: The proportions of men free from biochemical failure at 5 years were 78.8% [corrected] (95% confidence interval, 73.1%-84.6%) [corrected] for conventional-dose and 91.3% [corrected] (95% confidence interval, 87.2%-95.4%) [corrected] for high-dose therapy (P<.001), a 59% [corrected] reduction in the risk of failure. The advantage to high-dose therapy was statistically significant [corrected] in both the low-risk subgroup [corrected] (risk reduction, 84% [P<.001]) [corrected] There has been no significant difference in overall survival rates between the treatment groups. Only 1% of patients receiving conventional-dose and 2% receiving high-dose radiation experienced acute urinary or rectal morbidity of Radiation Therapy Oncology Group (RTOG) grade 3 or greater. So far, only 2% and 1%, respectively, have experienced late morbidity of RTOG grade 3 or greater. CONCLUSIONS: Men with clinically localized prostate cancer have a lower risk of biochemical failure if they receive high-dose rather than conventional-dose conformal radiation. This advantage was achieved without any associated increase in RTOG grade 3 acute or late urinary or rectal morbidity.",JAMA,2005,294,1233-9,10.1001/jama.294.10.1233,https://www.ncbi.nlm.nih.gov/pubmed/16160131,LOW RISK,positive,1,
25765848,Salvage radical prostatectomy after external beam radiation therapy: a systematic review of current approaches,Matei DV,"BACKGROUND: Radical external beam radiotherapy (EBRT) is a standard treatment for prostate cancer patients. Despite this, the rate of intraprostatic relapses after primary EBRT is still not negligible. There is no consensus on the most appropriate management of these patients after EBRT failure. For these patients, local salvage therapy such as radical prostatectomy, cryotherapy, and brachytherapy may be indicated. OBJECTIVE: The objectives of this review were to analyze the eligibility criteria for careful selection of appropriate patients and to evaluate the oncological results and complications for each method. METHODS: A review of the literature was performed to identify studies of local salvage therapy for patients who had failed primary EBRT for localized prostate cancer. RESULTS: Most studies demonstrated that local salvage therapy after EBRT may provide long-term local control in appropriately selected patients, although toxicity is often significant. CONCLUSIONS: Our results suggest that for localized prostate cancer recurrence after EBRT, the selection of a local treatment modality should be made on a patient-by-patient basis. An improvement in selection criteria and an integrated definition of biochemical failure for all salvage methods are required to determine which provides the best oncological outcome and least comorbidity.",Urol Int,2015,94,373-82,doi: 10.1159/000371893. Epub 2015 Mar 4,https://www.ncbi.nlm.nih.gov/pubmed/25765848,,negative,0,2015.0
17315165,Radical prostatectomy for clinical stage T3a disease.,Freedland SJ,"BACKGROUND: Men with clinical stage T3a disease are at high risk and are often encouraged to undergo radiation therapy with concomitant hormonal therapy. The long-term outcomes among men treated with radical prostatectomy for clinical stage T3a disease were examined. METHODS: Among 3397 men treated by radical prostatectomy by 1 surgeon between 1987 and 2003, 62 (1.8%) men were identified who had clinical stage T3a disease. Among the 56 men not treated with neoadjuvant or adjuvant therapies before prostate-specific antigen (PSA) recurrence, the long-term outcomes of PSA-free survival, metastasis-free survival, and prostate cancer specific survival were examined. Median and mean follow-up after surgery were 10.3 and 13 years, respectively (range, 1-17). RESULTS: Ninety-one percent of men in this group had pathological T3 disease. PSA-free survival at 15 years after surgery was 49%. Metastasis-free survival and cause-specific survival at 15 years after surgery were 73% and 84%, respectively. Among men with a PSA recurrence, 46% received secondary therapy before metastasis. The only preoperative or pathological feature that predicted risk of prostate cancer death was lymph node metastasis (hazard ratio [HR]: 9.22, 95% confidence interval [CI]: 1.06-80.02, P = .044). Among the 28 men with a PSA recurrence, PSA doubling time (PSADT) data were available for 23, of which 11 (48%) has a PSADT >/=9 months. No patient with a PSADT >/=9 months died of prostate cancer. A PSADT <9 months was significantly associated with increased risk of prostate cancer death (log-rank, P = .004). CONCLUSIONS: In a select cohort of men with clinical stage T3a disease, radical prostatectomy alone provides long-term cancer control in about half of the men and results in a prostate cancer-specific survival of 84%. Among men with a PSA recurrence, PSADT at the time of recurrence is a useful determinant of risk of prostate cancer death.",Cancer,2007,109,1273-8,10.1002/cncr.22544,https://www.ncbi.nlm.nih.gov/pubmed/17315165,HIGH RISK,positive,1,
20215039,Loose seeds versus stranded seeds in I-125 prostate brachytherapy: differences in clinical outcome,Hinnen KA,"PURPOSE: To assess clinical outcome in terms of biochemical No evidence of disease (bNED) for patients with stranded seed implants versus loose seed implants in prostate brachytherapy. METHODS: From December 2000 until October 2006, we treated 896 T< or =2C Nx/0 Mx/0, prostate cancer patients with either stranded seed (n=538) or loose seed (n=358) I-125 implants. A total of 211 patients received a 6 months course of anti-androgen therapy, before treatment, for prostate volume reduction to <50 cc. Patients with very small and large gland volumes or a history of transurethral prostate resection, were preferably treated with stranded seeds, otherwise selection was arbitrary. RESULTS: The 5-year bNED rates (95% Confidence Interval) for stranded seed patients and loose seed patients were respectively 86% (82-90) and 90% (85-95), the total 5-year bNED rate was 87% (85-90). When adjusted for possible confounding factors in a Cox-regression analysis, type of seed was significantly associated with biochemical failure with a 43% risk reduction (hazard ratio: 0.57; 95% CI: 0.34-0.97) for loose seeds versus stranded seeds. CONCLUSIONS: These results suggest that seed-type affects clinical outcome in prostate brachytherapy, with better bNED for patients with loose seed implants.",Radiother Oncol,2010,96,30-3,doi: 10.1016/j.radonc.2010.02.012. Epub 2010 Mar 8,https://www.ncbi.nlm.nih.gov/pubmed/20215039,,negative,0,2010.0
26072289,Radiation dose escalation or longer androgen suppression for locally advanced prostate cancer? Data from the TROG 03.04 RADAR trial,Denham JW,"BACKGROUND: The relative effects of radiation dose escalation (RDE) and androgen suppression (AS) duration on local prostatic progression (LP) remain unclear. METHODS: We addressed this in the TROG 03.04 RADAR trial by incorporating a RDE programme by stratification at randomisation. Men were allocated 6 or 18 months AS±18 months zoledronate (Z). The main endpoint was a composite of clinically diagnosed LP or PSA progression with a PSA doubling time ⩾6 months. Fine and Gray competing risk modelling with adjustment for site clustering produced cumulative incidence estimates at 6.5 years for each RDE group. RESULTS: Composite LP declined coherently in the 66, 70 and 74 Gy external beam dosing groups and was lowest in the high dose rate brachytherapy boost (HDRB) group. At 6.5 years, adjusted cumulative incidences were 22%, 15%, 13% and 7% respectively. Compared to 6 months AS, 18 months AS also significantly reduced LP (p<0.001). Post-radiation urethral strictures were documented in 45 subjects and increased incrementally in the dosing groups. Crude incidences were 0.8%, 0.9%, 3.8% and 12.7% respectively. CONCLUSION: RDE and increasing AS independently reduce LP and increase urethral strictures. The risks and benefits to the individual must be balanced when selecting radiation dose and AS duration.",Radiother Oncol,2015,115,301-7,doi: 10.1016/j.radonc.2015.05.016. Epub 2015 Jun 10,https://www.ncbi.nlm.nih.gov/pubmed/26072289,,negative,0,2015.0
15743150,Integrating hormonal therapy with external-beam radiation and brachytherapy for prostate cancer,Andrews J,"The use of hormonal therapy with external-beam radiation (EBRT) to treat prostate cancer is a topic that has been well explored. The potential use of hormonal therapy and brachytherapy in the treatment of prostate cancer, however, continues to be controversial. This review is based on our current interpretation of the available literature assessing the outcomes of patients treated with EBRT and brachytherapy with or without hormonal therapy. Extrapolating from the findings of the Radiation Therapy Oncology Group (RTOG) 9413 trial, there appears to be a favorable interaction between hormonal therapy and irradiation in the lymph nodes. The benefits demonstrated with whole-pelvic EBRT and hormonal therapy are likely to extend to patients treated with brachytherapy as well. Studies suggest that the role of hormonal therapy in brachytherapy is limited without the application of whole-pelvic EBRT due to the inability of brachytherapy to address potential lymph nodes at risk. The potential role of hormonal therapy in conjunction with brachytherapy without pelvic radiotherapy, is limited by inconclusive data and abbreviated follow-up times.",Oncology (Williston Park),2005,19,29-36,,https://www.ncbi.nlm.nih.gov/pubmed/15743150,,negative,0,2005.0
16750319,Increasing external beam dose for T1-T2 prostate cancer: effect on risk groups.,Thames HD,"PURPOSE: The aim of this study was to investigate effect of increasing dose on risk groups for clinical failure (CF: local failure or distant failure or hormone ablation or PSA>or=25 ng/ml) in patients with T1-T2 prostate cancer treated with external beam radiotherapy. METHODS AND MATERIALS: Patients (n=4,537) were partitioned into nonoverlapping dose ranges, each narrow enough that dose was not a predictor of CF, and risk groups for CF were determined using recursive partitioning analysis (RPA). The same technique was applied to the highest of these dose ranges (70-76 Gy, 1,136 patients) to compare risk groups for CF in this dose range with the conventional risk-group classification. RESULTS: Cutpoints defining low-risk groups in each dose range shifted to higher initial PSA levels and Gleason scores with increasing dose. Risk groups for CF in the dose range 70-76 Gy were not consistent with conventional risk groups. CONCLUSIONS: The conventional classification of risk groups was derived in the early PSA era, when total doses<70 Gy were common, and it is inconsistent with risk groups for patients treated to doses>70 Gy. Risk-group classifications must be continuously re-examined whenever the trend is toward increasing total dose.",Int J Radiat Oncol Biol Phys,2006,65,975-81,10.1016/j.ijrobp.2006.02.043,https://www.ncbi.nlm.nih.gov/pubmed/16750319,LOW RISK,positive,1,
23280183,Population-based 10-year oncologic outcomes after low-dose-rate brachytherapy for low-risk and intermediate-risk prostate cancer.,Morris WJ,"BACKGROUND: The objective of this study was to report the rates of disease-free survival (DFS), cause-specific survival (CSS), and overall survival after low-dose-rate (LDR) prostate brachytherapy (PB). METHODS: Data from 1006 consecutive patients with prostate cancer who received LDR-PB and underwent implantation on or before October 23, 2003 were extracted from a prospective database on November 11, 2011. The selected patients had low-risk (58%) or intermediate-risk (42%) disease according to National Comprehensive Cancer Network criteria. The Phoenix threshold was used to define biochemical relapse. Sixty-five percent of patients received 3 months of neoadjuvant androgen-deprivation therapy (ADT) and 3 months of concomitant ADT. Univariate and multivariate analyses are reported in relation to patient, tumor, and treatment variables. RESULTS: The median follow-up was 7.5 years. By using Fine and Gray competing risks analysis, the 5-year and 10-year actuarial DFS rates were 96.7% (95% confidence interval, 95.2%-97.7%) and 94.1% (95% confidence interval, 92%-95.6%), respectively. When applied to the whole cohort, none of the usual prognostic variables, including dose metrics, were correlated with DFS. However, in both univariate and multivariate models, increasing dose was the only covariate that correlated with improved DFS for the subset of men (N = 348) who did not receive ADT (P = .043). The actuarial 10-year CSS rate was 99.1% (95% confidence interval, 97.3%-99.7%). The overall survival rate was 93.8% at 5 years (95% confidence interval, 92%-95.1%) and 83.5% at 10 years (95% confidence interval, 79.8%-86.6%). Only age at implantation (P = .0001) was correlated with overall survival in multivariate analysis. CONCLUSIONS: In a consecutive cohort of 1006 men with National Comprehensive Cancer Network low-risk and intermediate-risk prostate cancer, the actuarial rate of recurrent disease after LDR-PB was approximately 3% at 5 years and 6% at 10 years.",Cancer,2013,119,1537-46,10.1002/cncr.27911,https://www.ncbi.nlm.nih.gov/pubmed/23280183,INTERMEDIATE RISK,positive,1,
26713323,"Erectile function following brachytherapy, external beam radiotherapy, or radical prostatectomy in prostate cancer patients",Putora PM,"BACKGROUND AND PURPOSE: For localized prostate cancer, treatment options include external beam radiotherapy (EBRT), radical prostatectomy (RP), and brachytherapy (BT). Erectile dysfunction (ED) is a common side-effect. Our aim was to evaluate penile erectile function (EF) before and after BT, EBRT, or RP using a validated self-administered quality-of-life survey from a prospective registry. MATERIAL AND METHODS: Analysis included 478 patients undergoing RP (n = 252), EBRT (n = 91), and BT (n = 135) with at least 1 year of follow-up and EF documented using IIEF-5 scores at baseline, 6 weeks, 6 months, 1 year, and annually thereafter. RESULTS: Differences among treatments were most pronounced among patients with no or mild initial ED (IIEF-5 ≥ 17). Overall, corrected for baseline EF and age, BT was associated with higher IIEF-5 scores than RP (+ 7.8 IIEF-5 score) or EBRT (+ 3.1 IIEF-5 score). EBRT was associated with better IIEF-5 scores than RP (+ 4.7 IIEF-5 score). In patients undergoing EBRT or RP with bilateral nerve sparing (NS), recovery of EF was observed and during follow-up, the differences to BT were not statistically significant. Overall age had a negative impact on EF preservation (corrected for baseline IIEF). CONCLUSION: In our series, EF was adversely affected by each treatment modality. Considered overall, BT provided the best EF preservation in comparison to EBRT or RP.",Strahlenther Onkol,2016,192,182-9,doi: 10.1007/s00066-015-0928-x. Epub 2015 Dec 28,https://www.ncbi.nlm.nih.gov/pubmed/26713323,,negative,0,2015.0
32093688,The efficacy and safety of radical prostatectomy and radiotherapy in high-risk prostate cancer: a systematic review and meta-analysis,Wang Z,"BACKGROUND: The optimal treatment for patients with high-risk prostate cancer (PCa) remains a debate and selection of patients to receive proper therapy is still an unsettled question. This systematic review was conducted to compare the effectiveness of prostatectomy (RP) and radiotherapy (RT) in patients with high-risk PCa and to select candidates for optimal treatment. METHODS: PubMed, EMBASE, and Cochrane Central Register of Controlled Trials were searched for eligible studies. We extracted hazard ratios (HRs) and 95% confidence interval (CI) of all included studies. The primary outcomes were overall survival (OS) and cancer-specific survival (CSS); the secondary outcomes were biochemical recurrence-free survival (BRFS), metastasis-free survival (MFS) and clinical recurrence-free survival (CRFS). The meta-analysis was performed using Review Manager 5.3. Subgroup analyses were conducted according to Gleason score (GS), T stage and RT types. Quality of life (QoL) was compared with these two treatments. RESULTS: A total of 25 studies were included in this meta-analysis. Overall, RP showed more survival benefits than RT on CSS (P = 0.003) and OS (P = 0.002); while RT was associated with better BRFS (P = 0.002) and MFS (P = 0.004). Subgroup analyses showed RT was associated with similar or even better survival outcomes compared to RP in patients with high GS, high T stage or received external beam radiotherapy plus brachytherapy (EBRT + BT). As for QoL, RP was associated with poorer urinary and sexual function but better performance in the bowel domain. CONCLUSION: RP could prolong the survival time of patients with high-risk PCa; however, RT could delay the disease progression, and combined RT (EBRT + BT) even brought preferable CSS and similar OS compared to RP. RT might be the prior choice for patients with high T stage or high GS. RP could lead to poorer urinary and sexual function, while bringing better performance in the bowel domain.",World J Surg Oncol,2020,24,,doi: 10.1186/s12957-020-01824-9,https://www.ncbi.nlm.nih.gov/pubmed/32093688,,negative,0,2020.0
20685176,Comparison of PSA relapse-free survival in patients treated with ultra-high-dose IMRT versus combination HDR brachytherapy and IMRT,Deutsch I,"PURPOSE: We report on a retrospective comparison of biochemical outcomes using an ultra-high dose of conventionally fractionated intensity-modulated radiation therapy (IMRT) vs. a lower dose of IMRT combined with high-dose-rate (HDR) brachytherapy to increase the biologically effective dose of IMRT. METHODS: Patients received IMRT of 86.4Gy (n=470) or HDR brachytherapy (21Gy in three fractions) followed by IMRT of 50.4Gy (n=160). Prostate-specific antigen (PSA) relapse was defined as PSA nadir+2. Median followup was 53 months for IMRT alone and 47 months for HDR. RESULTS: The 5-year actuarial PSA relapse-free survival (PRFS) for HDR plus IMRT vs. ultra-high-dose IMRT were 100% vs. 98%, 98% vs. 84%, and 93% vs. 71%, for National Comprehensive Cancer Network low- (p=0.71), intermediate- (p<0.001), and high-risk (p=0.23) groups, respectively. Treatment (p=0.0006), T stage (p<0.0001), Gleason score (p<0.0001), pretreatment PSA (p=0.0037), risk group (p<0.0001), and lack of androgen-deprivation therapy (p=0.0005) were significantly associated with improved PRFS on univariate analysis. HDR plus IMRT vs. ultra-high-dose IMRT (p=0.0012, hazard ratio [HR]=0.184); age (p=0.0222, HR=0.965); and risk group (p<0.0001, HR=2.683) were associated with improved PRFS on multivariate analysis. CONCLUSION: Dose escalation of IMRT by adding HDR brachytherapy provided improved PRFS in the treatment of prostate cancer compared with ultra-high-dose IMRT, independent of risk group on multivariate analysis, with the most significant benefit for intermediate-risk patients.",Brachytherapy,2010,,-,doi: 10.1016/j.brachy.2010.02.196. Epub 2010 Aug 4,https://www.ncbi.nlm.nih.gov/pubmed/20685176,,negative,0,2010.0
21185115,Disease-free survival following salvage cryotherapy for biopsy-proven radio-recurrent prostate cancer,Williams AK,"BACKGROUND: The optimum treatment of prostate cancer recurrence following radiation therapy (RT) remains controversial due to the lack of long-term data. OBJECTIVE: Our aim was to review the survival of patients who underwent salvage cryotherapy to the prostate gland for biopsy-proven recurrent prostate cancer and establish prognostic indicators. DESIGN, SETTING, AND PARTICIPANTS: A retrospective analysis was performed on all patients undergoing salvage cryotherapy at an academic urology unit for biopsy-proven locally recurrent prostate cancer after RT from 1995 to 2004. Patients' preoperative, perioperative, and postoperative data were reviewed and recorded. INTERVENTION: Two freeze-thaw cycles of transperineal cryotherapy were performed under transrectal ultrasound guidance by a single surgeon. MEASUREMENTS: The primary outcome was survival. Secondary outcomes were disease-free survival (DFS), metastasis-free survival, and progression to androgen-deprivation therapy. RESULTS AND LIMITATIONS: Of 187 patients, 176 had records available for follow-up (follow-up rate: 94%). Mean follow-up was 7.46 yr (range: 1-14 yr). Fifty-two patients were followed for >10 yr. DFS at 10 yr was 39%. Risk factors for recurrence were presalvage prostate-specific antigen (PSA), preradiation, and presalvage Gleason score. A PSA nadir >1.0 ng/dl was highly predictive of early recurrence. CONCLUSIONS: Salvage cryotherapy led to an acceptable 10-yr DFS. Presalvage PSA and Gleason score were the best predictors of disease recurrence. A PSA nadir >1 ng/dl following cryotherapy indicated a poor prognosis, and recurrence of disease was universal in these patients.",Eur Urol,2011,60,405-10,doi: 10.1016/j.eururo.2010.12.012. Epub 2010 Dec 21,https://www.ncbi.nlm.nih.gov/pubmed/21185115,,negative,0,2010.0
16216365,192Ir or 125I prostate brachytherapy as a boost to external beam radiotherapy in locally advanced prostatic cancer: a dosimetric point of view,Nickers P,"PURPOSE: This work aims at comparing the dosimetric possibilities of 125I or 192Ir prostate brachytherapy (Bt) as a boost to external beam radiotherapy in the treatment of locally advanced adenocarcinoma. METHODS AND MATERIALS: From 1/1997 to 12/2002, 260 patients were treated. Until 12/2001 a low dose rate (LDR) treatment with 192Ir wires was used, later replaced by a high dose rate (HDR) delivered with an 192Ir stepping source technology. For the present work, we selected 40 patients including the last 20 treated, respectively, by LDR and HDR. The planning CT Scans of all these 40 patients were transferred into the 3D Prowess system for 125I permanent implants design according to the Seattle method. The reference data for dosimetric comparisons were the V100 and the prescribed dose for 192Ir as well as the dose delivered with 125I techniques to the 192Ir V100. We compared V100-150 data as well as doses to the organs at risks (OR) and cold spots (CS). RESULTS: The V100 is 85.3+/-8% for 192Ir LDR and 96+/-2% for HDR techniques (P < 0.0001). In comparison with 125I, the 192Ir LDR mode induces higher hyperdosage volumes inside the CTV but also more CS, while maximal doses to urethra and rectum are, respectively, 17 and 39% less with 125I (P < 0.0001). In comparison with the 192Ir HDR mode, 125I Bt induces higher hyperdosage volumes and slightly more CS deliberately planned around the bladder neck. If delivered doses to urethra are identical, those to the 20% anterior part of the rectum are 33% less with 125I (P < 0,0001). The 125I Bt technique was only possible in 24 out of the 40 patients studied due to pelvic bone arch interference. CONCLUSIONS: At the present time, there is no evident dosimetric superiority of one Bt method when all the criteria are taken into account. However, improving Bt techniques to implant any prostatic size could found the superiority of the 125I or permanent implants. 125I indeed allows large hyperdosage volumes inside the CTV in comparison with 192Ir HDR techniques while lowering doses to OR and minimizing CS.",Radiother Oncol,2006,78,47-52,doi: 10.1016/j.radonc.2005.09.002. Epub 2005 Oct 10,https://www.ncbi.nlm.nih.gov/pubmed/16216365,,negative,0,2005.0
25308767,Particle radiotherapy for prostate cancer,Shioyama Y,"Recent advances in external beam radiotherapy have allowed us to deliver higher doses to the tumors while decreasing doses to the surrounding tissues. Dose escalation using high-precision radiotherapy has improved the treatment outcomes of prostate cancer. Intensity-modulated radiation therapy has been widely used throughout the world as the most advanced form of photon radiotherapy. In contrast, particle radiotherapy has also been under development, and has been used as an effective and non-invasive radiation modality for prostate and other cancers. Among the particles used in such treatments, protons and carbon ions have the physical advantage that the dose can be focused on the tumor with only minimal exposure of the surrounding normal tissues. Furthermore, carbon ions also have radiobiological advantages that include higher killing effects on intrinsic radio-resistant tumors, hypoxic tumor cells and tumor cells in the G0 or S phase. However, the degree of clinical benefit derived from these theoretical advantages in the treatment of prostate cancer has not been adequately determined. The present article reviews the available literature on the use of particle radiotherapy for prostate cancer as well as the literature on the physical and radiobiological properties of this treatment, and discusses the role and the relative merits of particle radiotherapy compared with current photon-based radiotherapy, with a focus on proton beam therapy and carbon ion radiotherapy.",Int J Urol,2015,22,33-9,doi: 10.1111/iju.12640. Epub 2014 Oct 12,https://www.ncbi.nlm.nih.gov/pubmed/25308767,,negative,0,2015.0
31828412,MRI targeted single fraction HDR Brachytherapy for localized Prostate Carcinoma: a feasibility study of focal radiation therapy (ProFocAL),Fischbach F,"OBJECTIVES: The aim of the study was to establish the setup and workflow for delivering focal MRI-guided high-dose-rate (HDR) brachytherapy for prostate cancer (PCA) and to assess patient comfort and safety aspects of MRI-guided single-fraction HDR. METHODS: Patients with histologically proven focal low- to intermediate-risk PCA with a single PIRADS 4/5 lesion were treated with percutaneous interstitial HDR brachytherapy in a single fraction with a minimum dose for the gross tumor volume of 20 Gy while sparing the organ at risk (OAR). Using a 3T-MRI, brachytherapy catheters were placed transgluteal in freehand technique. No antibiotic therapy or general analgesics were administered. Patient data, procedure time, patient discomfort, and complications were recorded. Quarterly PSA controls, biannual follow-up imaging, and annual re-biopsy were planned. RESULTS: So far, 9 patients were successfully treated and followed for 6 months. Mean intervention time was 34 min. Using the VAS scale, the pain reported for the intervention ranged from 2 to 3. Short-term follow-up showed no acute genitourinary or gastrointestinal toxicity so far. None of the patients displayed signs of infection. PSA levels in all patients decreased significantly. On follow up no residual PCA was detected treated region so far. PSA levels in all patients decreased significantly. On follow-up, no residual PCA was detected so far. CONCLUSIONS: MR-guided single-fraction focal HDR brachytherapy for localized PCA is feasible as well as safe for the individual patient. Catheters can be placed accurately and maximum therapeutic dose distribution can be restricted to the tumor. Countersigning the minimally invasive character of the procedure, no general anesthesia or antibiosis is necessary. KEY POINTS: • MR-guided focal HDR brachytherapy allows an accurate placement of catheters with maximum therapeutic dose distribution restricted to the tumor. • No major anesthesia or antibiosis is necessary emphasizing the minimal invasive character of the procedure. • Patients with low- and intermediate-risk prostate carcinoma in particular may benefit to halt disease progression whereas treatment-related morbidity is reduced compared with radical therapy.",Eur Radiol,2020,30,2072-2081,doi: 10.1007/s00330-019-06505-0. Epub 2019 Dec 11,https://www.ncbi.nlm.nih.gov/pubmed/31828412,,negative,0,2020.0
24053230,Five-year outcomes after iodine-125 seed brachytherapy for low-risk prostate cancer at three cancer centres in the UK.,Dickinson PD,"OBJECTIVE: To report the outcomes of >1000 men with low-risk prostate cancer treated with low-dose-rate (LDR) brachytherapy at three large UK cancer centres. PATIENTS AND METHODS: A total of 1038 patients with low-risk prostate cancer (prostate-specific antigen [PSA] ≤10 ng/mL, Gleason score 6, ≤T2b disease) were treated with LDR iodine 125 (I-125) brachytherapy between 2002 and 2007. Patients were treated at three UK centres. PSA and clinical follow-up was performed at each centre. Biochemical recurrence-free survival was reported for the cohort. RESULTS: The median (range) PSA follow-up for the whole group was 5 years (4 months to 9 years). A total of 79 patients had biochemical failure, defined by a rise in PSA level: 16 patients fulfilled the ASTRO definition of biochemical failure, 25 patients fulfilled the Phoenix definition and 38 patients fulfilled both definitions. The 5-year biochemical relapse-free survival (bRFS) rate was 94.1% by the ASTRO definition and 94.2% by the Phoenix definition. The absence of neoadjuvant hormone therapy was predictive of inferior biochemical control as defined by the Phoenix definition (P = 0.033). CONCLUSIONS: Our prospective multicentre series showed excellent bRFS with LDR I-125 brachytherapy for patients with low-risk prostate cancer. Further work is necessary to define the role of neoadjuvant androgen deprivation therapy in combination with brachytherapy.",BJU Int,2014,113,748-53,10.1111/bju.12358,https://www.ncbi.nlm.nih.gov/pubmed/24053230,LOW RISK,positive,1,
17189063,Five-year outcome of intraoperative conformal permanent I-125 interstitial implantation for patients with clinically localized prostate cancer.,Zelefsky MJ,"PURPOSE: To report the 5-year tumor control and toxicity outcomes for patients with localized prostate treated with I-125 permanent implantation using an intraoperative real-time conformal planning technique. METHODS AND MATERIALS: Between January 1998 and June 2002, 367 patients with prostate cancer were treated with I-125 permanent interstitial implantation using a transrectal ultrasound-guided approach. Real-time intraoperative treatment planning which incorporated inverse planning optimization was used. The median follow-up time was 63 months. RESULTS: The median V100 and D90 were 96% and 173 Gy, respectively. In 96% of cases a D90 of >140 Gy was achieved. The median urethral and rectal doses were 100% and 33% of the prescription doses, respectively. The 5-year PSA relapse-free survival outcomes for favorable and intermediate risk patients according to the ASTRO definition were 96% and 89%, respectively. In these patients no dosimetric parameter was identified which influenced the biochemical outcome. Of 38% who developed acute Grade 2 urinary symptoms, 63% had resolution of their symptoms within a median time of 6 months. The incidence of late rectal and urinary Grade 3 or higher toxicities were 1% and 4%, respectively. Seven percent (n = 27) developed late rectal bleeding (Grade 2) and 19% experienced late Grade 2 urinary symptoms. CONCLUSION: Real-time intraoperative planning consistently achieved optimal coverage of the prostate with the prescription dose with concomitant low doses delivered to the urethra and rectum. Biochemical control outcomes were excellent at 5 years and late toxicity was unusual. These data demonstrate that real-time planning methods can consistently and reliably deliver the intended dose distribution to achieve an optimal therapeutic ratio between the target and normal tissue structures.",Int J Radiat Oncol Biol Phys,2007,67,65-70,10.1016/j.ijrobp.2006.08.030,https://www.ncbi.nlm.nih.gov/pubmed/17189063,LOW RISK,positive,1,
22386416,Ten-year follow-up of neoadjuvant therapy with goserelin acetate and flutamide before radical prostatectomy for clinical T3 and T4 prostate cancer: update on Southwest Oncology Group Study 9109.,Berglund RK,"OBJECTIVE: To update the results with 10-year data of a phase II prospective trial of neoadjuvant hormonal therapy with goserelin acetate and flutamide followed by radical prostatectomy for locally advanced prostate cancer (SWOG 9109). The optimal management for clinical stage T3 and T4 N0,M0 prostate cancer is uncertain. MATERIALS AND METHODS: Sixty-two patients with clinical stage T3 and T4 N0,M0 prostate cancer were enrolled. Cases were classified by stage T3 vs T4 and by volume of disease (bulky >4 cm and nonbulky ≤ 4 cm). RESULTS: Fifty-five of 61 eligible patients completed the trial with radical prostatectomy after neoadjuvant androgen deprivation therapy (ADT). The median preoperative prostate-specific antigen value was 19.8 ng/mL, and 67% of patients had a Gleason score of ≥ 7. Among 41 patients last known to be alive, median follow-up is 10.6 years (range 5.1-12.6). In all, 38 patients have had disease progression (30/55, 55%) or died without progression (8/55, 15%) for a 10-year progression-free survival (PFS) estimate of 40% (95% CI 27-53). Median PFS was 7.5 years, and median survival has not been reached. The 10-year overall survival (OS) estimate is 68% (95% CI 56-80). CONCLUSIONS: In this small, prospective phase II study, neoadjuvant hormonal therapy with goserelin acetate and flutamide followed by radical prostatectomy achieves long-term PFS and OS comparable with alternative treatments. This approach is feasible and may be an alternative to a strategy of combined radiation and ADT.",Urology,2012,79,633-7,10.1016/j.urology.2011.11.019,https://www.ncbi.nlm.nih.gov/pubmed/22386416,HIGH RISK,positive,1,
19111801,"Outcomes for intermediate risk prostate cancer: are there advantages for surgery, external radiation, or brachytherapy?",Klein EA,"The treatment of localized prostate cancer remains controversial because of the lack of conclusive well-controlled or randomized studies comparing outcome of various forms of radiotherapy (RT) to radical prostatectomy (RP). We review recent results from an institutional database and prospective quality of life study comparing cancer-related and quality of live (QOL) outcomes among different treatment modalities for intermediate risk prostate cancer. The results suggest similar short-term survival but domain-specific effects on QOL after treatment with radical prostatectomy, brachytherapy, or external beam radiotherapy.",Urol Oncol,2009,27,67-71,10.1016/j.urolonc.2008.04.001,https://www.ncbi.nlm.nih.gov/pubmed/19111801,INTERMEDIATE RISK,positive,1,
26603006,Brachytherapy and radical prostatectomy in patients with early prostate cancer,Ferreira AS,"OBJECTIVE: this study analyzes the survival of prostate cancer patients cared for at a hospital in Minas Gerais, Brazil according to one of the following treatments: iodine-125 seed implantation or radical prostatectomy. From January 2002 to December 2005, 129 patients underwent either brachytherapy (64 patients) or surgery (65 patients). METHODS: all had prostate-specific antigen, Gleason scores and clinical stage recorded prior to treatment. Biochemical relapse was defined as prostate-specific antigen (PSA)>0.4 ng/mL for radical prostatectomy, and any elevation equal or higher than 2 ng/mL over the PSA nadir for implanted patients. To analyze the effect of treatment on biochemical recurrence-free survival (BRFS), Kaplan-Meier curves and Cox regression were generated. Mean follow-up time was 56.1 months for patients with the implant, and 26.6 months for those operated on. BRFS in 5 years was 69% (95% CI: 58.18-77.45) for the whole cohort. DISCUSSION: when stratified according to treatment, survival of patients who had undergone brachytherapy (79.70%) was higher to those operated on (44.30%; p value= 0.0056). Upon multivariate analysis, independent predictors were iPSA (HR: 2.91, 95% CI: 1,32-6,42), Gleason score (HR: 2.18, 95% CI: 1,00-4,81) and treatment modality (HR: 2.61, 95% CI: 1.18-5,75). Risk of biochemical failure was higher with surgery than brachytherapy, which may be related to the failure criteria adopted, which is different for each therapy, as well as the high rate of histological progression between preoperative prostate biopsy and surgical specimen. CONCLUSION: it was found that brachytherapy is a good therapeutic option for low risk prostate cancer.",Rev Assoc Med Bras (1992),2015,,-,doi: 10.1590/1806-9282.61.05.431,https://www.ncbi.nlm.nih.gov/pubmed/26603006,,negative,0,2015.0
22436516,Long-term outcome for very high-risk prostate cancer treated primarily with a triple modality approach to include permanent interstitial brachytherapy.,Bittner N,"PURPOSE: To evaluate outcome in the most unfavorable subset of high-risk prostate cancer patients treated with a combination of supplemental external beam radiation therapy (EBRT) and brachytherapy. METHODS AND MATERIALS: Very high-risk prostate cancer was defined as follows: any Gleason score 10, Gleason score 8-9 with >50% of the biopsy cores positive for malignancy, Gleason score 8-9 with a prostate-specific antigen (PSA) >20ng/mL, any clinical stage T3, or any PSA >40ng/mL. One hundred thirty-one patients were identified who met the aforementioned criteria. The median followup was 6.6 years. One hundred twenty (91.6%) patients received supplemental EBRT and 100 (76.4%) received androgen deprivation therapy (median duration, 19.5 months; range, 4-36 months). The median postimplant day 0 D(90) (i.e., the minimum percentage of the prescription dose that covers the planning target volume) was 121.9% of prescription dose. Multiple clinical treatment and dosimetric parameters were evaluated for impact on the evaluated survival parameters. RESULTS: The median pretreatment PSA and Gleason score were 11.0ng/mL and 8. One hundred ten (84%) patients had a Gleason score ≥8. At 9 and 12 years, the cause-specific survival, biochemical progression-free survival, and overall survival were 91.0% and 86.5%, 87.3% and 87.3%, and 70.5% and 60.5%, respectively. The most common cause of death was heart disease (22.2%) with deaths from nonprostate cancer (12.7%) and prostate cancer (8.3%) being less likely. CONCLUSIONS: Permanent interstitial brachytherapy usually with supplemental EBRT and androgen deprivation therapy results in excellent biochemical control and cause-specific survival in the most unfavorable subset of high-risk prostate cancer patients. Death from diseases of the heart was more than twice as likely as death from prostate cancer.",Brachytherapy,2012,11,250-5,10.1016/j.brachy.2012.02.002,https://www.ncbi.nlm.nih.gov/pubmed/22436516,HIGH RISK,positive,1,
20942835,The interaction of body mass index and race in predicting biochemical failure after radical prostatectomy,Lee DJ,"STUDY TYPE: Therapy (case series). LEVEL OF EVIDENCE: 4 OBJECTIVE: To examine the interaction of body mass index (BMI) and race in predicting biochemical failure (BCF) after radical prostatectomy (RP). The relative contribution of BMI and race to BCF after RP has not been well characterized. PATIENTS AND METHODS: From 1988 to 2008, 969 white and black men underwent RP and BMI data were available. In all, 168 (17.3%) were black and 801 (82.7%) were white men. BCF was defined as a post-surgery PSA level≥0.2 ng/mL on ≥2 measurements. Cox regression methods were used to model the relationship between race, BMI and BCF. RESULTS: The 969 men had a mean age of 59.8±7.2 years. There was no significant difference in BMI between black and white men (P=0.32). The 5-year disease-free survival for black obese men was the lowest at 48%, compared with non-obese black (73%), obese white (82%) and non-obese white men (83%, P<0.001). BMI did not have a significant impact on BCF. In a multivariate analysis, black race remained an independent predictor of BCF [hazard ratio (HR)=1.76, P=0.01]. BMI does not affect the risk of BCF in black men differently than white men (P value for interaction 0.93). CONCLUSIONS: Black race is an independent predictor of biochemical failure after adjusting for pathological factors. The impact of BMI on BCF did not vary among different races. These findings suggest that elevated BMI does not affect the BCF rates of black men more than in other races, and that other factors may influence the racial variability in disease-free survival and BCF risk.",BJU Int,2011,107,1741-7,doi: 10.1111/j.1464-410X.2010.09768.x. Epub 2010 Oct 13,https://www.ncbi.nlm.nih.gov/pubmed/20942835,,negative,0,2010.0
26768965,Radiotherapy Boost for the Dominant Intraprostatic Cancer Lesion-A Systematic Review and Meta-Analysis,von Eyben FE,"External beam radiotherapy (EBRT) for prostate cancer can be performed with a high dose of 86 Gy; however, one-tenth or more of the patients will develop recurrence. Prostate cancer is mainly multifocal, but a dominant intraprostatic lesion (DIL) is often the site of local recurrence after EBRT. We undertook a systematic review and meta-analysis to clarify whether functional imaging might identify the DIL and whether a RT boost to the DIL might be increased to an ultrahigh dose level of ≥ 90 Gy without increased toxicity. Of 62 selected studies, 13 reported the size of the DIL. The mean of the median DIL volumes was 2.4 cm(3) (95% confidence interval, 0.9-4.4 cm(3)). Eighteen diagnostic studies with 1205 patients evaluated the diagnostic accuracy using multiparametric magnetic resonance imaging for intraprostatic cancer lesions. Evaluating 14,654 prostate segments, the diagnostic accuracy was 77%. Eleven therapeutic studies with 988 patients reported a RT boost for the DIL. The summary boost dose for the DIL was a mean of 89 Gy in 5 studies using intensity modulated RT (calculated as the equivalent dose in 2-Gy fractions) and a mean of 141 Gy in 4 studies using a combination of EBRT and brachytherapy (P = .018, t test). In 1 therapeutic study, 239 patients had a 98% 10-year disease-free survival rate. Many of our therapeutic studies used a boost dose to the DIL of > 90 Gy. The reported boost for DIL is effective and safe.",Clin Genitourin Cancer,2016,14,189-97,doi: 10.1016/j.clgc.2015.12.005. Epub 2015 Dec 17,https://www.ncbi.nlm.nih.gov/pubmed/26768965,,negative,0,2015.0
15817332,High-dose-rate intensity-modulated brachytherapy with external beam radiotherapy for prostate cancer: California endocurietherapy's 10-year results,Demanes DJ,"PURPOSE: To present the long-term outcome and morbidity of high-dose-rate brachytherapy (HDR-BT) combined with external beam radiotherapy (EBRT) for localized prostate cancer. METHODS AND MATERIALS: Between September 1991 and December 1998, 209 consecutive patients with no prior androgen suppression were treated with HDR-BT plus EBRT. The median follow-up was 7.25 years (range, 5-12 years). The patients were stratified into three risk groups: low (Stage T2a or less, Gleason score </=6, and prostate-specific antigen [PSA] level </=10 ng/mL), intermediate (Stage T2b,c, Gleason score 7, and PSA level 10-20 ng/mL), and high (Stage T3, Gleason score 8-10, and PSA level >20). Four definitions of PSA progression were compared with the general clinical failure outcome: the American Society for Therapeutic Radiology and Oncology (ASTRO) definition, nadir plus 2.0 ng/mL, two consecutive rises >/=0.5 ng/mL, and PSA level >0.2 ng/mL. Morbidity was scored using Radiation Therapy Oncology Group criteria. RESULTS: The general clinical control rate was 90% (188 of 209), and the general clinical failure rate was 10% (21 of 209). The overall survival rate was 79%, and the cause-specific survival rate was 97%. The PSA progression-free survival (ASTRO definition) rate was 90%, 87%, and 69% for the low-, intermediate-, and high-risk groups, respectively. The nadir plus 2 ng/mL and two rises >/=0.5 definitions correlated better with the actual clinical outcome than did the ASTRO and PSA >0.2 ng/mL definitions. The rate of Grade 3 and 4 late urinary morbidity was 6.7% and 1%, respectively, mostly occurring in patients who had undergone post-RT transurethral prostate resection. No late Grade 3 or 4 rectal morbidity developed. The sexual potency preservation rate was 67%. CONCLUSION: Our 10-year results have demonstrated HDR-BT plus EBRT is a proven treatment for all stages of localized prostate cancer. The morbidity was low, but post-RT transurethral resection should be avoided.",Int J Radiat Oncol Biol Phys,2005,1,,doi: 10.1016/j.ijrobp.2004.08.014,https://www.ncbi.nlm.nih.gov/pubmed/15817332,,negative,0,2005.0
30937571,"Tumor characteristics, oncological and functional outcomes after radical prostatectomy in very young men ≤ 45 years of age",Tilki D,"PURPOSE: Age is an important prognostic factor for functional and oncological outcomes after radical prostatectomy (RP). Considering the long life-expectancy of young patients (≤ 45 years), it remains important to examine their outcomes. METHODS: Of 16.049 patients who underwent RP between 01/2006 and 12/2014 at the Martini-Klinik Prostate Cancer Center, 119 (0.7%) were ≤ 45. Known prognosticators were compared according to patient age at RP (categorical as ≤ 45, > 45 and ≤ 65, > 65 years). Kaplan-Meier plots and Cox-regressions analyzed oncological outcomes [biochemical recurrence (BCR)-free survival and metastasis-free survival (MFS)]. Logistic regressions were used for functional outcome. Urinary continence (UC) was defined as the use of 0 or 1 safety pad/day and potency as an IIEF-5 score of ≥ 18. RESULTS: Compared to their older counterparts, patients ≤ 45 years had more favorable tumor characteristics. Of all patients aged ≤ 45 years, 89% underwent bilateral and 9.3% unilateral nerve-sparing procedure. Five year BCR-free survival and MFS were 80.2% and 98.7% for patients ≤ 45 years, 72.8% and 95.0% for patients > 45 and ≤ 65 years and 70.5% and 94.9% for patients > 65 years. For the same groups, 1-year UC-rates were 97.4%, 89.4%, and 84.7% while 1.3%, 8.2%, and 11.6% used 1-2 pads/24 h. At 1-year, 75.6%, 58.6%, and 45.3% of preoperatively potent patients who underwent bilateral nerve-sparing were considered potent. Younger age was an independent predictor of favorable functional outcome also in multivariable analysis. CONCLUSIONS: Patients aged ≤ 45 years had more favorable tumor characteristics and oncological outcomes. Moreover, younger patients should be counseled about the excellent postoperative continence and potency rates.",World J Urol,2020,38,95-101,doi: 10.1007/s00345-019-02740-8. Epub 2019 Apr 2,https://www.ncbi.nlm.nih.gov/pubmed/30937571,,negative,0,2020.0
10394406,Conformal proton beam therapy of prostate cancer--update on the Loma Linda University medical center experience.,Rossi CJ,"BACKGROUND: The ability to eradicate localized prostate cancer is dependent upon the radiation dose which can be delivered to the prostate. This dose is often limited by the tolerance of normal organs (rectum, bladder). Conformal beam therapy takes advantage of the unique depth dose characteristics of heavy charged particles (the Bragg Peak) to escalate the radiation dose delivered to the prostate while minimizing treatment-related toxicity. METHOD: 643 patients with localized prostate cancer were treated with protons alone or a combination of protons and photons. All treatment was planned on a 3-D planning system and all received doses between 74-75 CGE (Cobalt Gray Equivalent) at 1.8-2.0 CGE/day. Patients were evaluated for toxicity and response to treatment. RESULTS: Five-year actuarial clinical and biochemical disease-free survival rates for the entire group are 89 and 79% respectively. A statistically significant difference in biochemical disease-free survival was seen between patients in the ""early"" (T1b-2b, PSA < 15) and ""advanced"" (T1b-2b, PSA > 15 or T2c-T4, PSA < 50) subgroups (89% vs. 68% at 4.5 years, p < 0.001). A PSA nadir of less than 0.51 ng/ml predicted for the highest chance of freedom from biochemical recurrence. Minimal radiation proctitis was seen in 21% of patients; toxicity of greater severity was seen in less than 1%. CONCLUSIONS: Conformal proton beams therapy produced high rates of response and minimal toxicity. A phase III dose escalation trial is in progress to help define the optimum radiation dose for the treatment of early stage prostate cancer.",Strahlenther Onkol,1999,175 Suppl 2,82-4,10.1007/BF03038897,https://www.ncbi.nlm.nih.gov/pubmed/10394406,LOW RISK,positive,1,
19775807,Oncologic outcome after extraperitoneal laparoscopic radical prostatectomy: midterm follow-up of 1115 procedures,Paul A,"BACKGROUND: Although the first laparoscopic radical prostatectomy was performed in 1997, few midterm oncologic data have been published for the extraperitoneal procedure. OBJECTIVE: To determine the oncologic outcome of extraperitoneal laparoscopic radical prostatectomy (ELRP). DESIGN, SETTING, AND PARTICIPANTS: From 2000 to 2007, 1115 consecutive patients underwent ELRP for a localized prostate cancer at our department. Follow-up was scheduled and standardized for all patients and recorded into a prospective database. Median postoperative follow-up was 35.6 mo. INTERVENTION: All ELRP were performed by three surgeons at the Department of Urology, Hospital Henri Mondor, Créteil, France. MEASUREMENTS: Biochemical recurrence was defined by prostate-specific antigen level > or =0.2 ng/ml. RESULTS AND LIMITATIONS: In pN0/pNx cancers, postoperative stage was pT2 in 664 patients (59.5%), pT3 in 350 patients (31.4%), and pT4 in 77 patients (6.9%). Positive lymph nodes were reported in 24 patients (2.2%). Margins were positive in 16.1% and 34.6% of pT2 and pT3 cancers, respectively. Final Gleason score was <7 in 288 men (25.8%), =7 in 701 men (62.9%), and >7 in 126 men (11.3%). Overall prostate-specific antigen (PSA) recurrence-free survival was 83% at 5 yr. The 5-yr progression-free survival rates were 93.4% for pT2, 74.5% for pT3a, and 55.0% for pT3b tumors, respectively. Multivariate Cox model showed that PSA, Gleason score, pT category, nodal status, and surgical margins were significant independent predictors of biochemical recurrence-free survival. CONCLUSIONS: This assessment of oncologic results demonstrates that ELRP is a safe and effective procedure. On the basis of midterm follow-up data, the prognostic factors of PSA after ELRP failure are the same as those described previously in transperitoneal or open retropubic approaches. The oncologic results of ELRP also are in line with those reported with the use of the retropubic or the transperitoneal laparoscopic approaches.",Eur Urol,2010,57,267-72,doi: 10.1016/j.eururo.2009.09.029. Epub 2009 Sep 17,https://www.ncbi.nlm.nih.gov/pubmed/19775807,,negative,0,2010.0
20921463,Quality-of-life impact of primary treatments for localized prostate cancer in patients without hormonal treatment,Pardo Y,"PURPOSE: Earlier studies evaluating the effect on quality of life (QoL) of localized prostate cancer interventions included patients receiving adjuvant hormone therapy, which could have affected their outcomes. Our objective was to compare the QoL impact of the three most common primary treatments on patients who were not receiving adjuvant hormonal treatment. PATIENTS AND METHODS: This was a prospective study of 435 patients treated with radical prostatectomy, external-beam radiotherapy, or brachytherapy. QoL was assessed before and after treatment with the Short Form-36 and the Expanded Prostate Cancer Index Composite. Differences between groups were tested by analysis of variance. Distribution of outcome at 3 years was examined by stratifying according to baseline status. Generalized estimating equation models were constructed to assess the effect of treatment over time. RESULTS: Compared with the brachytherapy group, the prostatectomy group showed greater deterioration on urinary incontinence and sexual scores but better urinary irritative-obstructive results (-18.22, -13.19, and +6.38, respectively, at 3 years; P < .001). In patients with urinary irritative-obstructive symptoms at baseline, improvement was observed in 64% of those treated with nerve-sparing radical prostatectomy. Higher bowel worsening (-2.87, P = .04) was observed in the external radiotherapy group, with 20% of patients reporting bowel symptoms. CONCLUSION: Radical prostatectomy caused urinary incontinence and sexual dysfunction but improved pre-existing urinary irritative-obstructive symptoms. External radiotherapy and brachytherapy caused urinary irritative-obstructive adverse effects and some sexual dysfunction. External radiotherapy also caused bowel adverse effects. Relevant differences between treatment groups persisted for up to 3 years of follow-up, although the difference in sexual adverse effects between brachytherapy and prostatectomy tended to decline over long-term follow-up. These results provide valuable information for clinical decision making.",J Clin Oncol,2010,1,,doi: 10.1200/JCO.2009.25.3245. Epub 2010 Oct 4,https://www.ncbi.nlm.nih.gov/pubmed/20921463,,negative,0,2010.0
16278471,High-risk localized prostate cancer: a case for early chemotherapy,Gleave M,"High-risk tumors exhibit a more aggressive natural history and have higher positive margin and recurrence rates after radical prostatectomy or radiotherapy alone, where unimodality therapy likely represents undertreatment. Hence, the therapeutic ratio (patients who actually realize a survival benefit from a therapeutic intervention) may, therefore, be greater in high-risk disease if its natural history can be altered by multimodality therapy. It is, thus, important to investigate therapies that optimize complete extirpation of all cancer cells and reduce the incidence of positive surgical margins and disease recurrence. Neoadjuvant therapy extends the logic of early adjuvant therapy further by applying systemic therapy earlier in the course of the disease before definitive locoregional therapy. In prostate cancer, outcomes have not been improved significantly when neoadjuvant hormone therapy is used before surgery; although outcomes are improved when androgen ablation is combined with radiotherapy, many patients remain at risk for systemic recurrence. With recent data confirming improved survival data with docetaxel chemotherapy in metastatic disease, future trials are now focusing on earlier combinations of chemohormonal or biologic therapies in high-risk patients.",J Clin Oncol,2005,10,,doi: 10.1200/JCO.2005.03.3068,https://www.ncbi.nlm.nih.gov/pubmed/16278471,,negative,0,2005.0
16053667,The impact of primary Gleason grade on biochemical outcome following brachytherapy for hormone-naive Gleason score 7 prostate cancer,Merrick GS,"PURPOSE: Although the perception exists that biochemical outcome in patients with a Gleason score of 7 with dominant pattern 4 histology is inferior to that of patients with a Gleason score of 7 with a primary Gleason grade of 3, conflicting conclusions have been reported for radical prostatectomy and brachytherapy. In this study, we evaluate the effect of the dominant histologic pattern in Gleason score 7 prostate cancer on biochemical progression-free survival after brachytherapy. MATERIAL AND METHODS: Between April 1995 and October 2001, 273 consecutive patients underwent permanent interstitial brachytherapy without androgen deprivation therapy for clinical T1c-T3a NxM0 (2002 American Joint Committee on Cancer) prostate cancer. No patient underwent seminal vesicle biopsy or pathological lymph node staging. All patients underwent brachytherapy more than 3 years before analysis. Biochemical progression-free survival was defined by a prostate specific antigen (PSA) cut point < or = 0.4 ng/mL after nadir or by the American Society for Therapeutic Radiology and Oncology (ASTRO) consensus definition. The median follow-up was 4.7 years. Clinical, treatment, and dosimetric parameters evaluated for biochemical progression-free survival included primary Gleason grade; clinical T stage; pretreatment PSA level; risk group; percent positive biopsy results; perineural invasion; patient age; isotope; supplemental external-beam radiation therapy; prostate volume; brachytherapy planning volume; percent of the target volume receiving 100%, 150%, and 200% of the prescribed dose (V100/150/200); minimum percent of the prescribed dose covering 90% of the target volume (D90); tobacco consumption; hypertension; and diabetes. RESULTS: For the entire cohort, the actuarial 8-year biochemical progression-free survival rate was 94.5% and 94.8% using a PSA cut point < or = 0.4 ng/mL after nadir and the ASTRO consensus definition, respectively. For biochemically disease free patients, the median posttreatment PSA level was < 0.1 ng/mL. When the group was stratified by the dominant histologic pattern, no statistical difference in outcome was noted for any of the evaluated parameters. In forward conditional Cox regression analysis, pretreatment PSA level and percent positive biopsy results were statistically significant predictors of biochemical outcome. CONCLUSIONS: In hormone-naive patients with a Gleason score of 7, prostate brachytherapy results in a high probability of 8-year biochemical progression-free survival and is independent of Gleason 3 + 4 versus 4 + 3 histology.",Cancer J,2005,,-,doi: 10.1097/00130404-200505000-00010,https://www.ncbi.nlm.nih.gov/pubmed/16053667,,negative,0,2005.0
25707911,Stereotactic body radiotherapy for prostate cancer,Henderson DR,"The use of stereotactic body radiotherapy (SBRT) for localised prostate cancer is now supported by a substantial body of non-randomised data, with medium-term outcomes consistent with current standard radiotherapy. The ability to deliver profoundly hypofractionated treatment, combined with the relatively low α/β ratio of prostate cancer, may result in a more favourable therapeutic ratio, presenting an opportunity for isotoxic dose escalation. Furthermore, as treatment can be given in five attendances, SBRT has the potential both to reduce costs and improve patient quality of life. However, in a treatment landscape with many competing options of broadly similar efficacy, randomised trials are essential to define the relative benefits of this approach. SBRT also has an emerging application in oligometastatic prostate cancer, with promising early outcomes for delaying disease progression and deferring the need for androgen deprivation therapy.",Clin Oncol (R Coll Radiol),2015,27,270-9,doi: 10.1016/j.clon.2015.01.011. Epub 2015 Feb 21,https://www.ncbi.nlm.nih.gov/pubmed/25707911,,negative,0,2015.0
15028451,No difference in six-year biochemical failure rates with or without pelvic lymph node dissection during radical prostatectomy in low-risk patients with localized prostate cancer.,Bhatta-Dhar N,"OBJECTIVES: To compare differences in the actuarial biochemical relapse-free survival rates at 6 years in a contemporary series of patients who underwent radical prostatectomy with and without pelvic lymph node dissection (PLND). Biochemical failure was defined as a serum prostate-specific antigen level greater than 0.2 ng/mL confirmed at least 1 week later. METHODS: The records of 806 consecutive radical prostatectomy cases performed between January 1995 and June 1999 were reviewed. A total of 336 patients with favorable tumor characteristics (prostate-specific antigen 10 ng/mL or less, biopsy Gleason score 6 or less, and clinical Stage T1 or T2) not receiving adjuvant or neoadjuvant therapy were divided into two groups according to whether PLND was performed (PLND group, n = 140) or omitted (no-PLND group, n = 196). A Cox proportional hazards model was used to analyze the effect of age, race, family history, initial prostate-specific antigen level, tumor stage, biopsy Gleason score, PLND, extracapsular extension, and seminal vesicle invasion on the likelihood of biochemical failure. Biochemical relapse-free survival for each group was estimated by Kaplan-Meier analysis. The mean follow-up time for the entire group was 60.0 months, with a similar follow-up for both cohorts (mean 61.8 and 58.2 months, respectively, P value not statistically significant). Follow-up information was obtained through an institutional review board-approved prospective patient registry. RESULTS: The 6-year biochemical relapse-free rate for the PLND versus no-PLND group was 86% and 88%, respectively (P = 0.28). On multivariate analysis, PLND was not an independent predictor of outcome (P = 0.33). CONCLUSIONS: Our study results demonstrated that the omission of PLND in patients with favorable tumor characteristics does not adversely affect biochemical relapse rates at 6 years after surgery. Such patients can be spared the morbidity and cost of PLND without affecting the chance for cure.",Urology,2004,63,528-31,10.1016/j.urology.2003.09.064,https://www.ncbi.nlm.nih.gov/pubmed/15028451,LOW RISK,positive,1,
16144668,Robotic prostatectomy outcomes,Perrotti M,"The triad of cancer cure, rapid recovery of complete urinary continence, and preservation of sexual function are desirable in the contemporary surgical treatment of the young potent male with prostate cancer. Robotic prostatectomy is a Food and Drug Administration approved approach to radical prostatectomy, and is performed at our institution and elsewhere. We present a critical assessment of reported outcomes using this minimally invasive technique.",Urol Oncol,2005,,-,doi: 10.1016/j.urolonc.2005.02.002,https://www.ncbi.nlm.nih.gov/pubmed/16144668,,negative,0,2005.0
12074814,High dose rate brachytherapy of localized prostate cancer.,Deger S,"OBJECTIVE: We evaluated the safety and efficacy of high dose rate (HDR) brachytherapy using Iridium-192 (Ir 192) and 3D conformal external beam radiotherapy in patients with localized prostate cancer. METHODS: A total of 444 patients with localized prostate cancer underwent combined radiotherapy with interstitial Ir 192 and 3D conformal external beam radiotherapy between December 1992 and March 2001. The 230 patients, treated between December 1992 and December 1997 were analyzed. All patients underwent laparoscopic pelvic lymph node dissection to exclude patients with lymphatic involvement. Ir 192 was delivered twice with a 1-week interval in HDR remote control technique. The interstitial dose from December 1992 to December 1993 was 10Gy, after December 1993 the dose was reduced to 9Gy per treatment session. The interstitial application was followed by external beam radiation of 45Gy for cT1-cT2 and 50.4Gy for cT3 tumor (40Gy from December 1992 to December 1993). Progression was defined as biochemical failure according to ASTRO criteria, e.g. three consecutive PSA rises following the PSA nadir. RESULTS: The median PSA value decreased from 12.8 to 0.93ng/ml 12 months after treatment. Median PSA value was 0.47 after 24 months, 0.30ng/ml after 36 months and 0.18ng/ml after 60 months. 68% of the biopsies were negative 24 months after therapy. Progression-free rate was 100% for cT1 tumors, 75% for cT2 and 60% for stage-cT3 on 5-year follow-up. Five-year overall survival was 93%, 5-year disease-specific survival was 98%. Initial PSA value <10ng/ml, low stage and low grade were significantly related to 5-year progression-free survival. CONCLUSIONS: Combined HDR brachytherapy with Ir 192 is an alternative treatment option especially for patients with cT3 prostate cancer. Initial PSA value, stage and grade, are important prognostic factors.",Eur Urol,2002,41,420-6,10.1016/s0302-2838(02)00016-7,https://www.ncbi.nlm.nih.gov/pubmed/12074814,HIGH RISK,positive,1,
24474543,Radical prostatectomy in high-risk prostate cancer: incidence of specimen-confined disease (pT2-pT3a N0R0) and outcomes.,Mearini L,"INTRODUCTION: Radical prostatectomy (RP) in patients with high-risk prostate cancer (PC) [prostate specific antigen (PSA) ≥ 20 ng/mL, and/or Gleason score ≥ 8, and/or cT3a disease] is considered an optional therapy, usually as a part of multimodal approach. Aim of the study is to evaluate the outcome of radical prostatectomy in case of specimen-confined (SC) disease and to compare it with patients with pathological locally-advanced disease. MATERIALS AND METHODS: Data from 176 consecutive patients with high-risk prostate cancer who underwent RP as initial therapy were analyzed, identifying subjects with specimen-confined disease (i.e. negative margins and negative lymph-nodes) in which RP was considered as monotherapy, and comparing oncological outcomes to patients with pathological non-SC disease, in which RP was considered as the first step of a multimodal approach. RESULTS: In high-risk prostate cancer, pathological report showed the presence of specimen-confined disease in 28.3% of cases. At univariate analysis, age and PSA correlate with the presence of SC disease at radical prostatectomy, while at multivariate analysis only PSA was a significant predictor of SC disease. At 5 years, Kaplan-Meier estimation of biochemical-free and cancer-specific survival was 56.2% and 97.7% vs 40.8% and 92.8% in specimen-confined disease and non-specimen-confined disease, respectively. CONCLUSIONS: High-risk prostate cancer presents challenges for uro-oncologists since standard treatment is still under debate. One third of patients will present with specimen-confined disease, for which radical prostatectomy represents the sole, initial curative therapy; RP as multimodal therapy in patients without SC disease permits excellent long-term oncological outcomes.",Urologia,2014,81,125-32,10.5301/urologia.5000030,https://www.ncbi.nlm.nih.gov/pubmed/24474543,HIGH RISK,positive,1,
25733275,"Complications after radical prostatectomy or radiotherapy for prostate cancer: results of a population-based, propensity score-matched analysis",Wallis CJ,"OBJECTIVE: To assess rates of treatment-related complications after radical prostatectomy or radiotherapy monotherapy, using propensity score matching to account for baseline differences between these patient populations. METHODS: On the basis of a population-based study of men undergoing surgery or radiotherapy for prostate cancer in Ontario between 2002 and 2009, we undertook a propensity score-matched analysis including age, comorbidity, and year of treatment to assess treatment-related complication end points. These included hospital admission; urologic, rectal, or anal procedures; open surgeries; and secondary malignancies. RESULTS: From the original cohort of 32,465 patients, 15,870 (48.9%) had surgery and 16,595 (51.1%) had radiation. Propensity score matching produced 8797 pairs (17,594 patients). Among these, when compared with patients treated with surgery, those treated with radiation experienced fewer admissions to hospital (hazard ratio [HR], 0.85; 95% confidence interval [CI], 0.78-0.92) and urologic procedures (HR, 0.50; 95% CI, 0.46-0.53) at year 1 but higher rates at year 3 (HR, 5.65; 95% CI, 4.61-6.91 and HR, 1.86; 95% CI, 1.62-2.13, respectively) and year 5. Although there was no significant difference in open surgeries at year 1, patients undergoing radiotherapy were at higher risk by year 3 (HR, 2.06; 95% CI, 1.23-3.47) and this rose by year 5. Over the study period, patients undergoing radiotherapy experienced more rectal-anal procedures (HR, 2.64; 95% CI, 2.37-2.95) and were diagnosed with more secondary malignancies (HR, 2.44; 95% CI, 1.16-5.14). Direct matching produced similar results. CONCLUSION: From a propensity score-matched analysis, we found that patients undergoing radiation therapy for prostate cancer had higher rates of long-term complications in all 5 categories studied than patients undergoing surgery.",Urology,2015,85,621-7,doi: 10.1016/j.urology.2014.11.037,https://www.ncbi.nlm.nih.gov/pubmed/25733275,,negative,0,2015.0
25729256,Comparison of pathological and biochemical outcomes after radical prostatectomy in Korean patients with serum PSA ranges,Lee HW,"The aim of this study was to assess surgical outcome at radical prostatectomy (RP) in Korean men with a serum prostate-specific antigen (PSA) level of 2.5 to 3.0 ng/mL and compared with those of patients who had a PSA level of 3.0-4.0 and 4.0-10.0 ng/mL. We retrospectively compared clinico-pathological characteristics and biochemical recurrence (BCR) risk in patients with PSA level of 2.5-3.0 (group 1, n = 92, 5.7%), 3.0-4.0 (group 2, n = 283, 17.5%), or 4.0-10.0 ng/mL (group 3, n = 1,242, 76.8%) who underwent RP between 1995 and 2013. The pathologic characteristics including Gleason score, pathologic stage, and percentage of significant cancer in group 1 were similar to those in group 2 and group 3. Furthermore, pathological upgrading and upstaging were found in 23 (30.7%) and 10 (14.7%) in group 1, 84 (33.9%) and 19 (8.8%) in group 2, and 321 (32.8%) and 113 (12.8%) in group 3, respectively, with no significant differences among the three groups (all P > 0.05). In multivariate analysis, PSA grouping was not an independent predictor of BCR. Within the population with PSA lower than 10 ng/mL, substratification of PSA is not a significant predictor for upgrading, upstaging, or adverse prognosis.",J Korean Med Sci,2015,30,317-22,doi: 10.3346/jkms.2015.30.3.317. Epub 2015 Feb 16,https://www.ncbi.nlm.nih.gov/pubmed/25729256,,negative,0,2015.0
31880744,Short-term therapeutic outcomes of robotic-assisted laparoscopic radical prostatectomy for oligometastatic prostate cancer: a propensity score matching study,Chen H,"BACKGROUND: The role of local treatment in oligometastatic prostate cancer (PCa) is gaining interest with the oligometastases hypothesis proposed and the improvement of various surgical methods and techniques. This study aimed to compare the short-term therapeutic outcomes of robotic-assisted laparoscopic radical prostatectomy (RALP) for oligometastatic prostate cancer (OPC) vs. localized PCa using propensity score matching. METHODS: Totally 508 consecutive patients underwent RALP as a first-line treatment. The patients were divided into two groups according to oligometastatic state: the OPC group (n = 41) or the localized PCa group (n = 467). Oligometastatic disease was defined as the presence of two or fewer suspicious lesions. The association between the oligometastatic state and therapeutic outcomes of RALP was evaluated, including biochemical recurrence (BCR) and overall survival (OS). A Cox proportional hazards model was used to assess the possible risk factors for BCR. RESULTS: Totally 41 pairs of patients were matched. The median operative time, the median blood loss, the overall positive surgical margin rate, the median post-operative hospital stays, and the post-operative urinary continence recovery rate between the two groups showed no statistical significance. The 4-year BCR survival rates of the OPC group and localized PCa group were 56.7% and 60.8%, respectively, without a significant difference (P = 0.804). The 5-year OS rates were 96.3% and 100%, respectively (P = 0.326). Additionally, the results of Cox regression showed that oligometastatic state was not an independent risk factor for BCR (P = 0.682). CONCLUSIONS: Our findings supported the safety and effectiveness of RALP in OPC. Additionally, oligometastatic state and sites did not have an adverse effect on BCR independently.",Chin Med J (Engl),2020,20,,doi: 10.1097/CM9.0000000000000590,https://www.ncbi.nlm.nih.gov/pubmed/31880744,,negative,0,2020.0
20201830,Relationship between prostate cancer mortality and number of unfavourable risk factors in men treated with definitive brachytherapy,Taira AV,"OBJECTIVE: To explore whether the number of unfavourable pretreatment risk factors predicts cause-specific mortality in men treated with prostate brachytherapy. PATIENTS AND METHODS: Between April 1995 and March 2006, 739 patients were treated who had at least one of the following adverse risk factors: pretreatment prostate-specific antigen (PSA) level of >10 ng/mL, a Gleason score of > or =7, clinical stage > or =T2b, or a PSA velocity (PSAV) of >2 ng/mL/year. Supplemental external beam radiotherapy (EBRT) was delivered to 464 (62.8%) men and 301 (40.7%) received androgen deprivation therapy (ADT). Of men with more than two risk factors, 87% received EBRT and 62% received ADT. RESULTS: The biochemical progression-free survival (bPFS), cause-specific survival (CSS) and overall survival for all patients were 95.0%, 97.9% and 70.0% at 12 years. Men with three or four risk factors had a prostate cancer-specific mortality (PCSM) at 12 years of 5.3%, vs 1.7% for men with one or two risk factors (P= 0.006). When 'percentage of positive biopsy cores >50%' replaced PSAV as a risk factor, men with two or more risk factors had a PCSM of 8.9%, vs 1.0% for men with one or two risk factors (P= 0.001). There was no difference in all-cause mortality between the groups in either analysis. CONCLUSION: Multimodal brachytherapy results in high rates of bPFS and CSS, even for men with several unfavourable risk factors. Men with two or more unfavourable risk factors had a slightly greater risk of PCSM and no difference in all-cause mortality. The presence of three or four unfavourable intermediate-risk factors does not appear to clearly identify a group that requires further treatment intensification, although the percentage of positive cores might be more predictive than PSAV.",BJU Int,2010,106,809-14,doi: 10.1111/j.1464-410X.2010.09269.x. Epub 2010 Mar 1,https://www.ncbi.nlm.nih.gov/pubmed/20201830,,negative,0,2010.0
15758725,Contemporary survival results and the role of radiation therapy in patients with node negative seminal vesicle invasion following radical prostatectomy,Eggener SE,"PURPOSE: Seminal vesicle invasion (SVI) in a radical prostatectomy (RRP) specimen is associated with a guarded prognosis. We evaluated patients with SVI treated in the pre-prostate specific antigen (PSA) (1983 to 1991) and PSA (1992 to 2003) eras. MATERIALS AND METHODS: Of patients with prostate cancer treated with RRP from January 1983 through March 2002, 220 with SVI were evaluated, including 67 in the pre-PSA era and 153 in the PSA era. Postoperative PSA greater than 0.2 ng/ml was considered biochemical evidence of cancer progression. Survival rates were compared using Kaplan-Meier estimates to calculate progression-free, cancer specific and all cause survival. Multivariate Cox proportional hazard models were used to correlate variables with disease progression. RESULTS: The incidence of SVI in the PSA era was lower than in the pre-PSA era (6.0% vs 10.2%, p = 0.001). To date 124 patients (56%) have had evidence of cancer progression. The 4 and 7-year progression-free, cancer specific and all cause survival rates were significantly higher in men with SVI in the PSA era (p = 0.02). PSA at diagnosis, cancerous surgical margins and higher Gleason score were significantly associated with progression. Neither adjuvant nor salvage radiotherapy appeared to confer a significant progression-free survival benefit. CONCLUSIONS: The incidence of SVI has decreased in the PSA era. Progression-free, cancer specific and all cause survival rates following RRP in patients with SVI have improved in the PSA era. This may reflect earlier detection in this pathological tumor stage and more favorable prognostic factors associated with PSA screening. Adjuvant radiotherapy does not appear to confer any therapeutic benefit. Salvage radiotherapy can lead to durable PSA regressions in a small percent of men, although no long-term survival advantage can be proved.",J Urol,2005,173,1150-5,doi: 10.1097/01.ju.0000155158.79489.48,https://www.ncbi.nlm.nih.gov/pubmed/15758725,,negative,0,2005.0
26181727,Dose-Escalated Irradiation and Overall Survival in Men With Nonmetastatic Prostate Cancer,Kalbasi A,"IMPORTANCE: In 5 published randomized clinical trials, dose-escalated external-beam radiation therapy (EBRT) for prostate cancer resulted in improved biochemical and local control. However, scarce evidence addresses whether dose escalation improves overall survival. OBJECTIVE: To examine the association between dose-escalated EBRT and overall survival among men with nonmetastatic prostate cancer. DESIGN, SETTING, AND PARTICIPANTS: We conducted a retrospective, nonrandomized comparative effectiveness study of dose-escalated vs standard-dose EBRT for prostate cancer diagnosed from 2004 to 2006 using the National Cancer Database (NCDB), which includes data from patients treated at Commission on Cancer-accredited community, academic, and comprehensive cancer facilities. Three cohorts were evaluated: men with low-risk (n = 12,229), intermediate-risk (n = 16,714), or high-risk (n = 13,538) prostate cancer. EXPOSURES: We categorized patients in each risk cohort into 2 treatment groups: standard-dose (from 68.4 Gy to <75.6 Gy) or dose-escalated (≥75.6 Gy to 90 Gy) EBRT (1 Gy = 100 rad). MAIN OUTCOMES AND MEASURES: We compared overall survival between treatment groups in each analytic cohort using Cox proportional hazard models with an inverse probability weighted propensity score (IPW-PS) approach. In secondary analyses, we evaluated dose response for survival. RESULTS: Dose-escalated EBRT was associated with improved survival in the intermediate-risk (IPW-PS adjusted hazard ratio [HR], 0.84; 95% CI, 0.80-0.88; P < .001) and high-risk groups (HR, 0.82; 95% CI, 0.78-0.85; P < .001) but not the low-risk group (HR, 0.98; 95% CI, 0.92-1.05; P = .54). For every incremental increase of about 2 Gy in dose, there was a 7.8% (95% CI, 5.4%-10.2%; P < .001) and 6.3% (95% CI, 3.3%-9.1%; P < .001) reduction in the hazard of death for intermediate- and high-risk patients, respectively. CONCLUSIONS AND RELEVANCE: Dose-escalated EBRT is associated with improved overall survival in men with intermediate- and high-risk prostate cancer but not low-risk prostate cancer. These results add to the evidence questioning aggressive local treatment strategies in men with low-risk prostate cancer but supporting such treatment in men with greater disease severity.",JAMA Oncol,2015,1,897-906,doi: 10.1001/jamaoncol.2015.2316,https://www.ncbi.nlm.nih.gov/pubmed/26181727,,negative,0,2015.0
26648528,Intensity-modulated salvage radiotherapy with simultaneous integrated boost for local recurrence of prostate carcinoma: a pilot study on the place of PET-choline for guiding target volume delineation,Wahart A,"OBJECTIVE: The aim of this study was to report the first cases of salvage radiotherapy (RT) using the intensity-modulated radiotherapy (IMRT) with simultaneous integrated boost (SIB) targeted on choline positron emission tomography (PET) uptake in a local recurrent prostate cancer, after a radical prostatectomy. METHODS: Four patients received salvage irradiation for biochemical relapse that occurred after the initial radical prostatectomy. The relapse occurred from 10 months to 6 years with PSA levels ranging from 2.35 to 4.86 ng ml(-1). For each patient, an (18)F-choline PET-CT showed a focal choline uptake in prostatic fossa, with standardized uptake value calculated on the basis of predicted lean body mass (SUL) max of 3.3-6.8. No involved lymph node or distant metastases were diagnosed. IMRT doses were of 62.7 Gy (1.9 Gy/fraction, 33 fractions), with a SIB of 69.3 Gy (2.1 Gy/fraction, 33 fractions) to a PET-guided target volume. RESULTS: Acute toxicities were limited. We observed no gastrointestinal toxicity ≥grade 2 and only one grade 2 genitourinary toxicity. At 1-month follow-up evaluation, no complication and a decrease in PSA level (6.8-43.8% of the pre-therapeutic level) were reported. After 4 months, a decrease in PSA level was obtained for all the patients, ranging from 30% to 70%. At a median follow-up of 15 months, PSA level was controlled for all the patients, but one of them experienced a distant lymph node recurrence. CONCLUSION: Salvage irradiation to the prostate bed with SIB guided by PET-CT is feasible, with biological efficacy and no major acute toxicity. ADVANCES IN KNOWLEDGE: IMRT with PET-oriented SIB for salvage treatment of prostate cancer is possible, without major acute toxicity.",Br J Radiol,2016,89,20150579,doi: 10.1259/bjr.20150579. Epub 2015 Dec 9,https://www.ncbi.nlm.nih.gov/pubmed/26648528,,negative,0,2015.0
15667877,"Combination of docetaxel, estramustine phosphate, and zoledronic acid in androgen-independent metastatic prostate cancer: efficacy, safety, and clinical benefit assessment",Efstathiou E,"OBJECTIVES: Docetaxel is an effective agent for the treatment of androgen-independent prostate cancer (AIPC). Its combination with estramustine phosphate (EMP) has shown promising results in AIPC but the toxicity remains considerable. In an effort to minimize toxicity, we designed an every-2-week docetaxel administration regimen with a 3-day low-dose EMP regimen. Patients with bone metastases also received zoledronic acid. METHODS: A total of 54 patients with AIPC received docetaxel at 45 mg/m2 and EMP (140 mg orally every 8 hours for nine doses) every 2 weeks. Zoledronic acid was administered at 4 mg every 28 days. RESULTS: Of the 49 assessable patients, 22 (45%, 95% confidence interval [CI] 31% to 60%) had a prostate-specific antigen response. Of 24 patients with measurable disease, 9 (38%, 95% CI 19% to 59%) had a response to therapy (one complete response and eight partial responses). The median time to progression was 4.4 months (95% CI 2.7 to 6), and overall survival was 13.3 months (95% CI 9 to 17.6). Toxicity was mild, with only 5 cases of grade 3 or 4 toxicity. The pain score improved by 1 point in 21 (54%) of 39 symptomatic patients, and 14 (40%) of 38 patients who used analgesics discontinued analgesic consumption by the end of treatment. CONCLUSIONS: The combination of an every-2-week regimen of docetaxel, EMP, and zoledronic acid is an effective, well-tolerated regimen that results in symptomatic improvement in a significant proportion of patients with AIPC.",Urology,2005,65,126-30,doi: 10.1016/j.urology.2004.08.041,https://www.ncbi.nlm.nih.gov/pubmed/15667877,,negative,0,2005.0
21656740,Early hypofractionated salvage radiotherapy for postprostatectomy biochemical recurrence,Kruser TJ,"BACKGROUND: Postprostatectomy adjuvant or salvage radiotherapy, when using standard fractionation, requires 6.5 to 8 weeks of treatment. The authors report on the safety and efficacy of an expedited radiotherapy course for salvage prostate radiotherapy. METHODS: A total of 108 consecutive patients were treated with salvage radiation therapy to 65 grays (Gy) in 26 fractions of 2.5 Gy. Median follow-up was 32.4 months. Median presalvage prostate-specific antigen (PSA) was 0.44 (range, 0.05-9.50). Eighteen (17%) patients received androgen deprivation after surgery or concurrently with radiation. RESULTS: The actuarial freedom from biochemical failure for the entire group at 4 years was 67% ± 5.3%. An identical 67% control rate was seen at 5 years for the first 50 enrolled patients, whose median follow-up was longer at 43 months. One acute grade 3 genitourinary toxicity occurred, with no acute grade 3 gastrointestinal and no late grade 3 toxicities observed. On univariate analysis, higher Gleason score (P = .006), PSA doubling time ≤12 months (P = .03), perineural invasion (P = .06), and negative margins (P = .06) showed association with unsuccessful salvage. On multivariate analysis, higher Gleason score (P = .057) and negative margins (P = .088) retained an association with biochemical failure. CONCLUSIONS: Hypofractionated radiotherapy (65 Gy in 2.5 Gy fractions in about 5 weeks) reduces the length of treatment by from 1-½ to 3 weeks relative to other treatment schedules commonly used, produces low rates of toxicity, and demonstrates encouraging efficacy at 4 to 5 years. Hypofractionation may provide a convenient, resource-efficient, and well-tolerated salvage approach for the estimated 20,000 to 35,000 US men per year experiencing biochemical recurrence after prostatectomy.",Cancer,2011,15,,doi: 10.1002/cncr.25824. Epub 2010 Dec 14,https://www.ncbi.nlm.nih.gov/pubmed/21656740,,negative,0,2010.0
17577217,Long-term outcomes after treatment with brachytherapy and supplemental conformal radiation for prostate cancer patients having intermediate and high-risk features.,Dattoli M,"BACKGROUND: This study summarizes long-term outcomes from treatment of prostate cancer with increased risk of extracapsular cancer extension (ECE) using brachytherapy-based treatment. METHODS: A total of 282 consecutive patients were treated from 1992-1996 by 1 author (M.D.). Two hundred forty-three patients had at least 1 higher risk feature for ECE including Gleason Score 7-10 (172), prostate-specific antigen (PSA) above 10 (166), and clinical stages T(2c) (109) and T(3) (107). Using National Comprehensive Cancer Network (NCCN) guidelines, 119 patients had intermediate-risk disease and 124 had high-risk disease. Patients received pelvic 3-dimensional conformal external beam radiation followed by a palladium (Pd)-103 boost. Generous brachytherapy margins were utilized. Biochemical failure was defined using ASTRO Consensus Definition, nadir +2 and PSA >0.2 ng/mL at last follow-up. The nonfailing patient follow-up period was 1-14 years (median, 9.5 years). Biochemical data and original biopsy slides were independently re-reviewed at the University of Washington (by K.W. and L.T., respectively). RESULTS: Overall actuarial freedom from biochemical progression at 14 years was 81%, including 87% and 72% having intermediate and high-risk disease, respectively. Absolute risk of failure decreased progressively, falling to 1% beyond 6 years after treatment. All failing patients had prostate biopsies without evidence of local recurrence. The strongest predictor of failure was Gleason score (P = .03) followed by PSA (P = .041). Treatment morbidity was limited to temporary RTOG grade 1-2 urinary and gastrointestinal symptoms. CONCLUSIONS: High tumor control rates are possible with beam radiation followed by Pd-103 brachytherapy. Despite perceptions that brachytherapy is inappropriate for patients at higher risk for ECE, this series strengthens the rationale that brachytherapy-based treatment may be a desirable modality for such patients.",Cancer,2007,110,551-5,10.1002/cncr.22810,https://www.ncbi.nlm.nih.gov/pubmed/17577217,INTERMEDIATE RISK,positive,1,
26774347,Survival Outcomes in Men Undergoing Radical Prostatectomy After Primary Radiation Treatment for Adenocarcinoma of the Prostate,Pokala N,"PURPOSE: Salvage radical prostatectomy (SRP) is a treatment modality for patients with radio-recurrent prostate cancer but is currently underutilized. We analyzed the survival outcomes in patients receiving SRP for radio-recurrent prostate cancer. The secondary outcome was effect of lymph node dissection on survival following SRP. MATERIALS AND METHODS: The Surveillance, Epidemiology, and End Results (SEER) 18 registry was used to identify patients that underwent radical prostatectomy between 1988 and 2010. Search identified 2628 patients with prostate cancer that underwent surgery after radiation. Following exclusion, 364 patients remained. Endpoints included overall survival (OS) and cancer-specific survival (CSS). Effect of pelvic lymph node dissection (PLND) status and number of nodes retrieved were also studied. Kaplan-Meier analysis, log-rank tests, and Cox-proportional hazard models were used, and P < .05 was considered to be significant. RESULTS: OS was 77.5% at 10 years and 37.3% at 20 years; CSS was 88.6% at 10 years and 72.7% at 20 years. The hazard of mortality was higher in men who did not undergo PLND with a hazard ratio of 1.4 for OS (P = .2) and 2.7 for CSS (P = .01). No significant increase in OS or CC was seen with increasing number of lymph nodes retrieved. Some limitations are inherent to the SEER database and include the lack of hormone manipulation status and PSA data. CONCLUSIONS: Excellent long-term survival can be achieved with SRP. PLND improves CSS but increasing nodal yield does not significantly improve survival. Small sample sizes limit the overall power of this study.",Clin Genitourin Cancer,2016,14,218-25,doi: 10.1016/j.clgc.2015.12.010. Epub 2015 Dec 17,https://www.ncbi.nlm.nih.gov/pubmed/26774347,,negative,0,2015.0
20646858,Monotherapeutic high-dose-rate brachytherapy for prostate cancer: five-year results of an extreme hypofractionation regimen with 54 Gy in nine fractions.,Yoshioka Y,"PURPOSE: To evaluate an extreme hypofractionation regimen with 54 Gy in nine fractions provided by high-dose-rate (HDR) brachytherapy as monotherapy for prostate cancer by reporting 5-year clinical results. METHODS AND MATERIALS: Between 1996 and 2005, 112 patients with localized prostate cancer were treated with HDR brachytherapy without external beam radiotherapy. Of the 112 patients, 15 were considered low risk, 29 intermediate risk, and 68 as high risk. The prescribed dose was uniformly 54 Gy in nine fractions within 5 days. Of the 112 patients, 94 also received hormonal therapy. The median follow-up time was 5.4 years. RESULTS: All the patients safely completed the treatment regimen. The 5-year prostate-specific antigen (PSA) failure-free, local control, disease-free survival, and overall survival rate was 83%, 97%, 87%, and 96%, respectively. The 5-year PSA failure-free rate for low-, intermediate-, and high-risk patients was 85% (95% confidence interval, 66-100%), 93% (95% confidence interval, 83-100%), and 79% (95% confidence interval, 69-89%), respectively. The significant prognostic factors for PSA failure were the initial PSA level (p = .029) and younger age (p = .019). The maximal toxicities observed were Grade 3 using the Common Terminology Criteria for Adverse Events, version 3.0, for both acute and late toxicity (6 and 3 patients had acute and late Grade 3 toxicity, respectively). Late Grade 2 toxicity was observed in 13 patients. CONCLUSION: Monotherapeutic HDR brachytherapy with an extreme hypofractionation regimen of 54 Gy in nine fractions associated with hormonal therapy was feasible, and its toxicity was acceptable. The interim tumor control rate at a median 5.4 years was promising, even for patients with locally advanced disease. This dose-fractionation scheme might be referred to by other terms, such as stereotactic body radiotherapy. Studies with longer follow-up periods and from multiple institutions are needed to confirm the efficacy of this novel approach.",Int J Radiat Oncol Biol Phys,2011,80,469-75,10.1016/j.ijrobp.2010.02.013,https://www.ncbi.nlm.nih.gov/pubmed/20646858,HIGH RISK,positive,1,
15888698,Radical prostatectomy versus watchful waiting in early prostate cancer,Bill-Axelson A,"BACKGROUND: In 2002, we reported the initial results of a trial comparing radical prostatectomy with watchful waiting in the management of early prostate cancer. After three more years of follow-up, we report estimated 10-year results. METHODS: From October 1989 through February 1999, 695 men with early prostate cancer (mean age, 64.7 years) were randomly assigned to radical prostatectomy (347 men) or watchful waiting (348 men). The follow-up was complete through 2003, with blinded evaluation of the causes of death. The primary end point was death due to prostate cancer; the secondary end points were death from any cause, metastasis, and local progression. RESULTS: During a median of 8.2 years of follow-up, 83 men in the surgery group and 106 men in the watchful-waiting group died (P=0.04). In 30 of the 347 men assigned to surgery (8.6 percent) and 50 of the 348 men assigned to watchful waiting (14.4 percent), death was due to prostate cancer. The difference in the cumulative incidence of death due to prostate cancer increased from 2.0 percentage points after 5 years to 5.3 percentage points after 10 years, for a relative risk of 0.56 (95 percent confidence interval, 0.36 to 0.88; P=0.01 by Gray's test). For distant metastasis, the corresponding increase was from 1.7 to 10.2 percentage points, for a relative risk in the surgery group of 0.60 (95 percent confidence interval, 0.42 to 0.86; P=0.004 by Gray's test), and for local progression, the increase was from 19.1 to 25.1 percentage points, for a relative risk of 0.33 (95 percent confidence interval, 0.25 to 0.44; P<0.001 by Gray's test). CONCLUSIONS: Radical prostatectomy reduces disease-specific mortality, overall mortality, and the risks of metastasis and local progression. The absolute reduction in the risk of death after 10 years is small, but the reductions in the risks of metastasis and local tumor progression are substantial.",N Engl J Med,2005,12,,doi: 10.1056/NEJMoa043739,https://www.ncbi.nlm.nih.gov/pubmed/15888698,,negative,0,2005.0
16682149,Androgen-deprivation therapy does not impact cause-specific or overall survival after permanent prostate brachytherapy.,Merrick GS,"PURPOSE: To determine if androgen-deprivation therapy (ADT) has an impact on cause-specific, biochemical progression-free, or overall survival after prostate brachytherapy. METHODS AND MATERIALS: From April 1995 through June 2002, 938 consecutive patients underwent brachytherapy for clinical Stage T1b to T3a (2002 AJCC) prostate cancer. All patients underwent brachytherapy more than 3 years before analysis. A total of 382 patients (40.7%) received ADT with a duration of 6 months or less in 277 and more than 6 months in 105. The median follow-up was 5.4 years. Multiple clinical, treatment, and dosimetric parameters were evaluated as predictors of cause-specific, biochemical progression-free, and overall survival. RESULTS: The 10-year cause-specific, biochemical progression-free, and overall survival rates for the entire cohort were 96.4%, 95.9%, and 78.1%, respectively. Except for biochemical progression-free survival in high-risk patients, ADT did not statistically impact any of the three survival categories. A Cox linear-regression analysis demonstrated that Gleason score was the best predictor of cause-specific survival, whereas percent-positive biopsies, prostate volume, and risk group predicted for biochemical progression-free survival. Patient age and tobacco use were the strongest predictors of overall survival. One hundred two patients have died, with 80 of the deaths a result of cardiovascular disease (54) and second malignancies (26). To date, only 12 patients have died of metastatic prostate cancer. CONCLUSIONS: After brachytherapy, androgen-deprivation therapy did not have an impact on cause-specific or overall survival for any risk group; however, ADT had a beneficial effect on biochemical progression-free survival in high-risk patients. Cardiovascular disease and second malignancies far outweighed prostate cancer as competing causes of death.",Int J Radiat Oncol Biol Phys,2006,65,669-77,10.1016/j.ijrobp.2006.01.030,https://www.ncbi.nlm.nih.gov/pubmed/16682149,LOW RISK,positive,1,
19695789,Dose-escalated radiotherapy for high-risk prostate cancer: outcomes in modern era with short-term androgen deprivation therapy,Liauw SL,"PURPOSE: Randomized data have supported the use of long-term androgen deprivation therapy (ADT) combined with radiotherapy (RT) for men with high-risk prostate cancer. The present study reviewed the outcomes of intermediate- and high-risk men treated with RT and short-term ADT. MATERIALS AND METHODS: A total of 184 men with any single risk factor of prostate-specific antigen >or=10 ng/mL, clinical Stage T2b or greater, or Gleason score >or=7 were treated with primary external beam RT for nonmetastatic adenocarcinoma of the prostate. The median radiation dose was 74 Gy; 55% were treated with intensity-modulated RT. All patients received ADT for 1 to 6 months (median, 4), consisting of a gonadotropin-releasing hormone analog. Univariate and multivariable analyses were performed for risk factors, including T stage, Gleason score, radiation dose, and prostate-specific antigen level. RESULTS: With a median follow-up of 51 months, the 4-year freedom from biochemical failure (FFBF) using the nadir plus 2 ng/mL definition was 83% for all patients. Clinical Stage T3 disease was the only variable tested associated with FFBF on univariate (4-year FFBF rate, 46% vs. 87% for Stage T1-T2c disease; p = .0303) and multivariable analysis (hazard ratio, 3.9; p = .0016). On a subset analysis of high-risk patients (National Comprehensive Cancer Network criteria), those with clinical Stage T3 disease (4-year FFBF rate, 46% vs. 80%; p = .0303) and a radiation dose <74 Gy (4-year FFBF rate, 64% vs. 80%) had a poorer outcome on univariate analysis. However, clinical Stage T3 disease and radiation dose were not significant on multivariable analysis, although a statistical multivariable trend was seen for both (p = .0650 and p = .0597, respectively). CONCLUSION: Short-term ADT and RT might be acceptable for men with intermediate- and high-risk prostate cancer, especially for clinically localized disease treated with doses of >or=74 Gy.",Int J Radiat Oncol Biol Phys,2010,1,,doi: 10.1016/j.ijrobp.2009.04.074. Epub 2009 Aug 19,https://www.ncbi.nlm.nih.gov/pubmed/19695789,,negative,0,2010.0
26251127,Urethra-sparing high-intensity focused ultrasound for localized prostate cancer: Functional and oncological outcomes,Shoji S,"OBJECTIVES: To evaluate longitudinal changes in urinary function and quality of life, and the oncological outcomes of patients treated with urethra-sparing high-intensity focused ultrasound for localized prostate cancer. METHODS: Patients with negative findings in the urethra and the anterior urethral zone using transrectal ultrasound-guided targeted biopsies, and magnetic resonance imaging, received urethra-sparing or whole-gland high-intensity focused ultrasound as the primary therapy for localized prostate cancer without transurethral resection of the prostate. Longitudinal changes in urinary function and quality of life, and the oncological outcomes of the patients were analyzed retrospectively. RESULTS: The median follow-up times for urethra-sparing and whole-gland high-intensity focused ultrasound were 36 and 30 months, respectively. Comparing the patients treated with urethra-sparing high-intensity focused ultrasound (n = 45) with those treated with whole-gland high-intensity focused ultrasound (n = 65), there were significant differences in the International Prostate Symptom Score (P = 0.014) at 3 months, International Prostate Symptom Score quality of life (P = 0.033) at 3 months, maximum urinary flow rate (mL/s; at 3 months, P = 0.010; at 6 months, P = 0.038) and residual urine volume (mL; at 3 months, P < 0.0001; at 6 months, P = 0.016; at 12 months, P = 0.028). For quality of life, there were significant differences in Functional Assessment of Cancer Therapy - General (at 3 months, P = 0.022) and Functional Assessment of Cancer Therapy - Prostate (at 3 months, P = 0.028; at 6 months, P = 0.034). There were no significant differences in oncological outcomes regarding negative biopsy rates on follow up (91% vs 92%; P = 0.8) or biochemical disease-free survival rates (86.7% vs 89.2%; P = 0.7). CONCLUSIONS: Urethra-sparing high-intensity focused ultrasound might prevent prolonged bladder outlet obstruction, and could be a treatment option for localized prostate cancer.",Int J Urol,2015,22,1043-9,doi: 10.1111/iju.12876. Epub 2015 Aug 6,https://www.ncbi.nlm.nih.gov/pubmed/26251127,,negative,0,2015.0
32416376,Accelerating prostate stereotactic ablative body radiotherapy: Efficacy and toxicity of a randomized phase II study of 11 versus 29 days overall treatment time (PATRIOT),Alayed Y,"BACKGROUND: Prostate stereotactic ablative radiotherapy (SABR) regimens differ in time, dose, and fractionation. We report an update of a multicentre, Canadian randomized phase II study to investigate the impact of overall treatment time on quality of life (QOL), efficacy, and toxicity. METHODS: Men with intermediate risk prostate cancer were randomized to 40 Gy in 5 fractions delivered every other day (EOD) versus once per week (QW). Primary outcome was proportion of patients experiencing a minimally clinically important change (MCIC) in acute bowel QOL using EPIC. Secondary outcomes were toxicity, biochemical failure (BF), other QOL domains, and the rate of salvage therapy. FINDINGS: 152 men from 3 centers were randomized; the median follow-up was 62 months. Results are described for EOD versus QW. Acute bowel and urinary QOL was reported previously. Late changes in QOL were not significantly different between the two arms. There were 1 (1.3%) vs 3 (2.7%) late grade 3 + GI toxicities (p = 0.36) and 5 (6.7%) vs 2 (2.7%) late grade 3 GU toxicities (p = 0.44). Two and 5 patients had BF (5-year failure rate 3.0 vs 7.2%, p = 0.22); 0 and 4 patients received salvage therapy (p = 0.04). 5-Year OS and CSS was 95.8% and 98.6% with no difference between arms (p = 0.49, p = 0.15). 3 patients in the QW arm developed metastases. INTERPRETATION: Although we previously reported that weekly prostate SABR had better bowel and urinary QOL compared to EOD, the updated results show no difference in late toxicity, QOL, BF, or PSA kinetics. Patients should be counseled that QW SABR reduces short-term toxicity compared to QW SABR.",Radiother Oncol,2020,149,8-13,doi: 10.1016/j.radonc.2020.04.039. Epub 2020 Apr 27,https://www.ncbi.nlm.nih.gov/pubmed/32416376,,negative,0,2020.0
31764016,A Limited-Versus-Extensive Staging Strategy for Small Cell Prostate Cancer,Syed S,"INTRODUCTION: Small cell prostate cancer (SCPC) is a rare histologic subtype of prostate cancer, for which the optimal staging strategy remains unclear. METHOD: The Surveillance, Epidemiology, and End Results database was used to analyze the incidence and outcomes of SCPC between the years 2004 through 2016. Limited-stage SCPC (LS-SCPC) was defined as SCPC without any metastasis regardless of local invasion. Extensive stage SCPC (ES-SCPC) was defined as any metastasis to lymph nodes and/or to distant organs. RESULT: A total of 403 SCPC patients were included in the study cohort, accounting for 0.056% of all prostate cancer cases (n=719,655). Of the 358 patients with known metastasis status, 275 (76.8%) patients had ES-SCPC, whereas 83 (23.2%) patients had LS-SCPC. LS-SCPC was associated with better overall survival (17 vs. 9 mo, P<0.001) and disease-specific survival (25 vs. 10 mo, P<0.001) compared with ES-SCPC. All LS-SCPC patients had a similar overall survival regardless of T stage. Similarly, all ES-SCPC patients had similar outcomes regardless of metastasis sites. High prostate-specific antigen (PSA) is paradoxically associated with superior outcome in both localized stage patients (PSA≥4 vs. PSA<4, 19 vs. 10 mo, P=0.002) and extensive stage patients (PSA≥20 vs. PSA<20, 13 vs. 9 mo, P=0.02). Multivariate analysis of treatment showed that chemotherapy was associated with improved survival in ES-SCPC with hazard ratio of 0.52. CONCLUSION: Similar to small cell lung cancer, SCPC can be staged into LS-SCPC or ES-SCPC. The binary staging system correlates well with prognosis.",Am J Clin Oncol,2020,43,87-93,doi: 10.1097/COC.0000000000000631,https://www.ncbi.nlm.nih.gov/pubmed/31764016,,negative,0,2020.0
20529139,Quality of life following high-intensity focused ultrasound for the treatment of localized prostate cancer: a prospective study,Shoji S,"OBJECTIVES: To report our health-related quality of life (QOL) and functional outcomes following high-intensity focused ultrasound (HIFU) for localized prostate cancer. METHODS: Data from prostate cancer patients undergoing HIFU at our institution between January 1999 and April 2007 were collected in our prospective database. Standard preoperative and surgical parameters, as well as baseline urinary function, QOL and sexual assessment were included. The Japanese version of the Functional Assessment of Cancer Therapy-general (FACT-G), the FACT-prostate (P) and the International Index of Erectile Function-5 (IIEF-5) were used for the functional assessment. These self-administered questionnaires were collected preoperatively and again at 6, 12 and 24 months postoperatively. RESULTS: A total of 326 patients were included in the analysis. Maximum flow rate and residual urine volume were significantly impaired at 6 months (P = 0.010) after HIFU, even if they returned to baseline values at 12 or 24 months after HIFU. The total FACT-G score significantly improved at 24 months (P = 0.027) after HIFU. At 6, 12 and 24 months after HIFU, 52%, 63% and 78%, respectively, of the patients, not receiving neoadjuvant hormonal therapy, were potent. CONCLUSIONS: In our experience, functional and QOL outcomes after HIFU therapy for localized prostate cancer are better than those after other treatment modalities.",Int J Urol,2010,17,715-9,doi: 10.1111/j.1442-2042.2010.02568.x. Epub 2010 May 31,https://www.ncbi.nlm.nih.gov/pubmed/20529139,,negative,0,2010.0
22981709,Short-term androgen-deprivation therapy improves prostate cancer-specific mortality in intermediate-risk prostate cancer patients undergoing dose-escalated external beam radiation therapy.,Zumsteg ZS,"PURPOSE: We investigated the benefit of short-term androgen-deprivation therapy (ADT) in patients with intermediate-risk prostate cancer (PC) receiving dose-escalated external beam radiation therapy. METHODS AND MATERIALS: The present retrospective study comprised 710 intermediate-risk PC patients receiving external beam radiation therapy with doses of ≥81 Gy at a single institution from 1992 to 2005, including 357 patients receiving neoadjuvant and concurrent ADT. Prostate-specific antigen recurrence-free survival (PSA-RFS) and distant metastasis (DM) were compared using the Kaplan-Meier method and Cox proportional hazards models. PC-specific mortality (PCSM) was assessed using competing-risks analysis. RESULTS: The median follow-up was 7.9 years. Despite being more likely to have higher PSA levels, Gleason score 4 + 3 = 7, multiple National Comprehensive Cancer Network intermediate-risk factors, and older age (P≤.001 for all comparisons), patients receiving ADT had improved PSA-RFS (hazard ratio [HR], 0.598; 95% confidence interval [CI], 0.435-0.841; P=.003), DM (HR, 0.424; 95% CI, 0.219-0.819; P=.011), and PCSM (HR, 0.380; 95% CI, 0.157-0.921; P=.032) on univariate analysis. Using multivariate analysis, ADT was an even stronger predictor of improved PSA-RFS (adjusted HR [AHR], 0.516; 95% CI, 0.360-0.739; P<.001), DM (AHR, 0.347; 95% CI, 0.176-0.685; P=.002), and PCSM (AHR, 0.297; 95% CI, 0.128-0.685; P=.004). Gleason score 4 + 3 = 7 and ≥50% positive biopsy cores were other independent predictors of PCSM. CONCLUSIONS: Short-term ADT improves PSA-RFS, DM, and PCSM in patients with intermediate-risk PC undergoing dose-escalated external beam radiation therapy.",Int J Radiat Oncol Biol Phys,2013,85,1012-7,10.1016/j.ijrobp.2012.07.2374,https://www.ncbi.nlm.nih.gov/pubmed/22981709,INTERMEDIATE RISK,positive,1,
23871661,"Comparison of dose-escalated, image-guided radiotherapy vs. dose-escalated, high-dose-rate brachytherapy boost in a modern cohort of intermediate-risk prostate cancer patients.",Marina O,"PURPOSE: We compared outcomes in intermediate-risk prostate cancer patients treated with dose-escalated adaptive image-guided radiation therapy (IGRT) or dose-escalated high-dose-rate brachytherapy boost (HDR-B). METHODS AND MATERIALS: Patients with intermediate-risk prostate cancer by National Comprehensive Cancer Network criteria were treated with either CT-based off-line adaptive IGRT (n = 734) or HDR-B (n = 282). IGRT was delivered with 3D-conformal or intensity-modulated radiation therapy with a median dose of 77.4 Gy. For HDR-B, the whole pelvis received a median 46 Gy, and the prostate 2 implants of 9.5 Gy (n = 71), 10.5 Gy (n = 155), or 11.5 Gy (n = 56). RESULTS: Median followup was 3.7 years for IGRT and 8.0 years for HDR-B (p < 0.001). Eight-year biochemical control was 86% for IGRT and 91% for HDR-B (p = 0.22), disease-free survival 67% for IGRT and 79% for HDR-B (p = 0.006), and overall survival 75% for IGRT and 86% for HDR-B (p = 0.009). Cause-specific survival (8-year, 100% vs. 99%), freedom from distant metastases (98% vs. 97%), and freedom from local recurrence (98% vs. 98%) did not differ (p > 0.50 each). A worse prognosis group was defined by percent positive prostate biopsy cores >50%, perineural invasion, or stage T2b-c, encompassing 260 (35%) IGRT and 171 (61%) HDR-B patients. These patients evidenced a 5-year biochemical control of 96% for HDR-B and 87% for IGRT (p = 0.002). CONCLUSIONS: Dose-escalated IGRT and HDR-B both yield excellent clinical outcomes for patients with intermediate-risk prostate cancer. Improved biochemical control with HDR-B for patients with worse pretreatment characteristics suggests that a subgroup of intermediate-risk prostate cancer patients may benefit from dual-modality treatment.",Brachytherapy,2014,13,59-67,10.1016/j.brachy.2013.05.004,https://www.ncbi.nlm.nih.gov/pubmed/23871661,INTERMEDIATE RISK,positive,1,
18222596,Long-term outcome following three-dimensional conformal/intensity-modulated external-beam radiotherapy for clinical stage T3 prostate cancer.,Zelefsky MJ,"OBJECTIVE: To report the long-term tumor control and survival outcomes after conformal external-beam radiotherapy for patients with clinical stage T3 prostate cancer. METHODS: Between 1988 and 2000, 296 patients with clinical stage T3 prostate cancer were treated with three-dimensional conformal radiotherapy and intensity-modulated radiotherapy. Of these, 130 patients (44%) had stage T3a (extracapsular extension without seminal vesicle involvement [SVI]) and 166 patients (56%) had stage T3b disease (SVI). Prior to radiotherapy, 189 patients (43%) were treated with short-course androgen-deprivation therapy (ADT). The median follow-up time was 8 yr. RESULTS: The 5- and 10-yr prostate-specific antigen (PSA) relapse-free survival (PRFS) outcomes for stage T3a tumors were 69% and 44%, respectively. The corresponding PRFS outcomes for T3b tumors were 49% and 32% (p=0.005). Despite the presence of locally advanced disease, the 5- and 10-yr local progression-free survival (LPFS) outcomes for all patients were 87% and 83%. Among patients who received > or =8100 cGy and ADT, the 5- and 10-yr local control rates were 96% and 88%. The 5- and 10-yr distant metastases-free survival (DMFS) outcomes for stage T3a tumors were 85% and 73%. The corresponding DMFS outcomes for T3b tumors were 49% and 32% (p=0.005). Multivariate analysis demonstrated that ADT conferred a 7-fold risk reduction for local failure. Pretreatment PSA levels and the presence of SVI on clinical staging were important predictors of distant metastases. CONCLUSIONS: Conformal radiotherapy for T3 prostate cancer is associated with excellent tumor control and survival outcomes. These results are at least comparable to reported outcomes from surgical series for T3 disease and substantiate the role of radiotherapy as the standard management option for locally advanced stage prostate cancer.",Eur Urol,2008,53,1172-9,10.1016/j.eururo.2007.12.030,https://www.ncbi.nlm.nih.gov/pubmed/18222596,HIGH RISK,positive,1,
16271785,Dose-volume impact in high-dose-rate Iridium-192 brachytherapy as a boost to external beam radiotherapy for localized prostate cancer--a phase II study,Pinkawa M,"BACKGROUND AND PURPOSE: Evaluation of dose-volume-time-related factors in 64 patients treated with high-dose-rate brachytherapy (HDR-BT) as a boost to external beam radiotherapy (EBRT) for localized prostate cancer. PATIENTS AND METHODS: Clinical parameters were correlated with morbidity scores of the EPIC (Expanded Prostate Cancer Index) questionnaire. Median time after radiotherapy (HDR-BT up to 18 Gy in two fractions and EBRT up to a median dose of 50.4 Gy) was 1.5 and 3 years (first and second questionnaire). RESULTS: A significant impact of a urethra D1 exceeding 15 Gy in at least one HDR fraction concerning urinary morbidity and a rectum D1 exceeding 6 Gy to the rectal mucosa in the first and second HDR fraction concerning the rectal bleeding rate was found. A higher number of needles was associated with lower urinary and bowel scores after 1.5 years. A prostate length >4.8 cm and a longer duration of EBRT (independently of the dose) predisposed for lower urinary and bowel scores. In contrast to a urethra D1 > 15 Gy as an independent factor, a rectum D1 > 6 Gy per HDR fraction correlated with a higher number of needles and an increased prostate length. CONCLUSIONS: To minimize morbidity in HDR-BT for prostate cancer, a maximum dose to the urethra of 15 Gy and a maximum dose to the rectal mucosa of 6 Gy is advisable. Treatment- and patient-related factors have a major impact on toxicity.",Radiother Oncol,2006,78,41-6,doi: 10.1016/j.radonc.2005.10.003. Epub 2005 Nov 4,https://www.ncbi.nlm.nih.gov/pubmed/16271785,,negative,0,2005.0
20835257,The 5-year functional outcomes after radical prostatectomy: a real-life experience in Korea,Hong SK,"We investigated the functional outcomes regarding erectile function and urinary continence up to 5 years following radical prostatectomy (RP) in a cohort of Korean men. We retrospectively analyzed the clinicopathologic data of 85 Korean men who received open uni- or bilateral nerve-sparing RP for clinically localized prostate cancer and were followed up for at least 5 years postoperatively. From medical records, patients' status regarding urinary and erectile function at baseline and postoperative followups after RP was assessed. At 24 and 60 months after RP, proportions of subjects continent (no pads used) were 89.4% and 97.6%, respectively (P = 0.007). Excluding subjects (n = 24) who preoperatively reported having severe erectile dysfunction or lacked relevant informations, proportions of subjects capable of having vaginal intercourse regardless of erectile aid usage were 47.5% and 37.7% at 24 and 60 months from RP, respectively (P = 0.022). Patient's age at surgery (P = 0.047) and salvage radiation therapy (P = 0.026) were observed to be significant predictors of having erections sufficient for intercourse at 60 months from RP in multivariate analysis. Our results showed that while patients' postoperative status regarding urinary continence at 2 years from RP is generally maintained or improved at 5 year point, erectile function was observed to significantly declined from 2 years to 5 years following RP. Such decline in erectile function following RP may be more significant among men who were relatively older at surgery or those who received salvage therapy during postoperative follow-ups.",Asian J Androl,2010,12,835-40,doi: 10.1038/aja.2010.81. Epub 2010 Sep 13,https://www.ncbi.nlm.nih.gov/pubmed/20835257,,negative,0,2010.0
31897875,Castration-resistant prostate cancer without metastasis at presentation may achieve cancer-specific survival in patients who underwent prior radical prostatectomy,Kodama H,"PURPOSE: Radical prostatectomy (RP) is relatively better oncological outcomes in patients with prostate cancer (PCa). However, the incidence of castration-resistant PCa (CRPC) and PCa-specific mortality in patients with biochemical recurrence (BCR) after RP remains unclear. The aim of this study was to evaluate the cancer-specific survival (CSS) in patients with CRPC after RP, in particular those who had metastases or not. METHODS: We retrospectively reviewed the data of 1582 consecutive patients who underwent RP between July 1996 and January 2019. The enrolled patients had histologically confirmed stage T1a-T3b PCa without lymph node involvement or distant metastasis. The endpoints were oncological outcomes, including CSS and BCR, in patients with PCa with or without metastases at the time of diagnosis with CRPC. RESULTS: A total of 1474 patients were enrolled in this study. By the end of the follow-up period, 352 patients (24.6%) in the enrolled patients had BCR after RP. A total of 42 patients (2.9%) developed CRPC and 18 (1.3%) had died of PCa. With regard to metastasis in patients who diagnosed CRPC, the 5-year CSS rate was 100% for nonmetastatic CRPC (nmCRPC) patients and 53.8% for metastatic CRPC (mCRPC) patients after RP. The 5-year CSS rate was 100% for nmCRPC patients and 27.1% for mCRPC patients after the diagnosis with CRPC. CONCLUSIONS: CRPC is one of the lethal causes with PCa death. However, nmCRPC may achieve relatively good prognosis in patients with PCa after RP.",Int Urol Nephrol,2020,52,671-679,doi: 10.1007/s11255-019-02339-3. Epub 2020 Jan 3,https://www.ncbi.nlm.nih.gov/pubmed/31897875,,negative,0,2020.0
31942652,Focal high-dose-rate brachytherapy for localized prostate cancer: toxicity and preliminary biochemical results,Prada PJ,"BACKGROUND: This study aimed to evaluate the outcomes and the toxicity of focal high-dose-rate (HDR) brachytherapy in selected localized prostate cancer patients. METHODS: Fifty patients were treated with focal high-dose-rate brachytherapy between March 2013 and November 2017, representing 5% of the cases treated by our group during this period. Only patients with very limited and localized tumors, according to strict criteria, were selected for the procedure. The prescribed dose for the focal volume was 24 Gy. RESULTS: The treated volume corresponded to a mean value of 32% of the total prostatic volume. The mean focal D<sub>90</sub> in our series was 23 Gy (range 16-26 Gy). The mean initial IPSS was 8.2 (range 0-26), at 6 months 7.5 (range 0-23), and at 24 months 6.7 (range 0-18). No acute or late urinary retention was seen. When the ICIQ-SF score was 0 at the end of treatment, it remained nil thereafter at 1 and 2 years for all patients. No intraoperative or perioperative complications occurred. No rectal toxicity was reported after treatment. Of the total patients identified as potent, only three patients had a very slight decrease of the mean IIEF5. The mean initial PSA was 6.9 ng/mL (range 1.9-13.4). At the last follow-up visit, the mean PSA was 3 ng/ml (range 0.48-8.11). CONCLUSION: HDR focal brachytherapy in selected patients with low intermediate-risk prostate cancer could achieve the same satisfactory results in terms of relapse-free survival as conventional whole prostate brachytherapy with less toxicity.",Strahlenther Onkol,2020,196,222-228,doi: 10.1007/s00066-019-01561-3. Epub 2020 Jan 15,https://www.ncbi.nlm.nih.gov/pubmed/31942652,,negative,0,2020.0
15947662,Robotic radical prostatectomy in the community setting--the learning curve and beyond: initial 200 cases,Patel VR,"PURPOSE: The introduction of robotic assistance has the potential to improve surgical outcomes and reduce the steep learning curve associated with conventional laparoscopic radical prostatectomy. We report on our experience with robotic radical prostatectomy in the community setting. MATERIALS AND METHODS: A total of 200 patients underwent robotic radical prostatectomy during 18 months. Prospective data collection included a quality of life (Expanded Prostate Cancer Index Composite) questionnaire, basic demographics, prostate specific antigen (PSA), clinical stage and Gleason grade. Operative outcome measures included operative time, estimated blood loss and complications. Postoperative outcome measures included hospital stay, catheter time, pathology, PSA and return of continence. RESULTS: Average operative time was 141 minutes with an estimated blood loss of 75 cc. The intraoperative complication rate was 1% with no mortality, reexploration or transfusion. Of the patients 95% were discharged home on postoperative day 1 (1 to 3) with hematocrit averaging 34.5 (range 25 to 45). The average difference in preoperative and postoperative hematocrit was 3 points (range -2 to 15). Average catheter time was 7.2 days (range 5 to 15). The positive margin rate was 10.5% for the entire series, 5.7% for T2 tumors, 28.5% (T3a), 20% (T3b) and 33% (T4a). Of the patients 95% had undetectable PSA (less than 0.1 ng/ml) at average followup of 9.7 months. Continence at 1, 3, 6, 9 and 12 months was 47%, 78%, 89%, 92% and 98%, respectively. CONCLUSIONS: Our initial experience with robotic radical prostatectomy is promising. The learning curve was approximately 20 to 25 cases. With a structured methodical approach we were able to implement robotics safely and effectively into our community practice with minimal patient morbidity, and good oncological and functional outcomes.",J Urol,2005,174,269-72,doi: 10.1097/01.ju.0000162082.12962.40,https://www.ncbi.nlm.nih.gov/pubmed/15947662,,negative,0,2005.0
18242383,Limited pelvic lymph node dissection does not improve biochemical relapse-free survival at 10 years after radical prostatectomy in patients with low-risk prostate cancer.,Weight CJ,"OBJECTIVES: To compare the long-term differences in actuarial biochemical relapse-free survival rates from a contemporary series of patients who underwent radical prostatectomy with and without pelvic lymph node dissection (PLND). METHODS: The records of 806 consecutive radical prostatectomy cases performed from January 1995 to June 1999 were reviewed. The entire subset of patients (n = 336) with low-risk disease, defined by a prostate-specific antigen level of 10 ng/mL or less, biopsy Gleason score of 6 or less, and clinical Stage T1 or T2a, who had not received adjuvant or neoadjuvant therapy were divided into two groups according to whether PLND was performed (PLND group, n = 140) or omitted (no-PLND group, n = 196). A Cox proportional hazards model was used to analyze the effect of demographic, pretreatment, surgical, and pathologic factors on the likelihood of biochemical failure. Biochemical relapse-free survival for each group was estimated by Kaplan-Meier analysis. The median prostate-specific antigen follow-up time for the entire group was 89.0 months, with a similar follow-up for both cohorts (PLND group 94.5 months and no-PLND group 88.0 months, Mann-Whitney U test, P = 0.14). RESULTS: The long-term biochemical relapse-free survival rate for the entire cohort was 86.1% at 10 years. The 10-year actuarial biochemical relapse-free rate for the PLND and no-PLND groups was 83.8% and 87.9%, respectively (log-rank, P = 0.33). On univariate analysis, PLND was not an independent predictor of outcome (Wald, P = 0.33). CONCLUSIONS: The results of our study have shown that the omission of limited PLND in patients with favorable tumor characteristics does not adversely affect biochemical relapse-free survival at 10 years. Such patients can be spared the morbidity and cost of PLND without affecting their chance for cure.",Urology,2008,71,141-5,10.1016/j.urology.2007.08.027,https://www.ncbi.nlm.nih.gov/pubmed/18242383,LOW RISK,positive,1,
32150055,Adding radiotherapy to androgen deprivation therapy in men with node-positive prostate cancer after radical prostatectomy: A meta-analysis,Guo L,"BACKGROUND: Several studies have tested the addition of adjuvant radiotherapy (RT) to androgen deprivation therapy (ADT) in node-positive prostate cancer (PCa) after radical prostatectomy (RP). This meta-analysis aims to assess the effects of adding RT to ADT in the treatment of PCa patients with lymph node invasion. METHODS: We systematically searched PubMed and Embase through June 2018 for human studies comparing RT plus ADT versus ADT in men with node-positive PCa after RP. The primary end point was overall survival (OS). Secondary end point was cancer-specific survival (CSS). Hazard ratios (HRs) with 95% confidence intervals (CIs) for the effects of RT plus ADT on OS and CSS were combined across studies using meta-analysis. RESULTS: Five studies were selected for inclusion. Overall, 15,524 patients were enrolled in the 5 studies. This included 6309 (40.6%) patients receiving ADT, 4389 (28.3%) patients receiving adjuvant RT plus ADT, and 4826 (31.1%) patients receiving observation. In lymph node-positive PCa patients, the addition of adjuvant RT was associated with improved OS (HR: 0.74; 95% CI, 0.59-0.92; P = .008). Moreover, the addition of adjuvant RT was also associated with a dramatic CSS improvement (HR: 0.40; 95% CI, 0.27-0.59; P = .000). CONCLUSIONS: Adding RT to ADT may be a clinically effective treatment option for men with lymph node-positive PCa after RP.",Medicine (Baltimore),2020,99,,doi: 10.1097/MD.0000000000019153,https://www.ncbi.nlm.nih.gov/pubmed/32150055,,negative,0,2020.0
21074198,Comparative effectiveness of perineal versus retropubic and minimally invasive radical prostatectomy,Prasad SM,"PURPOSE: While perineal radical prostatectomy has been largely supplanted by retropubic and minimally invasive radical prostatectomy, it was the predominant surgical approach for prostate cancer for many years. In our population based study we compared the use and outcomes of perineal radical prostatectomy vs retropubic and minimally invasive radical prostatectomy. MATERIALS AND METHODS: We identified men diagnosed with prostate cancer from 2003 to 2005 who underwent perineal (452), minimally invasive (1,938) and retropubic (6,899) radical prostatectomy using Surveillance, Epidemiology and End Results-Medicare linked data through 2007. We compared postoperative 30-day and anastomotic stricture complications, incontinence and erectile dysfunction, and cancer therapy (hormonal therapy and/or radiotherapy). RESULTS: Perineal radical prostatectomy comprised 4.9% of radical prostatectomies during our study period and use decreased with time. On propensity score adjusted analysis men who underwent perineal vs retropubic radical prostatectomy had shorter hospitalization (median 2 vs 3 days, p < 0.001), received fewer heterologous transfusions (7.2% vs 20.8%, p < 0.001) and required less additional cancer therapy (4.9% vs 6.9%, p = 0.020). When comparing perineal vs minimally invasive radical prostatectomy men who underwent the former required more heterologous transfusions (7.2% vs 2.7%, p = 0.018) but experienced fewer miscellaneous medical complications (5.3% vs 10.0%, p = 0.045) and erectile dysfunction procedures (1.4 vs 2.3/100 person-years, p = 0.008). The mean and median expenditure for perineal radical prostatectomy in the first 6 months postoperatively was $1,500 less than for retropubic or minimally invasive radical prostatectomy (p < 0.001). CONCLUSIONS: Men who undergo perineal vs retropubic and minimally invasive radical prostatectomy experienced favorable outcomes associated with lower expenditure. Urologists may be abandoning an underused but cost-effective surgical approach that compares favorably with its successors.",J Urol,2011,185,111-5,doi: 10.1016/j.juro.2010.08.090. Epub 2010 Nov 12,https://www.ncbi.nlm.nih.gov/pubmed/21074198,,negative,0,2010.0
22425079,Radical prostatectomy outcome in men 65 years old or older with low risk prostate cancer.,Mullins JK,"PURPOSE: A recent update of the Scandinavian Prostate Cancer Group Study-4 concluded that men older than 65 years treated with radical prostatectomy had no survival advantage compared to men treated with watchful waiting. We examined the proportion and outcomes of men 65 years old or older with low risk disease who underwent radical prostatectomy at our institution. MATERIALS AND METHODS: Our institutional radical prostatectomy database with more than 19,000 patients was queried for men 65 years old or older with low risk prostate cancer. Pathological and survival outcomes were assessed. Subanalysis was done on men 70 years old or older to determine whether outcomes among older men differed by age. RESULTS: A total of 1,560 men (8.1%) 65 years old or older with low risk prostate cancer underwent radical prostatectomy between 1983 and 2010. After radical prostatectomy 38.3% of the men had evidence of more aggressive cancer, including Gleason score 7 or greater, or extraprostatic extension. After radical prostatectomy actuarial 5, 10 and 15-year biochemical recurrence-free survival was 93.2%, 89.2% and 82.2%, prostate cancer specific survival was 99.7%, 98.4% and 97.2%, and overall survival was 96.1%, 83.5% and 60.2%, respectively. CONCLUSIONS: Fewer than 10% of men treated with radical prostatectomy at our institution were 65 years old or older with low risk prostate cancer. Despite a high prevalence of aggressive disease discovered at surgery these men experienced excellent long-term survival. Treatment recommendations in older men with low risk prostate cancer should be made after careful consideration of life expectancy based on comorbidities and potential adverse outcomes of treatment.",J Urol,2012,187,1620-5,10.1016/j.juro.2011.12.072,https://www.ncbi.nlm.nih.gov/pubmed/22425079,LOW RISK,positive,1,
17094781,Comparing results after surgery in patients with clinical unilateral T3a prostate cancer treated with or without neoadjuvant androgen-deprivation therapy.,Hsu CY,"OBJECTIVE: To compare the results in patients with unilateral cT3 prostate cancer treated with or with no neoadjuvant androgen-deprivation therapy (nADT), as nADT might have benefit in cT2 prostate cancer, but for cT3 tumours its use remains controversial, and it is unclear whether it can prevent or delay progression after surgery. PATIENTS AND METHODS: Between 1987 and 2004, 235 patients were assessed as having unilateral cT3 disease by a digital rectal examination; before surgery, 200 patients were not treated with nADT and 35 were. The Kaplan-Meier method was used to calculate survival rates. RESULTS: With no nADT the biochemical progression-free survival (PFS) was 59.5%, the clinical PFS was 95.9%, the cancer-specific survival (CSS) was 98.7%, and overall survival was 95.9% at 5 years. With nADT, the biochemical PFS was 43.4%, clinical PFS was 77.6%, CSS was 88.7%, and overall survival was 79.8% at 5 years. The positive surgical margin rate with no nADT and with nADT was 33.5% and 57.1%, respectively, and the respective mean cancer volume was 6.6 mL and 4.0 mL. CONCLUSION: nADT can decrease tumour size but does not reduce the positive surgical margin rate, nor improve the survival rate in unilateral cT3a disease. Because of side-effects and treatment costs, we do not advise nADT in patients with unilateral cT3a prostate cancer.",BJU Int,2007,99,311-4,10.1111/j.1464-410X.2006.06559.x,https://www.ncbi.nlm.nih.gov/pubmed/17094781,HIGH RISK,positive,1,
26351883,Robotic-Assisted Laparoscopic Radical Prostatectomy,Agarwal G,"BACKGROUND: The use of radical prostatectomy for the treatment of prostate cancer has been increasing during the last decade partially due to the widespread adoption of the robotic-assisted laparoscopic technique. Although no prospective, randomized controlled trials have compared open radical prostatectomy (ORP) with robotic-assisted laparoscopic radical prostatectomy (RALRP), numerous comparative studies have been retrospectively conducted. METHODS: A systematic review of the literature was performed to clarify the role and advancement of RALRP. Studies comparing ORP with RALRP that measured outcomes of cancer control, urinary and sexual function, and complications were included. A nonsystematic review was utilized to describe the advancements in the techniques used for RALRP. RESULTS: RALRP is the procedure of choice when treating localized prostate cancer. This preference is due to the observed improvement in morbidity rates, as evidenced by decreased rates of blood loss and postoperative pain and similar oncological outcomes when compared with ORP. Robotic assistance during surgery is continually being modified and the techniques advanced, as evidenced by improved nerve sparing for preserving potency and reconstruction of the bladder neck to help in the early recovery of urinary continence. CONCLUSIONS: Morbidity rates should continue to improve with the advancement of minimally invasive techniques for radical prostatectomy. The adoption of robotic assistance during surgery will continue as the applications of robotic-assisted surgery expand into other solid organ malignancies.",Cancer Control,2015,22,283-90,doi: 10.1177/107327481502200305,https://www.ncbi.nlm.nih.gov/pubmed/26351883,,negative,0,2015.0
16168838,Acute genitourinary toxicity after high-dose-rate (HDR) brachytherapy combined with hypofractionated external-beam radiation therapy for localized prostate cancer: correlation between the urethral dose in HDR brachytherapy and the severity of acute genitourinary toxicity,Akimoto T,"PURPOSE: Several investigations have revealed that the alpha/beta ratio for prostate cancer is atypically low, and that hypofractionation or high-dose-rate (HDR) brachytherapy regimens using appropriate radiation doses may be expected to yield tumor control and late sequelae rates that are better or at least as favorable as those achieved with conventional radiation therapy. In this setting, we attempted treating localized prostate cancer patients with HDR brachytherapy combined with hypofractionated external beam radiation therapy (EBRT). The purpose of this study was to evaluate the feasibility of using this approach, with special emphasis on the relationship between the severity of acute genitourinary (GU) toxicity and the urethral dose calculated from the dose-volume histogram (DVH) of HDR brachytherapy. METHODS AND MATERIALS: Between September 2000 and December 2003, 70 patients with localized prostate cancer were treated by iridium-192 HDR brachytherapy combined with hypofractionated EBRT at the Gunma University Hospital. Hypofractionated EBRT was administered in fraction doses of 3 Gy, three times per week; a total dose of 51 Gy was delivered to the prostate gland and the seminal vesicles using the four-field technique. No elective pelvic irradiation was performed. After the completion of EBRT, all the patients additionally received transrectal ultrasonography (TRUS)-guided HDR brachytherapy. The fraction size and the number of fractions in HDR brachytherapy were prospectively changed, whereas the total radiation dose for EBRT was fixed at 51 Gy. The fractionation in HDR brachytherapy was as follows: 5 Gy x 5, 7 Gy x 3, 9 Gy x 2, administered twice per day, although the biologic effective dose (BED) for HDR brachytherapy combined with EBRT, assuming that the alpha/beta ratio is 3, was almost equal to 138 in each fractionation group. The planning target volume was defined as the prostate gland with 5-mm margin all around, and the planning was conducted based on computed tomography images. The number of patients in each fractionation group was as follows: 13 in the 5-Gy group; 19 in the 7-Gy group, and 38 in the 9-Gy group. The tumor stage was T1 in 10 patients, T2 in 36 patients, and T3 in 24 patients. The Gleason score was 2-6 in 11 patients, 7 in 34 patients, and 8-10 in 25 patients. Androgen ablation was performed in all the patients. The median follow-up duration was 14 months (range 3-42 months). The toxicities were graded based on the Radiation Therapy Oncology Group/European Organization for Research and Treatment of Cancer toxicity criteria. RESULTS: The main symptoms of acute GU toxicity were dysuria and increase in urinary frequency or nocturia. The grade distribution of acute GU toxicity in the patients was as follows: Grade 0-1, 39 patients (56%), and Grade 2-4, 31 patients (44%). One patient who developed acute urinary obstruction was classified as having Grade 4 toxicity. Comparison of the distribution of the grade of acute GU toxicity among the different fractionation groups revealed no statistically significant differences among the groups. The urethral dose in HDR brachytherapy was evaluated using the following DVH parameters: V30 (percentage of the urethral volume receiving 30% of the prescribed radiation dose), V80, V90, V100, V110, V120, V130, and V150. The V30-110 values in the patients with Grade 2-4 acute GU toxicity were significantly higher than those in patients with Grade 0-1 toxicity. On the other hand, there were no significant differences in the V120-150 values between patients with Grade 0-1 and Grade 2-4 toxicity. Regarding the influence of the number of needles implanted for the radiation therapy, patients with 11 needles or less showed a significantly higher incidence of Grade 2-4 acute GU toxicity compared with those with 12 needles or more (p < 0.05). CONCLUSIONS: It was concluded that HDR brachytherapy combined with hypofractionated EBRT is feasible for localized prostate cancer when considered from the viewpoint of acute toxicity. Increase in the fraction dose or reduction in the number of fractions in HDR brachytherapy did not affect the severity of acute GU toxicity, and the volume of urethra receiving an equal or lower radiation dose than the prescribed dose was more closely associated with the grade severity of acute GU toxicity than that receiving a higher than the prescribed dose.",Int J Radiat Oncol Biol Phys,2005,1,,doi: 10.1016/j.ijrobp.2004.11.041,https://www.ncbi.nlm.nih.gov/pubmed/16168838,,negative,0,2005.0
17765406,Long-term results of the M. D. Anderson randomized dose-escalation trial for prostate cancer.,Kuban DA,"PURPOSE: To report the long-term results of a randomized radiotherapy dose escalation trial for prostate cancer. METHODS AND MATERIALS: From 1993 to 1998, a total of 301 patients with stage T1b to T3 prostate cancer were accrued to a randomized external beam dose escalation trial using 70 Gy versus 78 Gy. The median follow-up is now 8.7 years. Kaplan-Meier analysis was used to compute rates of prostate-specific antigen (PSA) failure (nadir + 2), clinical failure, distant metastasis, disease-specific, and overall survival as well as complication rates at 8 years post-treatment. RESULTS: For all patients, freedom from biochemical or clinical failure (FFF) was superior for the 78-Gy arm, 78%, as compared with 59% for the 70-Gy arm (p = 0.004, and an even greater benefit was seen in patients with initial PSA >10 ng/ml (78% vs. 39%, p = 0.001). The clinical failure rate was significantly reduced in the 78-Gy arm as well (7% vs. 15%, p = 0.014). Twice as many patients either died of prostate cancer or are currently alive with cancer in the 70-Gy arm. Gastrointestinal toxicity of grade 2 or greater occurred twice as often in the high dose patients (26% vs. 13%), although genitourinary toxicity of grade 2 or greater was less (13% vs. 8%) and not statistically significantly different. Dose-volume histogram analysis showed that the complication rate could be significantly decreased by reducing the amount of treated rectum. CONCLUSIONS: Modest escalation in radiotherapy dose improved freedom from biochemical and clinical progression with the largest benefit in prostate cancer patients with PSA >10 ng/ml.",Int J Radiat Oncol Biol Phys,2008,70,67-74,10.1016/j.ijrobp.2007.06.054,https://www.ncbi.nlm.nih.gov/pubmed/17765406,HIGH RISK,positive,1,
22795805,Long-term survival and toxicity in patients treated with high-dose intensity modulated radiation therapy for localized prostate cancer.,Spratt DE,"PURPOSE: To report long-term survival and toxicity outcomes with the use of high-dose intensity modulated radiation therapy (IMRT) to 86.4 Gy for patients with localized prostate cancer. METHODS AND MATERIALS: Between August 1997 and December 2008, 1002 patients were treated to a dose of 86.4 Gy using a 5-7 field IMRT technique. Patients were stratified by prognostic risk group based on National Comprehensive Cancer Network risk classification criteria. A total of 587 patients (59%) were treated with neoadjuvant and concurrent androgen deprivation therapy. The median follow-up for the entire cohort was 5.5 years (range, 1-14 years). RESULTS: For low-, intermediate-, and high-risk groups, 7-year biochemical relapse-free survival outcomes were 98.8%, 85.6%, and 67.9%, respectively (P<.001), and distant metastasis-free survival rates were 99.4%, 94.1%, and 82.0% (P<.001), respectively. On multivariate analysis, T stage (P<.001), Gleason score (P<.001), and >50% of initial biopsy positive core (P=.001) were predictive for distant mestastases. No prostate cancer-related deaths were observed in the low-risk group. The 7-year prostate cancer-specific mortality (PCSM) rates, using competing risk analysis for intermediate- and high-risk groups, were 3.3% and 8.1%, respectively (P=.008). On multivariate analysis, Gleason score (P=.004), percentage of biopsy core positivity (P=.003), and T-stage (P=.033) were predictive for PCSM. Actuarial 7-year grade 2 or higher late gastrointestinal and genitourinary toxicities were 4.4% and 21.1%, respectively. Late grade 3 gastrointestinal and genitourinary toxicity was experienced by 7 patients (0.7%) and 22 patients (2.2%), respectively. Of the 427 men with full potency at baseline, 317 men (74%) retained sexual function at time of last follow-up. CONCLUSIONS: This study represents the largest cohort of patients treated with high-dose radiation to 86.4 Gy, using IMRT for localized prostate cancer, with the longest follow-up to date. Our findings indicate that this treatment results in excellent clinical outcomes with acceptable toxicity.",Int J Radiat Oncol Biol Phys,2013,85,686-92,10.1016/j.ijrobp.2012.05.023,https://www.ncbi.nlm.nih.gov/pubmed/22795805,LOW RISK,positive,1,
32377602,Long-term oncologic outcomes after radical prostatectomy in clinically localized prostate cancer: 10-year follow-up in Korea,Suh J,"PURPOSE: The clinical behavior of prostate cancer differs by race and ethnicity; however, data on the Korean population are scarce. We assessed the long-term oncologic outcomes of clinically localized prostate cancer after radical prostatectomy in Korean men. MATERIALS AND METHODS: We analyzed 786 clinically localized prostate cancer patients who underwent radical prostatectomy, from June 1993 to June 2008. Kaplan-Meier survival curve analysis and log-rank test were used to assess the oncologic outcomes. RESULTS: The mean age of the patients was 64.9±6.6 years. Pelvic lymph node dissection was performed in 373 patients. Pathologic T and N stage cancer with local advancement and invasion were detected by radical prostatectomy in 307 and 22 patients, respectively. In total, 38 patients who underwent adjuvant therapy were excluded from the analysis of progression after biochemical recurrence (BCR), which occurred in 261 men. In total, 219 patients underwent salvage treatment. Local recurrence and distant metastasis occurred in 109 and 42 patients, respectively; 36 patients experienced metastasis with local recurrence. Castration-resistant prostate cancer developed in 22 patients, and overall and disease-specific mortality was noted in 148 and 23 patients, respectively. The median duration from operation to BCR, BCR to metastasis, and metastasis to disease-specific death was 25, 40, and 22 months, respectively. CONCLUSIONS: We demonstrated the long-term prognosis of localized prostate cancer after radical prostatectomy among Koreans. Our results differ from those reported in the Western literature, with a lower prevalence of distant metastasis and shorter time to metastasis after BCR.",Investig Clin Urol,2020,61,269-276,doi: 10.4111/icu.2020.61.3.269. Epub 2020 Apr 21,https://www.ncbi.nlm.nih.gov/pubmed/32377602,,negative,0,2020.0
31935027,"Patient-Reported Outcomes Through 5 Years for Active Surveillance, Surgery, Brachytherapy, or External Beam Radiation With or Without Androgen Deprivation Therapy for Localized Prostate Cancer",Hoffman KE,"IMPORTANCE: Understanding adverse effects of contemporary treatment approaches for men with favorable-risk and unfavorable-risk localized prostate cancer could inform treatment selection. OBJECTIVE: To compare functional outcomes associated with prostate cancer treatments over 5 years after treatment. DESIGN, SETTING, AND PARTICIPANTS: Prospective, population-based cohort study of 1386 men with favorable-risk (clinical stage cT1 to cT2bN0M0, prostate-specific antigen [PSA] ≤20 ng/mL, and Grade Group 1-2) prostate cancer and 619 men with unfavorable-risk (clinical stage cT2cN0M0, PSA of 20-50 ng/mL, or Grade Group 3-5) prostate cancer diagnosed in 2011 through 2012, accrued from 5 Surveillance, Epidemiology and End Results Program sites and a US prostate cancer registry, with surveys through September 2017. EXPOSURES: Treatment with active surveillance (n = 363), nerve-sparing prostatectomy (n = 675), external beam radiation therapy (EBRT; n = 261), or low-dose-rate brachytherapy (n = 87) for men with favorable-risk disease and treatment with prostatectomy (n = 402) or EBRT with androgen deprivation therapy (n = 217) for men with unfavorable-risk disease. MAIN OUTCOMES AND MEASURES: Patient-reported function, based on the 26-item Expanded Prostate Index Composite (range, 0-100), 5 years after treatment. Regression models were adjusted for baseline function and patient and tumor characteristics. Minimum clinically important difference was 10 to 12 for sexual function, 6 to 9 for urinary incontinence, 5 to 7 for urinary irritative symptoms, and 4 to 6 for bowel and hormonal function. RESULTS: A total of 2005 men met inclusion criteria and completed the baseline and at least 1 postbaseline survey (median [interquartile range] age, 64 [59-70] years; 1529 of 1993 participants [77%] were non-Hispanic white). For men with favorable-risk prostate cancer, nerve-sparing prostatectomy was associated with worse urinary incontinence at 5 years (adjusted mean difference, -10.9 [95% CI, -14.2 to -7.6]) and sexual function at 3 years (adjusted mean difference, -15.2 [95% CI, -18.8 to -11.5]) compared with active surveillance. Low-dose-rate brachytherapy was associated with worse urinary irritative (adjusted mean difference, -7.0 [95% CI, -10.1 to -3.9]), sexual (adjusted mean difference, -10.1 [95% CI, -14.6 to -5.7]), and bowel (adjusted mean difference, -5.0 [95% CI, -7.6 to -2.4]) function at 1 year compared with active surveillance. EBRT was associated with urinary, sexual, and bowel function changes not clinically different from active surveillance at any time point through 5 years. For men with unfavorable-risk disease, EBRT with ADT was associated with lower hormonal function at 6 months (adjusted mean difference, -5.3 [95% CI, -8.2 to -2.4]) and bowel function at 1 year (adjusted mean difference, -4.1 [95% CI, -6.3 to -1.9]), but better sexual function at 5 years (adjusted mean difference, 12.5 [95% CI, 6.2-18.7]) and incontinence at each time point through 5 years (adjusted mean difference, 23.2 [95% CI, 17.7-28.7]), than prostatectomy. CONCLUSIONS AND RELEVANCE: In this cohort of men with localized prostate cancer, most functional differences associated with contemporary management options attenuated by 5 years. However, men undergoing prostatectomy reported clinically meaningful worse incontinence through 5 years compared with all other options, and men undergoing prostatectomy for unfavorable-risk disease reported worse sexual function at 5 years compared with men who underwent EBRT with ADT.",JAMA,2020,14,,doi: 10.1001/jama.2019.20675,https://www.ncbi.nlm.nih.gov/pubmed/31935027,,negative,0,2020.0
24105711,125Iodine monotherapy for Japanese men with low- and intermediate-risk prostate cancer: outcomes after 5 years of follow-up.,Sekiguchi A,"Data from 305 Japanese men with low-risk (n = 175) or intermediate-risk (n = 130) prostate cancer who underwent (125)I monotherapy were retrospectively analyzed. Of the 305 patients, 93 received hormonal therapy for a median of 6 months (range, 1-33 months) before implantation. The prescribed dose to the prostate plus 3- to 5-mm margin was set at 145 Gy. The mean dose to 90% of the prostate volume at 1 month (D90) and the prostate volume receiving at least 100% dose at 1 month (V100) were 173.4 Gy and 95.8%, respectively. The median follow-up was 66 months (range, 12-94 months). The 5-year biochemical non-evidence of disease rate was 95.5% (low-risk, 94.2%; intermediate-risk, 97.3%). The 5-year freedom from clinical failure rate was 98.9% (low-risk, 98.9%; intermediate-risk, 99.2%).The initial prostate-specific antigen level was identified as a significant predictive factor for biochemical recurrence (P = 0.029). The late Grade 3 genitourinary toxicity rate was 2.0%. No patients displayed late gastrointestinal toxicity of Grade 3 or worse. Monotherapy with (125)I showed excellent outcomes with limited morbidity for Japanese men with low- and intermediate-risk prostate cancer after 5 years of follow-up.",J Radiat Res,2014,55,328-33,10.1093/jrr/rrt113,https://www.ncbi.nlm.nih.gov/pubmed/24105711,LOW RISK,positive,1,
32073662,Validation of a subclassification for high-risk prostate cancer in a prospective cohort,Butler SS,"BACKGROUND: A subgroup of men with favorable high-risk prostate cancer (T1c with either a Gleason score of 4 + 4 = 8 and a prostate-specific antigen [PSA] level <10 ng/mL or a Gleason score of 6 and a PSA level >20 ng/mL) has been associated with improved outcomes in comparison with other standard high-risk patients. This study was designed to validate the prognostic utility of a subclassification for high-risk disease with a prospectively collected data set. METHODS: This study identified 3033 men from the Prostate, Lung, Colorectal, and Ovarian Cancer Screening Trial who had been diagnosed from 1993 to 2001 with clinically localized prostate cancer-either intermediate-risk disease (clinical stage T2b-c, a Gleason score of 7, or a PSA level of 10 to 20 ng/mL) or high-risk disease (clinical stage T3-T4, a Gleason score of 8-10, or a PSA level >20 ng/mL)-that was managed with radical prostatectomy or radiation therapy. Multivariable logistic regression was used to calculate adjusted odds ratios (aORs) for pathological T3 to T4 or N1 (pT3-T4/pN1) disease. Fine and Gray competing risks regression was used to determine adjusted hazard ratios (aHRs) of prostate cancer-specific mortality (PCSM). RESULTS: The median follow-up was 5.7 years. Patients with favorable high-risk disease had lower 8-year PCSM in comparison with patients with standard high-risk disease (2.2% vs 10.8%; aHR, 0.26; 95% confidence interval [CI], 0.09-0.73; P = .01) but similar PCSM in comparison with patients with intermediate-risk disease (2.2% vs 2.2%; aHR, 0.90; 95% CI, 0.32-2.54; P = .84). Among those who underwent surgery, those with favorable high-risk disease had lower odds of pT3-T4/pN1 disease than those with standard high-risk disease (46.2% vs 63.3%; aOR, 0.50; 95% CI, 0.27-0.94; P = .03). CONCLUSIONS: This study validates the prognostic utility of a subclassification for high-risk disease in a prospectively collected patient cohort. Patients with favorable high-risk disease have PCSM similar to that of patients with intermediate-risk disease and significantly better than that of patients with standard high-risk disease. Future trials are needed to assess possible de-intensification of therapy for favorable high-risk disease.",Cancer,2020,15,,doi: 10.1002/cncr.32778. Epub 2020 Feb 19,https://www.ncbi.nlm.nih.gov/pubmed/32073662,,negative,0,2020.0
32033834,Whole and hemi-gland cryoablation for primary localized prostate cancer: Short and medium-term oncological and functional outcomes,Bossier R,"INTRODUCTION: To compare oncological, functional and post-operative outcomes of hemi (HC) vs. whole gland (WGC) cryoablation as first line treatment of localized prostate cancer. MATERIAL AND METHOD: Sixty-six consecutive patients undertaking whole-gland cryoablation (WGC=40) or hemi-cryoablation (HC=26) in a tertiary referral centre between 2010 and 2018 were included. All patients had a low-intermediate risk prostate cancer according to D'Amico risk classification. Hemi-ablation was proposed in case of biopsy and prostate MRI proven unilateral prostate cancer. Primary endpoint was Cryotherapy Failure for which 3 definitions were considered and compared: 1) biochemical failure (> PSA nadir+≥ 2 ng/mL), 2) positive prostate re-biopsy with Gleason score ≥ 7, 3) initiation of further prostate cancer treatment. RESULTS: Median patients age at treatment was 74 [42-81] vs. 76 [71-80] years in WGC vs. HC group, respectively (p=.08). Low and intermediate D'Amico risk group were 15% and 85% vs. 23% and 77% (p=.75), respectively. Median follow- up time was 41 [1.5-99.0] vs. 27 [0.9-93] months (p=.03). Four-years cryotherapy failure free survival in WGC vs. HC were 69% vs. 53% with definition 1 (p=.24), 82% vs. 80% with definition 2 (p=.95), 83% vs. 77% with definition 3 (p=.73). Early and 1-year urinary continence were 60% and 83% in WGC vs. 72% and 83% in HC (p=.26). De novo impotency after cryotherapy was 75% vs. 46% (p=.33) in WGC vs. HC. CONCLUSIONS: In our cohort of highly selected patients with unilateral low/intermediate risk PCa, hemi-cryoablation may provide similar oncological outcomes and less early complications compared to whole-gland cryoablation.",Actas Urol Esp (Engl Ed),2020,44,172-178,doi: 10.1016/j.acuro.2019.10.003. Epub 2020 Feb 5,https://www.ncbi.nlm.nih.gov/pubmed/32033834,,negative,0,2020.0
16520907,Hypofractionated conformal HDR brachytherapy in hormone naïve men with localized prostate cancer. Is escalation to very high biologically equivalent dose beneficial in all prognostic risk groups?,Galalae RM,"PURPOSE: To analyze the long-term effect of local dose escalation using conformal hypofractionated high-dose-rate brachytherapy (HDR-BT) boost and pelvic external-beam radiation therapy (EBRT) in hormone-naïve men with localized prostate cancer. PATIENTS AND METHODS: A total of 579 men were consecutively treated with pelvic EBRT and dose escalating HDR-BT since 1986 in two prospective trials: 378 patients at William Beaumont Hospital (1991-2002), and 201 patients at Kiel University (1986-1999). BT optimization was done modulating both, the dwell times and spatial source positions. A short course of neoadjuvant/concurrent androgen deprivation therapy was given to 222 patients. Hormone-naïve patients only (n = 324) with a follow-up > or = 18 months were analyzed. All patients had at least one poor prognostic factor (stage > or = T2b, Gleason Score > or = 7, pretreatment prostate-specific antigen [PSA] > or = 10 ng/ml): any one factor 122 patients, any two factors 122 patients, and three factors 80 patients. This cohort was stratified by equivalent dose (ED): dose level 1, < or = 94 Gy, n = 58, and dose level 2, > 94 Gy, n = 266, assuming an alpha/beta ratio of 1.2. The ASTRO definition for biochemical failure was used. RESULTS: Mean follow-up was 5.3 years (1.5-13.9 years). For all 324 patients, the 5-year biochemical control (BC) rate was 79%. Cancer-specific survival was 98%, and overall survival 90%. Similar analysis by institution demonstrated no difference in outcomes. For the entire cohort of hormone-naïve men, dose escalation to > 94 Gy resulted in a better 5-year BC of 59% versus 85% (p < 0.001). Discriminating by risk group a striking dose escalation effect was seen in the groups with two or three poor prognostic factors (p = 0.022 and < 0.001, respectively). In the group with only one poor prognostic factor, no statistical difference could be detected questioning the need for ED > 94 Gy. CONCLUSION: The results demonstrate that conformal HDR-BT is a successful method for delivering very high radiation dose to the prostate. The ability to escalate dose to ED > 94 Gy was reflected in improved long-term outcomes in terms of BC, significantly for those patients with two or three poor prognostic factors reaching BC rates of 85%.",Strahlenther Onkol,2006,182,135-41,10.1007/s00066-006-1448-5,https://www.ncbi.nlm.nih.gov/pubmed/16520907,INTERMEDIATE RISK,positive,1,
17572209,"Intermediate-term potency, continence, and survival outcomes of radical prostatectomy for clinically high-risk or locally advanced prostate cancer.",Loeb S,"OBJECTIVES: Controversy exists about the preferred treatment of patients with high-risk or locally advanced prostate cancer. We examined the intermediate-term cancer control and quality-of-life outcomes after radical retropubic prostatectomy (RRP) in selected patients. METHODS: From 1984 to 2003, 288 men with Stage cT2b (Gleason score 8 to 10 or a prostate-specific antigen level greater than 15 ng/mL) or T3 disease underwent RRP by a single surgeon. The 7 and 10-year actuarial progression-free survival (PFS), cancer-specific survival (CSS), overall survival (OS), potency, and continence rates were recorded. RESULTS: The actuarial 7-year PFS, CSS, and OS rate after surgery was 39%, 92%, and 91%, respectively. The corresponding actuarial 10-year rates were 35%, 88%, and 74%. Only OS differed significantly by age group. On multivariate analysis, the pathologic stage was a significant independent predictor of progression. Ultimately, 31 men (11%) required hormonal therapy, 58 (20%) underwent postoperative radiotherapy, and 67 (23%) received both. Potency and continence were preserved in 64% and 92%, respectively. CONCLUSIONS: Overall, RRP offers excellent intermediate-term cancer control for selected men of all ages who present with high-risk or locally advanced disease. The PFS was significantly greater for men with high-risk Stage cT2b than for those with cT3 disease, but the CSS and OS were similar. Both continence and potency were preserved in most patients, although the potency rates were significantly greater for the younger men. RRP with appropriate postoperative radiotherapy and/or hormonal therapy is a reasonable treatment option for selected men with high-risk or locally advanced disease.",Urology,2007,69,1170-5,10.1016/j.urology.2007.02.054,https://www.ncbi.nlm.nih.gov/pubmed/17572209,HIGH RISK,positive,1,
15794776,Radical prostatectomy for clinically advanced (cT3) prostate cancer since the advent of prostate-specific antigen testing: 15-year outcome.,Ward JF,"UNLABELLED: In the first paper in this section, authors from the Mayo Clinic describe their experience and 15-year outcomes in the controversial subject of radical prostatectomy in patients with clinical T3 prostate cancer. The findings were interesting in many respects, but the authors concluded that radical prostatectomy as part of multimodal treatment for patients with clinical T3 disease offers cancer control and good survival rates. There follows a series of papers on both prostate cancer and bladder cancer, but the final paper in this section from the UK attempts to define the accuracy of urologists and oncologists in assessing patient life-expectancy. Using various methods they found that, rather disappointingly, doctors were poor at predicting 10-year survival, leading to the possible outcome that some patients may be denied treatment after a pessimistic assessment of life-expectancy. OBJECTIVE: To report a long-term experience with extirpative surgery in patients presenting with locally advanced (cT3) prostate cancer, as the best management of such patients remains a problem. PATIENTS AND METHODS: In a single-institution retrospective study identifying 5652 men who had radical prostatectomy (RP) for histologically confirmed prostate cancer since the advent of prostate-specific antigen (PSA) testing (1987-97), 15% (842) had RP for cT3 disease. The median follow-up of these men was 10.3 years. Cancer-specific, overall and disease-free survival was plotted and compared with those of patients having RP for cT2 disease during the same period. Perioperative morbidity, continence and erectile function rates were examined, with a multivariate analysis for risk factors of disease recurrence. RESULTS: Freedom from local or systemic disease at 5, 10, and 15 years after RP for cT3 disease was 85%, 73% and 67%; the respective cancer-specific survival rates were 95%, 90% and 79%. Significantly many men who did not receive neoadjuvant therapy (27%) were clinically over-staged (pT2) and most men with pT3 disease (78%) received adjuvant therapy. The mean time to adjuvant therapy after RP was not significantly different between men with cT3 and cT2 disease (4.0 and 4.3 years). Pathological grade (> or =7), positive surgical margins, and nondiploid chromatin were all independently associated with a significant risk for clinical disease recurrence, while preoperative PSA level had little effect on outcome. Complications and continence rates after RP in patients with cT3 mirrored those in patients with cT2 disease. CONCLUSIONS: Significantly many patients with cT3 prostate cancer are overstaged (pT2) in the PSA era. RP as part of a multimodal treatment strategy for patients with cT3 disease offers cancer control and survival rates approaching those achieved for cT2 disease. Pathological grade, ploidy and margin status are all significant predictors of outcome after RP. Complications and incontinence rates in patients with cT3 disease mirror those after RP for cT2 disease.",BJU Int,2005,95,751-6,10.1111/j.1464-410X.2005.05394.x,https://www.ncbi.nlm.nih.gov/pubmed/15794776,HIGH RISK,positive,1,
15821561,5-year urinary and sexual outcomes after radical prostatectomy: results from the prostate cancer outcomes study,Penson DF,"PURPOSE: Prior studies of postoperative outcomes following radical prostatectomy have been limited by selection bias and short-term followup. In this study we assessed temporal changes in urinary and sexual function up to 5 years following radical prostatectomy in a population based cohort. MATERIALS AND METHODS: A sample of 1,288 men with localized prostate cancer who underwent radical prostatectomy and completed a baseline survey within 6 to 12 months of diagnosis were included in the analysis. Two and 5-year functional and quality of life data were collected, as was information on the use of erectile aids. Temporal functional changes and potentially confounding or modifying factors were assessed using longitudinal regression models. RESULTS: Of these men 14% reported frequent urinary leakage or no urinary control 60 months after diagnosis, which was slightly higher than the 10% reporting incontinence at 24 months (p = 0.007). At 60 months 28% of the men had erections firm enough for intercourse compared with 22% at 24 months (p = 0.003). Sildenafil was the most commonly used erectile aid (43% ever used) and 45% of users reported that it helped ""somewhat"" or ""a lot."" CONCLUSIONS: Urinary and sexual dysfunction were common 5 years following radical prostatectomy in this large, community based cohort of prostate cancer survivors. While a small minority of subjects experienced changes in urinary or sexual function between years 2 and 5 after prostatectomy, functional outcomes remained relatively stable in the majority of participants.",J Urol,2005,173,1701-5,doi: 10.1097/01.ju.0000154637.38262.3a,https://www.ncbi.nlm.nih.gov/pubmed/15821561,,negative,0,2005.0
22893254,The addition of low-dose-rate brachytherapy and androgen-deprivation therapy decreases biochemical failure and prostate cancer death compared with dose-escalated external-beam radiation therapy for high-risk prostate cancer.,Shilkrut M,"BACKGROUND: The objective of this study was to determine whether the addition of low-dose-rate brachytherapy or androgen-deprivation therapy (ADT) improves clinical outcome in patients with high-risk prostate cancer (HiRPCa) who received dose-escalated radiotherapy (RT). METHODS: Between 1995 and 2010, 958 patients with HiRPCa were treated at Schiffler Cancer Center (n = 484) or at the University of Michigan (n = 474) by receiving either dose-escalated external-beam RT (EBRT) (n = 510; minimum prescription dose, 75 grays [Gy]; median dose, 78 Gy) or combined-modality RT (CMRT) consisting of (103) Pd implants (n = 369) or (125) I implants (n = 79) both with pelvic irradiation (median prescription dose, 45 Gy). The cumulative incidences of biochemical failure (BF) and prostate cancer-specific mortality (PCSM) were estimated by using the Kaplan-Meier method and Fine and Gray regression analysis. RESULTS: The median follow-up was 63.2 months (interquartile range, 35.4-99.0 months), and 250 patients were followed for >8 years. Compared with CMRT, patients who received EBRT had higher prostate-specific antigen levels, higher tumor classification, lower Gleason sum, and more frequent receipt of ADT for a longer duration. The 8-year incidence BF and PCSM among patients who received EBRT was 40% (standard error, 38%-44%) and 13% (standard error, 11%-15%) compared with 14% (standard error, 12%-16%; P < .0001) and 7% (standard error 6%-9%; P = .003) among patients who received CMRT. On multivariate analysis, the hazard ratios (HRs) for BF and PCSM were 0.35 (95% confidence interval [CI], 0.23-0.52; P < .0001) and 0.41 (95% CI, 0.23-0.75; P < .003), favoring CMRT. Increasing duration of ADT predicted decreased BF (P = .04) and PCSM (P = .001), which was greatest with long-term ADT (BF: HR, 0.33; P < .0001; 95% CI, 0.21-0.52; PCSM: HR, 0.30; P = .001; 95% CI, 0.15-0.6) even in the subgroup that received CMRT. CONCLUSIONS: In this retrospective comparison, both low-dose-rate brachytherapy boost and ADT were associated with decreased risks of BF and PCSM compared with EBRT.",Cancer,2013,119,681-90,10.1002/cncr.27784,https://www.ncbi.nlm.nih.gov/pubmed/22893254,HIGH RISK,positive,1,
20561698,Development of a patient-reported questionnaire for collecting toxicity data following prostate brachytherapy,Farnell DJ,"PURPOSE: To improve a questionnaire used to collect patient-reported outcomes from patients with early stage prostate cancer treated with brachytherapy. A secondary aim was to adapt the Late Effects of Normal Tissue (LENT) subjective toxicity questionnaire for use to collect Common Terminology Criteria for Adverse Events (CTCAE) data, the current preferred platform for assessing radiation toxicity. MATERIALS AND METHODS: Three hundred and seventy-seven patients were treated with permanent iodine-125 seed implant brachytherapy for early prostate cancer. Toxicity data were collected before and at nine time points post-treatment (0-36 months). Compliance rates for patients completing individual items and item-subsection correlation coefficients were calculated. A factor analysis was carried out to analyse responses to the questionnaire and identify less informative questions, which could be removed. Cronbach's α coefficient was used to measure reliability. RESULTS: Two thousand one hundred and eighty-eight questionnaires were analysed. There was poor compliance for questions specifically relating to operations and bowel medication. We found that the division of the questionnaire into subsections based on anatomical site was reasonable and that certain items could be safely removed. The high mean value for Cronbach's α across all questionnaires (0.752; 95% CI: 0.726-0.779) indicated that the questionnaire was reliable. Fifteen of the 44 questions were removed from the original questionnaires. Questions on urinary incontinence severity, management of urinary and bowel incontinence, effects of reduced flow of urine and the effects of symptoms on activity of daily living and change in sexual function were required to adapt the LENT subjective questionnaire for use to collect CTCAE data. CONCLUSIONS: A questionnaire, validated over 6 years to collect LENT subjective data were adapted and is a reliable approach for collecting CTCAE data after prostate brachytherapy.",Radiother Oncol,2010,97,136-42,doi: 10.1016/j.radonc.2010.05.011. Epub 2010 Jun 17,https://www.ncbi.nlm.nih.gov/pubmed/20561698,,negative,0,2010.0
20472365,"Overall survival benefit from postoperative radiation therapy for organ-confined, margin-positive prostate cancer",Dillman RO,"PURPOSE: Radical prostatectomy for invasive prostate cancer is associated with positive margin rates in 10% to 50% of resected specimens. Postoperative radiation therapy may benefit patients who have organ-confined prostate cancer with positive margins. METHODS AND MATERIALS: We performed a retrospective analysis to examine whether adjunctive radiation therapy enhanced long-term survival for prostate cancer patients who underwent prostatectomy for localized prostate cancer but with positive margins. We used the Hoag Cancer Center database to identify patients diagnosed with invasive prostate cancer. Relative and overall survival rates were calculated. RESULTS: Among 1,474 patients diagnosed with localized invasive prostate cancer during the years 1990 to 2006 and undergoing prostatectomy, 113 (7.7%) were identified who had positive margins and did not have local extension of disease, positive lymph nodes, or distant metastases. A total of 17 patients received adjunctive radiation therapy (Group A), whereas 96 did not (Group B; 3 received hormonal therapy). Both groups had a median age of 64 years and median follow-up of 7.5 years. In Group A, no patients have died as of last follow-up, but in Group B, 18 have died. Estimated 10-year and 15-year overall survival rates were both 100% for Group A compared with 85% and 57% respectively for Group B (p2=0.050, log rank). Relative 10- and 15 year survival rates were both 100% for Group A compared with 100% and 79% respectively for Group B. CONCLUSIONS: This retrospective analysis suggests that prostate cancer patients with localized disease but positive margins do derive a survival benefit from adjuvant radiation therapy.",Int J Radiat Oncol Biol Phys,2011,1,,doi: 10.1016/j.ijrobp.2009.11.041. Epub 2010 May 14,https://www.ncbi.nlm.nih.gov/pubmed/20472365,,negative,0,2010.0
21167653,Comparison of acute and late toxicities for three modern high-dose radiation treatment techniques for localized prostate cancer,Mohammed N,"PURPOSE: We compared acute and late genitourinary (GU) and gastrointestinal (GI) toxicities in prostate cancer patients treated with three different high-dose radiation techniques. METHODS AND MATERIALS: A total of 1,903 patients with localized prostate cancer were treated with definitive RT at William Beaumont Hospital from 1992 to 2006: 22% with brachytherapy alone (BT), 55% with image-guided external beam (EB-IGRT), and 23% external beam with high-dose-rate brachytherapy boost (EBRT+HDR). Median dose with BT was 120 Gy for LDR and 38 Gy for HDR (9.5 Gy × 4). Median dose with EB-IGRT was 75.6 Gy (PTV) to prostate with or without seminal vesicles. For EBRT+HDR, the pelvis was treated to 46 Gy with an additional 19 Gy (9.5 Gy × 2) delivered via HDR. GI and GU toxicity was evaluated utilizing the NCI-CTC criteria (v.3.0). Median follow-up was 4.8 years. RESULTS: The incidences of any acute ≥ Grade 2 GI or GU toxicities were 35%, 49%, and 55% for BT, EB-IGRT, and EBRT+HDR (p < 0.001). Any late GU toxicities ≥ Grade 2 were present in 22%, 21%, and 28% for BT, EB-IGRT, and EBRT+HDR (p = 0.01), respectively. Patients receiving EBRT+HDR had a higher incidence of urethral stricture and retention, whereas dysuria was most common in patients receiving BT. Any Grade ≥ 2 late GI toxicities were 2%, 20%, and 9% for BT, EB-IGRT, and EBRT+HDR (p < 0.001). Differences were most pronounced for rectal bleeding, with 3-year rates of 0.9%, 20%, and 6% (p < 0.001) for BT, EB-IGRT, and EBRT+HDR respectively. CONCLUSIONS: Each of the three modern high-dose radiation techniques for localized prostate cancer offers a different toxicity profile. These data can help patients and physicians to make informed decisions regarding radiotherapy for prostate andenocarcinoma.",Int J Radiat Oncol Biol Phys,2012,1,,doi: 10.1016/j.ijrobp.2010.10.009. Epub 2010 Dec 16,https://www.ncbi.nlm.nih.gov/pubmed/21167653,,negative,0,2010.0
20124169,Randomized trial comparing conventional-dose with high-dose conformal radiation therapy in early-stage adenocarcinoma of the prostate: long-term results from proton radiation oncology group/american college of radiology 95-09.,Zietman AL,"PURPOSE To test the hypothesis that increasing radiation dose delivered to men with early-stage prostate cancer improves clinical outcomes. PATIENTS AND METHODS Men with T1b-T2b prostate cancer and prostate-specific antigen </= 15 ng/mL were randomly assigned to a total dose of either 70.2 Gray equivalents (GyE; conventional) or 79.2 GyE (high). No patient received androgen suppression therapy with radiation. Local failure (LF), biochemical failure (BF), and overall survival (OS) were outcomes. Results A total of 393 men were randomly assigned, and median follow-up was 8.9 years. Men receiving high-dose radiation therapy were significantly less likely to have LF, with a hazard ratio of 0.57. The 10-year American Society for Therapeutic Radiology and Oncology BF rates were 32.4% for conventional-dose and 16.7% for high-dose radiation therapy (P < .0001). This difference held when only those with low-risk disease (n = 227; 58% of total) were examined: 28.2% for conventional and 7.1% for high dose (P < .0001). There was a strong trend in the same direction for the intermediate-risk patients (n = 144; 37% of total; 42.1% v 30.4%, P = .06). Eleven percent of patients subsequently required androgen deprivation for recurrence after conventional dose compared with 6% after high dose (P = .047). There remains no difference in OS rates between the treatment arms (78.4% v 83.4%; P = .41). Two percent of patients in both arms experienced late grade >/= 3 genitourinary toxicity, and 1% of patients in the high-dose arm experienced late grade >/= 3 GI toxicity. CONCLUSION This randomized controlled trial shows superior long-term cancer control for men with localized prostate cancer receiving high-dose versus conventional-dose radiation. This was achieved without an increase in grade >/= 3 late urinary or rectal morbidity.",J Clin Oncol,2010,28,1106-11,10.1200/JCO.2009.25.8475,https://www.ncbi.nlm.nih.gov/pubmed/20124169,LOW RISK,positive,1,
16227156,Radiation therapy for prostate cancer and erectile (dys)function: the role of imaging,Incrocci L,"Incidence of erectile dysfunction (ED) after radiotherapy reported in the literature varies from 7 to 72% after external-beam radiotherapy to 5-51% after brachytherapy. Most of these studies are retrospective, the definition of ED is variable and sexual functioning is frequently assessed by asking only one question. Already in the 1980's it was suggested that post-radiation ED was attributable to vascular damage. The most reliable method to assess vasculogenic ED is the use of the Doppler ultrasound. More recently, many studies have assessed the relationship between radiation dose and volume of the penile bulb and post-radiation ED, though the outcome is controversial. The penile structures and the neurovascular bundles are best seen on magnetic resonance imaging (MRI). Therefore the use of a computer tomography scan/MRI image fusion can result in reducing the planning target volume and consequently the radiation dose to the penile bulb and bodies. If radiation induces vascular damage that causes ED, any means of reducing the dose to the pelvic vascular structures would likely decrease ED, therefore new radiation techniques such as the intensity modulated radiation therapy or the implant of fiducial markers can help decrease the margins and therefore ED.",Acta Oncol,2005,44,673-8,doi: 10.1080/02841860500326190,https://www.ncbi.nlm.nih.gov/pubmed/16227156,,negative,0,2005.0
15389809,Combined external beam radiotherapy and Pd-103 brachytherapy boost improves biochemical failure free survival in patients with clinically localized prostate cancer: results of a matched pair analysis,Singh AM,"BACKGROUND: Dose escalation has resulted in improved biochemical control in patients with clinically localized prostate cancer treated with conformal external beam radiation (EBRT). Conformal dose distributions may also be achieved with brachytherapy. Therefore, biochemical control was evaluated for patients treated with combined external radiation therapy and low dose rate brachytherapy (EBRT + LDR). METHODS: A matched pair analysis was performed to compare biochemical control of patients treated with EBRT + LDR to patients treated with EBRT alone. The study endpoints were biochemical control and late toxicities. RESULTS: The 5-year biochemical failure free survival (BFFS) was 86% for patients treated with EBRT + LDR and 72% for patients treated with EBRT (P = 0.03). Both treatments were associated with comparable incidences of late genitourinary (GU) side effects (18-19%). Late rectal toxicity was decreased by 15% in patients treated with EBRT + LDR (P = 0.0003). CONCLUSIONS: These results support EBRT followed by brachytherapy boost as a safe and effective method for dose escalation in the treatment of prostate cancer.",Prostate,2005,1,,doi: 10.1002/pros.20118,https://www.ncbi.nlm.nih.gov/pubmed/15389809,,negative,0,2005.0
19398902,Excellent results from high dose rate brachytherapy and external beam for prostate cancer are not improved by androgen deprivation.,Demanes DJ,"PURPOSE: Prostate cancer patients treated with high dose rate brachytherapy and external beam radiation therapy were stratified by risk group for analysis to determine whether androgen deprivation therapy (ADT) affected outcome. METHODS: From 1991 through 1998, 411 patients were treated with 4 fractions of 5.5 to 6.0 Gy high dose rate brachytherapy and a total of 36.0 to 39.6 Gy external beam radiation therapy (dose escalation over time). The dataset was prospective. Administration of ADT was not randomized, but it was the primary study variable. During this period, ADT was administered across all risk groups for various indications. It did not necessarily reflect advanced disease or large prostate size. There were 200 patients in the ""ADT Group"" (20% low, 48% intermediate, and 32% high risk) and 211 in the ""No ADT Group"" (33% low, 44% intermediate, 23% high risk). The median follow-up was 6.4 years. Cases were grouped according to low, intermediate, and high risk groups to reduce the effects of unrecognized selection bias for or against the ADT group. The prostate specific antigen (PSA) nadir plus 2.0 ng/ml (nadir + 2) was used as the biochemical control end point. Local control, PSA progression-free survival, distant metastasis free survival, and cause-specific survival were compared. RESULTS: The 10 year PSA-PFS (nadir + 2) for all 411 patients was 81%. The results stratified by risk group were: low 92%, intermediate 87%, and high 63%. The low and intermediate risk groups were not statistically different from one another but they were both significantly better than the high risk group. ADT versus No ADT 10-year survival showed no significant differences for any outcome variable: PSA-PFS (83% vs. 81% ns), local control (97% vs. 99%), distant metastasis free survival (94% vs. 97%), and cause-specific survival (97% vs. 97%). A subset analysis of PSA-PFS (nadir + 2) stratified by risk group revealed no difference between the ADT and No ADT groups. CONCLUSIONS: high dose rate brachytherapy and external beam radiation therapy resulted in high rates of local control, PSA progression-free survival, distant metastasis free survival, and cause-specific survival in all risk groups. Improved outcome from the use of androgen deprivation was not observed.",Am J Clin Oncol,2009,32,342-7,10.1097/COC.0b013e31818cd277,https://www.ncbi.nlm.nih.gov/pubmed/19398902,LOW RISK,positive,1,
31843220,The impact of time from biopsy to radical prostatectomy on Gleason score undergrading and other related factors,Virseda Rodríguez AJ,"INTRODUCTION: Gleason score biopsy undergrading (GSBU) can have an impact on the management and prognosis of patients with prostate cancer. We analyze the possible impact of time and other clinical and analytical factors in the appearance of GSBU in our series. PATIENTS AND METHOD: Ambispective, multicenter study of 1955 patients with localized prostate cancer undergoing radical prostatectomy between 2005 and 2018. Descriptive statistics and hypothesis testing are reported by univariate and multivariate analyses. RESULTS: Mean age 63.69 (44-80) years, median PSA 8.70 ng / ml (1.23-99). GSBU was observed in 34.7% of the entire cohort. In 72.8% of the cases, the GSBU occurred in one consecutive Gleason score, with the progression from 3 + 3 to 3 + 4 being the most frequent (289 patients, 47.6%). Performing radical prostatectomy 90-180 days before or after the biopsy does not have an impact on its undergrading in any of the groups. In the univariate and multivariate analysis, the presence of tumor or pathological rectal examination in both lobes, the tumor load ≥50% of cylinders and a DPSA ≥0.20, showed independent discriminative capacity to select patients who presented GSBU. CONCLUSIONS: The time from biopsy to radical prostatectomy did not show impact on GSBU. The number of affected cylinders, bilateral tumor and DPSA are easily accessible parameters that can help us select patients with greater probability of presenting GSBU.",Actas Urol Esp (Engl Ed),2020,44,187-195,doi: 10.1016/j.acuro.2019.08.004. Epub 2019 Dec 13,https://www.ncbi.nlm.nih.gov/pubmed/31843220,,negative,0,2020.0
15887028,70 Gy or more: which dose for which prostate cancer?,Ganswindt U,"INTRODUCTION: Radical prostatectomy and radiotherapy are currently accepted treatment modalities for localized prostate cancer. Regarding radiotherapy, current evidence suggests that favorable treatment outcome critically depends on adequate radiation doses. However, the exact role of dose in relation to the individual risk profile is complex. In order to evaluate available data on radiation dose response relationships, in prostate cancer, a thorough and critical literature analysis was performed. MATERIAL AND METHODS: Studies on dose response relationships from randomized trials, dose escalation trials, retrospective subgroup analyses and pooled data were identified by Pubmed and ISI web of sciences searches and were critically reviewed. RESULTS AND CONCLUSION: All available data suggest a clear dose response relationship for radiotherapy for localized prostate cancer. In low risk cases, most studies suggest that doses of 70-72 Gy are adequate. Dose escalations up to 78-80 Gy seem to be beneficial for intermediate risk patients. Due to confounding variables, the dose response curves for high-risk patients are less steep. The integration of dose escalation into a more comprehensive treatment protocol is difficult, since trials on the relative impact of either hormonal ablation or inclusion of adjuvant nodal regions on dose escalation are missing.",J Cancer Res Clin Oncol,2005,131,407-19,doi: 10.1007/s00432-005-0681-0. Epub 2005 May 11,https://www.ncbi.nlm.nih.gov/pubmed/15887028,,negative,0,2005.0
25958817,Expectant management for men with early stage prostate cancer,Filson CP,"Since the dissemination of prostate-specific antigen screening, most men with prostate cancer are now diagnosed with localized, low-risk prostate cancer that is unlikely to be lethal. Nevertheless, nearly all of these men undergo primary treatment with surgery or radiation, placing them at risk for longstanding side effects, including erectile dysfunction and impaired urinary function. Active surveillance and other observational strategies (ie, expectant management) have produced excellent long-term disease-specific survival and minimal morbidity for men with prostate cancer. Despite this, expectant management remains underused for men with localized prostate cancer. In this review, various approaches to the expectant management of men with prostate cancer are summarized, including watchful waiting and active surveillance strategies. Contemporary cancer-specific and health care quality-of-life outcomes are described for each of these approaches. Finally, contemporary patterns of use, potential disparities in care, and ongoing research and controversies surrounding expectant management of men with localized prostate cancer are discussed.",CA Cancer J Clin,2015,,-,doi: 10.3322/caac.21278. Epub 2015 May 8,https://www.ncbi.nlm.nih.gov/pubmed/25958817,,negative,0,2015.0
31586543,Effect of bladder neck sparing at robot-assisted laparoscopic prostatectomy on postoperative continence rates and biochemical recurrence,Preisser F,"OBJECTIVES: Previous studies reported improved continence recovery by bladder neck sparing (BNS) in prostate cancer patients treated with robot-assisted laparoscopic radical prostatectomy (RALP), without compromising biochemical recurrence (BCR). We compared the continence outcomes, surgical margin rates, and BCR risk of BNS vs. bladder neck reconstruction (BNR) patients during RALP. METHODS: Overall, 1,512 patients who underwent RALP with BNS or BNR between 2010 and 2017 in a single high-volume center, were identified. Logistic regression models tested the effect of BNS on continence and surgical margin rates. Cox regression models tested the effect of BNS on BCR. Continence was defined as the use of 0 or 1-safety pad per day. RESULTS: Three hundred and eighty-two vs. 1,130 patients underwent BNS vs. BNR. The median time to catheter removal was significantly shorter (5 vs. 8 days) in patients with BNS. Pad-free rates at 7 days after catheter removal were 60.0% vs. 54.5%, continence rates were 80.1% vs. 78.3% after 3 months and 85.3% vs. 89.6% after 1 year for BNS and BNR, respectively. Multivariable models revealed that BNS is an independent predictor to be pad-free at 7 days after catheter removal (OR: 1.39, P = 0.04), but no predictor for continence at 3 months (OR: 1.02, P = 0.9) and 1 year (OR: 0.78, P = 0.4) after RALP, as well as for positive surgical margin (OR: 0.95, P = 0.8) and BCR (Hazard ratio: 0.95, P = 0.9). CONCLUSION: Patients with BNS had a better chance to be pad-free at 7 days after catheter removal and had a significant shorter time to catheter removal. However, this beneficial effect disappeared with time and no differences in continence rates at 3 months and 1 year were recorded. Moreover, BNS did not negatively affect positive margin or BCR rates.",Urol Oncol,2020,38,1,doi: 10.1016/j.urolonc.2019.09.005. Epub 2019 Oct 2,https://www.ncbi.nlm.nih.gov/pubmed/31586543,,negative,0,2020.0
15758704,Laparoscopic radical prostatectomy,Trabulsi EJ,"PURPOSE: After the pioneering period when only few teams were performing the procedure, the laparoscopic approach to radical prostatectomy has become widespread with several technical variations. A comprehensive review of the published literature on laparoscopic radical prostatectomy was performed to determine the current state of the art of this surgical innovation in terms of perioperative parameters, functional results and cancer control. MATERIALS AND METHODS: English language, peer reviewed articles published before June 2004 concerning laparoscopic radical prostatectomy were found by MEDLINE query. All articles were analyzed and none were a priori excluded. Conclusions were drawn from series of 50 or more patients. RESULTS: Laparoscopic radical prostatectomy is being performed at multiple centers worldwide using various surgical approaches and technologies. Analysis of perioperative parameters, including surgical blood loss, operative time, complications and convalescence, demonstrated low morbidity and showed a clear trend toward improvement with increased experience. The reported positive surgical margin rates were lower in more recent series. As measured by prostate specific antigen recurrence and disease-free intervals, oncological results and cancer control rates are difficult to ascertain in the immature series published to date. Functional results in terms of postoperative urinary and sexual function appear encouraging. CONCLUSIONS: Overall the current operative, oncological and functional results of laparoscopic radical prostatectomy appear to approximate those of open radical retropubic prostatectomy. These results justify the considerable interest of the urological community in laparoscopy, as evidenced by its widespread application. Nevertheless, longer followup and more mature data are needed definitively to establish laparoscopic radical prostatectomy as an alternative to the retropubic approach.",J Urol,2005,173,1072-9,doi: 10.1097/01.ju.0000154970.63147.90,https://www.ncbi.nlm.nih.gov/pubmed/15758704,,negative,0,2005.0
26666409,Prostatectomy at high-volume centers improves outcomes and lowers the costs of care for prostate cancer,Barzi A,"BACKGROUND: High-volume surgeons with ⩾250 radical prostatectomies provide superior oncological outcomes as evidenced by a lower rate of PSA recurrence (PSAR). The financial benefits of performing prostatectomies at high-volume centers (HVC) are unexplored. METHODS: A base case--referent scenario--where the share of prostatectomies at high- and low-volume centers were evenly divided at 50% was defined. Additional scenarios with increasing shares of prostatectomies at HVC with 10% increments were also modeled. Using a lower probability of PSAR as the only advantage of more experienced surgeons, the savings that would result from fewer recurrences, avoidance of salvage radiation therapy (SRT) and management of fewer men with metastatic cancer were calculated. RESULTS: The savings associated with performing 80% of radical prostatectomy at HVC were $177, $357 and $559 per prostatectomy at 5, 10 and 20 years, respectively. These savings would offset referral costs of up to $1833 per prostatectomy referral at no additional total societal costs. Given the longer average biochemical failure-free survival with prostatectomies at HVC, referral costs of more than $1833 may be cost effective. CONCLUSIONS: Under the conservative assumption of accounting for lower rates of PSAR as the only benefit of surgery in an HVC, performing prostatectomies at an HVC was associated with savings that may offset part of the initial referral costs.",Prostate Cancer Prostatic Dis,2016,19,84-91,doi: 10.1038/pcan.2015.56. Epub 2015 Dec 15,https://www.ncbi.nlm.nih.gov/pubmed/26666409,,negative,0,2015.0
22954770,Direct 2-arm comparison shows benefit of high-dose-rate brachytherapy boost vs external beam radiation therapy alone for prostate cancer.,Khor R,"PURPOSE: To evaluate the outcomes of patients treated for intermediate- and high-risk prostate cancer with a single schedule of either external beam radiation therapy (EBRT) and high-dose-rate brachytherapy (HDRB) boost or EBRT alone. METHODS AND MATERIALS: From 2001-2006, 344 patients received EBRT with HDRB boost for definitive treatment of intermediate- or high-risk prostate cancer. The prescribed EBRT dose was 46 Gy in 23 fractions, with a HDR boost of 19.5 Gy in 3 fractions. This cohort was compared to a contemporaneously treated cohort who received EBRT to 74 Gy in 37 fractions, using a matched pair analysis. Three-dimensional conformal EBRT was used. Matching was performed using a propensity score matching technique. High-risk patients constituted 41% of the matched cohorts. Five-year clinical and biochemical outcomes were analyzed. RESULTS: Initial significant differences in prognostic indicators between the unmatched treatment cohorts were rendered negligible after matching, providing a total of 688 patients. Median biochemical follow-up was 60.5 months. The 5-year freedom from biochemical failure was 79.8% (95% confidence interval [CI], 74.3%-85.0%) and 70.9% (95% CI, 65.4%-76.0%) for the HDRB and EBRT groups, respectively, equating to a hazard ratio of 0.59 (95% CI, 0.43-0.81, P=.0011). Interaction analyses showed no alteration in HDR efficacy when planned androgen deprivation therapy was administered (P=.95), but a strong trend toward reduced efficacy was shown compared to EBRT in high-risk cases (P=.06). Rates of grade 3 urethral stricture were 0.3% (95% CI, 0%-0.9%) and 11.8% (95% CI, 8.1%-16.5%) for EBRT and HDRB, respectively (P<.0001). No differences in clinical outcomes were observed. CONCLUSIONS: This comparison of 2 individual contemporaneously treated HDRB and EBRT approaches showed improved freedom from biochemical progression with the HDR approach. The benefit was more pronounced in intermediate- risk patients but needs to be weighed against an increased risk of urethral toxicity.",Int J Radiat Oncol Biol Phys,2013,85,679-85,10.1016/j.ijrobp.2012.07.006,https://www.ncbi.nlm.nih.gov/pubmed/22954770,INTERMEDIATE RISK,positive,1,
31437121,Focal Therapy for Localized Prostate Cancer with Either High Intensity Focused Ultrasound or Cryoablation: A Single Institution Experience,Tourinho-Barbosa RR,"PURPOSE: We report oncologic outcomes in patients treated with focal therapy for prostate cancer. MATERIALS AND METHODS: We retrospectively analyzed a single institution cohort of men with localized prostate cancer who received focal therapy using high intensity focused ultrasound or cryotherapy from 2009 to 2018. Focal therapy was offered for low or intermediate risk disease (prostate specific antigen less than 20 ng/ml, Gleason score 7 or less and clinical stage T2b or less). Patients with previous prostate cancer treatment or less than 6 months of followup were excluded from study. Failure was defined as local or systemic salvage treatment, a positive biopsy Gleason score of 7 or greater in-field or out-of-field in nontreated patients, prostate cancer metastasis or prostate cancer specific death. Cox regression analysis was done to identify independent predictors of failure after focal therapy. RESULTS: Of the 309 patients included in study 190 and 119 were treated with high intensity focused ultrasound and cryotherapy, respectively. Median followup was 45 months. At 1, 3 and 5 years the failure-free survival rate was 95%, 67% and 54%, and the radical treatment-free survival rate was 99%, 79% and 67%, respectively. The 5-year metastasis-free survival rate was 98% and no prostate cancer specific death was registered in this cohort. Before focal therapy a biopsy Gleason score of 7 (3 + 4) or greater (HR 2.4, p <0.001) and nadir prostate specific antigen (HR 2.2, p <0.001) were independently associated with failed focal therapy. In the salvage focal therapy setting in-field recurrence after primary focal therapy was associated with poorer failure-free survival (p=0.02). CONCLUSIONS: Almost half of the men were free of focal therapy failure 5 years after treatment. Still, a significant proportion experienced recurrence at the midterm followup. The preoperative biopsy Gleason score and nadir prostate specific antigen were significantly associated with treatment failure.",J Urol,2020,203,320-330,doi: 10.1097/JU.0000000000000506. Epub 2019 Aug 22,https://www.ncbi.nlm.nih.gov/pubmed/31437121,,negative,0,2020.0
21872499,Low risk prostate cancer in men ≥ 70 years old: to treat or not to treat.,Rice KR,"OBJECTIVES: Prostate cancer (CaP) in the aging male will become an increasingly important and controversial health care issue. We evaluated the outcomes between a variety of treatments for low-risk CaP in patients 70 years of age and older. METHODS AND MATERIALS: A total of 3,650 men diagnosed with CaP between 1989 and 2009 were identified in the Center for Prostate Disease Research database to be 70 years of age or older at time of diagnosis. Of these patients, 770 men met the D'Amico criteria ([13]) for low-risk disease and were treated with radical prostatectomy, external beam radiation therapy, or watchful waiting. Cox proportional hazard models were used to compare clinicopathologic features across treatment groups. Kaplan-Meier analysis was used to compare biochemical recurrence-free, progression-free, and overall survival. RESULTS: Of the 770 patient cohort, 194 (25%) chose radical prostatectomy, 252 (33%) chose external beam radiation therapy, and 324 (42%) were initially managed by watchful waiting with 110 (34%) of this subset ultimately undergoing secondary treatment. The median follow-up was 6.4 years. There were no significant differences in distributions of race/ethnicity, number of medical comorbidities, or clinical stage across the treatment groups. Patients managed on watchful waiting without secondary treatment had the poorest overall survival on Kaplan-Meier analysis (P = 0.0001). Additionally, multivariate analysis confirmed this result for watchful waiting without secondary treatment as being a statistically significant predictor of overall mortality (HR 1.938, P = 0.0084).",Urol Oncol,2013,31,755-60,10.1016/j.urolonc.2011.07.004,https://www.ncbi.nlm.nih.gov/pubmed/21872499,LOW RISK,positive,1,
20367410,Robot-assisted high-intensity focused ultrasound in focal therapy of prostate cancer,Chaussy CG,"In one-third of patients, prostate cancer (PCa) is monofocal. These patients can undergo focal high-intensity focused ultrasound (HIFU) therapy of the tumor without damage to surrounding structures and not compromising uro-oncologic safety. Robot-assisted HIFU coagulates the entire targeted volume within the prostate transrectally, in one session, without direct tumor contact and without adjuvant endourologic therapy. It is performed with the patient receiving spinal anesthesia and without blood loss; negative immunologic influence can be excluded. Heat-destroyed cancer cells that act as tumor vaccination are discussed. Right now, the limitation of focal therapy is caused by the lack of diagnostic accuracy to determine multifocal stages of PCa reliably. Discussions of tumor development, triggering primary lesion monotherapy, do not overcome skepticism about leaving invisible tumor foci untreated. This explains why PCa therapy today treats always the entire gland. Furthermore, the thought that the problem could be solved ""radically, once forever,"" ignores the fact that in all PCa therapies, local recurrence rates are between 10% and 50%. Considering the longer survival of men in industrialized countries, a structured multimodal therapy concept should be created and evaluated in studies and should replace the competition between classic therapies. Focal therapy in most cases should be the first approach in cancer therapy because it is noninvasive, has low side effects, and is a single-session therapy. It does not exclude but may delay other, more invasive therapies in cases of cancer recurrence. Focal therapy should not be misunderstood as substitution for existing classic therapies but as a therapeutic first choice in monofocal, low-aggressive PCa cases.",J Endourol,2010,24,843-7,doi: 10.1089/end.2009.0439,https://www.ncbi.nlm.nih.gov/pubmed/20367410,,negative,0,2010.0
32001198,The impact of very high initial PSA on oncological outcomes after radical prostatectomy for clinically localized prostate cancer,Tilki D,"BACKGROUND: To analyze oncological outcomes of very high-risk patients with initial PSA 50-99.9 and ≥100 ng/ml who underwent radical prostatectomy (RP) for clinically localized prostate cancer. METHODS: Overall, 2,811 RP patients (1992-2018) with negative preoperative CT-scan and bone scintigraphy were included. The impact of preoperative PSA level, categorized as 20-49.9 (n = 2,195) vs. 50-99.9 (n = 454) vs. ≥100 ng/ml (n = 162) on biochemical recurrence (BCR)-free survival, metastasis-free survival (MFS) and cancer-specific survival (CSS) was assessed using Kaplan-Meier and multivariable Cox regression models. RESULTS: Median follow-up was 47.5 months. Ten-year BCR-free survival rates were 46.9 vs. 32.1 vs. 29.0% within PSA-categories 20-49.9 vs. 50-99.9 vs. ≥100 ng/ml, respectively (P < 0.001). Ten-year MFS rates were 78.4 vs. 67.2 vs. 37.3% within PSA-categories 20-49.9 vs. 50-99.9 vs. ≥100 ng/ml (P < 0.001). 10-year CSS rates were 93.7 vs. 85.5 vs. 66.7% within PSA-categories 20-49.9 vs. 50-99.9 vs. ≥100 ng/ml (P < 0.001). In multivariable analyses, PSA-categories 50-99.9 ng/ml and ≥100 ng/ml were independently predicting higher risk of BCR (hazard ratio [HR]: 1.3 and 1.4), metastatic progression (HR: 1.4 and 2.3), and cancer-specific mortality (CSM, HR: 1.9 and 3.4) compared with PSA-category 20-49.9 ng/ml. CONCLUSION: Initial PSA levels ≥50 ng/ml are associated with higher risk of BCR, metastatic progression, and CSM compared with high-risk patients with PSA of 20-49.9 ng/ml. In consequence, these patients may be counseled about a potentially increased risk of undetected metastases prior to RP possibly necessitating intensified multimodal treatments in the future.",Urol Oncol,2020,38,379-385,doi: 10.1016/j.urolonc.2019.12.027. Epub 2020 Jan 27,https://www.ncbi.nlm.nih.gov/pubmed/32001198,,negative,0,2020.0
31695139,Prostate cancer characteristics and cancer-specific mortality of Native American patients,Deuker M,"BACKGROUND: Historical epidemiological data indicate that Native American patients may have worse prostate cancer (PCa) characteristics than Caucasian patients (CAP). To test for cancer-specific mortality (CSM) differences among Native American vs. CAP, the most contemporary version of the SEER database (Surveillance, Epidemiology, and End Results database [2004-2016]) was used. METHODS: Descriptives and time trend analyses focused on a combined cohort of 357,289 Caucasian and Native American PCa patients of all stages. After 1:4 propensity-score (PS) matching for stage, grade, and other patient characteristics, cumulative incidence plots, and competing-risks-regression-models (CRR) were used, with further stratification according to non-metastatic (T<sub>any</sub>N<sub>0</sub>M<sub>0</sub>) vs. metastatic (T<sub>any</sub>N<sub>1</sub> and/or M<sub>1</sub>) stages. RESULTS: Native American patients accounted for 1804 (0.5%) of the study cohort. Native American patients had higher PSA (8 ng/ml vs. 6.3 ng/ml), higher rate of D'Amico high-risk PCa (30.8 vs. 24.8%), higher rate of T3/T4-PCa (5.5 vs. 3.7%), higher rate of N1 stage (4.5 vs. 2.8%), and higher rate of M1 stage (7.5 vs. 3.9%, all p < 0.001) than CAP. In T<sub>any</sub>N<sub>0</sub>M<sub>0</sub> patients after PS-matching, 10-year CSM was 5.7 vs. 6.2% in Native American vs. CAP. In T<sub>any</sub>N<sub>1</sub> and/or M<sub>1</sub> patients, 10-year CSM was 64.3 vs. 63.3% in Native American vs. CAP, (both p = 0.8). In CRR, Native American race did not represent an independent predictor of CSM. CONCLUSIONS: Native American patients have more unfavorable stage and grade at presentation. However, after adjustment for these characteristics, CSM in Native American patients is not higher than in CAP. In consequence, PCa prognosis does not differ between Native American and Caucasian race. Therefore, efforts should be made to diagnose PCa in Native Americans at an earlier and more favorable stage like in CAP.",Prostate Cancer Prostatic Dis,2020,23,277-285,doi: 10.1038/s41391-019-0184-8. Epub 2019 Nov 6,https://www.ncbi.nlm.nih.gov/pubmed/31695139,,negative,0,2020.0
16170437,Incontinence and erectile dysfunction following radical prostatectomy: a review,Alivizatos G,"Radical prostatectomy remains the treatment of choice for localized prostate cancer in age-appropriate and health-appropriate men. Although cancer control is the most important aspect of a radical prostatectomy, minimization of postoperative morbidity, especially urinary incontinence and erectile dysfunction, is becoming a greater concern. We reviewed recent data available on Medline regarding the incidence, pathophysiology, evaluation, and treatment of incontinence and sexual dysfunction after radical prostatectomy. Health-related quality of life issues have been specifically addressed. Although low incidences of incontinence and erectile dysfunction after radical prostatectomy have been reported in the hands of experienced surgeons, the literature review revealed a great variety, with incontinence rates ranging from 0.3-65.6% and potency rates ranging from 11-87%. Several factors contribute to this wide difference, the most important being the application of a meticulous surgical technique. General and cancer-specific health-related quality of life is not being affected after radical prostatectomy. The incidence of incontinence and erectile dysfunction is higher after radical prostatectomy when compared to the incidence observed when other therapies for localized prostate cancer are applied. However, the majority of the patients undergoing radical prostatectomy would vote for the operation again. Today, avoidance of major complications after radical prostatectomy depends mostly on a high-quality surgical technique. When incontinence or erectile dysfunction persists after radical prostatectomy, the majority of the treated patients can be managed effectively by various methods.",ScientificWorldJournal,2005,13,,doi: 10.1100/tsw.2005.94,https://www.ncbi.nlm.nih.gov/pubmed/16170437,,negative,0,2005.0
31721011,Influence of the technique and comorbidities in hypofractionated radiotherapy for prostate cancer,Correa R,"PURPOSE: To analyze the differences in toxicity and biochemical relapse-free survival with hypofractionated radiotherapy with three-dimensional radiotherapy (3D-CRT) or volumetric arc therapy (VMAT) for prostate cancer taking into account comorbidity measured using the Charlson Comorbidity Index (CCI). METHODS: From January 2011 to June 2016, 451 patients with prostate cancer were treated with 60 Gy (20 daily fractions). VMAT or 3D-CRT was used. Distribution by stage: 17% low-risk, 27.2% intermediate-risk; 39.2% high-risk, 16.6% very high-risk. Mean CCI was 3.4. RESULTS: With a median follow up of 51 months, most patients did not experience any degree of acute GI toxicity (80.9%) compared to 19.1%, who experienced some degree, mainly G-I /II. In the multivariate analysis, only technique was associated with acute GI toxicity ≥ G2. Patients treated with VMAT had greater acute GI toxicity compared with those who received 3D-CRT (23.9% vs. 13.5%, p = 0.005). With respect to acute GU toxicity, 72.7% of patients experienced some degree, fundamentally G-I/II. Neither age, CCI, nor androgen deprivation therapy (ADT) were associated with greater toxicity. Overall survival at 2, 5 and 7 years was 97%, 88% and 83% respectively. The only factor with statistical significance was CCI, with a greater number of events in individuals with a CCI ≥ 4 (p < 0.03). CONCLUSIONS: Hypofractionated radiotherapy for prostate cancer is an effective, well-tolerated treatment even for elderly patients with no associated comorbidity. Longer follow up is needed in order to report data on late toxicity.",Clin Transl Oncol,2020,22,311-318,doi: 10.1007/s12094-019-02224-6. Epub 2019 Nov 12,https://www.ncbi.nlm.nih.gov/pubmed/31721011,,negative,0,2020.0
21166755,Pilot study of salvage laparoscopic prostatectomy for the treatment of recurrent prostate cancer,Ahallal Y,"OBJECTIVE: • To evaluate feasibility, safety and oncological efficacy of salvage laparoscopic radical prostatectomy for pathology-proven biochemical recurrence after primary radiation therapy or cryotherapy for prostate cancer. MATERIALS AND METHODS: • This retrospective pilot study examined 15 patients from 2004 to 2010 with biochemical recurrence after external beam radiation therapy (N= 8), brachytherapy (N= 6) or cryotherapy (N= 1). • Patients were treated with salvage laparoscopic radical prostatectomy (11 conventional, four robotic-assisted) with bilateral pelvic dissection. RESULTS: • Median duration of surgery was 235 min. None of the following occurred: conversion to open surgery, transfusion, urethrovesical stenosis or perioperative or postoperative mortality. One patient presented with a rectal injury, repaired using uninterrupted sutures and a colostomy. One patient had anastomotic leak treated with prolonged Foley catheterization. • Pathological stage was pT2a in three, pT2b in three, pT3a in four, pT3b in three and pT4 in two patients; two patients had nodal metastasis. Within an 8-month median follow-up, 11 patients were disease-free and three had persistent postoperative prostate-specific antigen (PSA) elevation; the remaining patient experienced PSA recurrence after 21 months. • Seven patients achieved continence (no pads) by 8.4 months (median), one patient manifested severe incontinence corrected by implanting an artificial sphincter, and seven patients with a 12.6-month mean follow-up continued to need one or two pads per day. • Erectile dysfunction was present in five patients before surgery and in 14 patients after surgery. CONCLUSION: • Salvage laparoscopic radical prostatectomy seems to offer a safe therapeutic alternative for patients failing primary radiation or cryotherapy. However, larger studies with longer-term data are required.",BJU Int,2011,108,724-8,doi: 10.1111/j.1464-410X.2010.09924.x. Epub 2010 Dec 16,https://www.ncbi.nlm.nih.gov/pubmed/21166755,,negative,0,2010.0
14697417,"Radical prostatectomy, external beam radiotherapy <72 Gy, external beam radiotherapy > or =72 Gy, permanent seed implantation, or combined seeds/external beam radiotherapy for stage T1-T2 prostate cancer.",Kupelian PA,"PURPOSE: To review the biochemical relapse-free survival (bRFS) rates after treatment with permanent seed implantation (PI), external beam radiotherapy (EBRT) <72 Gy (EBRT <72), EBRT > or =72 Gy (EBRT > or =72), combined seeds and EBRT (COMB), or radical prostatectomy (RP) for clinical Stage T1-T2 localized prostate cancer treated between 1990 and 1998. METHODS AND MATERIALS: The study population comprised 2991 consecutive patients treated at the Cleveland Clinic Foundation or Memorial Sloan Kettering at Mercy Medical Center. All cases had pretreatment prostate-specific antigen (iPSA) levels and biopsy Gleason scores (bGSs). Neoadjuvant androgen deprivation for < or =6 months was given in 622 cases (21%). No adjuvant therapy was given after local therapy. RP was used for 1034 patients (35%), EBRT <72 for 484 (16%), EBRT > or =72 for 301 (10%), PI for 950 (32%), and COMB for 222 patients (7%). The RP, EBRT <72, EBRT > or =72, and 154 PI patients were treated at Cleveland Clinic Foundation. The median radiation doses in EBRT <72 and EBRT > or =72 case was 68.4 and 78.0 Gy, respectively. The median follow-up time for all cases was 56 months (range 12-145). The median follow-up time for RP, EBRT <72, EBRT > or =72, PI, and COMB was 66, 75, 49, 47, and 46 months, respectively. Biochemical relapse was defined as PSA levels >0.2 for RP cases and three consecutive rising PSA levels (American Society for Therapeutic Radiology Oncology consensus definition) for all other cases. A multivariate analysis for factors affecting the bRFS rates was performed using the following variables: clinical T stage, iPSA, bGS, androgen deprivation, year of treatment, and treatment modality. The multivariate analysis was repeated excluding the EBRT <72 cases. RESULTS: The 5-year bRFS rate for RP, EBRT <72, EBRT > or =72, PI, and COMB was 81%, 51%, 81%, 83%, and 77%, respectively (p <0.001). The 7-year bRFS rate for RP, EBRT <72, EBRT > or =72, PI, and COMB was 76%, 48%, 81%, 75%, and 77%, respectively. Multivariate analysis, including all cases, showed iPSA (p <0.001), bGS (p <0.001), year of therapy (p <0.001), and treatment modality (p <0.001) to be independent predictors of relapse. Because EBRT <72 cases had distinctly worse outcomes, the analysis was repeated after excluding these cases to discern any differences among the other modalities. The multivariate analysis excluding the EBRT <72 cases revealed iPSA (p <0.001), bGS (p <0.001), and year of therapy (p = 0.001) to be the only independent predictors of relapse. Treatment modality (p = 0.95), clinical T stage (p = 0.09), and androgen deprivation (p = 0.56) were not independent predictors for failure. CONCLUSION: The biochemical failure rates were similar among PI, high-dose (> or =72 Gy) EBRT, COMB, and RP for localized prostate cancer. The outcomes were significantly worse for low-dose (<72 Gy) EBRT.",Int J Radiat Oncol Biol Phys,2004,58,25-33,10.1016/s0360-3016(03)00784-3,https://www.ncbi.nlm.nih.gov/pubmed/14697417,LOW RISK,positive,1,
24183866,Outcomes following iodine-125 prostate brachytherapy with or without neoadjuvant androgen deprivation.,Ohashi T,"PURPOSE: To report the biochemical failure-free survival (BFFS), cause-specific survival (CSS), and overall survival (OS) outcomes of patients treated with iodine-125 (I-125) brachytherapy for clinically localized prostate cancer. METHODS AND MATERIALS: Between 2003 and 2009, I-125 permanent prostate brachytherapy without supplemental external-beam radiotherapy was performed for 663 patients with low-risk and low-tier intermediate-risk (defined as organ-confined disease, PSA <10ng/mL, and Gleason score 3+4 with biopsy positive core rate <33%) prostate cancer. Early in the study period, the preplanning method was used in the first 104 patients, and later the real-time planning method was used. Biochemical failure was determined using the American Society for Therapeutic Radiology Oncology (ASTRO) and Phoenix definitions. RESULTS: The 7-year BFFS rates for the ASTRO and Phoenix definitions were 96.1% and 95.9%, respectively. The corresponding BFFS rates by risk group were 97.6% and 96.7% for low-risk, and 91.8% and 93.6% for low-tier intermediate-risk disease (p=0.007 and 0.08, respectively). The median times to biochemical failure in those who failed were 29.5 and 43.9months according to the ASTRO and Phoenix definitions, respectively. The 7-year CSS and OS were 99.1% and 96.4%. There was no significant difference in CSS or OS between the low-risk and low-tier intermediate-risk groups. In multivariate Cox regression analysis, risk group and prostate D90 were independent predictors of BFFS for the ASTRO definition, while only the prostate D90 was significant for the Phoenix definition. CONCLUSION: I-125 prostate brachytherapy results in excellent 7-year BFFS, CSS, and OS for low-risk and low-tier intermediate-risk prostate cancer.",Radiother Oncol,2013,109,241-5,10.1016/j.radonc.2013.09.022,https://www.ncbi.nlm.nih.gov/pubmed/24183866,LOW RISK,positive,1,
15583704,Salvage cryosurgery for locally recurrent prostate cancer following radiotherapy,Ahmed S,"The popularity of radiotherapy as a minimally invasive treatment for prostate cancer is increasing. Despite advancements in radiation delivery, a number of patients will fail treatment. Salvage radical prostatectomy has been the main therapeutic option for locally recurrent radiation failure prostate cancer with curative intent. The operation is technically difficult to perform and associated with significant comorbidities. Salvage cryotherapy has emerged as a minimally invasive alternative option. In this article, we review the role of cryotherapy in recurrent prostate cancer and compare its outcome with salvage radical prostatectomy.",Prostate Cancer Prostatic Dis,2005,8,31-5,doi: 10.1038/sj.pcan.4500774,https://www.ncbi.nlm.nih.gov/pubmed/15583704,,negative,0,2005.0
31628565,Evaluation of the residual prostate cancer rate on cystoprostatectomy specimen in patients treated with radiotherapy for prostate cancer,Schlegel J,"PURPOSE: To evaluate the residual cancer rate after cystoprostatectomy (CPT) in patients with a history of radiation therapy for prostate cancer and the postoperative complication rates. MATERIAL AND METHODS: We conducted a retrospective study involving 21 patients who had a CPT over 7 years and who had a history of radiotherapy for prostate cancer. To compare results, two additional groups were created: a group of patients without a history of radiotherapy in whom a CPT was performed, and a group without a history of radiotherapy and in whom was accidentally discovered a prostate cancer after CPT on histology specimens. RESULTS: The median age at the time of radiotherapy was 69 years. The median age at the time of cystoprostatectomy was 78 years. The median PSA at the time of the intervention was 0.6 ng/ml in the group with a history of radiotherapy. The residual cancer rate was 24%. No patients had criteria for biological recurrence. There were no additional surgical complications in the radiotherapy group (p = 0.2). The rate of cutaneous ureterostomy was higher (p = 0.0006) due to increased surgical difficulties (p = 0.0009). CONCLUSION: The residual cancer rate was 24% after radiotherapy for prostate cancer. PSA alone does not appear to be sufficient to detect the persistence of residual prostate cancer after radiotherapy. There were no more surgical complications after prostate radiotherapy.",Int Urol Nephrol,2020,52,279-285,doi: 10.1007/s11255-019-02312-0. Epub 2019 Oct 18,https://www.ncbi.nlm.nih.gov/pubmed/31628565,,negative,0,2020.0
26458959,Focal irreversible electroporation for prostate cancer: functional outcomes and short-term oncological control,Ting F,"BACKGROUND: Current data on the use of irreversible electroporation (IRE) in the treatment of prostate cancer (PCa) is limited. We aim to evaluate the safety, short-term functional and oncological outcomes of focal IRE in low-intermediate risk PCa. METHODS: Between February 2013 and May 2014, 32 consecutive men underwent IRE at a single centre. Patients with low-intermediate risk PCa who had not received previous PCa treatment were included for analysis. The tumour was ablated using 3-6 electrodes, ensuring a minimum 5-mm safety margin around the visible magnetic resonance imaging (MRI) lesion. Follow-up included recording Clavien complications, Expanded Prostate Cancer Index Composite (EPIC) questionnaires (baseline, 1.5, 3, 6 months), 6-month multi-parametric MRI (mp-MRI) and 7-month biopsy. Findings on mp-MRI and biopsy were sub-divided into infield, adjacent or outfield of the treatment zone. RESULTS: Twenty-five men were included for final analysis. Safety follow-up revealed one Clavien Grade 3 complication and five Grade 1 complications. Functional follow-up confirmed no significant change in American Urological Association urinary symptom score, sexual or bowel function. Infield, there were no suspicious findings on mp-MRI (n=24) or biopsy (n=21) in all patients. Adjacent to the treatment zone, five (21%) had suspicious findings on mp-MRI with four (19%) proving to be significant on biopsy. Outfield, there were two (8%) with suspicious findings on mp-MRI and one (5%) significant finding on biopsy. For the five patients with significant findings on follow-up biopsy, one is awaiting repeat IRE, one had radical prostatectomy and three remained on active surveillance. CONCLUSIONS: In selected patients with low-intermediate risk PCa, focal IRE appears to be safe with minimal morbidity. There were no infield recurrences and 76% of patients were histologically free of significant cancer at 8 months. Almost all recurrences were adjacent to the treatment zone, and this was addressed by widening the treatment margins.",Prostate Cancer Prostatic Dis,2016,19,46-52,doi: 10.1038/pcan.2015.47. Epub 2015 Oct 13,https://www.ncbi.nlm.nih.gov/pubmed/26458959,,negative,0,2015.0
20675081,A matched control analysis of adjuvant and salvage high-dose postoperative intensity-modulated radiotherapy for prostate cancer,Ost P,"PURPOSE: It is unclear whether immediate adjuvant radiotherapy for high-risk disease at prostatectomy (capsule perforation, seminal vesicle invasion, and/or positive surgical margins) is equivalent to delayed salvage radiotherapy at biochemical recurrence. We performed a matched case analysis comparing high-dose adjuvant intensity modulated radiotherapy (A-IMRT) with salvage IMRT (S-IMRT). METHODS AND MATERIALS: One hundred forty-four patients with high-risk disease at prostatectomy were referred for A-IMRT, and 134 patients with high-risk disease were referred at biochemical recurrence (rising prostate-specific antigen [PSA], following prostatectomy, above 0.2 ng/ml) for S-IMRT. Patients were matched in a 1:1 ratio according to preoperative PSA level, Gleason score, and pT stage. Median doses of 74 Gy and 76 Gy were prescribed for A-IMRT and S-IMRT, respectively. We report biochemical relapse free survival (bRFS) rates using the Kaplan-Meier method. Univariate and multivariate analyses were used to examine tumour- and treatment-related factors. RESULTS: A total of 178 patients were matched (89:89). From the end of radiotherapy, the median follow-up was 36 months for both groups. The 3-year bRFS rate for the A-IMRT group was 90% compared to 65% for the S-IMRT group (p < 0.05). On multivariate analysis, S-IMRT, Gleason grades of ≥ 4+3, perineural invasion, preoperative PSA level of ≥ 10 ng/ml, and omission of androgen deprivation (AD) were independent predictors for a reduced bRFS (p < 0.05). From the date of surgery, the median follow-up was 43 and 60 months for A-IMRT and S-IMRT, respectively. The 3-year bRFS rate for A-IMRT was 91% compared to 79% for S-IMRT (p < 0.05). On multivariate analysis, Gleason grades of ≥ 4+3, perineural invasion, and omission of AD were independent predictors for a reduced bRFS (p < 0.05). S-IMRT was no longer an independent prognostic factor (p = 0.08). CONCLUSIONS: High-dose A-IMRT significantly improves 3-year bRFS compared to S-IMRT. Gleason grades of ≥ 4+3, perineural invasion, and omission of AD were independent prognostic factors for a decreased bRFS, both from the dates of surgery and from radiotherapy.",Int J Radiat Oncol Biol Phys,2011,1,,doi: 10.1016/j.ijrobp.2010.04.039. Epub 2010 Aug 1,https://www.ncbi.nlm.nih.gov/pubmed/20675081,,negative,0,2010.0
25819287,Is high dose rate brachytherapy reliable and effective treatment for prostate cancer patients? A review of the literature,De Bari B,"The intrinsic physical and radiobiological characteristics of High Dose Rate Brachytherapy (HDR-BT) are well suited to the treatment of prostate cancer. HDR-BT was initially used as a boost to external beam brachytherapy, but has subsequently been employed as the sole treatment, which is termed HDR monotherapy. This review summarizes the clinical outcomes and toxicity results of the principal studies and discusses the radiobiological basis supporting its use.",Crit Rev Oncol Hematol,2015,94,360-70,doi: 10.1016/j.critrevonc.2015.02.003. Epub 2015 Feb 17,https://www.ncbi.nlm.nih.gov/pubmed/25819287,,negative,0,2015.0
19289266,Radiation dose predicts for biochemical control in intermediate-risk prostate cancer patients treated with low-dose-rate brachytherapy.,Ho AY,"PURPOSE: To evaluate the influence of patient- and treatment-related factors on freedom from biochemical failure (FFbF) in patients with intermediate-risk prostate cancer. METHODS AND MATERIALS: From a prospectively collected database of 2250 men treated at Mount Sinai Hospital from 1990 to 2004 with low-dose-rate brachytherapy for prostate cancer, 558 men with either one or more intermediate-risk features (prostate-specific antigen [PSA] level 10-20 ng/mL, Gleason score 7, or Stage T2b) were identified who had a minimum follow-up of 24 months and postimplant CT-based dosimetric analysis. Biologically effective dose (BED) values were calculated to compare doses from different isotopes and treatment regimens. Patients were treated with brachytherapy with or without hormone therapy and/or external-beam radiotherapy. Patient- and treatment-related factors were analyzed with respect to FFbF. The median follow-up was 60 months (range, 24-167 months). Biochemical failure was defined according to the Phoenix definition. Univariate analyses were used to determine whether any variable was predictive of FFbF. A two-sided p value of <0.05 was considered significant. RESULTS: Overall, the actuarial FFbF at 10 years was 86%. Dose (BED <150 Gy(2) vs. >or=150 Gy(2)) was the only significant predictor of FFbF (p < 0.001). None of the other variables (PSA, external-beam radiotherapy, Gleason score, treatment type, hormones, stage, and number of risk factors) was found to be a statistically significant predictor of 10-year FFbF. CONCLUSIONS: Radiation dose is an important predictor of FFbF in intermediate-risk prostate cancer. Treatment should continue to be individualized according to presenting disease characteristics until results from Radiation Therapy Oncology Group trial 0232 become available.",Int J Radiat Oncol Biol Phys,2009,75,16-22,10.1016/j.ijrobp.2008.10.071,https://www.ncbi.nlm.nih.gov/pubmed/19289266,INTERMEDIATE RISK,positive,1,
25998747,Influence of pathological factors on oncological outcomes after robot-assisted radical prostatectomy for localized prostate cancer: Results of a prospective study,Kozal S,"PURPOSE: To assess the prognostic significance of lymphovascular invasion (LVI), maximum tumor diameter (MTD), high-grade prostatic intraepithelial neoplasia, perineural invasion, and length of positive surgical margins after robot-assisted radical prostatectomy (RARP). METHODS: A single-institution prospective analysis of all patients who underwent RARP for localized prostate cancer was performed between January 2005 and June 2013. The primary end point was biochemical recurrence-free survival (BRFS). BRFS was estimated using the Kaplan-Meier method and compared to that from the log-rank test. Cox׳s proportional hazards regression univariate and multivariate analyses were performed to define the prognostic factors. RESULTS: Overall, 742 men were included. After a median follow-up of 31.4 months, biochemical recurrence occurred in 80 patients (10.8%). BRFS was 93%, 87%, and 80.7% at 1, 3, and 5 years, respectively. Progression to local recurrence occurred in 49 patients (6.6%). During the follow-up period, 3 patients experienced progression to metastatic disease and were treated with hormonotherapy. No patient died of disease during the study period. In multivariate analyses, Gleason score was the strongest predictor of BRFS (hazard ratio [HR] = 3.4; P<0.001). There were 3 other predictive factors of BRFS were LVI (HR = 7.64; P = 0.005), MTD (HR = 4.04; P =0.009), and margin length ≥ 3 mm (HR = 1.25; P = 0.04). CONCLUSION: In the era of serum prostate-specific antigen testing maturity in conjunction with a single approach to extirpation of the prostate gland by RARP, LVI, MTD, and positive surgical margins ≥ 3 mm are prognostic factors associated with BRFS after RARP. Consideration could be given to incorporate them in the pathology report of the radical prostatectomy specimens and they could assist physicians in clinical decision making.",Urol Oncol,2015,33,330,doi: 10.1016/j.urolonc.2015.03.020. Epub 2015 May 18,https://www.ncbi.nlm.nih.gov/pubmed/25998747,,negative,0,2015.0
21645976,Continued benefit to androgen deprivation therapy for prostate cancer patients treated with dose-escalated radiation therapy across multiple definitions of high-risk disease.,Stenmark MH,"PURPOSE: To analyze prognostic factors in patients with high-risk prostate cancer treated with dose-escalated external-beam radiation therapy (EBRT) and androgen deprivation (ADT). METHODS AND MATERIALS: Between 1998 and 2008 at the University of Michigan Medical Center, 718 men were consecutively treated with EBRT to at least 75 Gy. Seven definitions of high-risk prostate cancer, applying to 11-33% of patients, were evaluated. Biochemical failure (BF), salvage ADT use, metastatic progression, and prostate cancer-specific mortality (PCSM) were estimated by the Kaplan-Meier method and Cox proportional hazards regression. RESULTS: Each high-risk definition was associated with increased BF (hazard ratio [HR] 2.8-3.9, p < 0.0001), salvage ADT use (HR 3.9-6.3, p < 0.0001), metastasis (HR 3.7-6.6, p < 0.0001), and PCSM (HR 3.7-16.2, p < 0.0001). Furthermore, an increasing number of high-risk features predicted worse outcome. Adjuvant ADT yielded significant reductions in both metastases (HR 0.19-0.38, p < 0.001) and PCSM (HR 0.38-0.50, p < 0.05) for all high-risk definitions (with the exception of clinical Stage T3-4 disease) but improved BF only for those with elevated Gleason scores (p < 0.03, HR 0.25-0.48). When treated with ADT and dose-escalated EBRT, patients with Gleason scores 8 to 10, without other high-risk features, had 8-year freedom from BF of 74%, freedom from distant metastases of 93%, and cause-specific survival of 92%, with salvage ADT used in 16% of patients. CONCLUSION: Adjuvant ADT results in a significant improvement in clinical progression and PCSM across multiple definitions of high-risk disease even with dose-escalated EBRT. There is a subset of patients, characterized by multiple high-risk features or the presence of Gleason Pattern 5, who remain at significant risk for metastasis and PCSM despite current treatment.",Int J Radiat Oncol Biol Phys,2011,81,e335-44,10.1016/j.ijrobp.2011.04.037,https://www.ncbi.nlm.nih.gov/pubmed/21645976,HIGH RISK,positive,1,
26853334,Very High-Risk Localized Prostate Cancer: Outcomes Following Definitive Radiation,Narang AK,"PURPOSE: Existing definitions of high-risk prostate cancer consist of men who experience significant heterogeneity in outcomes. As such, criteria that identify a subpopulation of National Comprehensive Cancer Network (NCCN) high-risk prostate cancer patients who are at very high risk (VHR) for poor survival outcomes following prostatectomy were recently developed at our institution and include the presence of any of the following disease characteristics: multiple NCCN high-risk factors, primary Gleason pattern 5 disease and/or ≥5 biopsy cores with Gleason sums of 8 to 10. Whether these criteria also apply to men undergoing definitive radiation is unclear, as is the optimal treatment regimen in these patients. METHODS AND MATERIALS: All men consecutively treated with definitive radiation by a single provider from 1993 to 2006 and who fulfilled criteria for NCCN high-risk disease were identified (n=288), including 99 patients (34%) with VHR disease. Multivariate-adjusted competing risk regression models were constructed to assess associations between the VHR definition and biochemical failure (BF), distant metastasis (DM), and prostate cancer-specific mortality (PCSM). Multivariate-adjusted Cox regression analysis assessed the association of the VHR definition with overall mortality (OM). Cumulative incidences of failure endpoints were compared between VHR men and other NCCN high-risk men. RESULTS: Men with VHR disease compared to other NCCN high-risk men experienced a higher 10-year incidence of BF (54.0% vs 35.4%, respectively, P<.001), DM (34.9% vs 13.4%, respectively, P<.001), PCSM (18.5% vs 5.9%, respectively, P<.001), and OM (36.4% vs 27.0%, respectively, P=.04). VHR men with a detectable prostate-specific antigen (PSA) concentration at the end of radiation (EOR) remained at high risk of 10-year PCSM compared to VHR men with an undetectable EOR PSA (31.0% vs 13.7%, respectively, P=.05). CONCLUSIONS: NCCN high-risk prostate cancer patients who meet VHR criteria experience distinctly worse outcomes following definitive radiation and long-term androgen deprivation therapy, particularly if an EOR PSA is detectable. Optimal use of local therapies for VHR patients should be explored further, as should novel agents.",Int J Radiat Oncol Biol Phys,2016,1,,doi: 10.1016/j.ijrobp.2015.10.056. Epub 2015 Oct 31,https://www.ncbi.nlm.nih.gov/pubmed/26853334,,negative,0,2015.0
19952715,High-dose-rate prostate brachytherapy: an excellent accelerated-hypofractionated treatment for favorable prostate cancer,Martinez AA,"PURPOSE: The radiobiology of prostate cancer appears to favor large fractions. Accelerated hypofractionation treatments may therefore be used to improve the therapeutic ratio, particularly when the doses to rectum and bladder are kept below the prostate dose. The 5-year experience at William Beaumont Hospital (WBH) and the California Endocurietherapy Center (CET) with accelerated-hypofractionated high-dose-rate (HDR) monotherapy in favorable prostate cancer is presented. MATERIALS AND METHODS: Between 1993 and 2004, 454 patients were treated with brachytherapy of which 248 treated with HDR and 206 patients treated with low-dose-rate Palladium (LDR-Pd¹⁰³). The WBH-HDR dose was 38 Gy, in 4 fractions, twice a day. The CET-HDR dose was 42 Gy in 6 fractions in 2 separate implants 1 week apart. The WBH-LDR dose was 120 Gy. RESULTS: Median follow-up was 4.8 years. The 5-year Phoenix biochemical control (BC) was 89%, 91%, and 88% for WBH-LDR, WBH- HDR, and CET-HDR, respectively. The majority of complications were grade 1. HDR was associated with less acute grade 1 to 3 dysuria 60% versus 39%, (P < 0.001), urinary frequency/urgency 90% to58% (P < 0.001), and rectal pain 17% to 6.5% (P < 0.001). Long-term urinary frequency/urgency 54% versus 43%, (P = 0.03) and dysuria 22% versus 15% were less with HDR. The 5-year actuarial impotence rate was 30% for LDR and 20% for HDR (P = 0.23). CONCLUSIONS: Although the same 5-year BC rates were achieved with HDR (248 patients) and LDR (206 patients) monotherapy, HDR brachytherapy was associated with less acute and chronic genitourinary and gastrointestinal toxicities. As another accepted standard of care, accelerated hypofractionated HDR monotherapy is target specific and efficient radiobiologically than EBRT which has many smaller doses per fraction. It could be considered today as the best option in accelerated hypofractionated prostate cancer treatment.",Am J Clin Oncol,2010,33,481-8,doi: 10.1097/COC.0b013e3181b9cd2f,https://www.ncbi.nlm.nih.gov/pubmed/19952715,,negative,0,2010.0
31863617,Salvage radical prostatectomy following focal therapy: functional and oncological outcomes,Herrera-Caceres JO,"OBJECTIVES: To report the oncological and functional outcomes of salvage radical prostatectomy (sRP) after focal therapy (FT). PATIENTS AND METHODS: A retrospective review of all patients who underwent sRP after FT was performed. Clinical and pathological outcomes focussed on surgical complications, oncological, and functional outcomes. RESULTS: In all, 34 patients were identified. The median (interquartile range [IQR]) age was 61 (8.25) years. FT modalities included high-intensity focussed ultrasound (19 patients), laser ablation (13), focal brachytherapy (one) and cryotherapy (one). The median (IQR) time from FT to recurrence was 10.9 (17.6) months. There were no rectal or ureteric injuries. Two (5.9%) patients had iatrogenic cystotomies and four (11.8%) developed bladder neck contractures. The mean (sd) hospital stay was 2.5 (2.1) days. The T-stage was pT2 in 14 (41.2%) patients, pT3a in 16 (47.1%), and pT3b in four (11.8%). In all, 13 (38%) patients had positive surgical margins (PSMs). Six (17.6%) patients received adjuvant radiotherapy (RT). At a mean follow-up of 4.3 years, seven (20.6%) patients developed biochemical recurrence (BCR), and of these, six (17.6%) patients required salvage RT. PSMs were associated with worse BCR-free survival (hazard ratio 6.624, 95% confidence interval 2.243-19.563; P < 0.001). The median (IQR) preoperative International Prostate Symptom Score and International Index of Erectile Function score was 7 (4.5-9.5) and 23.5 (15.75-25) respectively, while in the final follow-up the median (IQR) values were 7 (3.5-11) and 6 (5-12.25), respectively (P = 0.088 and P < 0.001). At last follow-up, 31 (91.2%) patients were continent, two (5.9%) had moderate (>1 pad/day) incontinence, and one (2.9%) required an artificial urinary sphincter. CONCLUSIONS: sRP should be considered as an option for patients who have persistent clinically significant prostate cancer or recurrence after FT. PSMs should be recognised as a risk for recurrent disease after sRP.",BJU Int,2020,125,525-530,doi: 10.1111/bju.14976. Epub 2020 Jan 9,https://www.ncbi.nlm.nih.gov/pubmed/31863617,,negative,0,2020.0
20961696,Ten-year outcomes: the clinical utility of single photon emission computed tomography/computed tomography capromab pendetide (Prostascint) in a cohort diagnosed with localized prostate cancer.,Ellis RJ,"PURPOSE: To evaluate the clinical utility of capromab pendetide imaging with single photon emission computed tomography coregistration with computed tomography (SPECT/CT) in primary prostate cancer (CaP) for pretreatment prognostic staging and localization of biologic target volumes (BTV) for individualized image-guided radiotherapy dose escalation (IGRT-DE). METHODS AND MATERIALS: Patients consecutively presenting for primary radiotherapy (February 1997 to December 2002), having a clinical diagnosis of localized CaP, were evaluated for tumor stage using conventional staging and SPECT/CT (N=239). Distant metastatic uptake (mets) were identified by SPECT/CT in 22 (9.2%). None of the suspected mets could be clinically confirmed. Thus, all subjects were followed without alteration in disease management. The SPECT/CT pelvic images defined BTV for IGRT-DE (+150% brachytherapy dose) without (n=150) or with (n=89) external radiation of 45 Gy. The National Comprehensive Cancer Network criteria defined risk groups (RG). The median survivor follow-up was 7 years. Biochemical disease-free survival (bDFS) was reported by clinical nadir +2 ng/mL (CN+2) criteria. Statistical analyses included Kaplan-Meier, multivariate analysis, and Concordance-index models. RESULTS: At 10-year analyses, overall survival was 84.8% and bDFS was 84.6%. With stratification by RG, CN+2 bDFS was 93.5% for the low-RG (n=116), 78.7% for the intermediate-RG (n=94), and 68.8% for the high-RG (n=29), p=0.0002. With stratification by pretreatment SPECT/CT findings, bDFS was 65.5% in patients with suspected mets (n=22) vs. 86.6% in patients with only localized uptake (n=217), p=0.0014. CaP disease-specific survival (DSS) was 97.7% for the cohort. With stratification by SPECT/CT findings, DSS was 86.4% (with suspected mets) vs. 99.0% (localized only), p=0.0001. Using multivariate analysis, the DSS hazard ratio for SPECT/CT findings (mets vs. localized) was 3.58 (p=0.0026). Concordance-index tests, based on all data, by CN+2 bDFS criteria were 0.710 for RG alone and 0.773 for SPECT/CT + RG. CONCLUSIONS: Through long-term outcomes we demonstrate statistically significant bDFS and DSS predictive value for pretreatment capromab pendetide SPECT/CT imaging in primary CaP. Dual clinical utility is demonstrated, using SPECT/CT to define BTV for individualized IGRT-DE.",Int J Radiat Oncol Biol Phys,2011,81,29-34,10.1016/j.ijrobp.2010.05.053,https://www.ncbi.nlm.nih.gov/pubmed/20961696,LOW RISK,positive,1,
16278473,Role of salvage radical prostatectomy for recurrent prostate cancer after radiation therapy,Stephenson AJ,"Patients with isolated local recurrence of prostate cancer after radiation therapy may potentially be cured of their disease by salvage radical prostatectomy (RP). The stage-specific 5-year cancer-control rates of salvage RP resemble those of standard RP. However, the ability to effectively administer salvage treatment to patients with radiorecurrent disease is compromised by the lack of diagnostic tests with sufficient sensitivity and specificity to detect local recurrence at an early stage while it is amenable to local salvage therapy. By the time biochemical recurrence is declared using the current American Society for Therapeutic Radiology and Oncology definition, the majority of patients have advanced local disease, precluding successful local salvage therapy. When salvage RP is performed at prostate-specific antigen levels of 10 ng/mL or less, an estimated 70% of patients are free of disease at 5 years. With better patient selection and technical modifications, the morbidity associated with salvage RP has improved substantially. Rates of urinary incontinence and anastomotic stricture are acceptable, although one third of patients will experience these complications. Salvage cryotherapy is a minimally invasive alternative to salvage RP, but cancer-control rates appear to be inferior and it does not provide a clear advantage over salvage RP in terms of reduced morbidity. Patients with local recurrence after radiation therapy are at increased risk of metastatic progression and cancer-specific mortality. Currently, salvage RP represents the only curative treatment option for these patients. Salvage RP may favorably alter the natural history of biochemical recurrence after radiation therapy, but it must be instituted early in the course of recurrent disease to be effective.",J Clin Oncol,2005,10,,doi: 10.1200/JCO.2005.03.1468,https://www.ncbi.nlm.nih.gov/pubmed/16278473,,negative,0,2005.0
32328779,"Trends in risk-group distribution and Pentafecta outcomes in patients treated with nerve-sparing, robot-assisted radical prostatectomy: a 10-year low-intermediate volume single-center experience",Afferi L,"PURPOSE: To evaluate the trends in risk-group distribution and Pentafecta outcomes in patients treated with nerve-sparing (NS), robot-assisted radical prostatectomy (RARP) in a single low-intermediate volume prostate cancer (PCa) center over a 10-year period. MATERIALS AND METHODS: We queried a prospectively maintained database for patients who underwent NS RARP between 2009 and 2018 in a low-intermediate volume PCa center. Risk-groups were defined according to the D'Amico classification. Pentafecta outcomes referred to the postsurgical presence of potency and continence, and the absence of biochemical recurrence (BCR), positive surgical margins (PSM), and perioperative complications. The Kruskall-Wallis test, the t test and the Mann-Whitney tests were used when appropriate. RESULTS: 603 patients underwent NS RARP and 484 patients were evaluated for Pentafecta outcomes. Median postsurgical follow-up was 28 months. Overall, 137 (22.7%), 376 (62.3%), and 90 (15%) patients were diagnosed in the low-, intermediate-, and high-risk groups, respectively. Patients undergoing NS RARP shifted from 33 to 20% in the low-risk group, from 52 to 62% in the intermediate-risk group, and from 10 to 13% in the high-risk group. Patients reaching Pentafecta increased from 38 to 44%. No postoperative potency was the main reason for non-achieving Pentafecta (71%). BCR strongly limited Pentafecta achievement in the high-risk group (61%), but not in intermediate (24%) and low-risk (30%) groups. CONCLUSIONS: Low-intermediate volume PCa centers show similar trends to high-volume centers regarding risk group distributions over time in PCa patients undergoing NS RARP. We reported an increase in Pentafecta outcomes achievement over time even for experienced surgeons. Pentafecta outcomes achievement is risk-group dependent.",World J Urol,2021,39,389-397,doi: 10.1007/s00345-020-03206-y. Epub 2020 Apr 23,https://www.ncbi.nlm.nih.gov/pubmed/32328779,,negative,0,2020.0
15795905,Marriage and ethnicity predict treatment in localized prostate carcinoma,Denberg TD,"BACKGROUND: Primary treatment for early-stage prostate carcinoma includes expectant management or, for curative intent, radical prostatectomy or radiotherapy. Treatment recommendations are generally guided by clinical factors such as Gleason grade, prostate-specific antigen level, comorbid illnesses, and patient age. Sociocultural factors may also have influences on patient and urologist treatment choices. METHODS: The authors used bivariate and multinomial logistic regression to identify medical and sociodemographic predictors of prostatectomy (compared with radiotherapy) and curative therapy (compared with expectant management) in a cohort of 27,920 non-Latino white, black, and Latino men without comorbidities in the latest linked Surveillance, Epidemiology and End Results-Medicare dataset (years 1995-1999). Predictors included tumor stage, patient age, marital status, race/ethnicity, and socioeconomic status. RESULTS: Younger age and higher tumor grade were robust predictors of curative treatment compared with expectant management and of prostatectomy compared with radiotherapy. Sociodemographic factors had an additive role in treatment choice. Marriage predicted curative treatment compared with expectant management (adjusted risk ratio [RR] = 1.28 [1.25-1.30]) and prostatectomy compared with radiotherapy (adjusted RR = 1.24 [1.20-1.28]). Although blacks and Latinos were just as likely as whites to receive curative treatment, blacks were significantly less likely, whereas Latinos were more likely, to receive prostatectomy compared with radiotherapy (adjusted RRs = 0.77 [0.72-83]) and 1.24 [1.18-1.30], respectively). CONCLUSIONS: Marriage was positively associated with curative treatment in general, and with prostatectomy specifically. Blacks received prostatectomy less often than whites, although they did not receive less curative treatment overall. Latinos received prostatectomy more often than whites. Clinicians should recognize the importance of cultural and social forces as well as biomedical factors in decisions regarding the treatment of patients with early-stage prostate carcinoma.",Cancer,2005,1,,doi: 10.1002/cncr.20982,https://www.ncbi.nlm.nih.gov/pubmed/15795905,,negative,0,2005.0
14575824,Ten-year biochemical relapse-free survival after external beam radiation and brachytherapy for localized prostate cancer: the Seattle experience.,Sylvester JE,"PURPOSE: The role of external beam radiation therapy in addition to brachytherapy continues to be scrutinized for long term control of PSA levels after prostate cancer diagnosis. METHODS AND MATERIALS: We report 10-year biochemical relapse-free survival (BRFS) on 232 patients presenting with localized prostate cancer and consecutively treated with iodine(125) (I(125)) or palladium(103) (Pd(103)) brachytherapy and neoadjuvant external beam radiation therapy. Multivariate regression analysis was used to create a pretreatment clinical prognostic risk model using a modified ASTRO consensus definition (two consecutive rises in serum PSA) as the outcome. Gleason scoring was performed by pathologists at a small community hospital. Derived risk categories are the following: low = PSA <or=10 ng/mL, Gleason sum score <7, and stage <T2c; intermediate = PSA >10 ng/mL or Gleason Score >or=7 or stage >or=T2c (1 intermediate risk factor); and high = 2 or more intermediate risk factors. Time to PSA failure (local, distant, or biochemical) was calculated and compared using Kaplan-Meier plots. RESULTS: Ten-year BRFS for the entire treatment group was 70%. Biochemical control rates by risk cohort analysis (95% confidence interval): low risk, 85% (83.3-90.7%); intermediate risk, 77% (73.0-84.5%); and high risk, 45% (45.4-57.2%). Using a risk grouping proposed by the Mt. Sinai group, the BRFS was: low risk, 84%; intermediate risk, 93%; and high risk, 57%. Grouping by the risk classification used by D'Amico, the BRFS was: low risk, 86%; intermediate risk, 90%; and high risk, 48%. CONCLUSIONS: I(125) or Pd(103) brachytherapy, as a boost combined with EBRT, continues to result in high rates of biochemical control at 10 years. Different risk group classification schemes lead to different BRFS results.",Int J Radiat Oncol Biol Phys,2003,57,944-52,10.1016/s0360-3016(03)00739-9,https://www.ncbi.nlm.nih.gov/pubmed/14575824,HIGH RISK,positive,1,
25964594,Hypofractionated Dose Escalated 3D Conformal Radiotherapy for Prostate Cancer: Outcomes from a Mono-Institutional Phase II Study,Tramacere F,"BACKGROUND/AIM: Based on a radiobiological assumption of a low alpha/beta (α/β) ratio for prostate cancer, hypofractionated radiotherapy has increasingly gained traction in the clinical practice and recent guidelines have confirmed the non-inferiority of this approach. Nevertheless, the largest studies that have used hypofractionation so far, employed image-guided radiation therapy/intensity modulated radiation therapy (IGRT/IMRT) facilities that might have overcome the radiobiological advantages, which remain to be fully confirmed. The aim of this trial was to evaluate the feasibility of a hypofractionated schedule delivered with 3D-Conformal Radiotherapy to prostate and seminal vesicles in combination with hormonal therapy. PATIENTS AND METHODS: The study included 97 consecutive patients with localized prostate cancer (PCa), irrespective of risk class, treated with a schedule of 62 Gy in 20 fractions over 5 weeks (4 fractions of 3.1 Gy each per week). According to National Comprehensive Cancer Network (NCCN) prognostic classification, patients were divided into a favourable group (19%), intermediate group (41%) and unfavourable group (40%). Early and late toxicities were scored using the radiation toxicity grading/European Organisation for Research and Treatment of Cancer (RTOG/EORTC) criteria. Additionally, the international prostate symptom index (IPSS) for benign prostate hypertrophy was used to evaluate obstructive urinary symptoms. Biochemical outcome was reported according to the Phoenix definition for biochemical failure. Hormonal therapy (HT) was administrated in 92% of patients. RESULTS: After a median follow-up of 39 months (range=25-52), maximum ≥G2 late genitourinary (GU) and gastrointestinal (GI) toxicities occurred in 8% and 11% patients, respectively. The corresponding figures for acute toxicities were 24% and 15%. Patients with higher IPSS score before enrolment had significantly worse urinary function after treatment. Only 2% of patients died from PCa. Biochemical non-evidence of disease (bNED) was 83% for all patients. CONCLUSION: Our study confirms that 3D conformal radiotherapy (3DCRT) remains a safe and effective method to deliver a dose-escalated hypofractionated regimen for PCa patients in all risk classes with acceptable toxicity rates and optimal biochemical control.",Anticancer Res,2015,35,3049-54,,https://www.ncbi.nlm.nih.gov/pubmed/25964594,,negative,0,2015.0
