pmid,title,author,abstract,journal,year,volume,pages,doi,url,risk_category,dataset,label,year_group
21163590,Phase I trial of pelvic nodal dose escalation with hypofractionated IMRT for high-risk prostate cancer,Adkison JB,"PURPOSE: Toxicity concerns have limited pelvic nodal prescriptions to doses that may be suboptimal for controlling microscopic disease. In a prospective trial, we tested whether image-guided intensity-modulated radiation therapy (IMRT) can safely deliver escalated nodal doses while treating the prostate with hypofractionated radiotherapy in 5½ weeks. METHODS AND MATERIALS: Pelvic nodal and prostatic image-guided IMRT was delivered to 53 National Comprehensive Cancer Network (NCCN) high-risk patients to a nodal dose of 56 Gy in 2-Gy fractions with concomitant treatment of the prostate to 70 Gy in 28 fractions of 2.5 Gy, and 50 of 53 patients received androgen deprivation for a median duration of 12 months. RESULTS: The median follow-up time was 25.4 months (range, 4.2-57.2). No early Grade 3 Radiation Therapy Oncology Group or Common Terminology Criteria for Adverse Events v.3.0 genitourinary (GU) or gastrointestinal (GI) toxicities were seen. The cumulative actuarial incidence of Grade 2 early GU toxicity (primarily alpha blocker initiation) was 38%. The rate was 32% for Grade 2 early GI toxicity. None of the dose-volume descriptors correlated with GU toxicity, and only the volume of bowel receiving ≥30 Gy correlated with early GI toxicity (p = 0.029). Maximum late Grades 1, 2, and 3 GU toxicities were seen in 30%, 25%, and 2% of patients, respectively. Maximum late Grades 1 and 2 GI toxicities were seen in 30% and 8% (rectal bleeding requiring cautery) of patients, respectively. The estimated 3-year biochemical control (nadir + 2) was 81.2 ± 6.6%. No patient manifested pelvic nodal failure, whereas 2 experienced paraaortic nodal failure outside the field. The six other clinical failures were distant only. CONCLUSIONS: Pelvic IMRT nodal dose escalation to 56 Gy was delivered concurrently with 70 Gy of hypofractionated prostate radiotherapy in a convenient, resource-efficient, and well-tolerated 28-fraction schedule. Pelvic nodal dose escalation may be an option in any future exploration of potential benefits of pelvic radiation therapy in high-risk prostate cancer patients.",Int J Radiat Oncol Biol Phys,2012,1,,doi: 10.1016/j.ijrobp.2010.09.018. Epub 2010 Dec 14,https://www.ncbi.nlm.nih.gov/pubmed/21163590,,negative,0,2010.0
20201830,Relationship between prostate cancer mortality and number of unfavourable risk factors in men treated with definitive brachytherapy,Taira AV,"OBJECTIVE: To explore whether the number of unfavourable pretreatment risk factors predicts cause-specific mortality in men treated with prostate brachytherapy. PATIENTS AND METHODS: Between April 1995 and March 2006, 739 patients were treated who had at least one of the following adverse risk factors: pretreatment prostate-specific antigen (PSA) level of >10 ng/mL, a Gleason score of > or =7, clinical stage > or =T2b, or a PSA velocity (PSAV) of >2 ng/mL/year. Supplemental external beam radiotherapy (EBRT) was delivered to 464 (62.8%) men and 301 (40.7%) received androgen deprivation therapy (ADT). Of men with more than two risk factors, 87% received EBRT and 62% received ADT. RESULTS: The biochemical progression-free survival (bPFS), cause-specific survival (CSS) and overall survival for all patients were 95.0%, 97.9% and 70.0% at 12 years. Men with three or four risk factors had a prostate cancer-specific mortality (PCSM) at 12 years of 5.3%, vs 1.7% for men with one or two risk factors (P= 0.006). When 'percentage of positive biopsy cores >50%' replaced PSAV as a risk factor, men with two or more risk factors had a PCSM of 8.9%, vs 1.0% for men with one or two risk factors (P= 0.001). There was no difference in all-cause mortality between the groups in either analysis. CONCLUSION: Multimodal brachytherapy results in high rates of bPFS and CSS, even for men with several unfavourable risk factors. Men with two or more unfavourable risk factors had a slightly greater risk of PCSM and no difference in all-cause mortality. The presence of three or four unfavourable intermediate-risk factors does not appear to clearly identify a group that requires further treatment intensification, although the percentage of positive cores might be more predictive than PSAV.",BJU Int,2010,106,809-14,doi: 10.1111/j.1464-410X.2010.09269.x. Epub 2010 Mar 1,https://www.ncbi.nlm.nih.gov/pubmed/20201830,,negative,0,2010.0
16169683,Hypofractionated intensity-modulated radiotherapy (70 gy at 2.5 Gy per fraction) for localized prostate cancer: long-term outcomes,Kupelian PA,"PURPOSE: To analyze the long-term relapse-free survival and toxicity rates in patients treated with hypofractionated intensity-modulated radiotherapy. METHODS AND MATERIALS: The study sample includes the first 100 consecutive localized prostate cancer patients treated to 70.0 Gy at 2.5 Gy per fraction. The median follow-up was 66 months (range, 3 to 75 months). Biochemical failure was the study endpoint, using both the ASTRO definition (A-bRFS) and the alternate ""nadir + 2 ng/mL"" definition (N-bRFS). RTOG scores were used to assess toxicity. RESULTS: The 5-year A-bRFS and N-bRFS rates were 85% (95%CI, 78-93%) and 88% (95%CI, 82-95%) for all cases, respectively. For low, intermediate and high-risk disease, the 5-year A-bRFS rates were 97%, 88%, and 70%. The corresponding 5-year N-bRFS rates were 97%, 93%, and 75%, respectively. The acute rectal toxicity scores were 0 in 20, 1 in 61, and 2 in 19 patients. The acute urinary toxicity scores were 0 in 9, 1 in 76, and 2 in 15 patients. The late rectal toxicity scores were 0 in 71, 1 in 19, 2 in 7, and 3 in 3 patients. The actuarial late Grade 3 rectal toxicity rate at 5 years was 3%. A number of the toxicities observed either resolved spontaneously or were corrected. At last follow-up, the rate of combined Grades 2 and 3 late rectal toxicity at 5 years was only 5%. The late urinary toxicity scores were 0 in 75, 1 in 13, 2 in 11, and 3 in 1 patients. The actuarial late Grade 3 urinary toxicity rate at 5 years was 1%. CONCLUSION: With a median follow-up of 66 months, the long-term results after high-dose hypofractionation are excellent. Late toxicity, urinary and rectal, has been limited. High-dose hypofractionation is an alternative dose escalation method in the treatment of localized prostate cancer.",Int J Radiat Oncol Biol Phys,2005,1,,doi: 10.1016/j.ijrobp.2005.05.054. Epub 2005 Sep 19,https://www.ncbi.nlm.nih.gov/pubmed/16169683,,negative,0,2005.0
21163586,High-dose-rate brachytherapy boost for prostate cancer: comparison of two different fractionation schemes,Kaprealian T,"PURPOSE: This is a retrospective study comparing our experience with high-dose-rate (HDR) brachytherapy boost for prostate cancer, using two different fractionation schemes, 600 cGy × 3 fractions (patient group 1) and 950 cGy × 2 fractions (patient group 2). METHODS AND MATERIALS: A total of 165 patients were treated for prostate cancer using external beam radiation therapy up to a dose of 45 Gy, followed by an HDR brachytherapy prostate radiation boost. Between July 1997 and Nov 1999, 64 patients were treated with an HDR boost of 600 cGy × 3 fractions; and between June 2000 and Nov 2005, 101 patients were treated with an HDR boost of 950 cGy × 2 fractions. All but 9 patients had at least one of the following risk features: pretreatment prostate-specific antigen (PSA) level >10, a Gleason score ≥7, and/or clinical stage T3 disease. RESULTS: Median follow-up was 105 months for group 1 and 43 months for group 2. Patients in group 2 had a greater number of high-risk features than group 1 (p = 0.02). Adjusted for comparable follow-up, there was no difference in biochemical no-evidence-of-disease (bNED) rate between the two fractionation scheme approaches, with 5-year Kaplan-Meier estimates of 93.5% in group 1 and 87.3% in group 2 (p = 0.19). The 5-year estimates of progression-free survival were 86% for group 1 and 83% for group 2 (p = 0.53). Among high-risk patients, there were no differences in bNED or PFS rate due to fractionation. CONCLUSIONS: Results were excellent for both groups. Adjusted for comparable follow-up, no differences were found between groups.",Int J Radiat Oncol Biol Phys,2012,1,,doi: 10.1016/j.ijrobp.2010.09.021. Epub 2010 Dec 14,https://www.ncbi.nlm.nih.gov/pubmed/21163586,,negative,0,2010.0
11743287,Radical prostatectomy for pathological Gleason 8 or greater prostate cancer: influence of concomitant pathological variables.,Lau WK,"PURPOSE: We evaluated the long-term outcome of radical prostatectomy for pathological Gleason score 8 or greater prostate cancer and characterized the prognostic significance of other pathological variables. MATERIALS AND METHODS: A total of 6,419 patients underwent radical prostatectomy between 1987 and 1996. There were 407 patients classified as having pathological Gleason 8 or greater, including 8 in 48%, 9 in 49% and 10 in 3%. Adjuvant treatment was used in 45% of patients and adjuvant hormonal therapy was administered to 155 (38%). Progression-free, including local or systemic, and/or prostate specific antigen (PSA) 0.4 ng./ml. or greater, and cancer specific survival were determined by the Kaplan-Meier method. The effect of pathological grade and stage, preoperative PSA, DNA ploidy, margin status, tumor dimension, seminal vesicle invasion, and adjuvant treatment was assessed with the univariate and multivariate analyses. RESULTS: Pathological stage distribution was pT2 in 26% of patients, pT3 48% and pTxN+ 27%. Overall and progression-free survival at 10 years was 67% and 36%, respectively, compared to cancer specific survival 85%. Adjuvant treatment, pathological stage, preoperative PSA and pathological grade were significant (less than 0.05) univariate predictors of progression-free survival. Pathological stage, margin status and ploidy were univariately associated with cancer specific survival. Progression-free survival at 10 years of those patients who did and did not receive adjuvant treatment was 52% and 23%, respectively. In the multivariate analysis pathological grade (p=0.02), preoperative PSA (p <0.0001), adjuvant therapy (p <0.0001) and pathological stage (p=0.036) were significant independent predictors of progression-free survival. CONCLUSIONS: High grade prostate cancer can be controlled with radical prostatectomy in some patients with disease confined pathologically, and 10-year cause specific survival is 96%. Predictors of outcome in patients with Gleason 8 disease or greater are similar to established predictors derived by using all grades. Although adjuvant hormonal therapy appears to improve disease progression rates after radical prostatectomy on the basis of this nonrandomized study, it may not affect prostate cancer death rates within 10 years in patients with high grade cancer.",J Urol,2002,167,117-22,,https://www.ncbi.nlm.nih.gov/pubmed/11743287,HIGH RISK,positive,1,
31964317,"Is ""extreme"" bladder neck preservation in robot-assisted radical prostatectomy a safe procedure?",Dal Moro F,"INTRODUCTION: The aim was to investigate the surgical and pathological outcomes of an ""extreme"" bladder neck preservation in prostate cancer patients treated with robotic radical prostatectomy. The greatest concern about the ""extreme"" bladder neck preservation is the potential risk of creating a positive surgical margin at the level of bladder neck. MATERIALS AND METHODS: We prospectively collected data from 88 patients with diagnosed prostate cancer who underwent robotic radical prostatectomy with ""'extreme' bladder neck preservation."" All surgical procedures were performed by the same expert surgeon (F.D.M.). In this study, ""'extreme' bladder neck preservation"" was considered when the length of the spared intraprostatic segment of bladder neck was ⩾1 cm. We compared the histopathologic data with those of a homogeneous similar cohort of 88 consecutive patients who underwent robotic radical prostatectomy without bladder neck preservation. RESULTS: The two groups analyzed were comparable according to clinical and pathological characteristics. A positive surgical margin at the level of bladder neck was found in five (5.7%) cases in the ""extreme"" bladder neck preservation group and in six cases (6.8%) in the no-bladder neck preservation group. The prostatic base was involved by neoplasia in 14 and 19 patients (15.9% and 21.6%, respectively); of these, five (35.7%) and six (31.6%) had positive surgical margin at the level of bladder neck, respectively. The pathological staging in positive surgical margin at the level of bladder neck patients was pT3 in five (100%) cases in the ""extreme"" bladder neck preservation group and in four (66.7%) cases when we decided not to preserve the bladder neck. CONCLUSION: We demonstrated that ""extreme"" bladder neck preservation is a safe oncological procedure with similar pathologic findings of a comparable no-bladder neck preservation series. Positive surgical margins at the level of bladder neck are linked to neoplasia with adverse pathological features, rather than the ""extreme"" bladder neck preservation procedure.",Urologia,2020,87,149-154,doi: 10.1177/0391560319899253. Epub 2020 Jan 22,https://www.ncbi.nlm.nih.gov/pubmed/31964317,,negative,0,2020.0
31733323,Stereotactic Body Radiation Therapy to the Prostate Bed: Results of a Phase 1 Dose-Escalation Trial,Sampath S,"PURPOSE: The primary objectives of this study were to evaluate toxicity of escalating doses of prostate bed stereotactic body radiation therapy and to provide dose recommendations for a phase 2 study. METHODS AND MATERIALS: Patients with organ-confined, node-negative prostate cancer who had biochemical failure (prostate-specific antigen [PSA] less than 2.0) after prostatectomy were eligible for this phase 1 dose-escalation trial. Doses delivered were 35 Gy, 40 Gy, and 45 Gy in 5 fractions, given every other day. Dose-limiting toxicity (DLT) was defined as Common Terminology Criteria for Adverse Events (version 4.0) grade 3 or higher gastrointestinal or genitourinary (GU) toxicity within 90 days of treatment. Maximum tolerated dose was the highest dose to be tested where fewer than 2 of the patients experienced DLT. Patients completed quality-of-life questionnaires at regular time intervals. RESULTS: Twenty-six patients completed treatment between October 2013 and December 2017. Three patients received 35 Gy, 8 patients received 40 Gy, and 15 patients received 45 Gy. The median follow-up was 60 months for 35 Gy, 48 months for 40 Gy, and 33 months for 45 Gy. No acute DLT events were observed. Late grade ≥2 and ≥3 gastrointestinal toxicity occurred in 11% and 0%, respectively, and late grade ≥2 and ≥3 GU toxicity occurred in 38% and 15%, respectively. No difference was observed in late GU toxicity between 40 Gy and 45 Gy. Sexual function scores were significantly lower in the patients receiving androgen deprivation therapy (P < .01). In all patients, the crude rate of PSA control (<0.2 ng/mL) was 11 out of 26 (42%). CONCLUSIONS: Dose escalation to 45 Gy did not result in acute DLT events, had similar rates of late grade 3 toxicity, and did not demonstrate higher rates of PSA control, compared with 40 Gy. While allowing for higher plan heterogeneity, the recommended dose for phase 2 study will be 40 Gy in 5 fractions.",Int J Radiat Oncol Biol Phys,2020,1,,doi: 10.1016/j.ijrobp.2019.11.005. Epub 2019 Nov 13,https://www.ncbi.nlm.nih.gov/pubmed/31733323,,negative,0,2020.0
25711672,Salvage radical prostatectomy for recurrent prostate cancer: verification of European Association of Urology guideline criteria,Mandel P,"OBJECTIVE: To analyse oncological and functional outcomes of salvage radical prostatectomy (SRP) in patients with recurrent prostate cancer and to compare outcomes of patients within and outside the European Association of Urology (EAU) guideline criteria (organ-confined prostate cancer ≤T2b, Gleason score ≤7 and preoperative PSA level <10 ng/mL) for SRP. PATIENTS AND METHODS: In all, 55 patients who underwent SRP from January 2007 to December 2012 were retrospectively analysed. Kaplan-Meier curves assessed time to biochemical recurrence (BCR), metastasis-free survival (MFS) and cancer-specific survival. Cox regressions addressed factors influencing BCR and MFS. BCR was defined as a PSA level of >0.2 ng/mL and rising, continence as the use of 0-1 safety pad/day, and potency as a five-item version of the International Index of Erectile Function score of ≥18. RESULTS: The median follow-up was 36 months. After SRP, 42.0% of the patients experienced BCR, 15.9% developed metastasis, and 5.5% died from prostate cancer. Patients fulfilling the EAU guideline criteria were less likely to have positive lymph nodes (LNs) and had significantly better BCR-free survival (5-year BCR-free survival 73.9% vs 11.6%; P = 0.001). In multivariate analysis, low-dose-rate brachytherapy as primary treatment (P = 0.03) and presence of positive LNs at SRP (P = 0.02) were significantly associated with worse BCR-free survival. The presence of positive LNs or Gleason score >7 at SRP were independently associated with metastasis. The urinary continence rate at 1 year after SRP was 74%. Seven patients (12.7%) had complications ≥III (Clavien grade). CONCLUSION: SRP is a safe procedure providing good cancer control and reasonable urinary continence. Oncological outcomes are significantly better in patients who met the EAU guideline recommendations.",BJU Int,2016,117,55-61,doi: 10.1111/bju.13103. Epub 2015 May 11,https://www.ncbi.nlm.nih.gov/pubmed/25711672,,negative,0,2015.0
15758725,Contemporary survival results and the role of radiation therapy in patients with node negative seminal vesicle invasion following radical prostatectomy,Eggener SE,"PURPOSE: Seminal vesicle invasion (SVI) in a radical prostatectomy (RRP) specimen is associated with a guarded prognosis. We evaluated patients with SVI treated in the pre-prostate specific antigen (PSA) (1983 to 1991) and PSA (1992 to 2003) eras. MATERIALS AND METHODS: Of patients with prostate cancer treated with RRP from January 1983 through March 2002, 220 with SVI were evaluated, including 67 in the pre-PSA era and 153 in the PSA era. Postoperative PSA greater than 0.2 ng/ml was considered biochemical evidence of cancer progression. Survival rates were compared using Kaplan-Meier estimates to calculate progression-free, cancer specific and all cause survival. Multivariate Cox proportional hazard models were used to correlate variables with disease progression. RESULTS: The incidence of SVI in the PSA era was lower than in the pre-PSA era (6.0% vs 10.2%, p = 0.001). To date 124 patients (56%) have had evidence of cancer progression. The 4 and 7-year progression-free, cancer specific and all cause survival rates were significantly higher in men with SVI in the PSA era (p = 0.02). PSA at diagnosis, cancerous surgical margins and higher Gleason score were significantly associated with progression. Neither adjuvant nor salvage radiotherapy appeared to confer a significant progression-free survival benefit. CONCLUSIONS: The incidence of SVI has decreased in the PSA era. Progression-free, cancer specific and all cause survival rates following RRP in patients with SVI have improved in the PSA era. This may reflect earlier detection in this pathological tumor stage and more favorable prognostic factors associated with PSA screening. Adjuvant radiotherapy does not appear to confer any therapeutic benefit. Salvage radiotherapy can lead to durable PSA regressions in a small percent of men, although no long-term survival advantage can be proved.",J Urol,2005,173,1150-5,doi: 10.1097/01.ju.0000155158.79489.48,https://www.ncbi.nlm.nih.gov/pubmed/15758725,,negative,0,2005.0
23541457,A new risk classification system for therapeutic decision making with intermediate-risk prostate cancer patients undergoing dose-escalated external-beam radiation therapy.,Zumsteg ZS,"BACKGROUND: The management of intermediate-risk prostate cancer (PCa) is controversial, in part due to the heterogeneous nature of patients falling within this classification. OBJECTIVE: We propose a new risk stratification system for intermediate-risk PCa to aid in prognosis and therapeutic decision making. DESIGN, SETTING, AND PARTICIPANTS: Between 1992 and 2007, 1024 patients with National Comprehensive Cancer Network intermediate-risk PCa and complete biopsy information were treated with definitive external-beam radiation therapy (EBRT) utilizing doses ≥ 81 Gy. Unfavorable intermediate-risk (UIR) PCa was defined as any intermediate-risk patient with a primary Gleason pattern of 4, percentage of positive biopsy cores (PPBC) ≥ 50%, or multiple intermediate-risk factors (IRFs; cT2b-c, prostate-specific antigen [PSA] 10-20, or Gleason score 7). INTERVENTION: All patients received EBRT with ≥ 81 Gy with or without neoadjuvant and concurrent androgen-deprivation therapy (ADT). OUTCOME MEASUREMENTS AND STATISTICAL ANALYSIS: Univariate and multivariate analyses were performed using a Cox proportional hazards model for PSA recurrence-free survival (PSA-RFS) and distant metastasis (DM). PCa-specific mortality (PCSM) was analyzed using a competing-risk method. RESULTS AND LIMITATIONS: Median follow-up was 71 mo. Primary Gleason pattern 4 (hazard ratio [HR]: 3.26; p<0.0001), PPBC ≥ 50% (HR: 2.72; p=0.0007), and multiple IRFs (HR: 2.20; p=0.008) all were significant predictors of increased DM in multivariate analyses. Primary Gleason pattern 4 (HR: 5.23; p<0.0001) and PPBC ≥ 50% (HR: 4.08; p=0.002) but not multiple IRFs (HR: 1.74; p=0.21) independently predicted for increased PCSM. Patients with UIR disease had inferior PSA-RFS (HR: 2.37; p<0.0001), DM (HR: 4.34; p=0.0003), and PCSM (HR: 7.39; p=0.007) compared with those with favorable intermediate-risk disease, despite being more likely to receive neoadjuvant ADT. Short follow-up and retrospective study design are the primary limitations. CONCLUSIONS: Intermediate-risk PCa is a heterogeneous collection of diseases that can be separated into favorable and unfavorable subsets. These groups likely will benefit from divergent therapeutic paradigms.",Eur Urol,2013,64,895-902,10.1016/j.eururo.2013.03.033,https://www.ncbi.nlm.nih.gov/pubmed/23541457,INTERMEDIATE RISK,positive,1,
17189063,Five-year outcome of intraoperative conformal permanent I-125 interstitial implantation for patients with clinically localized prostate cancer.,Zelefsky MJ,"PURPOSE: To report the 5-year tumor control and toxicity outcomes for patients with localized prostate treated with I-125 permanent implantation using an intraoperative real-time conformal planning technique. METHODS AND MATERIALS: Between January 1998 and June 2002, 367 patients with prostate cancer were treated with I-125 permanent interstitial implantation using a transrectal ultrasound-guided approach. Real-time intraoperative treatment planning which incorporated inverse planning optimization was used. The median follow-up time was 63 months. RESULTS: The median V100 and D90 were 96% and 173 Gy, respectively. In 96% of cases a D90 of >140 Gy was achieved. The median urethral and rectal doses were 100% and 33% of the prescription doses, respectively. The 5-year PSA relapse-free survival outcomes for favorable and intermediate risk patients according to the ASTRO definition were 96% and 89%, respectively. In these patients no dosimetric parameter was identified which influenced the biochemical outcome. Of 38% who developed acute Grade 2 urinary symptoms, 63% had resolution of their symptoms within a median time of 6 months. The incidence of late rectal and urinary Grade 3 or higher toxicities were 1% and 4%, respectively. Seven percent (n = 27) developed late rectal bleeding (Grade 2) and 19% experienced late Grade 2 urinary symptoms. CONCLUSION: Real-time intraoperative planning consistently achieved optimal coverage of the prostate with the prescription dose with concomitant low doses delivered to the urethra and rectum. Biochemical control outcomes were excellent at 5 years and late toxicity was unusual. These data demonstrate that real-time planning methods can consistently and reliably deliver the intended dose distribution to achieve an optimal therapeutic ratio between the target and normal tissue structures.",Int J Radiat Oncol Biol Phys,2007,67,65-70,10.1016/j.ijrobp.2006.08.030,https://www.ncbi.nlm.nih.gov/pubmed/17189063,LOW RISK,positive,1,
25806763,Low-dose-rate brachytherapy for low-grade prostate cancer,Raabe NK,"BACKGROUND: Prostate cancer is a radiosensitive type of cancer for which radiotherapy is used for both curative and palliative purposes. Low-dose-rate brachytherapy is an internal radiotherapy technique which allows high doses of radiation to be delivered to a tumour at short range and with a high degree of precision. We have conducted a systematic review of the evidence base for this treatment. The method is not established in Norway. METHOD: This review is based on systematic review articles and publications on treatment, outcomes, adverse effects and health economics considerations found by searching the databases Cochrane Library, Current Controlled Trials, Medline, Embase and NICE (National Institute of Clinical Excellence). RESULTS: Subsequent to long-term observations of the efficacy, adverse effects and costs presented in 43 selected studies, including one randomised, controlled trial, there is still uncertainty as to which of the three methods low-dose brachytherapy, external radiotherapy and radical prostatectomy is optimal. The reason for this is the methodological differences in patient selection and in endpoints such as biochemical disease-free interval and cause-specific survival. The evidence base appears to suggest that low-dose-rate brachytherapy causes more frequent grade 2 and 3 doctor-reported urogenital adverse effects than prostatectomy, but better patient-reported sexual functions and fewer patients with urinary incontinence than after surgery. Low-dose-rate brachytherapy appears to be socioeconomically cost-effective. INTERPRETATION: The evidence base with respect to therapeutic effect and toxicity in men with low-risk prostate cancer treated with low-dose brachytherapy is regarded as solidly documented. However, there are no good prospective randomised multi-centre trials with overall survival as an endpoint.",Tidsskr Nor Laegeforen,2015,24,,doi: 10.4045/tidsskr.13.1404. eCollection 2015 Mar 24,https://www.ncbi.nlm.nih.gov/pubmed/25806763,,negative,0,2015.0
21166755,Pilot study of salvage laparoscopic prostatectomy for the treatment of recurrent prostate cancer,Ahallal Y,"OBJECTIVE: • To evaluate feasibility, safety and oncological efficacy of salvage laparoscopic radical prostatectomy for pathology-proven biochemical recurrence after primary radiation therapy or cryotherapy for prostate cancer. MATERIALS AND METHODS: • This retrospective pilot study examined 15 patients from 2004 to 2010 with biochemical recurrence after external beam radiation therapy (N= 8), brachytherapy (N= 6) or cryotherapy (N= 1). • Patients were treated with salvage laparoscopic radical prostatectomy (11 conventional, four robotic-assisted) with bilateral pelvic dissection. RESULTS: • Median duration of surgery was 235 min. None of the following occurred: conversion to open surgery, transfusion, urethrovesical stenosis or perioperative or postoperative mortality. One patient presented with a rectal injury, repaired using uninterrupted sutures and a colostomy. One patient had anastomotic leak treated with prolonged Foley catheterization. • Pathological stage was pT2a in three, pT2b in three, pT3a in four, pT3b in three and pT4 in two patients; two patients had nodal metastasis. Within an 8-month median follow-up, 11 patients were disease-free and three had persistent postoperative prostate-specific antigen (PSA) elevation; the remaining patient experienced PSA recurrence after 21 months. • Seven patients achieved continence (no pads) by 8.4 months (median), one patient manifested severe incontinence corrected by implanting an artificial sphincter, and seven patients with a 12.6-month mean follow-up continued to need one or two pads per day. • Erectile dysfunction was present in five patients before surgery and in 14 patients after surgery. CONCLUSION: • Salvage laparoscopic radical prostatectomy seems to offer a safe therapeutic alternative for patients failing primary radiation or cryotherapy. However, larger studies with longer-term data are required.",BJU Int,2011,108,724-8,doi: 10.1111/j.1464-410X.2010.09924.x. Epub 2010 Dec 16,https://www.ncbi.nlm.nih.gov/pubmed/21166755,,negative,0,2010.0
26112477,Salvage brachytherapy for locally recurrent prostate cancer after external beam radiotherapy,Yamada Y,"External beam radiotherapy (EBRT) is a standard treatment for prostate cancer. Despite the development of novel radiotherapy techniques such as intensity-modulated conformal radiotherapy, the risk of local recurrence after EBRT has not been obviated. Various local treatment options (including salvage prostatectomy, brachytherapy, cryotherapy, and high-intensity focused ultrasound [HIFU]) have been employed in cases of local recurrence after primary EBRT. Brachytherapy is the first-line treatment for low-risk and selected intermediate-risk prostate tumors. However, few studies have examined the use of brachytherapy to treat post-EBRT recurrent prostate cancer. The purpose of this paper is to analyze the current state of our knowledge about the effects of salvage brachytherapy in patients who develop locally recurrent prostate cancer after primary EBRT. This article also introduces our novel permanent brachytherapy salvage method.",Asian J Androl,2015,,-,doi: 10.4103/1008-682X.151391,https://www.ncbi.nlm.nih.gov/pubmed/26112477,,negative,0,2015.0
26399602,Salvage radiation therapy following radical prostatectomy. A national Danish study,Ervandian M,"BACKGROUND: The purpose of this observational cohort study was to evaluate the outcome and prognostic factors following salvage radiotherapy (SRT) in a consecutive national cohort. MATERIAL AND METHODS: Between 2006 and 2010, 259 patients received SRT in Denmark. Patient- and cancer-related characteristics were retrospectively retrieved from patient charts. The primary end point was biochemical progression-free survival (b-PFS). RESULTS: At the end of follow-up, 51% of the patients displayed a prostate-specific antigen (PSA) level <0.1 ng/ml. The three-year b-PFS rate for the total cohort was 57.0%. Nearly half of the patients (44%) received androgen deprivation therapy (ADT) in combination with SRT. Positive surgical tumour margins (p = 0.025) and ADT (p = 0.001) were the only markers independently correlated with b-PFS. In patients who received SRT without ADT, both a pre-SRT PSA level ≤0.5 ng/ml (p = 0.003) and pathological tumour stage T1-T2 (p = 0.036) independently correlated with b-PFS. Moreover, a duration between radical prostatectomy (RP) and SRT ≤29 months (p = 0.035) independently correlated with b-PFS in patients treated with ADT in combination with RT. CONCLUSIONS: In patients treated for biochemical failure after RP, positive surgical tumour margins and PSA levels ≤0.5 ng/mL at the time of SRT were associated with a favourable outcome. Despite less favourable tumour characteristics, patients receiving SRT and ADT demonstrated improved b-PFS, and in particular, patients with PSA levels >0.2 ng/ml benefitted from additional ADT.",Acta Oncol,2016,55,598-603,doi: 10.3109/0284186X.2015.1088170. Epub 2015 Sep 23,https://www.ncbi.nlm.nih.gov/pubmed/26399602,,negative,0,2015.0
26597660,A prospective clinical trial of HIFU hemiablation for clinically localized prostate cancer,van Velthoven R,"BACKGROUND: Focal therapy is an emerging mini-invasive treatment modality for localized prostate cancer aimed to reduce the morbidity associated with radical therapy while maintaining optimal cancer control. We report the mid-term oncological and functional results of primary hemiablation high-intensity focused ultrasound (HIFU) in a prospective cohort of patients. METHODS: Over 8 years, hemiablation HIFU was primarily performed in 50 selected patients with biopsy-proven clinically localized unilateral, low-intermediate risk prostate cancer in complete concordance with the prostate cancer lesions identified by magnetic resonance imaging with precise loci matching on multimodal approach. Post-treatment follow-up included regular serial PSA measurements. Biochemical recurrence was reported using Stuttgart and Phoenix criteria. The latter was used as a threshold to offer whole-gland biopsies. RESULTS: Complete follow-up was available for all patients and the median follow-up was 39.5 months (range: 6-94). Mean nadir PSA value was 1.6 ng ml(-1), which represents 72% reduction compared with initial PSA pre-treatment value (P<0.001). Median time to achieve PSA nadir was 3 months. Biochemical recurrence, according to Phoenix and Stuttgart definition, occurred in 28 and 36% of patients, respectively. The 5-year actuarial metastases-free survival, cancer-specific survival and overall survival rates were 93, 100 and 87%, respectively. Out of the eight patients undergoing biopsy, six patients had a positive biopsy for cancer occurring in the untreated contralateral (n=3) or treated ipsilateral lobe (n=1) or bilaterally (n=2). A Clavien-Dindo grade 3b complication occurred in two patients. Complete continence (no pads) and erection sufficient for intercourse were documented in 94 or 80% of patients, respectively. CONCLUSION: Hemiablation HIFU therapy, delivered with intention to treat, for carefully selected patients affords mid-term promising functional and oncological outcomes. The effectiveness of this technique should be now compared with whole-gland radical therapy.",Prostate Cancer Prostatic Dis,2016,19,79-83,doi: 10.1038/pcan.2015.55. Epub 2015 Nov 24,https://www.ncbi.nlm.nih.gov/pubmed/26597660,,negative,0,2015.0
26033633,Impact of obesity on outcomes after definitive dose-escalated intensity-modulated radiotherapy for localized prostate cancer,Wang LS,"BACKGROUND: Previous publications have demonstrated conflicting results regarding body mass index (BMI) and prostate cancer (CaP) outcomes after definitive radiotherapy (RT) before the dose escalation era. The goal of the current study was to determine whether increasing BMI was associated with outcomes in men with localized CaP who were treated with dose-escalated RT. METHODS: The authors identified patients with localized (T1b-T4N0M0) CaP who were treated with definitive intensity-modulated RT and image-guided RT from 2001 through 2010. BMI was analyzed as a continuous variable. Adjusting for confounders, multivariable competing risk and Cox proportional hazards regression models were used to assess the association between BMI and the risk of biochemical failure (BF), distant metastases (DM), cause-specific mortality (CSM), and overall mortality. RESULTS: Of the 1442 patients identified, approximately 20% had a BMI <25 kg/m(2) , 48% had a BMI of 25 to 29.9 kg/m(2) , 23% had a BMI of 30 to 34.9 kg/m(2) , 6% had a BMI of 35 to 39.9 kg/m(2) , and 4% had a BMI of ≥40 kg/m(2) . The median follow-up was 47.6 months (range, 1-145 months), with a median age of 68 years (range, 36-89 years). The median dose was 78 grays (range, 76-80 grays) and 30% of patients received androgen deprivation therapy. Increasing BMI was found to be inversely associated with age (P<.001) and pretreatment prostate-specific antigen level (P = .018). On multivariable analysis, increasing BMI was associated with an increased risk of BF (hazard ratio [HR], 1.03; 95% confidence interval [95% CI], 1.00-1.07 [P = .042]), DM (HR, 1.07; 95% CI, 1.02-1.11 [P = .004]), CSM (HR, 1.15; 95% CI, 1.07-1.23 [P<.001]), and overall mortality (HR, 1.05; 95% CI, 1.02-1.08 [P = .004]). CONCLUSIONS: For patients with CaP receiving dose-escalated intensity-modulated RT with daily image-guidance, increasing BMI appears to be associated with an increased risk of BF, DM, CSM, and overall mortality.",Cancer,2015,1,,doi: 10.1002/cncr.29472. Epub 2015 May 29,https://www.ncbi.nlm.nih.gov/pubmed/26033633,,negative,0,2015.0
16168838,Acute genitourinary toxicity after high-dose-rate (HDR) brachytherapy combined with hypofractionated external-beam radiation therapy for localized prostate cancer: correlation between the urethral dose in HDR brachytherapy and the severity of acute genitourinary toxicity,Akimoto T,"PURPOSE: Several investigations have revealed that the alpha/beta ratio for prostate cancer is atypically low, and that hypofractionation or high-dose-rate (HDR) brachytherapy regimens using appropriate radiation doses may be expected to yield tumor control and late sequelae rates that are better or at least as favorable as those achieved with conventional radiation therapy. In this setting, we attempted treating localized prostate cancer patients with HDR brachytherapy combined with hypofractionated external beam radiation therapy (EBRT). The purpose of this study was to evaluate the feasibility of using this approach, with special emphasis on the relationship between the severity of acute genitourinary (GU) toxicity and the urethral dose calculated from the dose-volume histogram (DVH) of HDR brachytherapy. METHODS AND MATERIALS: Between September 2000 and December 2003, 70 patients with localized prostate cancer were treated by iridium-192 HDR brachytherapy combined with hypofractionated EBRT at the Gunma University Hospital. Hypofractionated EBRT was administered in fraction doses of 3 Gy, three times per week; a total dose of 51 Gy was delivered to the prostate gland and the seminal vesicles using the four-field technique. No elective pelvic irradiation was performed. After the completion of EBRT, all the patients additionally received transrectal ultrasonography (TRUS)-guided HDR brachytherapy. The fraction size and the number of fractions in HDR brachytherapy were prospectively changed, whereas the total radiation dose for EBRT was fixed at 51 Gy. The fractionation in HDR brachytherapy was as follows: 5 Gy x 5, 7 Gy x 3, 9 Gy x 2, administered twice per day, although the biologic effective dose (BED) for HDR brachytherapy combined with EBRT, assuming that the alpha/beta ratio is 3, was almost equal to 138 in each fractionation group. The planning target volume was defined as the prostate gland with 5-mm margin all around, and the planning was conducted based on computed tomography images. The number of patients in each fractionation group was as follows: 13 in the 5-Gy group; 19 in the 7-Gy group, and 38 in the 9-Gy group. The tumor stage was T1 in 10 patients, T2 in 36 patients, and T3 in 24 patients. The Gleason score was 2-6 in 11 patients, 7 in 34 patients, and 8-10 in 25 patients. Androgen ablation was performed in all the patients. The median follow-up duration was 14 months (range 3-42 months). The toxicities were graded based on the Radiation Therapy Oncology Group/European Organization for Research and Treatment of Cancer toxicity criteria. RESULTS: The main symptoms of acute GU toxicity were dysuria and increase in urinary frequency or nocturia. The grade distribution of acute GU toxicity in the patients was as follows: Grade 0-1, 39 patients (56%), and Grade 2-4, 31 patients (44%). One patient who developed acute urinary obstruction was classified as having Grade 4 toxicity. Comparison of the distribution of the grade of acute GU toxicity among the different fractionation groups revealed no statistically significant differences among the groups. The urethral dose in HDR brachytherapy was evaluated using the following DVH parameters: V30 (percentage of the urethral volume receiving 30% of the prescribed radiation dose), V80, V90, V100, V110, V120, V130, and V150. The V30-110 values in the patients with Grade 2-4 acute GU toxicity were significantly higher than those in patients with Grade 0-1 toxicity. On the other hand, there were no significant differences in the V120-150 values between patients with Grade 0-1 and Grade 2-4 toxicity. Regarding the influence of the number of needles implanted for the radiation therapy, patients with 11 needles or less showed a significantly higher incidence of Grade 2-4 acute GU toxicity compared with those with 12 needles or more (p < 0.05). CONCLUSIONS: It was concluded that HDR brachytherapy combined with hypofractionated EBRT is feasible for localized prostate cancer when considered from the viewpoint of acute toxicity. Increase in the fraction dose or reduction in the number of fractions in HDR brachytherapy did not affect the severity of acute GU toxicity, and the volume of urethra receiving an equal or lower radiation dose than the prescribed dose was more closely associated with the grade severity of acute GU toxicity than that receiving a higher than the prescribed dose.",Int J Radiat Oncol Biol Phys,2005,1,,doi: 10.1016/j.ijrobp.2004.11.041,https://www.ncbi.nlm.nih.gov/pubmed/16168838,,negative,0,2005.0
31551125,A Phase I/II Study of Stereotactic Hypofractionated Once-weekly Radiation Therapy (SHORT) for Prostate Cancer,Mallick I,"AIMS: Stereotactic radiation therapy has been investigated predominantly in patients with low-intermediate-risk disease. We conducted a clinical trial of stereotactic hypofractionated radiation therapy delivered in once-weekly fractions on patients with all-risk non-metastatic disease to test feasibility, acute toxicities and patient-reported outcomes. MATERIALS AND METHODS: In this phase I/II study, 30 patients with prostatic adenocarcinoma, any Gleason score, T1-4N0 and prostate-specific antigen ≤60 ng/ml were treated with volumetric intensity modulated arc radiation therapy to a dose of 35 Gy in five fractions delivered once weekly. Patients with high-risk disease also received elective nodal irradiation to a dose of 25 Gy in five fractions simultaneously. Androgen deprivation was offered to intermediate- and high-risk patients. The primary outcome was acute toxicity. Secondary outcome measures included biochemical control and late toxicity. Patient-reported outcomes were measured using the International Prostate Symptom Score and European Organization for Research and Treatment of Cancer (EORTC) Quality-of-Life Questionnaire (QLQ). RESULTS: All 30 patients completed treatment per-protocol. Most patients had T3 (60%) and Gleason 7 (50%) tumours. The median prostate-specific antigen was 17 ng/ml. High-risk disease was present in 20 patients (66.7%). There was a low incidence of acute toxicities (grade 2 + urinary 3.3%, grade 2 rectal 0%). Within the EORTC QLQ framework, only the urinary symptom score showed a clinically meaningful worsening from a mean of 20/100 at baseline to 34/100 at the end of treatment (P < 0.001), but reduced to 24/100 at 6 months (P = 0.08). With a median follow-up of 41.5 months, two patients each reported grade 2 late urinary and rectal toxicity. The 3- and 4-year biochemical control rates were 96.7 and 87.9%, respectively. CONCLUSION: In a cohort of mainly high-risk cancers, stereotactic once-weekly radiation therapy was easy to implement and well tolerated, with a low incidence of acute and late toxicity and excellent biochemical control.",Clin Oncol (R Coll Radiol),2020,32,,doi: 10.1016/j.clon.2019.09.046. Epub 2019 Sep 21,https://www.ncbi.nlm.nih.gov/pubmed/31551125,,negative,0,2020.0
25682339,Focal Ablation Targeted to the Index Lesion in Multifocal Localised Prostate Cancer: a Prospective Development Study,Ahmed HU,"BACKGROUND: Although localised prostate cancer is multifocal in most instances, the index lesion might be responsible for disease progression. OBJECTIVE: To determine the early genitourinary functional and cancer control outcomes of index lesion ablation. DESIGN, SETTING, AND PARTICIPANTS: This was a single-centre prospective development study in which 56 men were treated (July 2009-January 2011). The mean age was 63.9 yr (standard deviation 5.8) and median prostate-specific antigen (PSA) was 7.4 ng/ml (interquartile range [IQR] 5.6-9.5). There were seven (12.5%) low-risk, 47 (83.9%) intermediate-risk, and two (3.6%) high-risk cancers. INTERVENTION: Multiparametric magnetic resonance imaging (mpMRI) and prostate biopsies to localise disease, followed by index lesion ablation using high-intensity focused ultrasound. OUTCOME MEASUREMENTS AND STATISTICAL ANALYSIS: Primary outcomes were genitourinary side effects measured using validated questionnaires. Secondary outcomes included absence of clinically significant disease at 12 mo. RESULTS AND LIMITATIONS: The composite of leak-free, pad-free continence, and erections sufficient for penetration decreased from a baseline frequency of 40/56 (71.4%) to 33/56 (58.9%) at 12 mo. Pad-free and leak-free, pad-free continence was preserved in 48/52 (92.3%) and 46/50 (92.0%) patients, respectively. Erections sufficient for intercourse were preserved in 30/39 (76.9%) patients. The median PSA nadir decreased to 2.4 ng/ml (IQR 1.6-4.1). At 12 mo, 42/52 (80.8%) patients had histological absence of clinically significant cancer and 85.7% (48/56) had no measurable prostate cancer (biopsy and/or mpMRI). Two (3.6%) patients had clinically significant disease in untreated areas not detected at baseline. The main study limitation is the short follow-up duration. CONCLUSIONS: Index lesion ablation had low rates of genitourinary side effects and acceptable short-term absence of clinically significant cancer. Comparative effectiveness trials are required to assess cancer control outcomes against radical therapy. PATIENT SUMMARY: In this study we looked at whether it is possible to treat the largest and highest-grade tumour in men who have more than one known prostate tumour. We show that the side effects of targeted ablation were low, with acceptable rates of early cancer control. Larger studies with longer follow-up are needed. TRIAL REGISTRATION: NCT00988130.",Eur Urol,2015,68,927-36,doi: 10.1016/j.eururo.2015.01.030. Epub 2015 Feb 11,https://www.ncbi.nlm.nih.gov/pubmed/25682339,,negative,0,2015.0
22494584,Twelve-month prostate-specific antigen values and perineural invasion as strong independent prognostic variables of long-term biochemical outcome after prostate seed brachytherapy.,Ding W,"PURPOSE: To determine whether post-treatment prostate-specific antigen (ptPSA) values at 12 months and other clinical parameters predict long-term PSA relapse-free survival (PRFS) following prostate seed brachytherapy. METHODS AND MATERIALS: Records of 204 hormone-naïve patients with localized adenocarcinoma of the prostate treated at St. Mary's Regional Medical Center in Reno, NV, and at Carson Tahoe Regional Medical Center in Carson City, NV, between 1998 and 2003, using I-125 or Pd-103 seed brachytherapy, were retrospectively analyzed. Treatment planning was done using a preplanned, modified peripheral loading technique. A total of 185 of 204 patients had PSA records at 12 months after implant. Variables included were age, initial pretreatment PSA, Gleason score, T stage, National Comprehensive Cancer Network (NCCN) risk group (RG), perineural invasion (PNI), external beam boost, dose, and ptPSA levels at 12 months with cutpoints at ≤1, 1.01 to 2.00, 2.01 to 3.00, and >3.00 ng/ml. RESULTS: Median follow-up was 80 months, and median age was 69 years. The numbers of patients stratified by NCCN low, intermediate, and high RG were 110:65:10, respectively. Monotherapy and boost prescription doses were 145 Gy and 110 Gy for I-125, and 125 Gy and 100 Gy for Pd-103 seeds, respectively. The median dose (D90) was 95.4% of the prescribed dose. The 5-year PRFS at the 12-months ptPSA levels of ≤1, 1.01 to 2.00, 2.01 to 3.00, and >3.00 ng/ml were 98.5%, 85.7%, 61.5%, and 22.2%, respectively. The 10-year PRFS at the 12-months ptPSA levels of ≤1 and 1.01 to 2.00 ng/ml were 90.5% and 85.7%, respectively. In multivariate analysis, both ptPSA and PNI were significant independent predictors of PRFS. Hazard ratios (HR) for ptPSA levels at ≤1, 1.01 to 2.00, 2.01 to 3.00, and >3.00 ng/ml at 12 months were 1, 4.96, 27.57, and 65.10, respectively. PNI had an HR of 6.1 (p=0.009). CONCLUSIONS: Presence of PNI and ptPSA values at 12 months are strong prognostic variables for long-term PRFS after definitive prostate brachytherapy seed implantation.",Int J Radiat Oncol Biol Phys,2012,84,962-7,10.1016/j.ijrobp.2012.01.043,https://www.ncbi.nlm.nih.gov/pubmed/22494584,LOW RISK,positive,1,
25819287,Is high dose rate brachytherapy reliable and effective treatment for prostate cancer patients? A review of the literature,De Bari B,"The intrinsic physical and radiobiological characteristics of High Dose Rate Brachytherapy (HDR-BT) are well suited to the treatment of prostate cancer. HDR-BT was initially used as a boost to external beam brachytherapy, but has subsequently been employed as the sole treatment, which is termed HDR monotherapy. This review summarizes the clinical outcomes and toxicity results of the principal studies and discusses the radiobiological basis supporting its use.",Crit Rev Oncol Hematol,2015,94,360-70,doi: 10.1016/j.critrevonc.2015.02.003. Epub 2015 Feb 17,https://www.ncbi.nlm.nih.gov/pubmed/25819287,,negative,0,2015.0
16165923,Combined curative radiotherapy including HDR brachytherapy and androgen deprivation in localized prostate cancer: a prospective assessment of acute and late treatment toxicity,Wahlgren T,"Self-reported symptoms including urinary, bowel and sexual side effects were investigated prospectively at multiple assessment points before and after combined radiotherapy of prostate cancer including HDR brachytherapy and neoadjuvant androgen deprivation therapy. Between April 2000 and June 2003, patients with predominantly advanced localized prostate tumours subjected to this treatment were asked before treatment and on follow-up visits to complete a questionnaire covering urinary, bowel and sexual problems. The mainly descriptive analyses included 525 patients, responding to at least one questionnaire before or during the period 2-34 months after radiotherapy. Adding androgen deprivation before radiotherapy significantly worsened sexual function. During radiotherapy, urinary, bowel and sexual problems increased and were reported at higher levels up to 34 months, although there seemed to be a general tendency to less pronounced irritative bowel and urinary tract symptoms over time. No side effects requiring surgery were reported. Classic late irradiation effects such as mucosal bleeding were demonstrated mainly during the second year after therapy, but appear less pronounced in comparison with dose escalated EBRT series. In conclusion, despite the high radiation dose given, the toxicity seemed comparable with that of other series but long term (5-10 years) symptom outcome has to be determined.",Acta Oncol,2005,44,633-43,doi: 10.1080/02841860510029716,https://www.ncbi.nlm.nih.gov/pubmed/16165923,,negative,0,2005.0
10758314,"Comparison of biochemical disease-free survival of patients with localized carcinoma of the prostate undergoing radical prostatectomy, transperineal ultrasound-guided radioactive seed implantation, or definitive external beam irradiation.",Stokes SH,"PURPOSE: This retrospective study compares the long-term biochemical disease-free survival for patients undergoing radical prostatectomy, transperineal ultrasound-guided (125)Iodine implantation, or external beam irradiation alone in a tertiary referral community-based hospital. METHODS AND MATERIALS: Five hundred forty patients were available for evaluation, which included: external beam, 132; (125)I, 186; and radical prostatectomy, 222. For the 318 patients referred to the Department of Radiation Oncology, those with T3 disease underwent external beam irradiation while patients with T1 or T2 underwent (125) 0.2 ng/mL or if they had three consecutive increases in their PSA or an increase in their postoperative PSA warranting intervention with androgen ablation or external beam irradiation to the pelvis. RESULTS: Patients were stratified by pretreatment risk groups predicting for post-treatment PSA recurrence. Patients were considered to be at a low or intermediate risk for recurrence if their clinical stage was T1c, T2a, T2b, pretreatment PSA level was </= 20 or their biopsy. Gleason score was </= 6, Patients were considered to be at high risk for failure if they were clinically stage T2c, T3, PSA at diagnosis > 20, or Gleason score was >/= 7. For 132 patients undergoing external beam irradiation, 28 of 37 low or intermediate risk obtained a 1 year nadir PSA of < 1 (76%) while 40% of high risk patients obtained nadir < 1. Of 186 patients undergoing (125)I, 112 of 147 low or intermediate risk (76%) obtained a nadir PSA < 1. Twenty of 39 (51%) high risk obtained a nadir PSA < 1. Of the 222 patients undergoing prostatectomy, 83 of 88 (94%) low or intermediate risk had undetectable levels of PSA at 1 year. One hundred seventeen of 134 (86%) were high risk and had undetectable levels of PSA at 1 year. The biochemical disease-free survival for patients with low or intermediate risk at 5 years is approximately 70% with no significant difference between those patients treated with radical prostatectomy, external beam, or (125)I. For those patients with high risk factors for recurrence, there is no significant difference between ultrasound-guided implant or external beam, but there is a significant improvement in biochemical disease-free survival with radical prostatectomy. CONCLUSION: For patients with low or intermediate risk disease, external beam, ultrasound-guided (125)I, or a radical prostatectomy give comparable long-term biochemical disease-free survival. For patients with high risk disease, a radical prostatectomy provides a significantly improved biochemical disease-free survival. Our current protocols utilize androgen ablation in combination with conformal three-dimensional external beam irradiation or androgen ablation in conjunction with external beam irradiation and (103)Pd seed implantation for patients at high risk for extra capsular disease. It is too early to determine if this combination therapy will give results comparable to radical prostatectomy. For patients who obtain a 1 year nadir PSA of < 1, the biochemical disease-free survival is durable with little risk of subsequent recurrence.",Int J Radiat Oncol Biol Phys,2000,47,129-36,10.1016/s0360-3016(99)00526-x,https://www.ncbi.nlm.nih.gov/pubmed/10758314,HIGH RISK,positive,1,
16223581,Patients at high risk of progression after radical prostatectomy: do they all benefit from immediate post-operative irradiation? (EORTC trial 22911),Collette L,"EORTC trial 22911 demonstrated that immediate postoperative irradiation significantly improved biochemical failure free survival (BPFS) compared to wait-and-see (W and S) until relapse in patients with pT2-3 tumours and pathological risk factors after radical prostatectomy. In this study, we have investigated the heterogeneity of the treatment benefit across defined subgroups of patients. Data from 972 patients were used. A risk model was developed in the W and S group and the Log-rank test for heterogeneity was applied (alpha=0.05). Positive surgical margin (SM+), seminal vesicle invasion (SV+), WHO differentiation grade, pre- and post-operative PSA were independent predictors for BPFS in the W and S group. Men with SV+ were at higher risk of relapse whereas those with SM+ but no capsule infiltration (ECE-) did not seem to differ from those with SM-ECE+ or with SM+ECE+. Postoperative irradiation improved biochemical progression-free survival in all patient groups. Longer follow-up is needed to assess the endpoint of clinical progression-free survival.",Eur J Cancer,2005,41,2662-72,doi: 10.1016/j.ejca.2005.06.024. Epub 2005 Oct 11,https://www.ncbi.nlm.nih.gov/pubmed/16223581,,negative,0,2005.0
16029788,Lack of benefit from a short course of androgen deprivation for unfavorable prostate cancer patients treated with an accelerated hypofractionated regime,Martinez AA,"PURPOSE: High-dose radiotherapy, delivered in an accelerated hypofractionated course, was utilized to treat prostate cancer. Therapy consisted of external beam radiotherapy (EBRT) and transrectal ultrasound (TRUS)-guided conformally modulated high-dose rate (HDR) brachytherapy. The purpose of this report is (1) to assess long-term comparative outcomes from three trials using similar accelerated hypofractionated regimes; and (2) to examine the long-term survival impact of a short course of < or =6 months adjuvant/concurrent androgen deprivation when a very high radiation dose was delivered. METHODS AND MATERIALS: Between 1986 and 2000, 1,260 patients were treated at three institutions with pelvic EBRT (36-50 Gy) integrated with HDR prostate brachytherapy. The total dose including brachytherapy was given over 5 weeks. The biologic equivalent EBRT dose ranged between 90 and 123 Gy (median, 102 Gy) using an alpha /beta of 1.2. Patient eligibility criteria included a pretreatment prostate-specific antigen > or =10, Gleason score > or =7, or clinical stage > or =T2b. A total of 1,260 patients were treated, and 934 meet the criteria. Kiel University Hospital treated 198 patients; William Beaumont Hospital, 315; and California Endocurietherapy Cancer Center, 459 patients. Brachytherapy dose regimes were somewhat different between centers and the dose was escalated from 5.5 x 3 to 15 Gy x 2 Gy. Patients were divided for analysis between the 406 who received up to 6 months of androgen deprivation therapy and the 528 patients who did not. All patients had a minimum follow-up of 18 months (3 times the exposure to androgen deprivation therapy). The American Society for Therapeutic Radiology and Oncology biochemical failure definition was used. RESULTS: Mean age was 69 years. Median follow-up time was 4.4 years (range, 1.5-14.5); 4 years for androgen deprivation therapy patients and 4.9 for radiation alone. There was no difference at 5 and 8 years in overall survival, cause-specific survival, or biochemical control among the three institutions. The corresponding 8-year rates with and without androgen deprivation therapy were biochemical control 85% and 81%; overall survival 83% and 78%; cause-specific survival 89% and 94%; and metastatic rates of 16.6% and 7.3%. A multivariate analysis revealed androgen deprivation therapy did not predict for biochemical failure for either the entire group or the subset of 177 patients harboring all three poor prognostic factors. Moreover, adding androgen deprivation therapy strongly correlated with higher rates of both metastasis (p = 0.09; hazard ratio, 2.08) and cancer-related deaths (p = 0.02, hazard ratio 3.25). These negative results for the most unfavorable group led us to question if androgen deprivation therapy might have a deleterious impact through delay in delivery of the potentially curative radiation or whether there may be a biologic basis by fixing the cycling cells in G0. CONCLUSIONS: Accelerated hypofractionated pelvic EBRT integrated with TRUS-guided conformally modulated HDR administered to 1,260 patients in three institutions was an excellent method of delivering very high radiation dose to the prostate in 5 weeks. Similar high overall, cause-specific, and biochemical no evidence of disease survival rates achieved show that prostate HDR can be successfully delivered in academic and community settings. At 8 years, the addition of a course of < or =6 months of neoadjuvant/concurrent androgen deprivation therapy to a very high radiation dose did not confer a therapeutic advantage but added side effects and cost. Furthermore, for the most unfavorable group, there was a higher rate of distant metastasis and more prostate cancer-related deaths. We question the value of a short course of androgen deprivation therapy when used with high-dose radiation.",Int J Radiat Oncol Biol Phys,2005,1,,doi: 10.1016/j.ijrobp.2004.12.053,https://www.ncbi.nlm.nih.gov/pubmed/16029788,,negative,0,2005.0
26003267,Whole Pelvis Versus Prostate-Only Radiotherapy With or Without Short-Course Androgen Deprivation Therapy and Mortality Risk,Braunstein LZ,"BACKGROUND: The purpose of the study was to determine whether the extent of prostate radiotherapy (ie, whole-pelvic radiotherapy [WPRT] vs. prostate and seminal vesicle radiotherapy [PSVRT]) is associated with all-cause mortality (ACM) in men treated with or without androgen deprivation therapy (ADT). PATIENTS AND METHODS: A multiple-institution cohort of 3709 prostate cancer patients was prospectively assembled from 1991 to 2006. The median age was 72 years and all patients had T1c-T3N0M0 adenocarcinoma of the prostate. Patients were treated with WPRT or PSVRT followed by a brachytherapy boost, with or without neoadjuvant ADT (median duration, 4.2 months). Seventy percent of patients had unfavorable-risk disease (Gleason score ≥ 7; prostate-specific antigen ≥ 10 ng/mL; or stage ≥ T2b). Cox regression was applied to determine whether the radiation treatment volume affected the risk of ACM. The interaction between radiation volume and ADT use was assessed. RESULTS: After a median follow-up of 3.3 years, 561 deaths were observed. A decreased risk of ACM was noted with the use of WPRT versus PSVRT (adjusted hazard ratio [AHR], 0.58; 95% confidence interval [CI], 0.38-0.89; P = .01), or with ADT use (AHR, 0.71; 95% CI, 0.58-0.90; P = .004). However, a combination of WPRT and ADT did not further improve ACM compared with either WPRT alone or PSVRT with ADT. Moreover, there was a significant interaction between the radiotherapeutic treatment volume and ADT (AHR, 1.61; 95% CI, 1.004-2.58; P = .048). CONCLUSION: Treatment with WPRT or short-course ADT is associated with a decreased risk of ACM, although a combination of the two does not yield greater benefit. This observation suggests a shared mechanism for this risk reduction, which we hypothesize to be via the treatment of micrometastatic disease within the pelvic lymph nodes.",Clin Genitourin Cancer,2015,13,555-61,doi: 10.1016/j.clgc.2015.04.010. Epub 2015 May 1,https://www.ncbi.nlm.nih.gov/pubmed/26003267,,negative,0,2015.0
31694041,Patients with Biopsy Gleason Score 3 + 4 Are Not Appropriate Candidates for Active Surveillance,Park J,"OBJECTIVE: The aim of this study was to evaluate the feasibility of including patients with biopsy Gleason score (bGS) 3 + 4 prostate cancer in an active surveillance (AS) protocol. METHODS: A total of 615 patients underwent a radical prostatectomy and satisfied the following requirements: prostate-specific antigen ≤10 ng/dL, clinical stage T1c or T2a, 2 or fewer positive biopsy cores, and bGS 6 or 3 + 4 prostate cancer. The patients were divided into two groups according to their bGS (bGS 6 group, n =534; bGS 3 + 4 group, n = 81). RESULTS: The adverse pathological features were significantly higher in the bGS 3 + 4 group (16.7 vs. 49.4%, p< 0.001). Biochemical recurrence (BCR)-free survival was also significantly lower in this group (p < 0.001). In a multivariate analysis, clinical stage (odds ratio [OR] 2.026, p =0.007), maximum percentage of biopsy core involvement (OR 1.015, p = 0.014), and bGS (OR 1.913, p = 0.030) were independent risk factors for adverse pathological features. However, the bGS was the only variable to forecast BCR (hazard ratio 3.567, p < 0.001). CONCLUSIONS: A bGS 3 + 4 was the leading risk factor for a worse postoperative prognosis. Therefore, patients with a bGS 3 + 4 are not appropriate candidates for AS.",Urol Int,2020,104,199-204,doi: 10.1159/000503888. Epub 2019 Nov 6,https://www.ncbi.nlm.nih.gov/pubmed/31694041,,negative,0,2020.0
25994643,Robotic radical prostatectomy in high-risk prostate cancer: current perspectives,Canda AE,"Around 20%-30% of patients diagnosed with prostate cancer (PCa) still have high-risk PCa disease (HRPC) that requires aggressive treatment. Treatment of HRPC is controversial, and multimodality therapy combining surgery, radiation therapy, and androgen deprivation therapy have been suggested. There has been a trend toward performing radical prostatectomy (RP) in HRPC and currently, robot-assisted laparoscopic RP (RARP) has become the most common approach. Number of publications related to robotic surgery in HRPC is limited in the literature. Tissue and Tumor characteristics might be different in HRPC patients compared to low-risk group and increased surgical experience for RARP is needed. Due to the current literature, RARP seems to have similar oncologic outcomes including surgical margin positivity, biochemical recurrence and recurrence-free survival rates, additional cancer therapy needs and lymph node (LN) yields with similar complication rates compared to open surgery in HRPC. In addition, decreased blood loss, lower rates of blood transfusion and shorter duration of hospital stay seem to be the advantages of robotic surgery in this particular patient group. RARP in HRPC patients seems to be safe and technically feasible with good intermediate-term oncologic results, acceptable morbidities, excellent short-term surgical and pathological outcomes and satisfactory functional results.",Asian J Androl,2015,,-,doi: 10.4103/1008-682X.153541,https://www.ncbi.nlm.nih.gov/pubmed/25994643,,negative,0,2015.0
19168203,Population-based study of biochemical and survival outcomes after permanent 125I brachytherapy for low- and intermediate-risk prostate cancer.,Morris WJ,"OBJECTIVES: To analyze the biochemical and survival outcomes after permanent low-dose-rate prostate brachytherapy in a large, consecutive, population-based cohort of patients. METHODS: A total of 1006 consecutive implants were performed from July 20, 1998 to October 23, 2003 for men with low-risk and ""low-tier"" intermediate-risk prostate cancer. The prescribed minimal peripheral dose was 144 Gy, using 0.33 mCi (125)I sources and a preplan technique with a strong posterior-peripheral dose bias. Most patients (65%) had received 6 months of androgen deprivation therapy. Supplemental external beam radiotherapy was not used. The prognostic features, dose metrics, and follow-up data were prospectively collected. Kaplan-Meier and Cox regression analyses were used to assess the factors associated with freedom from biochemical recurrence and survival. RESULTS: The median patient age at treatment was 66 years. The median follow-up was 54 months for biochemical outcomes and 66 months for survival. The actuarial freedom from biochemical recurrence rate was 95.6% +/- 1.6% at 5 years and 94.0% +/- 2.2% at 7 years. On multivariate analysis, the pretreatment prostate-specific antigen level (P = .03) and androgen deprivation therapy use (P = .04) were predictive of the freedom from biochemical recurrence. The actuarial rates of distant metastasis and disease-specific death at 5 years were both <1%. The overall survival rate at 5 years was 95.2% +/- 1.4% and was 93.4% +/- 1.8% at 7 years. On multivariate analysis, only age was predictive of overall survival (P = .011). CONCLUSIONS: When consistently planned and delivered, low-dose-rate brachytherapy, without supplemental external beam radiotherapy or intraoperative planning, can produce cancer-specific outcomes for men with low- and ""low-tier"" intermediate-risk prostate cancer at least equal to that produced by dose-escalated external beam radiotherapy or surgical prostatectomy.",Urology,2009,73,860-5; discussion 865-7,10.1016/j.urology.2008.07.064,https://www.ncbi.nlm.nih.gov/pubmed/19168203,LOW RISK,positive,1,
31721315,Focal salvage low-dose-rate brachytherapy for recurrent prostate cancer based on magnetic resonance imaging/transrectal ultrasound fusion biopsy technique,Yamada Y,"OBJECTIVE: To examine the effect of permanent salvage brachytherapy in prostate cancer patients suffering recurrence after three-dimensional conformal external beam radiotherapy. METHODS: The ultra-focal (target lesion alone), hemi-lobe (within a hemi-lobe) or focused whole-gland (focusing on the lesion, but extending into the whole gland) pattern was selected based on the Gleason score for the targeted biopsy, the numbers of positive cores in the targeted and systematic biopsies, and the locations of the positive cores. Novel dosimetry criteria derived from three-dimensional cancer mapping, which was based on targeted magnetic resonance imaging/transrectal ultrasound fusion biopsies, were used in these cases. RESULTS: Permanent salvage brachytherapy was carried out in 13 patients who suffered prostate-specific antigen failure (prostate-specific antigen 2.1-6.8 ng/mL; age range 57-75 years; Gleason score ≤7 [n = 10], Gleason score ≥8 [n = 2] and Gleason score not available [n = 1]) since 2012. The targeted biopsy showed a single focus in three patients. The ultra-focal, hemi-lobe and focused whole-gland patterns were chosen in three, five and five patients, respectively. During the follow-up period (median duration 48 months), prostate-specific antigen failure occurred in zero of three, one of five and three of five of the patients treated with the ultra-focal, hemi-lobe and focused whole-gland patterns, respectively. The 4-year biochemical recurrence-free survival rate was 74%. No grade 3-4 adverse intestinal or urological events occurred. CONCLUSIONS: Targeted fusion biopsy-based three-dimensional cancer mapping should be used for permanent salvage brachytherapy treatment planning to reduce the incidence of treatment-related adverse events while maintaining good oncological outcomes.",Int J Urol,2020,27,149-155,doi: 10.1111/iju.14151. Epub 2019 Nov 13,https://www.ncbi.nlm.nih.gov/pubmed/31721315,,negative,0,2020.0
25255713,Long-term oncologic outcomes of radical prostatectomy compared with brachytherapy-based approaches for intermediate- and high-risk prostate cancer,Crook J,"PURPOSE: To review the recently published contemporary long-term outcomes from tertiary care urologic practices comparing brachytherapy-based management strategies and radical prostatectomy (RP) across intermediate- and high-risk groups. METHODS AND MATERIALS: Literature was reviewed for the past 5 years under the search terms localized prostate cancer, outcomes, brachytherapy, and adical prostatectomy. Abstracts were reviewed and excluded if results were not reported according to the recognized risk groupings or if followup was less than 5 years. RESULTS: A total of 1237 abstracts concerning adical prostatectomy and 600 concerning brachytherapy were retrieved in the initial search. Of these, 80 met the inclusion criteria, and the articles were retrieved and reviewed in detail. CONCLUSIONS: For intermediate- and high-risk prostate cancer, brachytherapy-based approaches provide superior long-term oncologic and functional outcomes. Irritative and obstructive symptoms are prominent in the first 6-12 months but resolve by 3 years for all but <5%. High-risk patients do very well with multimodality treatment combining external beam radiotherapy, a brachytherapy boost, and androgen deprivation for 9-12 months.",Brachytherapy,2015,,-,doi: 10.1016/j.brachy.2014.08.047. Epub 2014 Sep 23,https://www.ncbi.nlm.nih.gov/pubmed/25255713,,negative,0,2015.0
16259869,I-125 versus Pd-103 for low-risk prostate cancer: long-term morbidity outcomes from a prospective randomized multicenter controlled trial,Herstein A,"BACKGROUND: We tested the hypothesis that the shorter half-life of Pd-103 versus I-125 results in different late radiation-related morbidities following prostate brachytherapy. METHODS: As of June 14th, 2002, 352 of a planned total of 600 patients with 1997 American Joint Committee on Cancer (AJCC) clinical stage T1c-T2a prostatic carcinoma (Gleason grade 2-6, PSA 4-10 ng/mL) had been randomized to implantation with I-125 (144 Gy, TG-43) or Pd-103 (125 Gy, NIST-99). Treatment-related morbidity was monitored by questionnaires based on standard American Urologic Association (AUA) and Radiation Therapy Oncology Group (RTOG) criteria that were mailed at 1, 3, 6, 12, 18, and 24 months after implant. The use of alpha-blockers to relieve obstructive symptoms was not controlled for but was noted at each follow-up point. All patients reported here had a minimum follow-up of 2 years. Dosimetric parameters analyzed included the V100, which was defined as the percentage of the postimplant prostate volume covered by 100% of the prescription dose. Rectal doses were expressed as the R100, defined as the rectal volume (cc) that received at least 100% of the prescription dose. Statistical comparisons were by Student's unpaired t-test at specified follow-up times. RESULTS: The AUA scores peaked at the 1-month postimplant time point for both isotopes and gradually declined. The difference in AUA scores between patients who received I-125 versus those who received Pd-103 was greatest at 1 and 6 months following implantation. At 1 month, I-125 patients had a mean AUA score of 14.8 (+/-9.5) compared with 18.6 (+/-9.8) for the Pd-103 patients (P = 0.0009). By 6 months, mean AUA scores for the I-125 patients had decreased to 12.0 (+/-9.1) compared with 9.9 (+/-8.7) for the Pd-103 patients (P = 0.04). The use of alpha-blockers was similar between groups at all time points. Radiation proctitis (persistent bleeding) occurred in 29 of 314 patients (9%). There was an overall trend toward more proctitis in I-125 patients (P = 0.21). However, only four of the 163 patients (2%) with an R100 below the recommended 1.0 cc developed bleeding, which did not differ between isotopes (P = 0.49). DISCUSSION: Patients treated with Pd-103 had more intense radiation prostatitis in the first month after implantation, but they recovered from their radiation-related symptoms sooner than I-125 patients, consistent with palladium's shorter half-life. The trend toward more proctitis in the I-125 patient group likely reflects their higher R100 values due to less rapid dose fall-off that can be overcome with judicious treatment planning and implant execution.",Cancer J,2005,,-,doi: 10.1097/00130404-200509000-00005,https://www.ncbi.nlm.nih.gov/pubmed/16259869,,negative,0,2005.0
25687401,A review of rectal toxicity following permanent low dose-rate prostate brachytherapy and the potential value of biodegradable rectal spacers,Schutzer ME,"Permanent radioactive seed implantation provides highly effective treatment for prostate cancer that typically includes multidisciplinary collaboration between urologists and radiation oncologists. Low dose-rate (LDR) prostate brachytherapy offers excellent tumor control rates and has equivalent rates of rectal toxicity when compared with external beam radiotherapy. Owing to its proximity to the anterior rectal wall, a small portion of the rectum is often exposed to high doses of ionizing radiation from this procedure. Although rare, some patients develop transfusion-dependent rectal bleeding, ulcers or fistulas. These complications occasionally require permanent colostomy and thus can significantly impact a patient's quality of life. Aside from proper technique, a promising strategy has emerged that can help avoid these complications. By injecting biodegradable materials behind Denonviller's fascia, brachytherpists can increase the distance between the rectum and the radioactive sources to significantly decrease the rectal dose. This review summarizes the progress in this area and its applicability for use in combination with permanent LDR brachytherapy.",Prostate Cancer Prostatic Dis,2015,18,96-103,doi: 10.1038/pcan.2015.4. Epub 2015 Feb 17,https://www.ncbi.nlm.nih.gov/pubmed/25687401,,negative,0,2015.0
19289266,Radiation dose predicts for biochemical control in intermediate-risk prostate cancer patients treated with low-dose-rate brachytherapy.,Ho AY,"PURPOSE: To evaluate the influence of patient- and treatment-related factors on freedom from biochemical failure (FFbF) in patients with intermediate-risk prostate cancer. METHODS AND MATERIALS: From a prospectively collected database of 2250 men treated at Mount Sinai Hospital from 1990 to 2004 with low-dose-rate brachytherapy for prostate cancer, 558 men with either one or more intermediate-risk features (prostate-specific antigen [PSA] level 10-20 ng/mL, Gleason score 7, or Stage T2b) were identified who had a minimum follow-up of 24 months and postimplant CT-based dosimetric analysis. Biologically effective dose (BED) values were calculated to compare doses from different isotopes and treatment regimens. Patients were treated with brachytherapy with or without hormone therapy and/or external-beam radiotherapy. Patient- and treatment-related factors were analyzed with respect to FFbF. The median follow-up was 60 months (range, 24-167 months). Biochemical failure was defined according to the Phoenix definition. Univariate analyses were used to determine whether any variable was predictive of FFbF. A two-sided p value of <0.05 was considered significant. RESULTS: Overall, the actuarial FFbF at 10 years was 86%. Dose (BED <150 Gy(2) vs. >or=150 Gy(2)) was the only significant predictor of FFbF (p < 0.001). None of the other variables (PSA, external-beam radiotherapy, Gleason score, treatment type, hormones, stage, and number of risk factors) was found to be a statistically significant predictor of 10-year FFbF. CONCLUSIONS: Radiation dose is an important predictor of FFbF in intermediate-risk prostate cancer. Treatment should continue to be individualized according to presenting disease characteristics until results from Radiation Therapy Oncology Group trial 0232 become available.",Int J Radiat Oncol Biol Phys,2009,75,16-22,10.1016/j.ijrobp.2008.10.071,https://www.ncbi.nlm.nih.gov/pubmed/19289266,INTERMEDIATE RISK,positive,1,
15667961,Improved biochemical relapse-free survival with increased external radiation doses in patients with localized prostate cancer: the combined experience of nine institutions in patients treated in 1994 and 1995.,Kupelian P,"PURPOSE: To study the radiation dose-response as determined by Kaplan-Meier prostate-specific antigen (PSA) disease-free survival (PSA-DFS) estimates in patients with stage T1-T2 prostate cancer treated within a 2-year period (1994-1995). METHODS: Nine institutions combined data on 4839 patients with stage T1 and T2 adenocarcinoma of the prostate who received > or =60 Gy external beam radiation therapy (RT) as sole treatment. No patient received neoadjuvant androgen deprivation or planned adjuvant androgen deprivation. Of the 4839 patients, 1325 were treated in 1994 and 1995; 1061 were treated with <72 Gy and 264 with > or =72 Gy. The median RT doses for the <72 Gy and the > or =72 Gy groups were 68.4 Gy and 75.6 Gy, respectively. The median follow-up for the <72 Gy and the > or =72 Gy groups were 5.8 and 5.7 years, respectively. Risk groups, defined on the basis of T stage, pretherapy PSA level, and biopsy Gleason score (GS), were as follows: low risk--T1b, T1c, T2a, GS < or =6 and PSA < or =10 ng/mL; intermediate risk--T1b, T1c, T2a, GS < or =6 and PSA >10 ng/mL but < or =20 ng/mL or T2b, GS < or =6 and PSA < or =20 ng/mL or GS 7 and PSA < or =20 ng/mL; high risk--GS 8-10 or PSA >20 ng/mL. The endpoint for outcome analysis was PSA-DFS at 5 years after therapy using the American Society for Therapeutic Radiology and Oncology failure definition. RESULTS: Patients receiving > or =72 Gy had significantly more advanced cancers. The proportion of stage T2b/T2c cancers in the > or =72 Gy group was 42% compared with 32% in the <72 Gy group (p = 0.027). The mean pretherapy PSA was 11.4 ng/mL in the > or =72 Gy group compared with 10.7 ng/mL in the <72 Gy group (p = 0.001). The proportion of GS > or =8 cancers in the > or =72 Gy group was 9% compared with 7% in the <72 Gy group (p = 0.309). Overall, 15% of patients receiving <72 Gy had high-risk disease, compared with 22% of patients receiving > or =72 Gy (p = 0.034). The > or =72 Gy group had a greater number of follow-up PSA levels (mean 10.6/patient) compared with the <72 Gy group (mean 9.6/patient) (p = 0.007). For all 1325 patients, the 5- and 8-year PSA-DFS estimates were 64% and 62%, respectively. The 5-year PSA-DFS estimates for <72 Gy vs. > or =72 Gy were 63% vs. 69%, respectively (p = 0.046). Multivariate analysis for factors affecting PSA-DFS was performed for all cases using the following variables: pretherapy PSA (continuous), biopsy GS (continuous), stage (T1 vs. T2), radiation dose (continuous), and radiation technique (three-dimensional conformal vs. conventional). Pretreatment PSA (p < 0.001, chi-square 112.2), GS (p < 0.001, chi-square 12.8), radiation dose (p < 0.001, chi-square 13.5), and stage (p = 0.007, chi-square 7.2) were independent predictors of outcome. Radiotherapy technique was not (p = 0.50). CONCLUSION: Differences in PSA-DFS estimates observed in multiple retrospective series have been attributed to differences in follow-up duration between patients treated to conventional doses (longer follow-up intervals) and those treated to higher doses (shorter follow-up intervals). In this report, the median follow-up duration in the > or =72 Gy group was essentially identical to the <72 Gy group, because the study included a large number of patients treated consecutively during a narrow time range (1994-1995). With similar follow-up duration, higher than conventional radiotherapy doses were associated with improved PSA-DFS when controlled for the influence of pretreatment PSA levels, biopsy GS, and clinical T stage.",Int J Radiat Oncol Biol Phys,2005,61,415-9,10.1016/j.ijrobp.2004.05.018,https://www.ncbi.nlm.nih.gov/pubmed/15667961,INTERMEDIATE RISK,positive,1,
20303100,"Quality of life after open or robotic prostatectomy, cryoablation or brachytherapy for localized prostate cancer",Malcolm JB,"PURPOSE: Health related quality of life concerns factor prominently in prostate cancer management. We describe health related quality of life impact and recovery profiles of 4 commonly used operative treatments for localized prostate cancer. MATERIALS AND METHODS: Beginning in February 2000 all patients treated with open radical prostatectomy, robot assisted laparoscopic prostatectomy, brachytherapy or cryotherapy were asked to complete the UCLA-PCI questionnaire before treatment, and at 3, 6, 12, 18, 24, 30 and 36 months after treatment. Outcomes were compared across treatment types with statistical analysis using univariate and multivariate models. RESULTS: A total of 785 patients treated between February 2000 and December 2008 were included in the analysis with a mean followup of 24 months. All health related quality of life domains were adversely affected by all treatments and recovery profiles varied significantly by treatment type. Overall urinary function and bother outcomes scored significantly higher after brachytherapy and cryotherapy compared to open radical prostatectomy and robotic assisted laparoscopic radical prostatectomy. Brachytherapy and cryotherapy had a 3-fold higher rate of return to baseline urinary function compared to open radical prostatectomy and robotic assisted laparoscopic radical prostatectomy. Sexual function and bother scores were highest after brachytherapy, with a 5-fold higher rate of return to baseline function compared to cryotherapy, open radical prostatectomy and robotic assisted laparoscopic radical prostatectomy. All 4 treatments were associated with relatively transient and less pronounced impact on bowel function and bother. CONCLUSIONS: In a study of sequential health related quality of life assessments brachytherapy and cryotherapy were associated with higher urinary function and bother scores compared to open radical prostatectomy and da Vinci prostatectomy. Brachytherapy was associated with higher sexual function and bother scores compared to open radical prostatectomy, robotic assisted laparoscopic radical prostatectomy and cryotherapy.",J Urol,2010,183,1822-8,doi: 10.1016/j.juro.2009.12.102. Epub 2010 Mar 29,https://www.ncbi.nlm.nih.gov/pubmed/20303100,,negative,0,2010.0
20472365,"Overall survival benefit from postoperative radiation therapy for organ-confined, margin-positive prostate cancer",Dillman RO,"PURPOSE: Radical prostatectomy for invasive prostate cancer is associated with positive margin rates in 10% to 50% of resected specimens. Postoperative radiation therapy may benefit patients who have organ-confined prostate cancer with positive margins. METHODS AND MATERIALS: We performed a retrospective analysis to examine whether adjunctive radiation therapy enhanced long-term survival for prostate cancer patients who underwent prostatectomy for localized prostate cancer but with positive margins. We used the Hoag Cancer Center database to identify patients diagnosed with invasive prostate cancer. Relative and overall survival rates were calculated. RESULTS: Among 1,474 patients diagnosed with localized invasive prostate cancer during the years 1990 to 2006 and undergoing prostatectomy, 113 (7.7%) were identified who had positive margins and did not have local extension of disease, positive lymph nodes, or distant metastases. A total of 17 patients received adjunctive radiation therapy (Group A), whereas 96 did not (Group B; 3 received hormonal therapy). Both groups had a median age of 64 years and median follow-up of 7.5 years. In Group A, no patients have died as of last follow-up, but in Group B, 18 have died. Estimated 10-year and 15-year overall survival rates were both 100% for Group A compared with 85% and 57% respectively for Group B (p2=0.050, log rank). Relative 10- and 15 year survival rates were both 100% for Group A compared with 100% and 79% respectively for Group B. CONCLUSIONS: This retrospective analysis suggests that prostate cancer patients with localized disease but positive margins do derive a survival benefit from adjuvant radiation therapy.",Int J Radiat Oncol Biol Phys,2011,1,,doi: 10.1016/j.ijrobp.2009.11.041. Epub 2010 May 14,https://www.ncbi.nlm.nih.gov/pubmed/20472365,,negative,0,2010.0
25964638,Use of Postprostatectomy Radiation Therapy at an NCI-Designated Comprehensive Cancer Center,Martin JM,"PURPOSE: Characterize use of postprostatectomy radiation (PPRT) for patients with prostate cancer at an NCI-designated comprehensive cancer center. METHODS: We queried our prospective prostate cancer database for patients treated with 60 to 68 Gy of radiation therapy (RT) to the prostate bed after prostatectomy from 2003 to 2011. Prostatectomy cases were obtained from billing records. Patients with an intact prostate treated with definitive RT served as a control for the change in volume of patients with prostate cancer treated in the department. Chi-square analysis assessed differences between adjuvant and salvage RT cohorts. Spearman correlation assessed yearly trends in prostate-specific antigen (PSA) level at the time of referral for RT. Linear regression models tested trends for number of PPRT cases, prostatectomies, and patients with intact prostate receiving radiation across years. RESULTS: PPRT was used to treat 475 men at Fox Chase Cancer Center from 2003 to 2011 (83 adjuvant and 392 salvage). Over time, an increased proportion of patients receiving RT to the prostate were treated with PPRT. No increase was seen in the proportion of patients treated with adjuvant RT compared with salvage RT (P=.5). Patients receiving adjuvant RT were younger, had higher pathologic Gleason score, pathologic T stage, and rates of positive margins than those receiving salvage RT. Pre-RT PSA values were inversely correlated with year (P=.005). The number of patients referred for salvage RT with a PSA of 0.5 ng/mL or less increased significantly from 7.9% in 2003 to 26.6% in 2011 (P=.002). CONCLUSIONS: A larger proportion of patients treated with RT for localized prostate cancer are now receiving PPRT. No increase was seen in the proportion of patients treated with adjuvant RT. Over time, patients with lower PSAs were referred for salvage RT.",J Natl Compr Canc Netw,2015,13,525-30,doi: 10.6004/jnccn.2015.0072,https://www.ncbi.nlm.nih.gov/pubmed/25964638,,negative,0,2015.0
16111581,Outcome of salvage radiotherapy for biochemical failure after radical prostatectomy with or without hormonal therapy,Cheung R,"BACKGROUND: This study analyzed the outcome of salvage radiotherapy for biochemical failure after radical prostatectomy (RP). By comparing the outcomes for patients who received RT alone and for those who received combined RT and hormonal therapy, we assessed the potential benefits of hormonal therapy. PATIENTS AND METHODS: This cohort was comprised of 101 patients who received salvage RT between 1990 and 2001 for biochemical failure after RP. Fifty-nine of these patients also received hormone. Margin status (positive vs. negative), extracapsular extension (yes vs. no), seminal vesicle involvement (yes vs. no), pathologic stage, Gleason score, pre-RP PSA, post-RP PSA, pre-RT PSA, hormonal use, radiotherapy dose and technique, RP at M. D. Anderson Cancer Center, and time from RP to salvage RT were analyzed. Statistically significant variables were used to construct prognostic groups. RESULTS: Independent prognostic factors for the RT-alone group were margin status and pre-RT PSA. RP at M. D. Anderson Cancer Center was marginally significant (p = 0.06) in multivariate analysis. Pre-RT PSA was the only significant prognostic factor for the combined-therapy group. We used a combination of margin status and pre-RT PSA to construct a prognostic model for response to the salvage treatment based on the RT group. We identified the favorable group as those patients with positive margin and pre-RT PSA < or = 0.5 ng/mL vs. the unfavorable group as otherwise. This stratification separates patients into clinically meaningful groups. The 5-year PSA control probabilities for the favorable vs. the unfavorable group were 83.7% vs. 61.7% with radiotherapy alone (p = 0.03). Androgen ablation seemed to be most beneficial in the unfavorable group. CONCLUSION: After prostatectomy, favorable-group patients may fare well with salvage radiotherapy alone. These patients may be spared the toxicity of androgen ablation. The other patients may benefit most from a combined approach with hormonal treatment. We further suggest that salvage radiotherapy should be given early when the PSA is still low.",Int J Radiat Oncol Biol Phys,2005,1,,doi: 10.1016/j.ijrobp.2005.01.020,https://www.ncbi.nlm.nih.gov/pubmed/16111581,,negative,0,2005.0
19922544,Salvage high-intensity focused ultrasound for biopsy-confirmed local recurrence of prostate cancer after radical prostatectomy,Murota-Kawano A,"OBJECTIVE: To present experience in high-intensity focused ultrasound (HIFU) used as a salvage therapy for biopsy-confirmed local recurrence at the vesico-urethral anastomosis after radical prostatectomy (RP). PATIENTS AND METHODS: From July 2006, four patients diagnosed with prostate cancer recurrence after RP were treated with HIFU, with or without salvage radiotherapy, using the Sonablate 500 (Focus Surgery, IN, USA). Biochemical failure was defined as in increase in prostate-specific antigen (PSA) level of >0.2 ng/mL. No patients received any adjuvant therapy after HIFU therapy before reporting failure. RESULTS: The mean age and initial PSA level before RP was 74 years and 10.0 ng/mL, respectively. After RP, one patient was stage T2aN0M0, two were stage T3N0M0 and the last had an unknown pathological stage. Three patients received external beam radiotherapy as salvage therapy after RP. The mean PSA level before HIFU, tumour volume at the vesico-urethral lesion and operative duration were 4.3 ng/mL, 4.6 mL and 27 min, respectively. Adenocarcinomas were confirmed by biopsy of the tumour at the vesico-urethral anastomotic lesion before HIFU. At 24 months of follow-up, patients 2 and 4 were classified a biochemically disease-free. Biopsies at the anastomotic site after HIFU in three patients showed no malignancy, with fibrosis. There were no complications. CONCLUSION: Salvage HIFU for patients with recurrence after RP is feasible, even though they received salvage radiotherapy before HIFU. More patients and a longer follow-up are needed to evaluate the safety and oncological adequacy of this new approach.",BJU Int,2010,105,1642-5,doi: 10.1111/j.1464-410X.2009.08990.x. Epub 2009 Nov 17,https://www.ncbi.nlm.nih.gov/pubmed/19922544,,negative,0,2010.0
15538238,10-year disease-free survival rates after simultaneous irradiation for prostate cancer with a focus on calculation methodology.,Critz FA,"PURPOSE: We documented the 10-year disease-free survival rate after simultaneous irradiation for prostate cancer and suggested standards for outcome calculation methodology. MATERIALS AND METHODS: From 1992 to 1998, 1,469 consecutive men with clinical stage T1T2NxM0 prostate cancer who did not receive neoadjuvant hormones were treated with simultaneous irradiation, an ultrasound guided transperineal prostate I seed implant followed by external irradiation. Median pretreatment prostate specific antigen (PSA) was 7.1 ng/ml (range 0.3 to 88). All men were treated 5 or more years ago. Median followup was 6 years (range 3 months to 11 years). Disease freedom was defined as the achievement and maintenance of PSA 0.2 ng/ml or less, and treatment failure was defined as a PSA nadir greater than 0.2 ng/ml or a subsequent PSA increase above this level. RESULTS: The overall 10-year disease-free survival rate was 83%. Median time to recurrence was 30 months (range 3 months to 8 years) and 24% of recurrences were after 5-year followup. The 10-year outcome according to low, intermediate and high risk group was 93%, 80% and 61%, respectively (p <0.0001). Multivariate analysis of factors related to disease freedom documents that pretreatment PSA, Gleason score and percent positive biopsies were significant but stage and age were not. CONCLUSIONS: By calculating outcome with PSA cut point 0.2 ng/ml and evaluation only of men treated 5 or more years ago, the 10-year disease-free survival rates from this study can be reasonably compared with the outcome of radical prostatectomy performed in the PSA era.",J Urol,2004,172,2232-8,10.1097/01.ju.0000144033.61661.31,https://www.ncbi.nlm.nih.gov/pubmed/15538238,LOW RISK,positive,1,
16322296,Elevated expression of angiogenin in prostate cancer and its precursors,Katona TM,"PURPOSE: Angiogenin is a polypeptide involved in the formation and establishment of new blood vessels necessary for growth and metastasis of numerous malignant neoplasms, including prostatic adenocarcinoma. Antiangiogenin therapy inhibits the establishment, growth, and metastasis of prostatic adenocarcinoma in animal studies. In this study, we have investigated the expression of angiogenin in prostatic adenocarcinoma, high-grade prostatic intraepithelial neoplasia, and adjacent benign prostatic epithelium in a large cohort of prostatectomy specimens. METHODS: We have studied the expression of angiogenin by immunohistochemistry in prostatic adenocarcinoma, high-grade prostatic intraepithelial neoplasia, and adjacent benign prostatic tissue in 107 human total prostatectomy specimens. RESULTS: The percentage of cells staining positively for angiogenin in benign prostatic glandular epithelium (mean = 17%) was significantly less than for high-grade prostatic intraepithelial neoplasia (mean = 58%, P < 0.001) and prostatic adenocarcinoma (mean = 60%, P < 0.001). Compared with adjacent benign prostatic epithelium, the staining intensity was significantly greater in high-grade prostatic intraepithelial neoplasia (P < 0.001) and prostatic adenocarcinoma (P < 0.001). Furthermore, staining intensity has significantly stronger in prostatic adenocarcinoma versus high-grade prostatic intraepithelial neoplasia (P = 0.0023). However, there was no correlation of angiogenin expression with various clinical and pathologic variables examined, including age at surgery, Gleason scores, pathologic stage, tumor extent, angiolymphatic invasion, extraprostatic extension, seminal vesical invasion, lymph node metastasis, surgical margin status, presence of prostatic intraepithelial neoplasia, and perineural invasion. CONCLUSION: Angiogenin expression in prostatic tissue increases as prostatic epithelial cells evolve from a benign to an invasive phenotype. The increasing expression of prostatic adenocarcinoma in the progression from benign prostate to high-grade prostatic intraepithelial neoplasia and ultimately to prostatic adenocarcinoma are consistent with previous studies showing the influential role that angiogenin plays in the growth, invasion, and metastasis of prostatic adenocarcinoma and many other malignant tumors.",Clin Cancer Res,2005,1,,doi: 10.1158/1078-0432.CCR-05-0962,https://www.ncbi.nlm.nih.gov/pubmed/16322296,,negative,0,2005.0
26181727,Dose-Escalated Irradiation and Overall Survival in Men With Nonmetastatic Prostate Cancer,Kalbasi A,"IMPORTANCE: In 5 published randomized clinical trials, dose-escalated external-beam radiation therapy (EBRT) for prostate cancer resulted in improved biochemical and local control. However, scarce evidence addresses whether dose escalation improves overall survival. OBJECTIVE: To examine the association between dose-escalated EBRT and overall survival among men with nonmetastatic prostate cancer. DESIGN, SETTING, AND PARTICIPANTS: We conducted a retrospective, nonrandomized comparative effectiveness study of dose-escalated vs standard-dose EBRT for prostate cancer diagnosed from 2004 to 2006 using the National Cancer Database (NCDB), which includes data from patients treated at Commission on Cancer-accredited community, academic, and comprehensive cancer facilities. Three cohorts were evaluated: men with low-risk (n = 12,229), intermediate-risk (n = 16,714), or high-risk (n = 13,538) prostate cancer. EXPOSURES: We categorized patients in each risk cohort into 2 treatment groups: standard-dose (from 68.4 Gy to <75.6 Gy) or dose-escalated (≥75.6 Gy to 90 Gy) EBRT (1 Gy = 100 rad). MAIN OUTCOMES AND MEASURES: We compared overall survival between treatment groups in each analytic cohort using Cox proportional hazard models with an inverse probability weighted propensity score (IPW-PS) approach. In secondary analyses, we evaluated dose response for survival. RESULTS: Dose-escalated EBRT was associated with improved survival in the intermediate-risk (IPW-PS adjusted hazard ratio [HR], 0.84; 95% CI, 0.80-0.88; P < .001) and high-risk groups (HR, 0.82; 95% CI, 0.78-0.85; P < .001) but not the low-risk group (HR, 0.98; 95% CI, 0.92-1.05; P = .54). For every incremental increase of about 2 Gy in dose, there was a 7.8% (95% CI, 5.4%-10.2%; P < .001) and 6.3% (95% CI, 3.3%-9.1%; P < .001) reduction in the hazard of death for intermediate- and high-risk patients, respectively. CONCLUSIONS AND RELEVANCE: Dose-escalated EBRT is associated with improved overall survival in men with intermediate- and high-risk prostate cancer but not low-risk prostate cancer. These results add to the evidence questioning aggressive local treatment strategies in men with low-risk prostate cancer but supporting such treatment in men with greater disease severity.",JAMA Oncol,2015,1,897-906,doi: 10.1001/jamaoncol.2015.2316,https://www.ncbi.nlm.nih.gov/pubmed/26181727,,negative,0,2015.0
31863617,Salvage radical prostatectomy following focal therapy: functional and oncological outcomes,Herrera-Caceres JO,"OBJECTIVES: To report the oncological and functional outcomes of salvage radical prostatectomy (sRP) after focal therapy (FT). PATIENTS AND METHODS: A retrospective review of all patients who underwent sRP after FT was performed. Clinical and pathological outcomes focussed on surgical complications, oncological, and functional outcomes. RESULTS: In all, 34 patients were identified. The median (interquartile range [IQR]) age was 61 (8.25) years. FT modalities included high-intensity focussed ultrasound (19 patients), laser ablation (13), focal brachytherapy (one) and cryotherapy (one). The median (IQR) time from FT to recurrence was 10.9 (17.6) months. There were no rectal or ureteric injuries. Two (5.9%) patients had iatrogenic cystotomies and four (11.8%) developed bladder neck contractures. The mean (sd) hospital stay was 2.5 (2.1) days. The T-stage was pT2 in 14 (41.2%) patients, pT3a in 16 (47.1%), and pT3b in four (11.8%). In all, 13 (38%) patients had positive surgical margins (PSMs). Six (17.6%) patients received adjuvant radiotherapy (RT). At a mean follow-up of 4.3 years, seven (20.6%) patients developed biochemical recurrence (BCR), and of these, six (17.6%) patients required salvage RT. PSMs were associated with worse BCR-free survival (hazard ratio 6.624, 95% confidence interval 2.243-19.563; P < 0.001). The median (IQR) preoperative International Prostate Symptom Score and International Index of Erectile Function score was 7 (4.5-9.5) and 23.5 (15.75-25) respectively, while in the final follow-up the median (IQR) values were 7 (3.5-11) and 6 (5-12.25), respectively (P = 0.088 and P < 0.001). At last follow-up, 31 (91.2%) patients were continent, two (5.9%) had moderate (>1 pad/day) incontinence, and one (2.9%) required an artificial urinary sphincter. CONCLUSIONS: sRP should be considered as an option for patients who have persistent clinically significant prostate cancer or recurrence after FT. PSMs should be recognised as a risk for recurrent disease after sRP.",BJU Int,2020,125,525-530,doi: 10.1111/bju.14976. Epub 2020 Jan 9,https://www.ncbi.nlm.nih.gov/pubmed/31863617,,negative,0,2020.0
31411996,Nonsurgical Salvage Local Therapies for Radiorecurrent Prostate Cancer: A Systematic Review and Meta-analysis,Ingrosso G,"CONTEXT: Different nonsurgical therapeutic strategies can be adopted for intraprostatic relapse of prostate cancer after primary radiotherapy, including re-irradiation (with brachytherapy [BT] or external beam radiotherapy [EBRT]), high-intensity focused ultrasound (HIFU), and cryotherapy. The main issues to consider when choosing nonsurgical salvage local therapies are local tumor control and significant genitourinary toxicity. OBJECTIVE: To conduct a systematic review and meta-analysis of the role of nonsurgical salvage modalities in patients with radiorecurrent prostate cancer and associated clinical outcomes and toxicity profiles. EVIDENCE ACQUISITION: We performed a critical review of the Medline, Scopus, and ClinicalKey databases from January 1, 2000 through February 1, 2018 according to the Preferred Reporting Items and Meta-Analyses statement. To assess the overall quality of the literature reviewed, we used a modified Delphi tool for case-series studies. EVIDENCE SYNTHESIS: A total of 64 case-series studies were included, corresponding to a cohort of 5585 patients. The modified Delphi checklist evidenced high methodological quality overall (mean quality score of 80.6%). Biochemical control rates were lowest for patients treated with HIFU (58%, 95% confidence interval [CI] 47-68%) and highest for patients treated with BT (69%, 95% CI 62-76%) and EBRT (69%, 95% CI 53-83%). The lowest prevalence of incontinence was for patients treated with BT (3%, 95% CI 0-6%; I<sup>2</sup>=63.4%) and the highest was among patients treated with HIFU (28%, 95% CI 19-38%; I<sup>2</sup>=89.7%). CONCLUSIONS: Nonsurgical therapeutic options, especially BT, showed good outcomes in terms of biochemical control and tolerability in the local recurrence setting. PATIENT SUMMARY: The current analysis demonstrated that nonsurgical salvage local therapies offer a chance of a curative local approach in radiorecurrent prostate cancer. However, high-quality data from prospective trials are needed to validate long-term outcomes from nonsurgical strategies for the treatment of intraprostatic recurrence after previous radiotherapy.",Eur Urol Oncol,2020,3,183-197,doi: 10.1016/j.euo.2018.12.011. Epub 2019 Jan 24,https://www.ncbi.nlm.nih.gov/pubmed/31411996,,negative,0,2020.0
20690197,"Comparative risk-adjusted mortality outcomes after primary surgery, radiotherapy, or androgen-deprivation therapy for localized prostate cancer",Cooperberg MR,"BACKGROUND: Because no adequate randomized trials have compared active treatment modalities for localized prostate cancer, the authors analyzed risk-adjusted, cancer-specific mortality outcomes among men who underwent radical prostatectomy, men who received external-beam radiation therapy, and men who received primary androgen-deprivation therapy. METHODS: The Cancer of the Prostate Strategic Urologic Research Endeavor (CaPSURE) registry comprises men from 40 urologic practice sites who are followed prospectively under uniform protocols, regardless of treatment. In the current study, 7538 men with localized disease were analyzed. Prostate cancer risk was assessed using the Kattan preoperative nomogram and the Cancer of the Prostate Risk Assessment (CAPRA) score, both well validated instruments that are calculated from clinical data at the time of diagnosis. A parametric survival model was constructed to compare outcomes across treatments adjusting for risk and age. RESULTS: In total, 266 men died of prostate cancer during follow-up. Adjusting for age and risk, the hazard ratio for cancer-specific mortality relative to prostatectomy was 2.21 (95% confidence interval [CI], 1.50-3.24) for radiation therapy and 3.22 (95% CI, 2.16-4.81) for androgen deprivation. Absolute differences between prostatectomy and radiation therapy were small for men at low risk but increased substantially for men at intermediate and high risk. These results were robust to a variety of different analytic techniques, including competing risks regression analysis, adjustment by CAPRA score rather than Kattan score, and examination of overall survival as the endpoint. CONCLUSIONS: Prostatectomy for localized prostate cancer was associated with a significant and substantial reduction in mortality relative to radiation therapy and androgen-deprivation monotherapy. Although this was not a randomized study, given the multiple adjustments and sensitivity analyses, it is unlikely that unmeasured confounding would account for the large observed differences in survival.",Cancer,2010,15,,doi: 10.1002/cncr.25456,https://www.ncbi.nlm.nih.gov/pubmed/20690197,,negative,0,2010.0
20299147,Outcome predictors of radical prostatectomy in patients with prostate-specific antigen greater than 20 ng/ml: a European multi-institutional study of 712 patients.,Spahn M,"BACKGROUND: Prostate cancer (PCa) patients with pretreatment prostate-specific antigen (PSA) >20 ng/ml have a high risk of biochemical and clinical failure and even cancer-related death after local therapy. Pretreatment predictors of outcome after radical prostatectomy (RP) in this patient group are necessary. OBJECTIVE: Our aim was to assess how the use of additional high-risk factors (biopsy Gleason score [bGS] > or = 8 or clinical stage 3-4) can improve prediction of treatment failure and cancer-related death after RP in patients with PSA >20. DESIGN, SETTING, AND PARTICIPANTS: In a retrospective multicentre cohort study from six European centres between 1987 and 2005, 712 patients with PSA >20 ng/ml underwent RP and bilateral pelvic lymphadenectomy. MEASUREMENTS: Subgroups were analysed to determine the relationship between the number of high-risk factors and histopathology, biochemical progression-free survival, clinical evidence of progressive disease, prostate cancer-specific mortality (PCSM), and overall mortality. Kaplan-Meier analysis with log-rank test and Cox multivariable analysis were applied. RESULTS AND LIMITATIONS: Median follow-up was 77 mo. The number of high-risk factors was significantly associated with unfavourable histopathology. Among patients with only PSA >20 ng/ml, 33% had pT2 PCa, 57.9% had bGS <7, 54% had negative surgical margins, and 85% were lymph node negative (pN0), whereas among patients with all three high-risk factors, 4.5% had pT2 PCa, 2.3% had bGS <7, 20.5% had negative margins, and 49% were pN0 (p<0.001). The strongest predictor of progression and mortality was bGS. PSA >20 ng/ml associated with bGS < or =7 resulted in 10-yr PCSM of 5%; when associated with bGS > or =8, PCSM was 35%. The main limitations of the study were retrospective design and varying treatment modalities. CONCLUSIONS: PCa patients with PSA >20 ng/ml have varying risk levels of disease progression and PCSM. Considering additional risk factors further stratifies this group into four subgroups that can guide the clinician in preoperative patient counselling.",Eur Urol,2010,58,1-7; discussion 10-1,10.1016/j.eururo.2010.03.001,https://www.ncbi.nlm.nih.gov/pubmed/20299147,HIGH RISK,positive,1,
21656740,Early hypofractionated salvage radiotherapy for postprostatectomy biochemical recurrence,Kruser TJ,"BACKGROUND: Postprostatectomy adjuvant or salvage radiotherapy, when using standard fractionation, requires 6.5 to 8 weeks of treatment. The authors report on the safety and efficacy of an expedited radiotherapy course for salvage prostate radiotherapy. METHODS: A total of 108 consecutive patients were treated with salvage radiation therapy to 65 grays (Gy) in 26 fractions of 2.5 Gy. Median follow-up was 32.4 months. Median presalvage prostate-specific antigen (PSA) was 0.44 (range, 0.05-9.50). Eighteen (17%) patients received androgen deprivation after surgery or concurrently with radiation. RESULTS: The actuarial freedom from biochemical failure for the entire group at 4 years was 67% ± 5.3%. An identical 67% control rate was seen at 5 years for the first 50 enrolled patients, whose median follow-up was longer at 43 months. One acute grade 3 genitourinary toxicity occurred, with no acute grade 3 gastrointestinal and no late grade 3 toxicities observed. On univariate analysis, higher Gleason score (P = .006), PSA doubling time ≤12 months (P = .03), perineural invasion (P = .06), and negative margins (P = .06) showed association with unsuccessful salvage. On multivariate analysis, higher Gleason score (P = .057) and negative margins (P = .088) retained an association with biochemical failure. CONCLUSIONS: Hypofractionated radiotherapy (65 Gy in 2.5 Gy fractions in about 5 weeks) reduces the length of treatment by from 1-½ to 3 weeks relative to other treatment schedules commonly used, produces low rates of toxicity, and demonstrates encouraging efficacy at 4 to 5 years. Hypofractionation may provide a convenient, resource-efficient, and well-tolerated salvage approach for the estimated 20,000 to 35,000 US men per year experiencing biochemical recurrence after prostatectomy.",Cancer,2011,15,,doi: 10.1002/cncr.25824. Epub 2010 Dec 14,https://www.ncbi.nlm.nih.gov/pubmed/21656740,,negative,0,2010.0
16278473,Role of salvage radical prostatectomy for recurrent prostate cancer after radiation therapy,Stephenson AJ,"Patients with isolated local recurrence of prostate cancer after radiation therapy may potentially be cured of their disease by salvage radical prostatectomy (RP). The stage-specific 5-year cancer-control rates of salvage RP resemble those of standard RP. However, the ability to effectively administer salvage treatment to patients with radiorecurrent disease is compromised by the lack of diagnostic tests with sufficient sensitivity and specificity to detect local recurrence at an early stage while it is amenable to local salvage therapy. By the time biochemical recurrence is declared using the current American Society for Therapeutic Radiology and Oncology definition, the majority of patients have advanced local disease, precluding successful local salvage therapy. When salvage RP is performed at prostate-specific antigen levels of 10 ng/mL or less, an estimated 70% of patients are free of disease at 5 years. With better patient selection and technical modifications, the morbidity associated with salvage RP has improved substantially. Rates of urinary incontinence and anastomotic stricture are acceptable, although one third of patients will experience these complications. Salvage cryotherapy is a minimally invasive alternative to salvage RP, but cancer-control rates appear to be inferior and it does not provide a clear advantage over salvage RP in terms of reduced morbidity. Patients with local recurrence after radiation therapy are at increased risk of metastatic progression and cancer-specific mortality. Currently, salvage RP represents the only curative treatment option for these patients. Salvage RP may favorably alter the natural history of biochemical recurrence after radiation therapy, but it must be instituted early in the course of recurrent disease to be effective.",J Clin Oncol,2005,10,,doi: 10.1200/JCO.2005.03.1468,https://www.ncbi.nlm.nih.gov/pubmed/16278473,,negative,0,2005.0
16086912,20 Gy versus 44 Gy supplemental beam radiation with Pd-103 prostate brachytherapy: preliminary biochemical outcomes from a prospective randomized multi-center trial,Wallner K,"BACKGROUND AND PURPOSE: While favorable results are achieved with combined modality irradiation, there has never been a rigorous study of the need for supplemental beam. The study reported here compares clinical outcomes with substantially different external beam radiation doses. Similar to classic randomized Wilm's tumor studies from the 1980s, the intention of the trial design was to decrementally test the need for beam radiation. PATIENTS AND METHODS: As of June 2000, 165 of a planned 600 patients with 1997 AJC clinical stage T1c-T2a prostatic carcinoma, Gleason grade 7-10 and/or PSA 10-20 ng/ml, were treated on a randomized protocol comparing 44 versus 20 Gy pre-implant supplemental beam radiation, combined with Pd-103, 90 versus 115 Gy, respectively (NIST-1999). Freedom from biochemical failure was defined as a serum PSA</=0.5 ng/ml at last follow-up. Patients were censored at last follow-up if their serum PSA was still decreasing. Patients whose serum PSA nadired at a value >0.5 ng/ml were scored as failures at the time at which their PSA nadired. The follow-up period for non-failing patients ranged from 0.5 to 4.9 years (median: 2.9 years). Accrual of 566 patients was achieved in October 2004. The study was closed at that time because of slowing accrual, due in part to the findings reported here. RESULTS: The overall actuarial freedom from biochemical progression at 3 years is 85%, with 59 patients followed beyond 3 years. A total of 21 patients have developed biochemical failure, 12 treated with 20 Gy and nine treated with 44 Gy. There were no clinically evident local failures. The actuarial biochemical freedom-from-failure rate at 3 years was 83% for 20 Gy patients versus 88% for 44 Gy patients (P=0.64). For 112 patients with a pre-treatment PSA<10 ng/ml, the 3-year freedom from progression was 84% in patients receiving 20 Gy beam radiation versus 94% in those who received 44 Gy beam (P=0.16). For 47 patients with a pre-treatment PSA>10 ng/ml, the 3-year freedom from progression was 82% in patients receiving 20 Gy beam radiation versus 72% in those who received 44 Gy beam (P=0.38). CONCLUSIONS: The randomized data presented here suggests that the likelihood of biochemical cure is similar with standard (44 Gy) or lower dose (20 Gy) supplemental beam radiation. Since the biological effect of 20 Gy external beam radiation is likely to be small, we interpret these preliminary results to suggest that supplemental beam radiation is unnecessary, in the setting of a high degree of prostate coverage by the brachytherapy prescription dose. With closure of this study, we have begun treating intermediate and high risk patients on a prospective randomized comparison of Pd-103 with 20 versus 0 Gy supplemental beam radiation.",Radiother Oncol,2005,75,307-10,doi: 10.1016/j.radonc.2005.03.019,https://www.ncbi.nlm.nih.gov/pubmed/16086912,,negative,0,2005.0
25765848,Salvage radical prostatectomy after external beam radiation therapy: a systematic review of current approaches,Matei DV,"BACKGROUND: Radical external beam radiotherapy (EBRT) is a standard treatment for prostate cancer patients. Despite this, the rate of intraprostatic relapses after primary EBRT is still not negligible. There is no consensus on the most appropriate management of these patients after EBRT failure. For these patients, local salvage therapy such as radical prostatectomy, cryotherapy, and brachytherapy may be indicated. OBJECTIVE: The objectives of this review were to analyze the eligibility criteria for careful selection of appropriate patients and to evaluate the oncological results and complications for each method. METHODS: A review of the literature was performed to identify studies of local salvage therapy for patients who had failed primary EBRT for localized prostate cancer. RESULTS: Most studies demonstrated that local salvage therapy after EBRT may provide long-term local control in appropriately selected patients, although toxicity is often significant. CONCLUSIONS: Our results suggest that for localized prostate cancer recurrence after EBRT, the selection of a local treatment modality should be made on a patient-by-patient basis. An improvement in selection criteria and an integrated definition of biochemical failure for all salvage methods are required to determine which provides the best oncological outcome and least comorbidity.",Urol Int,2015,94,373-82,doi: 10.1159/000371893. Epub 2015 Mar 4,https://www.ncbi.nlm.nih.gov/pubmed/25765848,,negative,0,2015.0
32068493,"The Comparative Outcomes of Radical Prostatectomy versus Radiotherapy for Nonmetastatic Prostate Cancer: A Longitudinal, Population-Based Analysis",Oake JD,"PURPOSE: The comparative effectiveness of radical prostatectomy (RP) versus radiation therapy (RT) for prostate cancer remains a largely debated topic. Utilizing a provincial population-based linked data set from an equal-access, universal health care system, we sought to compare outcomes among patients treated with either radiation or prostatectomy for nonmetastatic prostate cancer. MATERIALS AND METHODS: We performed a retrospective cohort study by linking several administrative data sets to identify patients who were diagnosed with prostate cancer between 2004 and 2016 in Manitoba, Canada and who were subsequently treated with either RP or RT. Cox proportional hazard models with inverse probability of treatment weighting were used to compare rates of all-cause mortality, as well as prostate cancer specific mortality (PCSM) between patients who underwent RP vs RT. RESULTS: During the study period, 2,540 patients underwent RP and 1,895 underwent RT for prostate cancer. Unadjusted overall survival was higher for RP vs RT (5-year overall survival 95.52% for RP compared with 84.55% for RT, p <0.0001). In inverse probability of treatment weighting-adjusted Cox regression analysis, compared to patients in the RP groups, patients in the RT group had an increased rate of all-cause mortality (HR 1.93, 95% CI 1.65-2.26, p <0.0001), and PCSM (HR 3.98, 95% CI 2.89-5.49; p <0.0001). CONCLUSIONS: RT was associated with higher all-cause mortality and PCSM rates compared with RP. These findings highlight the importance of comparative effectiveness research to identify treatment disparities and warrant further investigation.",J Urol,2022,208,846-854,doi: 10.1097/JU.0000000000000805. Epub 2020 Feb 18,https://www.ncbi.nlm.nih.gov/pubmed/32068493,,negative,0,2020.0
17084553,Permanent prostate implant using high activity seeds and inverse planning with fast simulated annealing algorithm: A 12-year Canadian experience.,Martin AG,"PURPOSE: To report outcomes and toxicity of the first Canadian permanent prostate implant program. METHODS AND MATERIALS: 396 consecutive patients (Gleason < or =6, initial prostate specific antigen (PSA) < or =10 and stage T1-T2a disease) were implanted between June 1994 and December 2001. The median follow-up is of 60 months (maximum, 136 months). All patients were planned with fast-simulated annealing inverse planning algorithm with high activity seeds ([gt] 0.76 U). Acute and late toxicity is reported for the first 213 patients using a modified RTOG toxicity scale. The Kaplan-Meier biochemical failure-free survival (bFFS) is reported according to the ASTRO and Houston definitions. RESULTS: The bFFS at 60 months was of 88.5% (90.5%) according to the ASTRO (Houston) definition and, of 91.4% (94.6%) in the low risk group (initial PSA < or =10 and Gleason < or =6 and Stage < or =T2a). Risk factors statistically associated with bFFS were: initial PSA >10, a Gleason score of 7-8, and stage T2b-T3. The mean D90 was of 151 +/- 36.1 Gy. The mean V100 was of 85.4 +/- 8.5% with a mean V150 of 60.1 +/- 12.3%. Overall, the implants were well tolerated. In the first 6 months, 31.5% of the patients were free of genitourinary symptoms (GUs), 12.7% had Grade 3 GUs; 91.6% were free of gastrointestinal symptoms (GIs). After 6 months, 54.0% were GUs free, 1.4% had Grade 3 GUs; 95.8% were GIs free. CONCLUSION: The inverse planning with fast simulated annealing and high activity seeds gives a 5-year bFFS, which is comparable with the best published series with a low toxicity profile.",Int J Radiat Oncol Biol Phys,2007,67,334-41,10.1016/j.ijrobp.2006.08.042,https://www.ncbi.nlm.nih.gov/pubmed/17084553,LOW RISK,positive,1,
33085712,68Ga-PSMA-PET/CT-based radiosurgery and stereotactic body radiotherapy for oligometastatic prostate cancer,Kalinauskaite G,"BACKGROUND: Androgen deprivation therapy (ADT) remains the standard therapy for patients with oligometastatic prostate cancer (OMPC). Prostate-specific membrane antigen positron emission tomography/computed tomography (PSMA-PET/CT)-based stereotactic body radiotherapy (SBRT) is emerging as an alternative option to postpone starting ADT and its associated side effects including the development of drug resistance. The aim of this study was to determine progression free-survival (PFS) and treatment failure free-survival (TFFS) after PSMA-PET/CT-based SBRT in OMPC patients. The efficacy and safety of single fraction radiosurgery (SFRS) and ADT delay were investigated. METHODS: Patients with ≤5 metastases from OMPC, with/without ADT treated with PSMA-PET/CT-based SBRT were retrospectively analyzed. PFS and TFFS were primary endpoints. Secondary endpoints were local control (LC), overall survival (OS) and ADT-free survival (ADTFS). RESULTS: Fifty patients with a total of 75 metastases detected by PSMA-PET/CT were analyzed. At the time of SBRT, 70% of patients were castration-sensitive. Overall, 80% of metastases were treated with SFRS (median dose 20 Gy, range: 16-25). After median follow-up of 34 months (range: 5-70) median PFS and TFFS were 12 months (range: 2-63) and 14 months (range: 2-70), respectively. Thirty-two (64%) patients had repeat oligometastatic disease. Twenty-four (48%) patients with progression underwent second SBRT course. Two-year LC after SFRS was 96%. Grade 1 and 2 toxicity occurred in 3 (6%) and 1 (2%) patients, respectively. ADTFS and OS rates at 2-years were 60.5% and 100%, respectively. In multivariate analysis, TFFS significantly improved in patients with time to first metastasis (TTM) >36 months (p = 0.01) and PSA before SBRT ≤1 ng/ml (p = 0.03). CONCLUSION: For patients with OMPC, SBRT might be used as an alternative to ADT. This way, the start/escalation of palliative ADT and its side effects can be deferred. Metastases treated with PSMA-PET/CT-based SFRS reached excellent LC with minimal toxicity. Low PSA levels and longer TTM predict elongated TFFS.",PLoS One,2020,21,,doi: 10.1371/journal.pone.0240892. eCollection 2020,https://www.ncbi.nlm.nih.gov/pubmed/33085712,,negative,0,2020.0
21074198,Comparative effectiveness of perineal versus retropubic and minimally invasive radical prostatectomy,Prasad SM,"PURPOSE: While perineal radical prostatectomy has been largely supplanted by retropubic and minimally invasive radical prostatectomy, it was the predominant surgical approach for prostate cancer for many years. In our population based study we compared the use and outcomes of perineal radical prostatectomy vs retropubic and minimally invasive radical prostatectomy. MATERIALS AND METHODS: We identified men diagnosed with prostate cancer from 2003 to 2005 who underwent perineal (452), minimally invasive (1,938) and retropubic (6,899) radical prostatectomy using Surveillance, Epidemiology and End Results-Medicare linked data through 2007. We compared postoperative 30-day and anastomotic stricture complications, incontinence and erectile dysfunction, and cancer therapy (hormonal therapy and/or radiotherapy). RESULTS: Perineal radical prostatectomy comprised 4.9% of radical prostatectomies during our study period and use decreased with time. On propensity score adjusted analysis men who underwent perineal vs retropubic radical prostatectomy had shorter hospitalization (median 2 vs 3 days, p < 0.001), received fewer heterologous transfusions (7.2% vs 20.8%, p < 0.001) and required less additional cancer therapy (4.9% vs 6.9%, p = 0.020). When comparing perineal vs minimally invasive radical prostatectomy men who underwent the former required more heterologous transfusions (7.2% vs 2.7%, p = 0.018) but experienced fewer miscellaneous medical complications (5.3% vs 10.0%, p = 0.045) and erectile dysfunction procedures (1.4 vs 2.3/100 person-years, p = 0.008). The mean and median expenditure for perineal radical prostatectomy in the first 6 months postoperatively was $1,500 less than for retropubic or minimally invasive radical prostatectomy (p < 0.001). CONCLUSIONS: Men who undergo perineal vs retropubic and minimally invasive radical prostatectomy experienced favorable outcomes associated with lower expenditure. Urologists may be abandoning an underused but cost-effective surgical approach that compares favorably with its successors.",J Urol,2011,185,111-5,doi: 10.1016/j.juro.2010.08.090. Epub 2010 Nov 12,https://www.ncbi.nlm.nih.gov/pubmed/21074198,,negative,0,2010.0
18289596,Mayo Clinic validation of the D'amico risk group classification for predicting survival following radical prostatectomy.,Boorjian SA,"PURPOSE: The D'Amico risk group classification was originally developed to estimate the risk of biochemical recurrence following treatment for localized prostate cancer. We externally validated the ability of the risk groups to predict clinical progression, and cancer specific and overall survival following radical prostatectomy, and identify predictors of outcome in patients with high risk disease. MATERIALS AND METHODS: We evaluated the records of 7,591 consecutive patients who underwent radical prostatectomy at our institution between 1987 and 2003. Postoperative survival was estimated using the Kaplan-Meier method. Cox proportional hazard regression models were used to analyze the ability of the risk groups to predict survival and to evaluate the impact of clinicopathological factors on outcome in patients at high risk. RESULTS: Preoperative risk group stratification predicted the patient risk of biochemical and local recurrence, systemic progression, and cancer specific and overall survival (each p <0.001). The HR of death from prostate cancer after surgery in patients with high or intermediate risk disease was 11.5 (95% CI 5.9 to 22.3, p <0.0001) and 6.3 (95% CI 3.3 to 12.3, p <0.0001), respectively, compared to patients at low risk. In patients in the high risk group biopsy Gleason score (p = 0.006), pathological Gleason score (p = 0.006), pathological tumor stage (p = 0.04), positive lymph nodes (p = 0.02) and positive surgical margins (p = 0.008) predicted death from prostate cancer. CONCLUSIONS: We validated the ability of the risk group stratification to predict disease progression and patient survival following radical prostatectomy. Additional prognostic information from surgical staging may assist in individualized postoperative management, particularly for patients at high risk.",J Urol,2008,179,1354-60; discussion 1360-1,10.1016/j.juro.2007.11.061,https://www.ncbi.nlm.nih.gov/pubmed/18289596,LOW RISK,positive,1,
20189847,Prospective comparison of PSA kinetics following two different prostate cancer brachytherapy planning methods: preoperative and real-time intraoperative dosimetry planning,Matzkin H,"OBJECTIVES: Preoperative planning (PP) and intraoperative planning (IoP) are established (125)I-brachytherapy techniques for the treatment of localized prostate cancer. We prospectively compared the effects of each method on reducing PSA levels. MATERIALS AND METHODS: One hundred eighty patients treated with brachytherapy as monotherapy without neoadjuvant androgen deprivation therapy or external beam radiation using PP (75) or IoP (105) methodologies and with ≥ 5 years of follow-up were included in the study. CT-based dosimetry was calculated 1 month postoperatively. PSA was obtained every 3 months for the first year and semiannually thereafter. Available PSA and dosimetric data from both groups were analyzed and compared. RESULTS: At 5 years after brachytherapy, the probability of having a nadir PSA value < 0.5 ng/ml was 90% in the IoP group compared with 60% in the PP group (P < 0.0001). The rate of PSA decline was 3-fold faster in the IoP group than in the PP group. Dosimetry results highly favored the IoP method: mean V(100) (%) and D(90) (Gy) were 95 and 180 vs. 60 and 81 (P < 0.001), respectively. CONCLUSIONS: Our initial finding of highly superior postimplant CT dosimetry calculations of the IoP method are now substantiated by the biochemical favorable results (PSA kinetics) of this method.",Urol Oncol,2012,,-,doi: 10.1016/j.urolonc.2009.12.001. Epub 2010 Mar 2,https://www.ncbi.nlm.nih.gov/pubmed/20189847,,negative,0,2010.0
24105711,125Iodine monotherapy for Japanese men with low- and intermediate-risk prostate cancer: outcomes after 5 years of follow-up.,Sekiguchi A,"Data from 305 Japanese men with low-risk (n = 175) or intermediate-risk (n = 130) prostate cancer who underwent (125)I monotherapy were retrospectively analyzed. Of the 305 patients, 93 received hormonal therapy for a median of 6 months (range, 1-33 months) before implantation. The prescribed dose to the prostate plus 3- to 5-mm margin was set at 145 Gy. The mean dose to 90% of the prostate volume at 1 month (D90) and the prostate volume receiving at least 100% dose at 1 month (V100) were 173.4 Gy and 95.8%, respectively. The median follow-up was 66 months (range, 12-94 months). The 5-year biochemical non-evidence of disease rate was 95.5% (low-risk, 94.2%; intermediate-risk, 97.3%). The 5-year freedom from clinical failure rate was 98.9% (low-risk, 98.9%; intermediate-risk, 99.2%).The initial prostate-specific antigen level was identified as a significant predictive factor for biochemical recurrence (P = 0.029). The late Grade 3 genitourinary toxicity rate was 2.0%. No patients displayed late gastrointestinal toxicity of Grade 3 or worse. Monotherapy with (125)I showed excellent outcomes with limited morbidity for Japanese men with low- and intermediate-risk prostate cancer after 5 years of follow-up.",J Radiat Res,2014,55,328-33,10.1093/jrr/rrt113,https://www.ncbi.nlm.nih.gov/pubmed/24105711,LOW RISK,positive,1,
16682149,Androgen-deprivation therapy does not impact cause-specific or overall survival after permanent prostate brachytherapy.,Merrick GS,"PURPOSE: To determine if androgen-deprivation therapy (ADT) has an impact on cause-specific, biochemical progression-free, or overall survival after prostate brachytherapy. METHODS AND MATERIALS: From April 1995 through June 2002, 938 consecutive patients underwent brachytherapy for clinical Stage T1b to T3a (2002 AJCC) prostate cancer. All patients underwent brachytherapy more than 3 years before analysis. A total of 382 patients (40.7%) received ADT with a duration of 6 months or less in 277 and more than 6 months in 105. The median follow-up was 5.4 years. Multiple clinical, treatment, and dosimetric parameters were evaluated as predictors of cause-specific, biochemical progression-free, and overall survival. RESULTS: The 10-year cause-specific, biochemical progression-free, and overall survival rates for the entire cohort were 96.4%, 95.9%, and 78.1%, respectively. Except for biochemical progression-free survival in high-risk patients, ADT did not statistically impact any of the three survival categories. A Cox linear-regression analysis demonstrated that Gleason score was the best predictor of cause-specific survival, whereas percent-positive biopsies, prostate volume, and risk group predicted for biochemical progression-free survival. Patient age and tobacco use were the strongest predictors of overall survival. One hundred two patients have died, with 80 of the deaths a result of cardiovascular disease (54) and second malignancies (26). To date, only 12 patients have died of metastatic prostate cancer. CONCLUSIONS: After brachytherapy, androgen-deprivation therapy did not have an impact on cause-specific or overall survival for any risk group; however, ADT had a beneficial effect on biochemical progression-free survival in high-risk patients. Cardiovascular disease and second malignancies far outweighed prostate cancer as competing causes of death.",Int J Radiat Oncol Biol Phys,2006,65,669-77,10.1016/j.ijrobp.2006.01.030,https://www.ncbi.nlm.nih.gov/pubmed/16682149,LOW RISK,positive,1,
32398040,PEACE V - Salvage Treatment of OligoRecurrent nodal prostate cancer Metastases (STORM): a study protocol for a randomized controlled phase II trial,De Bruycker A,"BACKGROUND: Pelvic nodal recurrences are being increasingly diagnosed with the introduction of new molecular imaging techniques, like choline and PSMA PET-CT, in the restaging of recurrent prostate cancer (PCa). At this moment, there are no specific treatment recommendations for patients with limited nodal recurrences and different locoregional treatment approaches are currently being used, mostly by means of metastasis-directed therapies (MDT): salvage lymph node dissection (sLND) or stereotactic body radiotherapy (SBRT). Since the majority of patients treated with MDT relapse within 2 years in adjacent lymph node regions, with an estimated median time to progression of 12-18 months, combining MDT with whole pelvic radiotherapy (WPRT) may improve oncological outcomes in these patients. The aim of this prospective multicentre randomized controlled phase II trial is to assess the impact of the addition of WPRT to MDT and short-term androgen deprivation therapy (ADT) on metastasis-free survival (MFS) in the setting of oligorecurrent pelvic nodal recurrence. METHODS & DESIGN: Patients diagnosed with PET-detected pelvic nodal oligorecurrence (≤5 nodes) following radical local treatment for PCa, will be randomized in a 1:1 ratio between arm A: MDT and 6 months of ADT, or arm B: WPRT added to MDT and 6 months of ADT. Patients will be stratified by type of PET-tracer (choline, FACBC or PSMA) and by type of MDT (sLND or SBRT). The primary endpoint is MFS and the secondary endpoints include clinical and biochemical progression-free survival (PFS), prostate cancer specific survival, quality of life (QoL), toxicity and time to castration-resistant prostate cancer (CRPC) and to palliative ADT. Estimated study completion: December 31, 2023. DISCUSSION: This is the first prospective multicentre randomized phase II trial assessing the potential of combined WPRT and MDT as compared to MDT alone on MFS for patients with nodal oligorecurrent PCa. TRIAL REGISTRATION: ClinicalTrials.gov Identifier: NCT03569241, registered June 14, 2018, ; Identifier on Swiss National Clinical Trials Portal (SNCTP): SNCTP000002947, registered June 14, 2018.",BMC Cancer,2020,12,,doi: 10.1186/s12885-020-06911-4,https://www.ncbi.nlm.nih.gov/pubmed/32398040,,negative,0,2020.0
23669165,Whole-gland ablation of localized prostate cancer with high-intensity focused ultrasound: oncologic outcomes and morbidity in 1002 patients.,Crouzet S,"BACKGROUND: High-intensity focused ultrasound (HIFU) is a nonsurgical therapy for selected patients with localized prostate cancer (PCa). OBJECTIVE: The long-term oncologic and morbidity outcomes of primary HIFU therapy for localized PCa were evaluated in a prospective, single-arm, single-institution cohort study. DESIGN, SETTING, AND PARTICIPANTS: Participants were patients treated with HIFU for localized PCa from 1997 to 2009. Excluded were patients with local recurrence following radiotherapy. A second HIFU session was systematically performed in patients with biopsy-proven local recurrence. INTERVENTION: Whole-gland prostate ablation with transrectal HIFU. OUTCOME MEASUREMENTS AND STATISTICAL ANALYSIS: Incontinence was assessed using the Ingelman-Sundberg score, and potency was assessed using the five-item version of the International Index of Erectile Function (IIEF-5) scores. Primary outcomes were survival rates (biochemical-free, cancer-specific, metastasis-free, and overall survival). Secondary outcomes were morbidity rates. Median follow-up was 6.4 yr (range: 0.2-13.9). The Kaplan-Meier method was used to determine survival estimates, and multivariate analysis was used to determine predictive factors of biochemical progression. RESULTS AND LIMITATIONS: A total of 1002 patients were included. The median nadir prostate-specific antigen (PSA) was 0.14 ng/ml, with 63% of patients reaching a nadir PSA ≤0.3 ng/ml. Sixty percent of patients received one HIFU session, 38% received two sessions, and 2% received three sessions. The 8-yr biochemical-free survival rates (Phoenix definition) were 76%, 63%, and 57% for low-, intermediate-, and high-risk patients, respectively (p < 0.001). At 10 yr, the PCa-specific survival rate and metastasis-free survival rate (MFSR) were 97% and 94%, respectively. Salvage therapies included external-beam radiation therapy (EBRT) (13.8%), EBRT plus androgen-deprivation therapy (ADT) (9.7%), and ADT alone (12.1%). Severe incontinence and bladder outlet obstruction decreased with refinement in the technology, from 6.4% and 34.9% to 3.1% and 5.9%, respectively. Limitations included the fact that the study was a single-arm study without a comparison group, technological improvements, changes in surgical protocol during the study, and the use of ADT to downsize the prostate in 39% of patients. CONCLUSIONS: HIFU is a potentially effective treatment of localized PCa, with a low PCa-specific mortality rate and a high MFSR at 10 yr as well as acceptable morbidity.",Eur Urol,2014,65,907-14,10.1016/j.eururo.2013.04.039,https://www.ncbi.nlm.nih.gov/pubmed/23669165,LOW RISK,positive,1,
31705700,Hemi-ablative low-dose-rate prostate brachytherapy for unilateral localised prostate cancer,Langley S,"OBJECTIVES: To report clinical outcomes of the Hemi-Ablative Prostate Brachytherapy (HAPpy) trial evaluating treatment-related toxicity and effectiveness of hemi-gland (HG) low-dose-rate (LDR) prostate brachytherapy as a focal approach to control unilateral localised prostate cancer. PATIENTS AND METHODS: Single institution phase IIS pilot study of patients treated with focal 4D Brachytherapy™ (BXTAccelyon, Burnham, Buckinghamshire, UK). The primary outcome was patient-reported toxicity 24 months after implant. The secondary outcome was assessment of disease control. Outcomes in HG patients were compared to whole-gland (WG) controls obtained from our prospective cohort registry by negative binomial and linear regression models. RESULTS: Pre-treatment demography was similar between the 30 HG patients and 362 WG controls. Post-implant dosimetry was similar for the prostate gland target volumes and significantly reduced for the urethra and bowel in HG patients relative to WG controls, but this did not translate into a difference in post-implant mean symptom scores between the two groups. Nevertheless, the change in score from baseline indicated that the impact on pre-treatment symptom status was less after HG implants. Only HG patients showed a return to baseline urinary scores as early as 12 months. Sexual potency was conserved in 73% and 67% of HG and WG patients, respectively (P = 0.84). Post-implant prostate-specific antigen (PSA) kinetics revealed that baseline PSA was reduced at 24 months by 78% and 88% in HG and WG patients, respectively (P < 0.05). Treatment relapse occurred in one (3%) HG patient 55 months after implant and in nine (3%) WG patients at 32-67 months after implant. CONCLUSION: This pilot study suggests that treatment-related toxicity and biochemical outcomes after HG implants are broadly similar to those observed with WG treatment despite the lower dose delivered by HG implants.",BJU Int,2020,125,383-390,doi: 10.1111/bju.14948. Epub 2019 Dec 23,https://www.ncbi.nlm.nih.gov/pubmed/31705700,,negative,0,2020.0
26581143,Radical Prostatectomy Versus Radiation and Androgen Deprivation Therapy for Clinically Localized Prostate Cancer: How Good Is the Evidence?,Roach M 3rd,"PURPOSE: The optimal treatment of clinically localized prostate cancer is controversial. Most studies focus on biochemical (PSA) failure when comparing radical prostatectomy (RP) with radiation therapy (RT), but this endpoint has not been validated as predictive of overall survival (OS) or cause-specific survival (CSS). We analyzed the available literature to determine whether reliable conclusions could be made concerning the effectiveness of RP compared with RT with or without androgen deprivation therapy (ADT), assuming current treatment standards. METHODS: Articles published between February 29, 2004, and March 1, 2015, that compared OS and CSS after RP or RT with or without ADT were included. Because the GRADE (Grading of Recommendations, Assessment, Development, and Evaluation) system emphasis is on randomized controlled clinical trials, a reliability score (RS) was explored to further understand the issues associated with the study quality of observational studies, including appropriateness of treatment, source of data, clinical characteristics, and comorbidity. Lower RS values indicated lower reliability. RESULTS: Fourteen studies were identified, and 13 were completely evaluable. Thirteen of the 14 studies (93%) were observational studies with low-quality evidence. The median RS was 12 (range, 5-18); the median difference in 10-year OS and CSS favored RP over RT: 10% and 4%, respectively. In studies with a RS ≤12 (average RS 9) the 10-year OS and CSS median differences were 17% and 6%, respectively. For studies with a RS >12 (average RS 15.5), the 10-year OS and CSS median differences were 5.5% and 1%, respectively. Thus, we observed an association between low RS and a higher percentage difference in OS and CSS. CONCLUSIONS: Reliable evidence that RP provides a superior CSS to RT with ADT is lacking. The most reliable studies suggest that the differences in 10-year CSS between RP and RT are small, possibly <1%.",Int J Radiat Oncol Biol Phys,2015,1,,doi: 10.1016/j.ijrobp.2015.08.005. Epub 2015 Nov 11,https://www.ncbi.nlm.nih.gov/pubmed/26581143,,negative,0,2015.0
16135479,Randomized trial comparing two fractionation schedules for patients with localized prostate cancer,Lukka H,"PURPOSE: The optimal radiation dose fractionation schedule for localized prostate cancer is unclear. This study was designed to compare two dose fractionation schemes (a shorter 4-week radiation schedule v a longer 6.5-week schedule). PATIENTS AND METHODS: Patients with early-stage (T1 or T2) prostate cancer were randomly assigned to 66 Gy in 33 fractions over 45 days (long arm) or 52.5 Gy in 20 fractions over 28 days (short arm). The study was designed as a noninferiority investigation with a predefined tolerance of -7.5%. The primary outcome was a composite of biochemical or clinical failure (BCF). Secondary outcomes included presence of tumor on prostate biopsy at 2 years, survival, and toxicity. RESULTS: From March 1995 to December 1998, 936 men were randomly assigned to treatment; 470 were assigned to the long arm, and 466 were assigned to the short arm. The median follow-up time was 5.7 years. At 5 years, the BCF probability was 52.95% in the long arm and 59.95% in the short arm (difference = -7.0%; 90% CI, -12.6% to -1.4%), favoring the long arm. No difference in 2-year postradiotherapy biopsy or in overall survival was detected between the arms. Acute toxicity was found to be slightly higher in the short arm (11.4%) compared with the long arm (7%; difference = -4.4%; 95% CI, -8.1% to -0.6%); however, late toxicity was similarly low in both arms (3.2%). CONCLUSION: Given the results, we cannot exclude the possibility that the chosen hypofractionated radiation regimen may be inferior to the standard regimen. Further evaluation involving higher dose hypofractionated radiation regimens in contemporary radiation settings is necessary.",J Clin Oncol,2005,1,,doi: 10.1200/JCO.2005.06.153,https://www.ncbi.nlm.nih.gov/pubmed/16135479,,negative,0,2005.0
32418156,Salvage radiotherapy in patients affected by oligorecurrent pelvic nodal prostate cancer,Ingrosso G,"PURPOSE: Metastasis-directed therapy (MDT) is an investigational treatment option in patients with oligorecurrent prostate cancer (PCa). The aim of this retrospective study is to report oncologic outcome and toxicity of elective nodal radiotherapy (ENRT) in PCa patients affected by pelvic nodal oligorecurrence. METHODS: 41 consecutive patients were treated with salvage radiotherapy. At biochemical recurrence after primary treatment, oligorecurrent disease was detected by positron emission tomography (PET) in 94% of the patients. Image-guided intensity modulated radiation therapy (IMRT) was delivered using tomotherapy. 83% of the patients received androgen deprivation therapy (ADT) in combination with ENRT. Survival analysis was performed with Kaplan-Meier method, log-rank test was used to analyze associations between survival end-points and clinical parameters. Multivariate analysis was performed using Cox proportional hazards regression models. Toxicity was registered according to Common Terminology Criteria for Adverse Events (CTCAE) v4.0. RESULTS: The median at follow-up was 33.6 months. At 3 years, overall survival (OS), cancer-specific survival (CSS), and biochemical progression-free survival (b-PFS) were 89%, 92%, and 53%, respectively. At univariate analysis, all survival end-points were correlated with the number of positive pelvic lymph nodes at oligorecurrence (≤ 3 vs > 3). Biochemical-PFS was correlated with PSA (p = 0.034) and PSA doubling time (p = 0.004) at oligorecurrence. At multivariate analysis, no independent variable was statistically significant. No patient experienced grade ≥ 2 late toxicity after radiotherapy. CONCLUSIONS: The number of metastatic lymph nodes and PSA doubling time seems to be important prognostic factors in the pelvic oligorecurrent setting. Salvage radiotherapy combined with short-course ADT might be a valid treatment strategy.",Clin Transl Oncol,2020,22,2236-2243,doi: 10.1007/s12094-020-02364-0. Epub 2020 May 16,https://www.ncbi.nlm.nih.gov/pubmed/32418156,,negative,0,2020.0
16182220,Combined modality treatment with high-dose-rate brachytherapy boost for locally advanced prostate cancer,Hsu IC,"PURPOSE: This is a retrospective review of our experience using high-dose-rate (HDR) brachytherapy boost for prostate cancer. METHODS AND MATERIALS: During the study period, we recommended external beam radiotherapy (45 Gy) and HDR boost (18 Gy in three fractions) combined with hormonal therapy (HT) for 2 months before and during radiotherapy to patients with at least one of the following risk features: pretreatment prostate-specific antigen>10, Gleason score (GS)>or=7, and clinical T3 disease. Additional HT for 2 years after radiotherapy was recommended for patients with GS>7. To patients whose risk of positive nodes exceeded 15%, we recommended whole pelvic radiotherapy. We administered HDR via single implant, and all fractions were given within 24h. RESULTS: This report is based on our initial 64 patients treated with HDR boost. The median follow-up was 50 months (range 25-68 months). The 4-year estimates of overall and disease-free survival were 98% and 92%, respectively. One patient experienced late grade 4 gastrointestinal toxicity. CONCLUSIONS: HDR brachytherapy is an effective means of delivering conformal prostate radiotherapy, and may be used with whole pelvic radiotherapy and HT.",Brachytherapy,2005,4,202-6,doi: 10.1016/j.brachy.2005.03.005,https://www.ncbi.nlm.nih.gov/pubmed/16182220,,negative,0,2005.0
19467793,Natural history of clinically staged low- and intermediate-risk prostate cancer treated with monotherapeutic permanent interstitial brachytherapy.,Taira AV,"PURPOSE: To evaluate the natural history of clinically staged low- and intermediate-risk prostate cancer treated with permanent interstitial seed implants as monotherapy. METHODS AND MATERIALS: Between April 1995 and May 2005, 463 patients with clinically localized prostate cancer underwent brachytherapy as the sole definitive treatment. Men who received supplemental external beam radiotherapy or androgen deprivation therapy were excluded. Dosimetric implant quality was determined based on the minimum dose that covered 90% of the target volume and the volume of the prostate gland receiving 100% of the prescribed dose. Multiple parameters were evaluated as predictors of treatment outcomes. RESULTS: The 12-year biochemical progression-free survival (bPFS), cause-specific survival, and overall survival rates for the entire cohort were 97.1%, 99.7%, and 75.4%, respectively. Only pretreatment prostate-specific antigen level, percent positive biopsy cores, and minimum dose that covered 90% of the target volume were significant predictors of biochemical recurrence. The bPFS, cause-specific survival, and overall survival rates were 97.4%, 99.6%, and 76.2%, respectively, for low-risk patients and 96.4%, 100%, and 74.0%, respectively, for intermediate-risk patients. The bPFS rate was 98.8% for low-risk patients with high-quality implants versus 92.1% for those with less adequate implants (p < 0.01), and it was 98.3% for intermediate-risk patients with high-quality implants versus 86.4% for those with less adequate implants (p < 0.01). CONCLUSIONS: High-quality brachytherapy implants as monotherapy can provide excellent outcomes for men with clinically staged low- and intermediate-risk prostate cancer. For these men, a high-quality implant can achieve results comparable to high-quality surgery in the most favorable pathologically staged patient subgroups.",Int J Radiat Oncol Biol Phys,2010,76,349-54,10.1016/j.ijrobp.2009.02.021,https://www.ncbi.nlm.nih.gov/pubmed/19467793,LOW RISK,positive,1,
26797541,Outcomes Associated With 3 Treatment Schedules of High-Dose-Rate Brachytherapy Monotherapy for Favorable-Risk Prostate Cancer,Jawad MS,"PURPOSE: We report the outcomes associated with 3 high-dose-rate (HDR) brachytherapy regimens used as monotherapy for favorable-risk prostate cancer. METHODS AND MATERIALS: Four hundred ninety-four patients with stage ≤T2b prostate cancer, Gleason score ≤7, and prostate-specific antigen levels ≤15 ng/mL underwent HDR brachytherapy as monotherapy. Of those, 319 received 38 Gy in 4 fractions, 79 received 24 Gy in 2 fractions, and 96 received 27 Gy in 2 fractions. Acute and chronic genitourinary (GU) and gastrointestinal (GI) toxicities were defined as side effects occurring ≤6 and >6 months, respectively, after radiation therapy (RT) and were graded according to the Common Terminology Criteria for Adverse Events version 3.0. The time to toxicity was calculated from the date of RT completion. Variables were analyzed with χ(2) test. P values <.05 were considered significant. RESULTS: The median overall follow-up time was 4 years (range, 5.5, 3.5, and 2.5 years for 38 Gy, 24 Gy, and 27 Gy, respectively, P<.001). Acute and chronic grade ≥2 GU and GI toxicity profiles were similar among groups. Acceptable rates of grade 2 GU toxicities were seen with overall acute/chronic frequency/urgency, dysuria, retention, incontinence, and hematuria rates of 14%/20%, 6%/7%, 7%/4%, 1.5%/2%, and 1.5%/7%, respectively. Minimal grade 3 and no grade 4 or 5 toxicities were seen. Grade 1, 2, and 3 chronic urethral stricture rates were 0.3%, 2%, and 1%, respectively. All GI toxicities were similar between groups, with overall rates of acute/chronic grade 2 diarrhea, rectal pain/tenesmus, rectal bleeding, and proctitis of 1%/1%, <1%/0.5%, 0%/2%, and <1%/1%, respectively. No grade 3, 4, or 5 toxicities were seen. All comparisons were similar for hormone-naïve patients. The median time to maximal GU/GI toxicity was similar between groups, ranging from 1 to 1.6 to 0.9 to 1.2 years, respectively. There were no differences in clinical outcomes between the 3 groups at 5 years. CONCLUSIONS: The acute and chronic toxicity profiles associated with these 3 HDR brachytherapy schedules were similar and were well tolerated. Acceptable grade 2, minimal grade 3, and no grade 4 or 5 toxicities were seen. This, combined with the fact that the clinical outcomes were similar, leads to the conclusion that all 3 regimens may be acceptable options for the management of low-risk to intermediate-risk prostate cancer.",Int J Radiat Oncol Biol Phys,2016,15,,doi: 10.1016/j.ijrobp.2015.10.011. Epub 2015 Nov 10,https://www.ncbi.nlm.nih.gov/pubmed/26797541,,negative,0,2015.0
20171808,Comparison between high and low source activity seeds for I-125 permanent seed prostate brachytherapy,Masucci GL,"PURPOSE: To compare low (mean 0.44, SD ± 0.0163 mCi) with high source activity (0.61 ± 0.0178 mCi) in I(125) permanent seed brachytherapy regarding seed loss, dosimetric outcome, and toxicity. METHODS AND MATERIALS: The study included 199 patients with prostate cancer treated by permanent seed brachytherapy alone: the first 105 with seeds of lower activity (first cohort), the following 94 with higher seed activity (second cohort). The V100, V150, V200, and D90 were analyzed on the CT scan 30 days after implantation (CTD30). The V100, V150, and D2 of the rectum were also calculated on CTD30. Seed loss was determined 30 days after implantation. Urinary toxicity was measured with the International Prostate Symptom Score (IPSS) questionnaire. RESULTS: Lower seed activity was associated with lower V150 and V200 (p = 0.01 and p ≤ 0.001, respectively) on CTD30. More patients had a V100 <90% and D90 <140 Gy in the lower activity cohort (p = 0.098 for D90 and p = 0.029 for V100) on CTD30. There was no difference between cohorts in dose to the rectum (p = 0.325-0.516) or difference in patients' IPSS score from baseline (p = 0.0.117-0.618), although there was a trend toward more urinary toxicity at 4 and 8 months for high activity seeds. Seed loss as a percentage of implanted seeds was not different (p = 0.324). CONCLUSIONS: Higher seed activity (I(125) ≥ 0.6 mCi) results in at least equal V100 and D90 on CTD30. However, dose inhomogeneity and a trend toward more urinary toxicity at 4 and 8 months after treatment may lead to a higher long-term urinary complications.",Int J Radiat Oncol Biol Phys,2010,1,,doi: 10.1016/j.ijrobp.2009.08.057. Epub 2010 Feb 19,https://www.ncbi.nlm.nih.gov/pubmed/20171808,,negative,0,2010.0
22831750,Clinical outcomes of high-dose-rate brachytherapy and external beam radiotherapy in the management of clinically localized prostate cancer.,Kotecha R,"PURPOSE: To report prostate-specific antigen (PSA) relapse-free survival and treatment-related toxicity outcomes after combining high-dose-rate (HDR) brachytherapy with external beam radiotherapy (EBRT) for patients with clinically localized prostate cancer. METHODS AND MATERIALS: Between 1998 and 2009, 229 patients were treated with HDR brachytherapy followed 3 weeks later by supplemental EBRT. The HDR brachytherapy boost consisted of three fractions of (192)Ir (5.5-7.5Gy per fraction), and EBRT consisted of intensity-modulated radiotherapy delivering an additional 45.0-50.4Gy directed to the prostate gland and seminal vesicles. Median follow-up was 61 months. RESULTS: Seven-year PSA relapse-free survival for low-, intermediate-, and high-risk patients were 95%, 90%, and 57%, respectively (p<0.001). Among high-risk patients treated with biological equivalent doses in excess of 190Gy, 7-year PSA relapse-free survival was 81%. In multivariate analysis, Gleason scores of ≥8 predicted for increased risk of biochemical failure, whereas the use of short-term neoadjuvant androgen deprivation therapy did not influence tumor-control outcomes even among intermediate- or high-risk patients. Seven-year incidence of distant metastases for low-, intermediate-, and high-risk patients were 5%, 3%, and 17%, respectively. Seven-year incidence of late Grade 2 and 3 genitourinary toxicities were 22.1% and 4.9%, respectively and the 7-year incidence of Grade 2 and 3 gastrointestinal toxicities were 1% and 0.4%, respectively. CONCLUSION: HDR prostate brachytherapy in conjunction with supplemental EBRT results in excellent biochemical relapse-free survival rates with a low incidence of severe late genitourinary or gastrointestinal toxicities. The use of short-term neoadjuvant androgen deprivation did not influence long-term biochemical tumor control in this cohort.",Brachytherapy,2013,12,44-9,10.1016/j.brachy.2012.05.003,https://www.ncbi.nlm.nih.gov/pubmed/22831750,INTERMEDIATE RISK,positive,1,
32215577,Outcomes of Observation vs Stereotactic Ablative Radiation for Oligometastatic Prostate Cancer: The ORIOLE Phase 2 Randomized Clinical Trial,Phillips R,"IMPORTANCE: Complete metastatic ablation of oligometastatic prostate cancer may provide an alternative to early initiation of androgen deprivation therapy (ADT). OBJECTIVE: To determine if stereotactic ablative radiotherapy (SABR) improves oncologic outcomes in men with oligometastatic prostate cancer. DESIGN, SETTING, AND PARTICIPANTS: The Observation vs Stereotactic Ablative Radiation for Oligometastatic Prostate Cancer (ORIOLE) phase 2 randomized study accrued participants from 3 US radiation treatment facilities affiliated with a university hospital from May 2016 to March 2018 with a data cutoff date of May 20, 2019, for analysis. Of 80 men screened, 54 men with recurrent hormone-sensitive prostate cancer and 1 to 3 metastases detectable by conventional imaging who had not received ADT within 6 months of enrollment or 3 or more years total were randomized. INTERVENTIONS: Patients were randomized in a 2:1 ratio to receive SABR or observation. MAIN OUTCOMES AND MEASURES: The primary outcome was progression at 6 months by prostate-specific antigen level increase, progression detected by conventional imaging, symptomatic progression, ADT initiation for any reason, or death. Predefined secondary outcomes were toxic effects of SABR, local control at 6 months with SABR, progression-free survival, Brief Pain Inventory (Short Form)-measured quality of life, and concordance between conventional imaging and prostate-specific membrane antigen (PSMA)-targeted positron emission tomography in the identification of metastatic disease. RESULTS: In the 54 men randomized, the median (range) age was 68 (61-70) years for patients allocated to SABR and 68 (64-76) years for those allocated to observation. Progression at 6 months occurred in 7 of 36 patients (19%) receiving SABR and 11 of 18 patients (61%) undergoing observation (P = .005). Treatment with SABR improved median progression-free survival (not reached vs 5.8 months; hazard ratio, 0.30; 95% CI, 0.11-0.81; P = .002). Total consolidation of PSMA radiotracer-avid disease decreased the risk of new lesions at 6 months (16% vs 63%; P = .006). No toxic effects of grade 3 or greater were observed. T-cell receptor sequencing identified significant increased clonotypic expansion following SABR and correlation between baseline clonality and progression with SABR only (0.082085 vs 0.026051; P = .03). CONCLUSIONS AND RELEVANCE: Treatment with SABR for oligometastatic prostate cancer improved outcomes and was enhanced by total consolidation of disease identified by PSMA-targeted positron emission tomography. SABR induced a systemic immune response, and baseline immune phenotype and tumor mutation status may predict the benefit from SABR. These results underline the importance of prospective randomized investigation of the oligometastatic state with integrated imaging and biological correlates. TRIAL REGISTRATION: ClinicalTrials.gov Identifier: NCT02680587.",JAMA Oncol,2020,1,,doi: 10.1001/jamaoncol.2020.0147,https://www.ncbi.nlm.nih.gov/pubmed/32215577,,negative,0,2020.0
19632069,Local control following permanent prostate brachytherapy: effect of high biologically effective dose on biopsy results and oncologic outcomes.,Stone NN,"PURPOSE: To determine factors that influence local control and systemic relapse in patients undergoing permanent prostate brachytherapy (PPB). METHODS AND MATERIALS: A total of 584 patients receiving PPB alone or PPB with external beam radiation therapy (19.5%) agreed to undergo prostate biopsy (PB) at 2 years postimplantion and yearly if results were positive or if the prostate-specific antigen (PSA) level increased. Short-term hormone therapy was used with 280 (47.9%) patients. Radiation doses were converted to biologically effective doses (BED) (using alpha/beta = 2). Comparisons were made by chi-square analysis and linear regression. Survival was determined by the Kaplan-Meier method. RESULTS: The median PSA concentration was 7.1 ng/ml, and the median follow-up period was 7.1 years. PB results were positive for 48/584 (8.2%) patients. Positive biopsy results by BED group were as follows: 22/121 (18.2%) patients received a BED of < or =150 Gy; 15/244 (6.1%) patients received >150 to 200 Gy; and 6/193 (3.1%; p < 0.001) patients received >200 Gy. Significant associations of positive PB results by risk group were low-risk group BED (p = 0.019), intermediate-risk group hormone therapy (p = 0.011) and BED (p = 0.040), and high-risk group BED (p = 0.004). Biochemical freedom from failure rate at 7 years was 82.7%. Biochemical freedom from failure rate by PB result was 84.7% for negative results vs. 59.2% for positive results (p < 0.001). Cox regression analysis revealed significant associations with BED (p = 0.038) and PB results (p = 0.002) in low-risk patients, with BED (p = 0.003) in intermediate-risk patients, and with Gleason score (p = 0.006), PSA level (p < 0.001), and PB result (p = 0.038) in high-risk patients. Fifty-three (9.1%) patients died, of which eight deaths were due to prostate cancer. Cause-specific survival was 99.2% for negative PB results vs. 87.6% for positive PB results (p < 0.001). CONCLUSIONS: Higher radiation doses are required to achieve local control following PPB. A BED of >200 Gy with an alpha/beta ratio of 2 yields 96.9% local control rate. Failure to establish local control impacts survival.",Int J Radiat Oncol Biol Phys,2010,76,355-60,10.1016/j.ijrobp.2009.01.078,https://www.ncbi.nlm.nih.gov/pubmed/19632069,LOW RISK,positive,1,
16194714,Laparoscopic radical prostatectomy: conventional and robotic,Menon M,"By 2015, prostate cancer will become the most commonly diagnosed cancer in men. Radical prostatectomy reduces disease-specific mortality in patients with localized prostate cancer; however, the invasiveness of surgery and its resultant side effects cause many men to seek other treatments. In 2000, laparoscopic radical prostatectomy emerged as a minimally invasive alternative to open surgery; it has been refined recently by the addition of robotic technology. To examine the outcomes of robotic radical prostatectomy and compare them with those from open and conventional laparoscopic radical prostatectomy, we prospectively collected baseline demographic data on all patients undergoing surgery for prostate cancer over a 4-year period at our center. Urinary function and sexual function were evaluated using standardized criteria as well as a questionnaire preoperatively and at 1, 3, 6, 12, and 18 months after their procedure. Operative and postoperative outcomes were compared using values for open radical prostatectomy as the reference standard. A total of 100 men underwent open radical prostatectomy with conventional laparoscopic radical prostatectomy (n = 50) and robotic radical prostatectomy (n = 500). The odds ratios for operative times, blood loss, postoperative pain, complications, and median times to urinary continence and resumption of sexual activity all were lower for robotic than for open or laparoscopic radical prostatectomy. It appears safe to conclude that conventional laparoscopic radical prostatectomy is a reasonable alternative to open radical prostatectomy in the surgical treatment of patients with clinically localized prostate cancer. The incorporation of robotics may result in even better surgical outcomes than conventional laparoscopy. However, the surgical robot is expensive; few centers have access to the technology and even fewer have expertise in the technique. For robotic radical prostatectomy to become the standard of care for the treatment of localized prostate cancer will require economies of cost, dissemination of surgical expertise, and data from randomized trials.",Urology,2005,66,101-4,doi: 10.1016/j.urology.2005.06.008,https://www.ncbi.nlm.nih.gov/pubmed/16194714,,negative,0,2005.0
26531200,Oncological outcomes following robotic-assisted radical prostatectomy in a multiracial Asian population,Alvin LW,"This study evaluates the oncological outcomes of RARP in a multiracial Asian population from a single institution. All suitable patients from 1st January 2003-30th June 2013 were identified from a prospectively maintained cancer registry. Peri-operative and oncological outcomes were analysed. Significance was defined as p < 0.05. There were n = 725 patients identified with a mean follow-up duration 28 months. The mean operative time, EBL and LOS were 186 min, 215 ml and 3 days, respectively. The pathological stage was pT2 in 68.6% (n = 497/725), pT3 in 31.3% (n = 227/725) and n = 1 patient with pT4 disease. The pathological Gleason scores (GS) were 6 in 27.9% (n = 202/725), GS 7 in 63.6% (n = 461/725) and GS ≥ 8 in 8.0 % (n = 58/725). The node positivity rate was 5.8% (n = 21/360). The positive margin rates were 31.0% (n = 154/497) and 70.9% (n = 161/227) for pT2 and pT3, respectively, and decreasing PSM rates are observed with surgical maturity. The biochemical recurrence rates were 9.7% (n = 48/497) and 34.2% (n = 78/228) for pT2 and pT3/T4, respectively. On multivariate analysis, independent predictors of BCR were pathological T stage and pathological Gleason score. Post-operatively, 78.5% (n = 569/725) of patients had no complications and 17.7% (n = 128/725) had minor (Clavien grade I-II) complications. This series, representing the largest from Southeast Asia, suggests that RARP can be a safe and oncologically feasible treatment for localised prostate cancer in an institution with moderate workload.",J Robot Surg,2015,9,201-9,doi: 10.1007/s11701-015-0516-1. Epub 2015 Jul 7,https://www.ncbi.nlm.nih.gov/pubmed/26531200,,negative,0,2015.0
32220567,Outcomes for Young Men With Localized Intermediate-Risk Prostate Cancer: An Analysis of the NCDB,Chua S,"BACKGROUND: Primary management of localized, intermediate-risk prostate cancer consists of radical prostatectomy (RP), radiotherapy (RT) with short-course androgen deprivation therapy (ADT), or RT alone. The purpose of this study was to determine if these treatment strategies have equivalent overall survival (OS) in patients < 55 years old with intermediate-risk prostate cancer. PATIENTS AND METHODS: We identified 35,134 patients in the National Cancer Data Base with localized intermediate-risk prostate cancer treated with RP, RT + ADT, or RT from 2004 to 2013. Ten-year OS rates were estimated by the Kaplan-Meier method. Adjusted hazard ratios (HR) with 95% confidence intervals (CI) were computed by multivariate Cox regression. RESULTS: A total of 29,920 patients (85.2%) underwent RP, 1393 (4.0%) RT + ADT, and 3821 (10.9%) RT. Median patient age was 51 years old, and median follow-up was 59.9 months. Ten-year OS was estimated to be 94.2% for RP, 80.7% for RT + ADT, and 85.2% for RT (P < .0001). On multivariate analysis, treatment with RT + ADT or RT was associated with significantly worse OS compared to treatment with RP (RT + ADT HR = 2.06, 95% CI 1.67-2.54, P < .0001; RT HR = 2.0, 95% CI 1.71-2.33, P < .0001). Patients who met all 3 of the intermediate-risk criteria showed worse OS compared to patients who met only one criterion (HR = 1.80; 95% CI, 1.32-2.44; P = .0002). CONCLUSION: RP is significantly more likely than RT + ADT or RT to be used as a primary treatment for young men with localized intermediate prostate cancer. RP was also associated with improved OS compared to RT + ADT and RT.",Clin Genitourin Cancer,2020,18,,doi: 10.1016/j.clgc.2020.02.002. Epub 2020 Feb 22,https://www.ncbi.nlm.nih.gov/pubmed/32220567,,negative,0,2020.0
16170437,Incontinence and erectile dysfunction following radical prostatectomy: a review,Alivizatos G,"Radical prostatectomy remains the treatment of choice for localized prostate cancer in age-appropriate and health-appropriate men. Although cancer control is the most important aspect of a radical prostatectomy, minimization of postoperative morbidity, especially urinary incontinence and erectile dysfunction, is becoming a greater concern. We reviewed recent data available on Medline regarding the incidence, pathophysiology, evaluation, and treatment of incontinence and sexual dysfunction after radical prostatectomy. Health-related quality of life issues have been specifically addressed. Although low incidences of incontinence and erectile dysfunction after radical prostatectomy have been reported in the hands of experienced surgeons, the literature review revealed a great variety, with incontinence rates ranging from 0.3-65.6% and potency rates ranging from 11-87%. Several factors contribute to this wide difference, the most important being the application of a meticulous surgical technique. General and cancer-specific health-related quality of life is not being affected after radical prostatectomy. The incidence of incontinence and erectile dysfunction is higher after radical prostatectomy when compared to the incidence observed when other therapies for localized prostate cancer are applied. However, the majority of the patients undergoing radical prostatectomy would vote for the operation again. Today, avoidance of major complications after radical prostatectomy depends mostly on a high-quality surgical technique. When incontinence or erectile dysfunction persists after radical prostatectomy, the majority of the treated patients can be managed effectively by various methods.",ScientificWorldJournal,2005,13,,doi: 10.1100/tsw.2005.94,https://www.ncbi.nlm.nih.gov/pubmed/16170437,,negative,0,2005.0
21119084,Active surveillance compared with initial treatment for men with low-risk prostate cancer: a decision analysis,Hayes JH,"CONTEXT: In the United States, 192,000 men were diagnosed as having prostate cancer in 2009, the majority with low-risk, clinically localized disease. Treatment of these cancers is associated with substantial morbidity. Active surveillance is an alternative to initial treatment, but long-term outcomes and effect on quality of life have not been well characterized. OBJECTIVE: To examine the quality-of-life benefits and risks of active surveillance compared with initial treatment for men with low-risk, clinically localized prostate cancer. DESIGN AND SETTING: Decision analysis using a simulation model was performed: men were treated at diagnosis with brachytherapy, intensity-modulated radiation therapy (IMRT), or radical prostatectomy or followed up by active surveillance (a strategy of close monitoring of newly diagnosed patients with serial prostate-specific antigen measurements, digital rectal examinations, and biopsies, with treatment at disease progression or patient choice). Probabilities and utilities were derived from previous studies and literature review. In the base case, the relative risk of prostate cancer-specific death for initial treatment vs active surveillance was assumed to be 0.83. Men incurred short- and long-term adverse effects of treatment. PATIENTS: Hypothetical cohorts of 65-year-old men newly diagnosed as having clinically localized, low-risk prostate cancer (prostate-specific antigen level <10 ng/mL, stage ≤T2a disease, and Gleason score ≤6). MAIN OUTCOME MEASURE: Quality-adjusted life expectancy (QALE). RESULTS: Active surveillance was associated with the greatest QALE (11.07 quality-adjusted life-years [QALYs]), followed by brachytherapy (10.57 QALYs), IMRT (10.51 QALYs), and radical prostatectomy (10.23 QALYs). Active surveillance remained associated with the highest QALE even if the relative risk of prostate cancer-specific death for initial treatment vs active surveillance was as low as 0.6. However, the QALE gains and the optimal strategy were highly dependent on individual preferences for living under active surveillance and for having been treated. CONCLUSIONS: Under a wide range of assumptions, for a 65-year-old man, active surveillance is a reasonable approach to low-risk prostate cancer based on QALE compared with initial treatment. However, individual preferences play a central role in the decision whether to treat or to pursue active surveillance.",JAMA,2010,1,,doi: 10.1001/jama.2010.1720,https://www.ncbi.nlm.nih.gov/pubmed/21119084,,negative,0,2010.0
23062705,Long-term outcomes and prognostic factors in patients treated with intraoperatively planned prostate brachytherapy.,Vargas C,"PURPOSE: Evaluate outcomes and prognostic factors in men with localized prostate cancer. METHODS AND MATERIALS: A total of 3760 patients have undergone prostate seed implantation at our institution. This review is of our initial 304 consecutive patients treated before January 30, 2001. A total of 124 patients were treated with (125)I implant monotherapy and 180 with (103)Pd implant combined with 45-Gy external beam radiation therapy. RESULTS: The median followup was 10.3 years. A 10-year biochemical control for low risk (LR) was 98% , intermediate risk (IR) 94%, high risk (HR) 78%, and HR with one HR factor 88% (p < 0.001); cause-specific survival was 99%, 98%, and 84% for LR, IR, and HR, respectively (p < 0.001); No significant difference in outcome was seen for LR and IR patients (p > 0.3). On multivariate analysis, only pretreatment PSA, Gleason score, and T-stage were significant for biochemical control. Most biochemical failures occurred within 5 years (93%). CONCLUSIONS: With a minimum followup of 10 years, results are excellent and do not differ for LR or IR prostate cancer patients. HR patients are a very heterogeneous group, and excellent results can still be achieved for HR patients with only one HR feature.",Brachytherapy,2013,12,120-5,10.1016/j.brachy.2012.08.002,https://www.ncbi.nlm.nih.gov/pubmed/23062705,LOW RISK,positive,1,
20961696,Ten-year outcomes: the clinical utility of single photon emission computed tomography/computed tomography capromab pendetide (Prostascint) in a cohort diagnosed with localized prostate cancer.,Ellis RJ,"PURPOSE: To evaluate the clinical utility of capromab pendetide imaging with single photon emission computed tomography coregistration with computed tomography (SPECT/CT) in primary prostate cancer (CaP) for pretreatment prognostic staging and localization of biologic target volumes (BTV) for individualized image-guided radiotherapy dose escalation (IGRT-DE). METHODS AND MATERIALS: Patients consecutively presenting for primary radiotherapy (February 1997 to December 2002), having a clinical diagnosis of localized CaP, were evaluated for tumor stage using conventional staging and SPECT/CT (N=239). Distant metastatic uptake (mets) were identified by SPECT/CT in 22 (9.2%). None of the suspected mets could be clinically confirmed. Thus, all subjects were followed without alteration in disease management. The SPECT/CT pelvic images defined BTV for IGRT-DE (+150% brachytherapy dose) without (n=150) or with (n=89) external radiation of 45 Gy. The National Comprehensive Cancer Network criteria defined risk groups (RG). The median survivor follow-up was 7 years. Biochemical disease-free survival (bDFS) was reported by clinical nadir +2 ng/mL (CN+2) criteria. Statistical analyses included Kaplan-Meier, multivariate analysis, and Concordance-index models. RESULTS: At 10-year analyses, overall survival was 84.8% and bDFS was 84.6%. With stratification by RG, CN+2 bDFS was 93.5% for the low-RG (n=116), 78.7% for the intermediate-RG (n=94), and 68.8% for the high-RG (n=29), p=0.0002. With stratification by pretreatment SPECT/CT findings, bDFS was 65.5% in patients with suspected mets (n=22) vs. 86.6% in patients with only localized uptake (n=217), p=0.0014. CaP disease-specific survival (DSS) was 97.7% for the cohort. With stratification by SPECT/CT findings, DSS was 86.4% (with suspected mets) vs. 99.0% (localized only), p=0.0001. Using multivariate analysis, the DSS hazard ratio for SPECT/CT findings (mets vs. localized) was 3.58 (p=0.0026). Concordance-index tests, based on all data, by CN+2 bDFS criteria were 0.710 for RG alone and 0.773 for SPECT/CT + RG. CONCLUSIONS: Through long-term outcomes we demonstrate statistically significant bDFS and DSS predictive value for pretreatment capromab pendetide SPECT/CT imaging in primary CaP. Dual clinical utility is demonstrated, using SPECT/CT to define BTV for individualized IGRT-DE.",Int J Radiat Oncol Biol Phys,2011,81,29-34,10.1016/j.ijrobp.2010.05.053,https://www.ncbi.nlm.nih.gov/pubmed/20961696,LOW RISK,positive,1,
25736733,High-dose-rate brachytherapy as a monotherapy for prostate cancer--Single-institution results of the extreme fractionation regimen,Kukiełka AM,"PURPOSE: We report a single-institution retrospective analysis of the outcomes, disease control, and toxicity of high-dose-rate (HDR) brachytherapy used as the only treatment modality (monotherapy) for localized prostate cancer. METHODS: Between 2006 and 2012, 77 patients with diagnosed prostate cancer were treated with HDR brachytherapy as a monotherapy. The prescribed dose was 45 Gy in three separate implants 21 days apart, with single fraction per implant. Of the 77 patients, 67 (87%) received hormonal therapy. Prostate-specific antigen failure was defined according to Phoenix consensus, as nadir + 2 ng/mL. Toxicity was scored according to Common Terminology Criteria for Adverse Events, version 4.03. RESULTS: The median followup time was 57 months (4.75 years). The 5-year actuarial overall survival was 98.7%, biochemical control 96.7%, local control 96.9%, and metastasis-free survival 98.4%. Younger age at the beginning of brachytherapy predicted the onset of bounce phenomenon. There were no Grade 3 or higher acute toxicities detected, and Grade 2 genitourinary acute toxicity developed in 19 patients (24.6%). There were no Grade 2 gastrointestinal complications. No Grade 4 or 5 late toxicity was detected. There were also no Grade 3 gastrointestinal toxicities detected. One patient (1.3%) underwent transurethral resection of the prostate because of Grade 3 urethral stenosis and urinary retention. A total of 26 patients (33.8%) developed Grade 2 late toxicity. CONCLUSIONS: HDR brachytherapy as monotherapy for localized prostate cancer was feasible, effective, and had acceptable toxicity profile.",Brachytherapy,2015,,-,doi: 10.1016/j.brachy.2015.01.004. Epub 2015 Feb 28,https://www.ncbi.nlm.nih.gov/pubmed/25736733,,negative,0,2015.0
15758704,Laparoscopic radical prostatectomy,Trabulsi EJ,"PURPOSE: After the pioneering period when only few teams were performing the procedure, the laparoscopic approach to radical prostatectomy has become widespread with several technical variations. A comprehensive review of the published literature on laparoscopic radical prostatectomy was performed to determine the current state of the art of this surgical innovation in terms of perioperative parameters, functional results and cancer control. MATERIALS AND METHODS: English language, peer reviewed articles published before June 2004 concerning laparoscopic radical prostatectomy were found by MEDLINE query. All articles were analyzed and none were a priori excluded. Conclusions were drawn from series of 50 or more patients. RESULTS: Laparoscopic radical prostatectomy is being performed at multiple centers worldwide using various surgical approaches and technologies. Analysis of perioperative parameters, including surgical blood loss, operative time, complications and convalescence, demonstrated low morbidity and showed a clear trend toward improvement with increased experience. The reported positive surgical margin rates were lower in more recent series. As measured by prostate specific antigen recurrence and disease-free intervals, oncological results and cancer control rates are difficult to ascertain in the immature series published to date. Functional results in terms of postoperative urinary and sexual function appear encouraging. CONCLUSIONS: Overall the current operative, oncological and functional results of laparoscopic radical prostatectomy appear to approximate those of open radical retropubic prostatectomy. These results justify the considerable interest of the urological community in laparoscopy, as evidenced by its widespread application. Nevertheless, longer followup and more mature data are needed definitively to establish laparoscopic radical prostatectomy as an alternative to the retropubic approach.",J Urol,2005,173,1072-9,doi: 10.1097/01.ju.0000154970.63147.90,https://www.ncbi.nlm.nih.gov/pubmed/15758704,,negative,0,2005.0
31828412,MRI targeted single fraction HDR Brachytherapy for localized Prostate Carcinoma: a feasibility study of focal radiation therapy (ProFocAL),Fischbach F,"OBJECTIVES: The aim of the study was to establish the setup and workflow for delivering focal MRI-guided high-dose-rate (HDR) brachytherapy for prostate cancer (PCA) and to assess patient comfort and safety aspects of MRI-guided single-fraction HDR. METHODS: Patients with histologically proven focal low- to intermediate-risk PCA with a single PIRADS 4/5 lesion were treated with percutaneous interstitial HDR brachytherapy in a single fraction with a minimum dose for the gross tumor volume of 20 Gy while sparing the organ at risk (OAR). Using a 3T-MRI, brachytherapy catheters were placed transgluteal in freehand technique. No antibiotic therapy or general analgesics were administered. Patient data, procedure time, patient discomfort, and complications were recorded. Quarterly PSA controls, biannual follow-up imaging, and annual re-biopsy were planned. RESULTS: So far, 9 patients were successfully treated and followed for 6 months. Mean intervention time was 34 min. Using the VAS scale, the pain reported for the intervention ranged from 2 to 3. Short-term follow-up showed no acute genitourinary or gastrointestinal toxicity so far. None of the patients displayed signs of infection. PSA levels in all patients decreased significantly. On follow up no residual PCA was detected treated region so far. PSA levels in all patients decreased significantly. On follow-up, no residual PCA was detected so far. CONCLUSIONS: MR-guided single-fraction focal HDR brachytherapy for localized PCA is feasible as well as safe for the individual patient. Catheters can be placed accurately and maximum therapeutic dose distribution can be restricted to the tumor. Countersigning the minimally invasive character of the procedure, no general anesthesia or antibiosis is necessary. KEY POINTS: • MR-guided focal HDR brachytherapy allows an accurate placement of catheters with maximum therapeutic dose distribution restricted to the tumor. • No major anesthesia or antibiosis is necessary emphasizing the minimal invasive character of the procedure. • Patients with low- and intermediate-risk prostate carcinoma in particular may benefit to halt disease progression whereas treatment-related morbidity is reduced compared with radical therapy.",Eur Radiol,2020,30,2072-2081,doi: 10.1007/s00330-019-06505-0. Epub 2019 Dec 11,https://www.ncbi.nlm.nih.gov/pubmed/31828412,,negative,0,2020.0
16314345,Phase II feasibility study of high-dose radiotherapy for prostate cancer using proton boost therapy: first clinical trial of proton beam therapy for prostate cancer in Japan,Nihei K,"OBJECTIVE: To assess the feasibility of high-dose radiotherapy for prostate cancer using proton boost therapy following photon radiotherapy. METHODS: The primary endpoint was acute grade 3 or greater genitourinary (GU) and gastrointestinal (GI) toxicities. The study included patients with clinical stage T1-3N0M0 prostate cancer. Radiotherapy consisted of 50 Gy/25 fx photon irradiation to the prostate and the bilateral seminal vesicles followed by proton boost of 26 Gy(E)/13 fx to the prostate alone. Hormonal therapy was allowed before and during the radiation therapy. RESULTS: Between January 2001 and January 2003, 30 patients were enrolled in this study. Acute grade 1/2 GU and GI toxicities were observed in 20/4 and 17/0 patients, respectively. With the median follow-up period of 30 months (range 20-45), late grade 1/2 GU and GI toxicities occurred in 2/3 and 8/3 patients, respectively. No grade 3 or greater acute or late toxicities were observed. All patients were alive, but six patients relapsed biochemically after 7-24 months. CONCLUSIONS: Proton boost therapy following photon radiotherapy for prostate cancer is feasible. To evaluate the efficacy and safety of proton beam therapy, a multi-institutional phase II trial is in progress in Japan.",Jpn J Clin Oncol,2005,35,745-52,doi: 10.1093/jjco/hyi193. Epub 2005 Nov 28,https://www.ncbi.nlm.nih.gov/pubmed/16314345,,negative,0,2005.0
32001198,The impact of very high initial PSA on oncological outcomes after radical prostatectomy for clinically localized prostate cancer,Tilki D,"BACKGROUND: To analyze oncological outcomes of very high-risk patients with initial PSA 50-99.9 and ≥100 ng/ml who underwent radical prostatectomy (RP) for clinically localized prostate cancer. METHODS: Overall, 2,811 RP patients (1992-2018) with negative preoperative CT-scan and bone scintigraphy were included. The impact of preoperative PSA level, categorized as 20-49.9 (n = 2,195) vs. 50-99.9 (n = 454) vs. ≥100 ng/ml (n = 162) on biochemical recurrence (BCR)-free survival, metastasis-free survival (MFS) and cancer-specific survival (CSS) was assessed using Kaplan-Meier and multivariable Cox regression models. RESULTS: Median follow-up was 47.5 months. Ten-year BCR-free survival rates were 46.9 vs. 32.1 vs. 29.0% within PSA-categories 20-49.9 vs. 50-99.9 vs. ≥100 ng/ml, respectively (P < 0.001). Ten-year MFS rates were 78.4 vs. 67.2 vs. 37.3% within PSA-categories 20-49.9 vs. 50-99.9 vs. ≥100 ng/ml (P < 0.001). 10-year CSS rates were 93.7 vs. 85.5 vs. 66.7% within PSA-categories 20-49.9 vs. 50-99.9 vs. ≥100 ng/ml (P < 0.001). In multivariable analyses, PSA-categories 50-99.9 ng/ml and ≥100 ng/ml were independently predicting higher risk of BCR (hazard ratio [HR]: 1.3 and 1.4), metastatic progression (HR: 1.4 and 2.3), and cancer-specific mortality (CSM, HR: 1.9 and 3.4) compared with PSA-category 20-49.9 ng/ml. CONCLUSION: Initial PSA levels ≥50 ng/ml are associated with higher risk of BCR, metastatic progression, and CSM compared with high-risk patients with PSA of 20-49.9 ng/ml. In consequence, these patients may be counseled about a potentially increased risk of undetected metastases prior to RP possibly necessitating intensified multimodal treatments in the future.",Urol Oncol,2020,38,379-385,doi: 10.1016/j.urolonc.2019.12.027. Epub 2020 Jan 27,https://www.ncbi.nlm.nih.gov/pubmed/32001198,,negative,0,2020.0
16813890,Long-term outcome following radical prostatectomy in men with clinical stage T3 prostate cancer.,Carver BS,"PURPOSE: We evaluated patients at our institution who underwent radical prostatectomy for clinical stage T3 prostate cancer to determine their long-term clinical outcomes. MATERIALS AND METHODS: We reviewed our prospective surgical database and identified 176 men who underwent radical retropubic prostatectomy for clinical stage T3 prostate cancer from 1983 to 2003. Clinical and pathological data were reviewed and evaluated in a Cox proportional hazards model to determine preoperative predictors of biochemical recurrence. Clinical progression following biochemical recurrence was evaluated and clinical failure was defined as the development of clinical metastases or progression to hormone refractory prostate cancer. RESULTS: Of the 176 patients with cT3 prostate cancer 64 (36%) received neoadjuvant hormonal therapy. At a mean followup of 6.4 years 84 (48%) patients had disease recurrence with a median time to biochemical recurrence of 4.6 years. The actuarial 10-year probability of freedom from recurrence was 44%. On multivariate analysis biopsy Gleason score, pretreatment serum prostate specific antigen and year of surgery were independent predictors of biochemical recurrence. Neoadjuvant hormonal therapy was not a significant predictor of biochemical recurrence. Following biochemical recurrence clinical failure developed in 30 of 84 (36%) men with a median time of 11 years. Overall the 5, 10 and 15-year probabilities of death from prostate cancer were 6%, 15% and 24%, respectively. CONCLUSIONS: More than half (52%) of our patients remained free of disease recurrence following radical prostatectomy. In our series neoadjuvant hormonal therapy offered no advantage with respect to disease recurrence. Radical prostatectomy remains an integral component in the treatment of select patients with clinical stage T3 prostate cancer.",J Urol,2006,176,564-8,10.1016/j.juro.2006.03.093,https://www.ncbi.nlm.nih.gov/pubmed/16813890,HIGH RISK,positive,1,
26241816,Patient-reported sexual toxicity after radiation therapy in long-term prostate cancer survivors,Olsson CE,"BACKGROUND: To present an overview of patient-reported sexual toxicity in sexually active long-term prostate cancer survivors treated with radiation therapy. METHODS: We used patient-reported outcomes from a study-specific questionnaire surveying symptoms after prostate cancer radiation therapy. Data from 518 men treated at the Sahlgrenska University Hospital in Sweden from 1993 to 2006 were analysed. The men had undergone primary or salvage external beam radiation therapy (EBRT) or EBRT combined with high-dose rate brachytherapy (BT). We also used information from 155 non-treated reference men from the general population with no history of prostate cancer, matched for age and residency. RESULTS: Median time from treatment to follow-up was 5 years (range: 1-14 years). Among the 16 investigated symptoms on erectile function, libido, orgasm, and seminal fluid, 9 symptoms in the primary EBRT group and 10 in both the salvage EBRT and the EBRT+BT groups were statistically significantly more prevalent in survivors than in reference men. Erectile dysfunction was influenced by both age and time to follow-up, whereas symptoms relating to orgasm and seminal fluid were influenced by time to follow-up only. Not being sexually active was almost one and a half times as common in survivors as in reference men. CONCLUSIONS: The presented symptom profiles can help to develop personalized therapy for prostate cancer through a better understanding of which radiation-induced toxicities to be addressed in the clinic and can also assist in identifying suitable interventions for existing symptoms.",Br J Cancer,2015,1,,doi: 10.1038/bjc.2015.275. Epub 2015 Aug 4,https://www.ncbi.nlm.nih.gov/pubmed/26241816,,negative,0,2015.0
26700655,Surgery Versus Radiotherapy for Clinically-localized Prostate Cancer: A Systematic Review and Meta-analysis,Wallis CJD,"CONTEXT: To date, there is no Level 1 evidence comparing the efficacy of radical prostatectomy and radiotherapy for patients with clinically-localized prostate cancer. OBJECTIVE: To conduct a meta-analysis assessing the overall and prostate cancer-specific mortality among patients treated with radical prostatectomy or radiotherapy for clinically-localized prostate cancer. EVIDENCE ACQUISITION: We searched Medline, EMBASE, and the Cochrane Library through June 2015 without year or language restriction, supplemented with hand search, using Preferred Reporting Items for Systematic Reviews and Meta-Analysis and Meta-analysis of Observational Studies in Epidemiology guidelines. We used multivariable adjusted hazard ratios (aHRs) to assess each endpoint. Risk of bias was assessed using the Newcastle-Ottawa scale. EVIDENCE SYNTHESIS: Nineteen studies of low to moderate risk of bias were selected and up to 118 830 patients were pooled. Inclusion criteria and follow-up length varied between studies. Most studies assessed patients treated with external beam radiotherapy, although some included those treated with brachytherapy separately or with the external beam radiation therapy group. The risk of overall (10 studies, aHR 1.63, 95% confidence interval 1.54-1.73, p<0.00001; I(2)=0%) and prostate cancer-specific (15 studies, aHR 2.08, 95% confidence interval 1.76-2.47, p < 0.00001; I(2)=48%) mortality were higher for patients treated with radiotherapy compared with those treated with surgery. Subgroup analyses by risk group, radiation regimen, time period, and follow-up length did not alter the direction of results. CONCLUSIONS: Radiotherapy for prostate cancer is associated with an increased risk of overall and prostate cancer-specific mortality compared with surgery based on observational data with low to moderate risk of bias. These data, combined with the forthcoming randomized data, may aid clinical decision making. PATIENT SUMMARY: We reviewed available studies assessing mortality after prostate cancer treatment with surgery or radiotherapy. While the studies used have a potential for bias due to their observational design, we demonstrated consistently higher mortality for patients treated with radiotherapy rather than surgery.",Eur Urol,2016,70,21-30,doi: 10.1016/j.eururo.2015.11.010. Epub 2015 Dec 15,https://www.ncbi.nlm.nih.gov/pubmed/26700655,,negative,0,2015.0
12206842,Targeted cryoablation of the prostate: 7-year outcomes in the primary treatment of prostate cancer.,Bahn DK,"The efficacy and safety of the long-term experience with targeted cryoablation of prostate cancer (TCAP) at a community hospital is retrospectively reviewed. A series of 590 consecutive patients who underwent TCAP as primary therapy with curative intent for localized or locally advanced prostate cancer from March 1993 to September 2001 were identified. Patients were stratified into 3 risk groups according to clinical characteristics. Biochemical disease-free survival (bDFS), post-TCAP biopsy results, and post-TCAP morbidity were calculated and presented. The mean follow-up time for all patients was 5.43 years. The percentages of patients in the low-, medium-, and high-risk groups were 15.9%, 30.3%, and 53.7%, respectively. Using a prostate-specific antigen (PSA)-based definition of biochemical failure of 0.5 ng/mL, results were as follows: (1) the 7-year actuarial bDFS for low-, medium-, and high-risk patients were 61%, 68%, and 61%, respectively; (2) the bDFS probabilities for a PSA cutoff of 1.0 ng/mL for low-, medium-, and high-risk patients were 87%, 79%, and 71%, respectively; and (3) the bDFS probabilities for low-, medium-, and high-risk patients using the American Society for Therapeutic Radiology and Oncology (ASTRO) definition of biochemical failure (3 successive increases of PSA level) were 92%, 89%, and 89%, respectively. The rate of positive biopsy was 13%. After a positive biopsy, 32 patients underwent repeat cryoablation. For those patients who underwent repeat cryoablation, 68%, 72%, and 91% remain bDFS using definitions of 0.5 ng/mL, 1.0 ng/mL, and the ASTRO criteria, respectively, after a mean follow-up time since repeat cryoablation of 63 months. The rates of morbidity were modest, and no serious complications were observed. TCAP was shown to equal or surpass the outcome data of external-beam radiation, 3-dimensional conformal radiation, and brachytherapy. These 7-year outcome data provide compelling validation of TCAP as an efficacious treatment modality for locally confined and locally advanced prostatic carcinoma.",Urology,2002,60,3-11,10.1016/s0090-4295(02)01678-3,https://www.ncbi.nlm.nih.gov/pubmed/12206842,INTERMEDIATE RISK,positive,1,
23415964,Outcome and toxicity for patients treated with intensity modulated radiation therapy for localized prostate cancer.,Vora SA,"PURPOSE: We evaluate long-term disease control and chronic toxicities observed in patients treated with intensity modulated radiation therapy for clinically localized prostate cancer. MATERIALS AND METHODS: A total of 302 patients with localized prostate cancer treated with image guided intensity modulated radiation therapy between July 2000 and May 2005 were retrospectively analyzed. Risk groups (low, intermediate and high) were designated based on National Comprehensive Cancer Network guidelines. Biochemical control was based on the American Society for Therapeutic Radiology and Oncology (Phoenix) consensus definition. Chronic toxicity was measured at peak symptoms and at last visit. Toxicity was scored based on Common Terminology Criteria for Adverse Events v4. RESULTS: The median radiation dose delivered was 75.6 Gy (range 70.2 to 77.4) and 35.4% of patients received androgen deprivation therapy. Patients were followed until death or from 6 to 138 months (median 91) for those alive at last evaluation. Local and distant recurrence rates were 5% and 8.6%, respectively. At 9 years biochemical control rates were 77.4% for low risk, 69.6% for intermediate risk and 53.3% for high risk cases (log rank p = 0.05). On multivariate analysis T stage and prostate specific antigen group were prognostic for biochemical control. At last followup only 0% and 0.7% of patients had persistent grade 3 or greater gastrointestinal and genitourinary toxicity, respectively. High risk group was associated with higher distant metastasis rate (p = 0.02) and death from prostate cancer (p = 0.0012). CONCLUSIONS: This study represents one of the longest experiences with intensity modulated radiation therapy for prostate cancer. With a median followup of 91 months, intensity modulated radiation therapy resulted in durable biochemical control rates with low chronic toxicity.",J Urol,2013,190,521-6,10.1016/j.juro.2013.02.012,https://www.ncbi.nlm.nih.gov/pubmed/23415964,INTERMEDIATE RISK,positive,1,
18280056,Long-term results of conformal radiotherapy for prostate cancer: impact of dose escalation on biochemical tumor control and distant metastases-free survival outcomes.,Zelefsky MJ,"PURPOSE: To report prostate-specific antigen (PSA) relapse-free survival and distant metastases-free survival (DMFS) outcomes for patients with clinically localized prostate cancer treated with high-dose conformal radiotherapy. METHODS AND MATERIALS: Between 1988 and 2004, a total of 2,047 patients with clinically localized prostate cancer were treated with three-dimensional conformal radiotherapy or intensity-modulated radiotherapy. Prescribed dose levels ranged from 66-86.4 Gy. Median follow-up was 6.6 years (range, 3-18 years). RESULTS: Although no differences were noted among low-risk patients for the various dose groups, significant improvements were observed with higher doses for patients with intermediate- and high-risk features. In patients with intermediate-risk features, multivariate analysis showed that radiation dose was an important predictor for improved PSA relapse-free survival (p < 0.0001) and improved DMFS (p = 0.04). In patients with high-risk features, multivariate analysis showed that the following variables predict for improved PSA relapse-free survival: dose (p < 0.0001); age (p = 0.0005), and neoadjuvant-concurrent androgen deprivation therapy (ADT; p = 0.01). In this risk group, only higher radiation dose was an important predictor for improved DMFS (p = 0.04). CONCLUSIONS: High radiation dose levels were associated with improved biochemical tumor control and decreased risk of distant metastases. For high-risk patients, despite the delivery of high radiation dose levels, the use of ADT conferred an additional benefit for improved tumor control outcomes. We observed a benefit for ADT in high-risk patients who received higher doses.",Int J Radiat Oncol Biol Phys,2008,71,1028-33,10.1016/j.ijrobp.2007.11.066,https://www.ncbi.nlm.nih.gov/pubmed/18280056,LOW RISK,positive,1,
21167653,Comparison of acute and late toxicities for three modern high-dose radiation treatment techniques for localized prostate cancer,Mohammed N,"PURPOSE: We compared acute and late genitourinary (GU) and gastrointestinal (GI) toxicities in prostate cancer patients treated with three different high-dose radiation techniques. METHODS AND MATERIALS: A total of 1,903 patients with localized prostate cancer were treated with definitive RT at William Beaumont Hospital from 1992 to 2006: 22% with brachytherapy alone (BT), 55% with image-guided external beam (EB-IGRT), and 23% external beam with high-dose-rate brachytherapy boost (EBRT+HDR). Median dose with BT was 120 Gy for LDR and 38 Gy for HDR (9.5 Gy × 4). Median dose with EB-IGRT was 75.6 Gy (PTV) to prostate with or without seminal vesicles. For EBRT+HDR, the pelvis was treated to 46 Gy with an additional 19 Gy (9.5 Gy × 2) delivered via HDR. GI and GU toxicity was evaluated utilizing the NCI-CTC criteria (v.3.0). Median follow-up was 4.8 years. RESULTS: The incidences of any acute ≥ Grade 2 GI or GU toxicities were 35%, 49%, and 55% for BT, EB-IGRT, and EBRT+HDR (p < 0.001). Any late GU toxicities ≥ Grade 2 were present in 22%, 21%, and 28% for BT, EB-IGRT, and EBRT+HDR (p = 0.01), respectively. Patients receiving EBRT+HDR had a higher incidence of urethral stricture and retention, whereas dysuria was most common in patients receiving BT. Any Grade ≥ 2 late GI toxicities were 2%, 20%, and 9% for BT, EB-IGRT, and EBRT+HDR (p < 0.001). Differences were most pronounced for rectal bleeding, with 3-year rates of 0.9%, 20%, and 6% (p < 0.001) for BT, EB-IGRT, and EBRT+HDR respectively. CONCLUSIONS: Each of the three modern high-dose radiation techniques for localized prostate cancer offers a different toxicity profile. These data can help patients and physicians to make informed decisions regarding radiotherapy for prostate andenocarcinoma.",Int J Radiat Oncol Biol Phys,2012,1,,doi: 10.1016/j.ijrobp.2010.10.009. Epub 2010 Dec 16,https://www.ncbi.nlm.nih.gov/pubmed/21167653,,negative,0,2010.0
23103235,25-Year disease-free survival rate after irradiation for prostate cancer calculated with the prostate specific antigen definition of recurrence used for radical prostatectomy.,Critz FA,"PURPOSE: We addressed whether there is durable control of prostate cancer, defined as a prostate specific antigen cutoff of less than 0.2 ng/ml, greater than 20 years after irradiation for this disease. We also evaluated late recurrence, defined as recurrence after 10-year followup. MATERIALS AND METHODS: A total of 3,546 consecutive hormone naïve men were treated with a (125)I prostate implant (retropubic and later transperineal), followed by external beam irradiation, from 1984 to 2000. Recurrence was defined as a prostate specific antigen increase of greater than 0.20 ng/ml or a prostate specific antigen nadir of greater than 0.20 ng/ml. Median followup was 11 years (range 3 months to 26 years). RESULTS: In all men 10, 15, 20 and 25-year disease-free survival rates were 75%, 73%, 73% and 73%, respectively. Longest time to recurrence was at the 15.5-year followup. In 313 men with recurrence who were treated 16 to 25 years ago 5% of recurrences were late. In men implanted by the transperineal method since 1995 the 15-year disease-free survival rate was 79%. CONCLUSIONS: With this irradiation program cancer control, defined using the recurrence definition for radical prostatectomy, was durable with no further recurrence between 15.5 and 25 years of followup. This study also suggests that at least 15 years of followup are necessary to fully evaluate any prostate cancer treatment. Furthermore, if prostate specific antigen is less than 0.20 ng/ml 15 years after treatment, later recurrence should be unlikely.",J Urol,2013,189,878-83,10.1016/j.juro.2012.10.061,https://www.ncbi.nlm.nih.gov/pubmed/23103235,LOW RISK,positive,1,
17094781,Comparing results after surgery in patients with clinical unilateral T3a prostate cancer treated with or without neoadjuvant androgen-deprivation therapy.,Hsu CY,"OBJECTIVE: To compare the results in patients with unilateral cT3 prostate cancer treated with or with no neoadjuvant androgen-deprivation therapy (nADT), as nADT might have benefit in cT2 prostate cancer, but for cT3 tumours its use remains controversial, and it is unclear whether it can prevent or delay progression after surgery. PATIENTS AND METHODS: Between 1987 and 2004, 235 patients were assessed as having unilateral cT3 disease by a digital rectal examination; before surgery, 200 patients were not treated with nADT and 35 were. The Kaplan-Meier method was used to calculate survival rates. RESULTS: With no nADT the biochemical progression-free survival (PFS) was 59.5%, the clinical PFS was 95.9%, the cancer-specific survival (CSS) was 98.7%, and overall survival was 95.9% at 5 years. With nADT, the biochemical PFS was 43.4%, clinical PFS was 77.6%, CSS was 88.7%, and overall survival was 79.8% at 5 years. The positive surgical margin rate with no nADT and with nADT was 33.5% and 57.1%, respectively, and the respective mean cancer volume was 6.6 mL and 4.0 mL. CONCLUSION: nADT can decrease tumour size but does not reduce the positive surgical margin rate, nor improve the survival rate in unilateral cT3a disease. Because of side-effects and treatment costs, we do not advise nADT in patients with unilateral cT3a prostate cancer.",BJU Int,2007,99,311-4,10.1111/j.1464-410X.2006.06559.x,https://www.ncbi.nlm.nih.gov/pubmed/17094781,HIGH RISK,positive,1,
25964594,Hypofractionated Dose Escalated 3D Conformal Radiotherapy for Prostate Cancer: Outcomes from a Mono-Institutional Phase II Study,Tramacere F,"BACKGROUND/AIM: Based on a radiobiological assumption of a low alpha/beta (α/β) ratio for prostate cancer, hypofractionated radiotherapy has increasingly gained traction in the clinical practice and recent guidelines have confirmed the non-inferiority of this approach. Nevertheless, the largest studies that have used hypofractionation so far, employed image-guided radiation therapy/intensity modulated radiation therapy (IGRT/IMRT) facilities that might have overcome the radiobiological advantages, which remain to be fully confirmed. The aim of this trial was to evaluate the feasibility of a hypofractionated schedule delivered with 3D-Conformal Radiotherapy to prostate and seminal vesicles in combination with hormonal therapy. PATIENTS AND METHODS: The study included 97 consecutive patients with localized prostate cancer (PCa), irrespective of risk class, treated with a schedule of 62 Gy in 20 fractions over 5 weeks (4 fractions of 3.1 Gy each per week). According to National Comprehensive Cancer Network (NCCN) prognostic classification, patients were divided into a favourable group (19%), intermediate group (41%) and unfavourable group (40%). Early and late toxicities were scored using the radiation toxicity grading/European Organisation for Research and Treatment of Cancer (RTOG/EORTC) criteria. Additionally, the international prostate symptom index (IPSS) for benign prostate hypertrophy was used to evaluate obstructive urinary symptoms. Biochemical outcome was reported according to the Phoenix definition for biochemical failure. Hormonal therapy (HT) was administrated in 92% of patients. RESULTS: After a median follow-up of 39 months (range=25-52), maximum ≥G2 late genitourinary (GU) and gastrointestinal (GI) toxicities occurred in 8% and 11% patients, respectively. The corresponding figures for acute toxicities were 24% and 15%. Patients with higher IPSS score before enrolment had significantly worse urinary function after treatment. Only 2% of patients died from PCa. Biochemical non-evidence of disease (bNED) was 83% for all patients. CONCLUSION: Our study confirms that 3D conformal radiotherapy (3DCRT) remains a safe and effective method to deliver a dose-escalated hypofractionated regimen for PCa patients in all risk classes with acceptable toxicity rates and optimal biochemical control.",Anticancer Res,2015,35,3049-54,,https://www.ncbi.nlm.nih.gov/pubmed/25964594,,negative,0,2015.0
16144663,PSA outcome following radical prostatectomy for patients with localized prostate cancer stratified by prostatectomy findings and the preoperative PSA level,McAleer SJ,"PURPOSE: Algorithms have been developed to predict time to biochemical failure (BF) following radical prostatectomy (RP) for patients with clinically localized prostate cancer. The purpose of this study was to validate an algorithm based on prostatectomy findings and to evaluate whether the preoperative serum prostate specific antigen (PSA) enhances the predictive ability of the algorithm. MATERIALS AND METHODS: Between 1988 and 2002, 2417 patients underwent RP for clinically localized prostate cancer at one of 2 large university hospitals. Patients were retrospectively stratified into 4 risk groups based upon prostatectomy grade, stage, and margin status, and were then dichotomized by the preoperative PSA level (cut point 10 ng/mL). Cox regression multivariable analyses were performed to evaluate the ability of the risk group and preoperative PSA level to predict time to BF (PSA more than 0.2 ng/mL) following RP. RESULTS: The preoperative PSA level (P < 0.0001) and risk group (P < 0.0001) were significant predictors of time to BF following RP. Estimates of the BF rates 7 years following RP were 13%, 30%, 51%, and 72% for groups 1-4, respectively (pairwise P values <or=0.0002). Further stratification within each risk group using the preoperative PSA level with a cut point at 10 ng/mL revealed BF rates of 8% versus 35%, 25% versus 54%, 31% versus 73%, and 63% versus 86% for risk groups 1-4, respectively (all P values <0.0001). CONCLUSIONS: An algorithm to predict BF based on prostatectomy findings has been validated, and the addition of the preoperative PSA level improved its ability to identify high risk patients who may benefit from entry into adjuvant treatment trials.",Urol Oncol,2005,,-,doi: 10.1016/j.urolonc.2004.12.013,https://www.ncbi.nlm.nih.gov/pubmed/16144663,,negative,0,2005.0
32167866,Prospective Evaluation of Focal High Intensity Focused Ultrasound for Localized Prostate Cancer,Nahar B,"PURPOSE: We report short-term outcomes of focal high intensity focused ultrasound use for primary treatment of localized prostate cancer. MATERIALS AND METHODS: Single-center prospectively collected data on patients with prostate cancer who underwent primary focal high intensity focused ultrasound from January 2016 to July 2018 were included. All patients underwent a 12-core biopsy with magnetic resonance imaging-ultrasound fusion biopsy depending on the presence of targetable lesions. Any Grade Group was allowed, however only patients with localized disease were included. The primary outcome was oncologic control, defined as negative followup in-field biopsy of treated cancer. Prostate specific antigen, Sexual Health Inventory for Men, International Prostate Symptom Score and Expanded Prostate Cancer Index Composite domain scores were assessed 3-monthly till 12 months. Biopsy was performed at 6 or 12 months for high or low/intermediate risk cancer, respectively. RESULTS: Fifty-two patients with minimum followup of 12 months were included in the study. The majority of patients (67%) had cancer Grade Group 2 or greater. Fifteen patients (28.8%) underwent complete transurethral prostate resection/holmium laser enucleation of prostate procedure for debulking large prostates to avoid postoperative urinary retention. Among 30 (58%) patients who underwent followup biopsies, 25 (83%) had negative in-field biopsy results and 4 (13%) had de-novo positive out-of-field biopsy. Only 5 major complications (all grade III) in 4 patients were noted. Urinary symptoms returned to near baseline questionnaire scores within 3-6 months. Sexual function returned to baseline at 12 months. CONCLUSIONS: Focal high intensity focused ultrasound is a safe and effective treatment for patients with localized clinically significant prostate cancer with acceptable short-term oncologic and functional outcomes. The complications are minimal and patient selection is essential. Short-term oncologic outcomes are promising but longer followup is required to establish long-term oncologic outcomes.",J Urol,2020,204,483-489,doi: 10.1097/JU.0000000000001015. Epub 2020 Mar 13,https://www.ncbi.nlm.nih.gov/pubmed/32167866,,negative,0,2020.0
25998747,Influence of pathological factors on oncological outcomes after robot-assisted radical prostatectomy for localized prostate cancer: Results of a prospective study,Kozal S,"PURPOSE: To assess the prognostic significance of lymphovascular invasion (LVI), maximum tumor diameter (MTD), high-grade prostatic intraepithelial neoplasia, perineural invasion, and length of positive surgical margins after robot-assisted radical prostatectomy (RARP). METHODS: A single-institution prospective analysis of all patients who underwent RARP for localized prostate cancer was performed between January 2005 and June 2013. The primary end point was biochemical recurrence-free survival (BRFS). BRFS was estimated using the Kaplan-Meier method and compared to that from the log-rank test. Cox׳s proportional hazards regression univariate and multivariate analyses were performed to define the prognostic factors. RESULTS: Overall, 742 men were included. After a median follow-up of 31.4 months, biochemical recurrence occurred in 80 patients (10.8%). BRFS was 93%, 87%, and 80.7% at 1, 3, and 5 years, respectively. Progression to local recurrence occurred in 49 patients (6.6%). During the follow-up period, 3 patients experienced progression to metastatic disease and were treated with hormonotherapy. No patient died of disease during the study period. In multivariate analyses, Gleason score was the strongest predictor of BRFS (hazard ratio [HR] = 3.4; P<0.001). There were 3 other predictive factors of BRFS were LVI (HR = 7.64; P = 0.005), MTD (HR = 4.04; P =0.009), and margin length ≥ 3 mm (HR = 1.25; P = 0.04). CONCLUSION: In the era of serum prostate-specific antigen testing maturity in conjunction with a single approach to extirpation of the prostate gland by RARP, LVI, MTD, and positive surgical margins ≥ 3 mm are prognostic factors associated with BRFS after RARP. Consideration could be given to incorporate them in the pathology report of the radical prostatectomy specimens and they could assist physicians in clinical decision making.",Urol Oncol,2015,33,330,doi: 10.1016/j.urolonc.2015.03.020. Epub 2015 May 18,https://www.ncbi.nlm.nih.gov/pubmed/25998747,,negative,0,2015.0
19553031,Whole-pelvis radiotherapy in combination with interstitial brachytherapy: does coverage of the pelvic lymph nodes improve treatment outcome in high-risk prostate cancer?,Bittner N,"PURPOSE: To compare biochemical progression-free survival (bPFS), cause-specific survival (CSS), and overall survival (OS) rates among high-risk prostate cancer patients treated with brachytherapy and supplemental external beam radiation (EBRT) using either a mini-pelvis (MP) or a whole-pelvis (WP) field. METHODS AND MATERIALS: From May 1995 to October 2005, 186 high-risk prostate cancer patients were treated with brachytherapy and EBRT with or without androgen-deprivation therapy (ADT). High-risk prostate cancer was defined as a Gleason score of > or =8 and/or a prostate-specific antigen (PSA) concentration of > or =20 ng/ml. RESULTS: With a median follow-up of 6.7 years, the 10-year bPFS, CSS, and OS rates for the WP vs. the MP arms were 91.7% vs. 84.4% (p = 0.126), 95.5% vs. 92.6% (p = 0.515), and 79.5% vs. 67.1% (p = 0.721), respectively. Among those patients who received ADT, the 10-year bPFS, CSS, and OS rates for the WP vs. the MP arms were 93.6% vs. 90.1% (p = 0.413), 94.2% vs. 96.0% (p = 0.927), and 73.7% vs. 70.2% (p = 0.030), respectively. Among those patients who did not receive ADT, the 10-year bPFS, CSS, and OS rates for the WP vs. the MP arms were 82.4% vs. 75.0% (p = 0.639), 100% vs. 88% (p = 0.198), and 87.5% vs. 58.8% (p = 0.030), respectively. Based on multivariate analysis, none of the evaluated parameters predicted for CSS, while bPFS was best predicted by ADT and percent positive biopsy results. OS was best predicted by age and percent positive biopsy results. CONCLUSIONS: For high-risk prostate cancer patients receiving brachytherapy, there is a nonsignificant trend toward improved bPFS, CSS, and OS rates when brachytherapy is given with WPRT. This trend is most apparent among ADT-naïve patients, for whom a significant improvement in OS was observed.",Int J Radiat Oncol Biol Phys,2010,76,1078-84,10.1016/j.ijrobp.2009.02.069,https://www.ncbi.nlm.nih.gov/pubmed/19553031,HIGH RISK,positive,1,
26666409,Prostatectomy at high-volume centers improves outcomes and lowers the costs of care for prostate cancer,Barzi A,"BACKGROUND: High-volume surgeons with ⩾250 radical prostatectomies provide superior oncological outcomes as evidenced by a lower rate of PSA recurrence (PSAR). The financial benefits of performing prostatectomies at high-volume centers (HVC) are unexplored. METHODS: A base case--referent scenario--where the share of prostatectomies at high- and low-volume centers were evenly divided at 50% was defined. Additional scenarios with increasing shares of prostatectomies at HVC with 10% increments were also modeled. Using a lower probability of PSAR as the only advantage of more experienced surgeons, the savings that would result from fewer recurrences, avoidance of salvage radiation therapy (SRT) and management of fewer men with metastatic cancer were calculated. RESULTS: The savings associated with performing 80% of radical prostatectomy at HVC were $177, $357 and $559 per prostatectomy at 5, 10 and 20 years, respectively. These savings would offset referral costs of up to $1833 per prostatectomy referral at no additional total societal costs. Given the longer average biochemical failure-free survival with prostatectomies at HVC, referral costs of more than $1833 may be cost effective. CONCLUSIONS: Under the conservative assumption of accounting for lower rates of PSAR as the only benefit of surgery in an HVC, performing prostatectomies at an HVC was associated with savings that may offset part of the initial referral costs.",Prostate Cancer Prostatic Dis,2016,19,84-91,doi: 10.1038/pcan.2015.56. Epub 2015 Dec 15,https://www.ncbi.nlm.nih.gov/pubmed/26666409,,negative,0,2015.0
32150055,Adding radiotherapy to androgen deprivation therapy in men with node-positive prostate cancer after radical prostatectomy: A meta-analysis,Guo L,"BACKGROUND: Several studies have tested the addition of adjuvant radiotherapy (RT) to androgen deprivation therapy (ADT) in node-positive prostate cancer (PCa) after radical prostatectomy (RP). This meta-analysis aims to assess the effects of adding RT to ADT in the treatment of PCa patients with lymph node invasion. METHODS: We systematically searched PubMed and Embase through June 2018 for human studies comparing RT plus ADT versus ADT in men with node-positive PCa after RP. The primary end point was overall survival (OS). Secondary end point was cancer-specific survival (CSS). Hazard ratios (HRs) with 95% confidence intervals (CIs) for the effects of RT plus ADT on OS and CSS were combined across studies using meta-analysis. RESULTS: Five studies were selected for inclusion. Overall, 15,524 patients were enrolled in the 5 studies. This included 6309 (40.6%) patients receiving ADT, 4389 (28.3%) patients receiving adjuvant RT plus ADT, and 4826 (31.1%) patients receiving observation. In lymph node-positive PCa patients, the addition of adjuvant RT was associated with improved OS (HR: 0.74; 95% CI, 0.59-0.92; P = .008). Moreover, the addition of adjuvant RT was also associated with a dramatic CSS improvement (HR: 0.40; 95% CI, 0.27-0.59; P = .000). CONCLUSIONS: Adding RT to ADT may be a clinically effective treatment option for men with lymph node-positive PCa after RP.",Medicine (Baltimore),2020,99,,doi: 10.1097/MD.0000000000019153,https://www.ncbi.nlm.nih.gov/pubmed/32150055,,negative,0,2020.0
15747374,Cryosurgical ablation of the prostate: high risk patient outcomes,Prepelica KL,"BACKGROUND: The authors report their experience with cryosurgical ablation of the prostate in men with high-risk features for prostate carcinoma who were unwilling to undergo radical surgery or radiation therapy. METHODS: Between January 1998 and April 2002, 65 men underwent primary cryosurgery for prostate carcinoma with high-risk features. All patients had biopsy-proven prostate carcinoma without evidence for metastatic disease on magnetic resonance images, computed tomography scans, or radionuclide images of bones. High-risk parameters were defined as either a prostate-specific antigen (PSA) level >/= 10 ng/mL, or a Gleason sum score >/= 8, or both. Patients who had undergone prior surgery, radiation therapy, or cryoablation for prostate carcinoma were excluded from the study. Patients were monitored with physical examination and PSA screening every 3 months and with radiologic imaging when indicated. RESULTS: The median patient age was 72 years (range, 41-86 years), and t he median follow-up was 35 months (range, 4-77 months). There were 2 patients (3.1%) with rectal pain and incontinence. Durable PSA biochemical disease-free survival was noted in 83.3% of patients according to the American Society for Therapeutic Radiology and Oncology (ASTRO) criteria. A 6-year Kaplan-Meier analysis revealed an 81.7% ASTRO survival probability as well as PSA nadir < 4.0 ng/mL and PSA nadir < 1.0 ng/mL projections of 50% and 35%, respectively. One of 8 postcryosurgery biopsies (12.5%) were positive. No patient had progressed at last follow-up, and the overall survival rate was 100%. CONCLUSIONS: Cryoablation was a feasible treatment option in patients with organ-confined prostate carcinoma who had high-risk features. Longer follow-up will be necessary to determine the effectiveness of this approach.",Cancer,2005,15,,doi: 10.1002/cncr.20944,https://www.ncbi.nlm.nih.gov/pubmed/15747374,,negative,0,2005.0
24246414,"Long-term results of the Dutch randomized prostate cancer trial: impact of dose-escalation on local, biochemical, clinical failure, and survival.",Heemsbergen WD,"PURPOSE: Nowadays, advanced irradiation techniques make it possible to escalate safely the dose in prostate cancer. We studied the effect of a higher dose on tumor control in a randomized trial with a median follow-up of 110 months. PATIENTS AND METHODS: Patients with T1b-T4N0 prostate cancer (n=664) were randomized between 78 Gy and 68 Gy. Primary endpoint was biochemical and/or clinical failure (BCF) according to the American Society for Therapeutic Radiology and Oncology (ASTRO) guidelines (3 consecutive rises), and to Phoenix (nadir plus 2 μg/L). Secondary endpoints were clinical failure (CF), local failure (LF), prostate cancer death (PCD), and overall survival (OS). Explorative subgroup analyses were performed. RESULTS: BCF rate (HR=0.8; 20% less events) and LF rate (HR=0.5; 50% less events) were significantly lower in the 78 Gy arm (p<0.05). CF, PCD and OS were similar in both arms. A significant heterogeneity of treatment effect was found for PSA cutoffs between 7 and 10 μg/L. CONCLUSION: We observed significantly less BCF and LF in the high-dose arm. This suggests improvement of the therapeutic ratio. However, we observed similar rates of CF and PCD at the current update. More follow-up is needed to investigate which patients benefit in terms of prolonged OS.",Radiother Oncol,2014,110,104-9,10.1016/j.radonc.2013.09.026,https://www.ncbi.nlm.nih.gov/pubmed/24246414,HIGH RISK,positive,1,
21070079,Stereotactic body radiotherapy as boost for organ-confined prostate cancer,Katz AJ,"Stereotactic body radiotherapy (SBRT) boost following external beam radiation therapy (EBRT) for advanced localized prostate cancer may reduce toxicity while escalating the dose. We present preliminary biochemical control and urinary, rectal and sexual toxicities for 73 patients treated with SBRT as a boost to EBRT. Forty-one intermediate- and 32 high-risk localized prostate cancer patients received 45 Gy EBRT with SBRT boost. Twenty-eight patients (38.3%) received a total SBRT boost dose of 18 Gy (3 fractions of 6 Gy), 28 patients (38.3%) received 19.5 Gy (3 fractions of 6.5 Gy), and 17 patients (23.2%) received 21 Gy (3 fractions of 7 Gy). Toxicity was assessed using the Radiation Therapy Oncology Group urinary and rectal toxicity scale. Biochemical failure was assessed using the Phoenix definition. The median follow-up was 33 months (range, 22 - 43 months). Less than 7% Grade II and no higher grade acute toxicities occurred. To date, one Grade III and no Grade IV late toxicities occurred. For the 97% of patients with 24 months minimum follow-up, 71.8% achieved a PSA nadir threshold of 0.5 ng/mL. Three intermediate-risk and seven high-risk biochemical failures occurred; one high-risk patient died of his cancer. Three-year actuarial biochemical control rates were 89.5% and 77.7% for intermediate- and high-risk patients, respectively. SBRT boost for prostate cancer treatment is safe and feasible with minimal acute toxicity. At 33 months late toxicity and biochemical control are promising. Long-term durability of these findings remains to be established.",Technol Cancer Res Treat,2010,9,575-82,doi: 10.1177/153303461000900605,https://www.ncbi.nlm.nih.gov/pubmed/21070079,,negative,0,2010.0
22537541,Updated results and patterns of failure in a randomized hypofractionation trial for high-risk prostate cancer.,Arcangeli S,"PURPOSE: To report long-term results and patterns of failure after conventional and hypofractionated radiation therapy in high-risk prostate cancer. METHODS AND MATERIALS: This randomized phase III trial compared conventional fractionation (80 Gy at 2 Gy per fraction in 8 weeks) vs hypofractionation (62 Gy at 3.1 Gy per fraction in 5 weeks) in combination with 9-month androgen deprivation therapy in 168 patients with high-risk prostate cancer. Freedom from biochemical failure (FFBF), freedom from local failure (FFLF), and freedom from distant failure (FFDF) were analyzed. RESULTS: In a median follow-up of 70 months, biochemical failure (BF) occurred in 35 of the 168 patients (21%) in the study. Among these 35 patients, local failure (LF) only was detected in 11 (31%), distant failure (DF) only in 16 (46%), and both LF and DF in 6 (17%). In 2 patients (6%) BF has not yet been clinically detected. The risk reduction by hypofractionation was significant in BF (10.3%) but not in LF and DF. We found that hypofractionation, with respect to conventional fractionation, determined only an insignificant increase in the actuarial FFBF but no difference in FFLF and FFDF, when considering the entire group of patients. However, an increase in the 5-year rates in all 3 endpoints-FFBF, FFLF, and FFDF-was observed in the subgroup of patients with a pretreatment prostate-specific antigen (iPSA) level of 20 ng/mL or less. On multivariate analysis, the type of fractionation, iPSA level, Gleason score of 4+3 or higher, and T stage of 2c or higher have been confirmed as independent prognostic factors for BF. High iPSA levels and Gleason score of 4+3 or higher were also significantly associated with an increased risk of DF, whereas T stage of 2c or higher was the only independent variable for LF. CONCLUSION: Our results confirm the isoeffectiveness of the 2 fractionation schedules used in this study, although a benefit in favor of hypofractionation cannot be excluded in the subgroup of patients with an iPSA level of 20 ng/mL or less. The α/β ratio might be more appropriately evaluated by FFLF than FFBF results, at least in high-risk disease.",Int J Radiat Oncol Biol Phys,2012,84,1172-8,10.1016/j.ijrobp.2012.02.049,https://www.ncbi.nlm.nih.gov/pubmed/22537541,HIGH RISK,positive,1,
23395456,Long-term outcomes of prostate cancer patients with Gleason pattern 5 treated with combined brachytherapy and external beam radiotherapy.,Taira AV,"PURPOSE: Recent reports have suggested relatively poor prognosis for prostate cancer patients with Gleason pattern 5 treated with dose-escalated external beam radiotherapy (XRT) and androgen deprivation therapy (ADT). We present the largest series of men with high-risk, Gleason pattern 5 prostate cancer treated with permanent interstitial brachytherapy and XRT. METHODS AND MATERIALS: Between April 1995 and December 2008, 329 consecutive patients with National Comprehensive Cancer Network high-risk disease were treated with permanent interstitial brachytherapy. Most received XRT and ADT. Median followup was 7.2 years. The cause of death was determined for each deceased patient. Multiple clinical, treatment, and dosimetric parameters were evaluated for impact on the evaluated survival parameters. RESULTS: At 10 years, biochemical progression-free survival, cause-specific survival (CSS), and overall survival for the group of high-risk patients as a whole was 91.1%, 95.5%, and 72.5%, respectively. There was no difference in biochemical progression-free survival between men with and without Gleason pattern 5 (89.7% vs. 91.8%; p=0.56). However, men with Gleason pattern 5 had lower prostate cancer CSS (90.3% vs. 98.1%; p=0.011). There was no difference in overall survival comparing men with and without Gleason pattern 5 disease (67.7% vs. 75.4%; p=0.14). CONCLUSIONS: Men with high-risk, Gleason pattern 5 histology treated with brachytherapy and XRT have excellent long-term outcomes, which compare favorably to dose-escalated XRT/ADT series without brachytherapy. Nonetheless, Gleason pattern 5 results in lower CSS than high-risk disease without Gleason pattern 5.",Brachytherapy,2013,12,408-14,10.1016/j.brachy.2012.08.004,https://www.ncbi.nlm.nih.gov/pubmed/23395456,HIGH RISK,positive,1,
32006609,MRI-Guided Ultrafocal Salvage High-Dose-Rate Brachytherapy for Localized Radiorecurrent Prostate Cancer: Updated Results of 50 Patients,van Son MJ,"PURPOSE: Most patients with local prostate cancer recurrence after radiation therapy undergo palliative androgen deprivation therapy because whole-gland salvage treatments have a high risk of severe toxicity. Focal treatment reduces this risk while offering a second opportunity for cure. We report updated outcomes of ultrafocal salvage high-dose-rate brachytherapy (HDR-BT). METHODS AND MATERIALS: Prospectively collected data from the first 50 treated patients were analyzed. Disease status was assessed by 3T multiparametric magnetic resonance imaging (MRI), 18F-Choline or 68Ga-prostate-specific membrane antigen positron emission tomography/computed tomography, and systematic or tumor-targeted biopsies. Ultrafocal salvage HDR-BT (1 × 19 Gy) was performed by implanting the clinical target volume (CTV: gross tumor volume + 5 mm margin) under fused transrectal ultrasound/MRI guidance. Follow-up included toxicity grading (using Common Terminology Criteria for Adverse Events 4.0), quality of life assessment, and prostate-specific antigen (PSA) testing. RESULTS: Median follow-up was 31 months. Median CTV D95% was 18.8 Gy. We observed 2% grade 3 genitourinary toxicity, no grade 3 gastrointestinal toxicity, and 22% newly developed grade 3 erectile dysfunction. Five of 13 patients (38%) with self-reported pretreatment potency (International Index of Erectile Function >17) remained potent. Clinically relevant quality of life deterioration was reported for only 6 of 31 items and was not statistically significant. Biochemical failure (nadir + 2) occurred in 26 patients. Among intraprostatic recurrences, 73% were in field. After 2.5 years, biochemical disease-free survival was 51% (95% confidence interval, 37%-69%), metastases-free survival was 75% (64%-89%), androgen deprivation therapy-free survival was 90% (82%-99%), and overall survival was 98% (94%-100%). Presalvage PSA, CTV size, and stage ≥T3 were significantly associated with biochemical failure. Higher-risk patients (stage ≥T3, PSA ≥10, or PSA double time ≤9 months) had 25% biochemical disease-free survival at 2.5 years versus 71% for lower-risk patients. CONCLUSIONS: At this early stage, MRI-guided ultrafocal HDR-BT seems to be a safe salvage treatment option, with acceptable biochemical control in a well-selected group of patients and potential for effectively postponing androgen deprivation therapy.",Int J Radiat Oncol Biol Phys,2020,1,,doi: 10.1016/j.ijrobp.2020.01.023. Epub 2020 Jan 30,https://www.ncbi.nlm.nih.gov/pubmed/32006609,,negative,0,2020.0
15310996,"Cancer progression and survival rates following anatomical radical retropubic prostatectomy in 3,478 consecutive patients: long-term results.",Roehl KA,"PURPOSE: We updated a long-term cancer control outcome in a large anatomical radical retropubic prostatectomy (RRP) series. We also evaluated the perioperative parameters that predict cancer specific outcomes following surgery. MATERIALS AND METHODS: From May 1983 to February 2003, 1 surgeon (WJC) performed RRP in 3,478 consecutive men. Patients were followed with semiannual serum prostate specific antigen (PSA) tests and annual digital rectal examinations. We used Kaplan-Meier product limit estimates to calculate actuarial 10-year probabilities of biochemical progression-free survival, cancer specific survival and overall survival. Multivariate Cox proportional hazards models were used to determine independent perioperative predictors of cancer progression. RESULTS: At a mean followup of 65 months (range 0 to 233) actuarial 10-year biochemical progression-free, cancer specific and overall survival probabilities were 68%, 97% and 83%, respectively. On multivariate analysis biochemical progression-free survival probability was significantly associated with preoperative PSA, clinical tumor stage, Gleason sum, pathological stage and treatment era. Cancer specific survival and overall survival rates were also significantly associated with clinicopathological parameters. CONCLUSIONS: RRP can be performed with excellent survival outcomes. Favorable clinicopathological parameters and treatment in the PSA era are associated with improved cancer control.",J Urol,2004,172,910-4,10.1097/01.ju.0000134888.22332.bb,https://www.ncbi.nlm.nih.gov/pubmed/15310996,HIGH RISK,positive,1,
15990187,A phase II study of localized prostate cancer treated to 75.6 Gy with 3D conformal radiotherapy,Nichol A,"BACKGROUND AND PURPOSE: To prospectively evaluate toxicity, biochemical failure-free survival (bFFS) and biopsy-proven local control for prostate cancer patients treated with 75.6 Gy in 42 fractions using 6-field conformal radiotherapy to prostate alone. PATIENTS AND METHODS: From 1997 to 1999, 140 patients with T1-2NxM0, Gleason score<or=8, and PSA<or=20 ng/ml prostate cancer were assessed using Radiation Therapy Oncology Group acute and late toxicity scores. bFFS was determined for 120 patients treated without hormones. Post-treatment prostate biopsies were performed at a median of 3 years and a late toxicity questionnaire was administered at a median of 5 years. RESULTS: Clinically important acute toxicities were gastrointestinal (GI) grade 2: 22% and 3: 0%, and genitourinary (GU) grade 2: 24% and 3: 2%. Late physician-assessed toxicities were GI>or=grade 2: 2%, and GU>or=grade 2: 1%. The 3-year bFFS of patients failure-free before biopsy was 93% (95% CI: 83-100) from a negative biopsy and 22% (95% CI: 0-56) from a positive biopsy (P=0.001). Patients reported significantly more late toxicity than physicians (GI: P=0.003, GU: P<0.001). At 5.0 years median follow-up, cause-specific survival was 98% (95% CI: 96-100), overall survival was 91% (95% CI: 86-97), and bFFS was 55% (95% CI: 45-64). CONCLUSIONS: 75.6 Gy caused modest levels of acute and late toxicity. Three-year biopsies predicted subsequent biochemical outcome.",Radiother Oncol,2005,76,11-7,doi: 10.1016/j.radonc.2005.06.002,https://www.ncbi.nlm.nih.gov/pubmed/15990187,,negative,0,2005.0
20869162,Biochemical recurrence following robot-assisted radical prostatectomy: analysis of 1384 patients with a median 5-year follow-up.,Menon M,"BACKGROUND: There is a paucity of data on long-term oncologic outcomes for patients undergoing robot-assisted radical prostatectomy (RARP) for prostate cancer (PCa). OBJECTIVE: To evaluate oncologic outcomes in patients undergoing RARP at a high-volume tertiary center, with a focus on 5-yr biochemical recurrence-free survival (BCRFS). DESIGN, SETTING, AND PARTICIPANTS: The study cohort consisted of 1384 consecutive patients with localized PCa who underwent RARP between September 2001 and May 2005 and had a median follow-up of 60.2 mo. No patient had secondary therapy until documented biochemical recurrence (BCR). BCR was defined as a serum prostate-specific antigen ≥ 0.2 ng/ml with a confirmatory value. BCRFS was estimated using the Kaplan-Meier method. Event-time distributions for the time to failure were compared using the log-rank test. Univariable and multivariable Cox proportional hazards regression models were used to determine variables predictive of BCR. INTERVENTION: All patients underwent RARP. MEASUREMENTS: BCRFS rates were measured. RESULTS AND LIMITATIONS: This cohort of patients had moderately aggressive PCa: 49.0% were D'Amico intermediate or high risk on biopsy; however, 60.9% had Gleason 7-10 disease, and 25.5% had ≥ T3 disease on final pathology. There were 189 incidences of BCR (31 per 1,000 person years of follow-up) at a median follow-up of 60.2 mo (interquartile range [IQR]: 37.2-69.7). The actuarial BCRFS was 95.1%, 90.6%, 86.6%, and 81.0% at 1, 3, 5, and 7 yr, respectively. In the patients who recurred, median time to BCR was 20.4 mo; 65% of BCR incidences occurred within 3 yr and 86.2% within 5 yr. On multivariable analysis, the strongest predictors of BCR were pathologic Gleason grade 8-10 (hazard ratio [HR]: 5.37; 95% confidence interval [CI], 2.99-9.65; p < 0.0001) and pathologic stage T3b/T4 (HR: 2.71; 95% CI, 1.67-4.40; p < 0.0001). CONCLUSIONS: In a contemporary cohort of patients with localized PCa, RARP confers effective 5-yr biochemical control.",Eur Urol,2010,58,838-46,10.1016/j.eururo.2010.09.010,https://www.ncbi.nlm.nih.gov/pubmed/20869162,LOW RISK,positive,1,
15850918,High-dose regions versus likelihood of cure after prostate brachytherapy,Wallner K,"PURPOSE: To analyze the effect of high-dose regions on biochemical cancer control rates after prostate brachytherapy. METHODS AND MATERIALS: Patients with 1997 American Joint Committee on Cancer clinical Stage T1c-T2a prostate carcinoma (Gleason grade 5-6, prostate-specific antigen level 4-10 ng/mL) were randomized to implantation with 125I (144 Gy) vs. 103Pd (125 Gy, National Institute of Standards and Technology 1999). Isotope implantation was performed by standard techniques, using a modified peripheral loading pattern. Of the 313 patients entered in the protocol, 270 were included in this analysis. The 125I source strength ranged from 0.4 to 0.89 mCi (median, 0.55 mCi), and the 103Pd source strength ranged from 1.3 to 1.6 mCi (median, 1.5 mCi). CT was performed within 4 h after implantation. The dosimetric parameters analyzed included the percentage of the postimplant prostate volume covered by the 100%, 150%, 200%, and 300% prescription dose (V100, V150, V200, and V300, respectively). The median time to the last follow-up for patients without failure was 2.7 years. Freedom from biochemical failure was defined as a serum prostate-specific antigen level of < or =0.5 ng/mL at last follow-up. Patients were censored at last follow-up if their serum prostate-specific antigen level was still decreasing. RESULTS: The mean V100, V150, V200, and V300 value was 90% (+/-8%), 63% (+/-14), 35% (+/-13%), and 14% (+/-7%), respectively. Patients with a V100 of > or =90% had a 3-year freedom from biochemical failure rate of 96% vs. 87% for those with a V100 of <90% (p=0.0029). Overall, patients with more high-dose regions had a greater chance of biochemical control. However, when only patients with a V100 of > or =90% were analyzed, no relationship was found between higher dose regions and the likelihood of cancer control. This lack of effect on biochemical control was apparent for both isotopes. CONCLUSION: High-dose regions do not appear to affect cancer control rates, as long as >90% of the prostate volume is covered by the prescription dose.",Int J Radiat Oncol Biol Phys,2005,1,,doi: 10.1016/j.ijrobp.2004.09.021,https://www.ncbi.nlm.nih.gov/pubmed/15850918,,negative,0,2005.0
24474543,Radical prostatectomy in high-risk prostate cancer: incidence of specimen-confined disease (pT2-pT3a N0R0) and outcomes.,Mearini L,"INTRODUCTION: Radical prostatectomy (RP) in patients with high-risk prostate cancer (PC) [prostate specific antigen (PSA) ≥ 20 ng/mL, and/or Gleason score ≥ 8, and/or cT3a disease] is considered an optional therapy, usually as a part of multimodal approach. Aim of the study is to evaluate the outcome of radical prostatectomy in case of specimen-confined (SC) disease and to compare it with patients with pathological locally-advanced disease. MATERIALS AND METHODS: Data from 176 consecutive patients with high-risk prostate cancer who underwent RP as initial therapy were analyzed, identifying subjects with specimen-confined disease (i.e. negative margins and negative lymph-nodes) in which RP was considered as monotherapy, and comparing oncological outcomes to patients with pathological non-SC disease, in which RP was considered as the first step of a multimodal approach. RESULTS: In high-risk prostate cancer, pathological report showed the presence of specimen-confined disease in 28.3% of cases. At univariate analysis, age and PSA correlate with the presence of SC disease at radical prostatectomy, while at multivariate analysis only PSA was a significant predictor of SC disease. At 5 years, Kaplan-Meier estimation of biochemical-free and cancer-specific survival was 56.2% and 97.7% vs 40.8% and 92.8% in specimen-confined disease and non-specimen-confined disease, respectively. CONCLUSIONS: High-risk prostate cancer presents challenges for uro-oncologists since standard treatment is still under debate. One third of patients will present with specimen-confined disease, for which radical prostatectomy represents the sole, initial curative therapy; RP as multimodal therapy in patients without SC disease permits excellent long-term oncological outcomes.",Urologia,2014,81,125-32,10.5301/urologia.5000030,https://www.ncbi.nlm.nih.gov/pubmed/24474543,HIGH RISK,positive,1,
22795805,Long-term survival and toxicity in patients treated with high-dose intensity modulated radiation therapy for localized prostate cancer.,Spratt DE,"PURPOSE: To report long-term survival and toxicity outcomes with the use of high-dose intensity modulated radiation therapy (IMRT) to 86.4 Gy for patients with localized prostate cancer. METHODS AND MATERIALS: Between August 1997 and December 2008, 1002 patients were treated to a dose of 86.4 Gy using a 5-7 field IMRT technique. Patients were stratified by prognostic risk group based on National Comprehensive Cancer Network risk classification criteria. A total of 587 patients (59%) were treated with neoadjuvant and concurrent androgen deprivation therapy. The median follow-up for the entire cohort was 5.5 years (range, 1-14 years). RESULTS: For low-, intermediate-, and high-risk groups, 7-year biochemical relapse-free survival outcomes were 98.8%, 85.6%, and 67.9%, respectively (P<.001), and distant metastasis-free survival rates were 99.4%, 94.1%, and 82.0% (P<.001), respectively. On multivariate analysis, T stage (P<.001), Gleason score (P<.001), and >50% of initial biopsy positive core (P=.001) were predictive for distant mestastases. No prostate cancer-related deaths were observed in the low-risk group. The 7-year prostate cancer-specific mortality (PCSM) rates, using competing risk analysis for intermediate- and high-risk groups, were 3.3% and 8.1%, respectively (P=.008). On multivariate analysis, Gleason score (P=.004), percentage of biopsy core positivity (P=.003), and T-stage (P=.033) were predictive for PCSM. Actuarial 7-year grade 2 or higher late gastrointestinal and genitourinary toxicities were 4.4% and 21.1%, respectively. Late grade 3 gastrointestinal and genitourinary toxicity was experienced by 7 patients (0.7%) and 22 patients (2.2%), respectively. Of the 427 men with full potency at baseline, 317 men (74%) retained sexual function at time of last follow-up. CONCLUSIONS: This study represents the largest cohort of patients treated with high-dose radiation to 86.4 Gy, using IMRT for localized prostate cancer, with the longest follow-up to date. Our findings indicate that this treatment results in excellent clinical outcomes with acceptable toxicity.",Int J Radiat Oncol Biol Phys,2013,85,686-92,10.1016/j.ijrobp.2012.05.023,https://www.ncbi.nlm.nih.gov/pubmed/22795805,LOW RISK,positive,1,
20122161,Stereotactic body radiotherapy for organ-confined prostate cancer,Katz AJ,"BACKGROUND: Improved understanding of prostate cancer radiobiology combined with advances in delivery of radiation to the moving prostate offer the potential to reduce treatment-related morbidity and maintain quality of life (QOL) following prostate cancer treatment. We present preliminary results following stereotactic body radiotherapy (SBRT) treatment for organ-confined prostate cancer. METHODS: SBRT was performed on 304 patients with clinically localized prostate cancer: 50 received 5 fractions of 7 Gy (total dose 35 Gy) and 254 received 5 fractions of 7.25 Gy (total dose 36.25 Gy). Acute and late toxicity was assessed using the Radiation Therapy Oncology Group scale. The Expanded Prostate Cancer Index Composite questionnaire was used to assess QOL. Prostate-specific antigen response was monitored. RESULTS: At a median 30-month (26 - 37 month, range) follow-up there were no biochemical failures for the 35-Gy dose level. Acute Grade II urinary and rectal toxicities occurred in 4% of patients with no higher Grade acute toxicities. One Grade II late urinary toxicity occurred with no other Grade II or higher late toxicities. At a median 17-month (8 - 27 month, range) follow-up the 36.25 Gy dose level had 2 low- and 2 high-risk patients fail biochemically (biopsy showed 2 low- and 1 high-risk patients were disease-free in the gland). Acute Grade II urinary and rectal toxicities occurred in 4.7% (12/253) and 3.6% (9/253) of patients, respectively. For those patients with a minimum of 12 months follow-up, 5.8% (12/206) had late Grade II urinary toxicity and 2.9% (6/206) had late Grade II rectal toxicities. One late Grade III urinary toxicity occurred; no Grade IV toxicities occurred. For both dose levels at 17 months, bowel and urinary QOL returned to baseline values; sexual QOL decreased by 10%. CONCLUSIONS: The low toxicity and maintained QOL are highly encouraging. Additional follow-up is needed to determine long-term biochemical control and maintenance of low toxicity and QOL.",BMC Urol,2010,1,,doi: 10.1186/1471-2490-10-1,https://www.ncbi.nlm.nih.gov/pubmed/20122161,,negative,0,2010.0
20724223,Prostatic length predicts functional outcomes after iodine-125 prostate brachytherapy,Pal RP,"PURPOSE: To determine the value of prostatic length as a predictor of urinary morbidity after brachytherapy for prostate cancer. METHODS AND MATERIALS: Between May 2002 and September 2008, 214 consecutive patients received brachytherapy for localized prostate cancer at our institution. A prospective analysis of factors predicting urinary toxicity was carried out for these patients. To evaluate urinary morbidity, the posttreatment International Prostate Symptom Score (IPSS) at 3, 9, and 18 months together with rates of urinary retention was recorded. RESULTS: The mean patient age was 62 years, and the mean followup period was 24.4 months. The median IPSS before treatment was 5 (range, 0-20). This increased to 15 (0-33) at 3 months, before subsequently falling to 8 (0-31) and 6 (0-35) at 9 and 18 months, respectively. Twenty-six of 214 (12%) patients experienced urinary retention. Both prostatic length (p-value=0.001, <0.001) and volume (p-value=0.002, <0.001) correlated with a higher posttreatment IPSS at 3 and 9 months. In addition, prostate length and volume predicted those patients developing urinary retention requiring catheterization (p-value <0.001, <0.001). Pretreatment IPSS predicted IPSS at 3, 9, and 18 months (p-value <0.001, <0.001, and 0.011) but did not significantly correlate with retention rates. Other factors predicting IPSS at 3 months included radiation dose (D(90)) (p-value=0.01) and number of needles used (p-value=0.01). CONCLUSION: Prostatic length is a useful tool for determining urinary toxicity after brachytherapy for prostate cancer and should be included in the pretreatment assessment.",Brachytherapy,2011,,-,doi: 10.1016/j.brachy.2010.06.010. Epub 2010 Aug 19,https://www.ncbi.nlm.nih.gov/pubmed/20724223,,negative,0,2010.0
32367438,Oncologic outcomes of patients with incidental prostate cancer who underwent RARC: a comparison between nerve sparing and non-nerve sparing approach,Chessa F,"BACKGROUND: Incidental Prostate cancer (iPCa) is a relatively common finding during histopathological evaluation of radical cystectomy (RC) specimens. To reduce the high impact of RC on erectile function, several sexual-preserving techniques have been proposed. The aim of this study was to evaluate and compare the oncologic outcomes of patients with iPCa who underwent nerve spring and no-nerve sparing robot-assisted radical cystectomy (RARC). METHODS: The clinicopathologic data of male patients who underwent RARC at our institution between 2006 and 2016 were retrospectively analysed. Patients with iPCa at definitive pathological examinations were stratified in two groups, according to the preservation of the neurovascular bundles (nerve sparing vs no nerve sparing). Significant PCa was defined as any Gleason score ≥ 3 + 4. Biochemical recurrence (BR) was defined as a sustained PSA level > 0.2 ng/mL on two or more consecutive appraisals. BR rate was assessed only in patients with incidental prostate cancer and at least 2 years of follow-up. Differences in categorical and continuous variables were analysed using the chi-squared test and the Mann-Withney U test, respectively. Biochemical recurrence curves were generated using the Kaplan-Meier method and compared with the Log-rank test. RESULTS: Overall, 343 male patients underwent RARC for bladder cancer within the study period. Nerve-sparing surgery was performed in 143 patients (41%), of these 110 had at least 2 years of follow up after surgery. Patients who underwent nerve-sparing surgery were significantly younger (p < 0.001). Clinically significant PCa was found in 24% of patients. No significant differences regarding preoperative PSA value (p = 0.3), PCa pathological stage (p = 0.5), Gleason score (p = 0.3) and positive surgical margin rates (p = 0.3) were found between the two groups. After a median follow-up of 51 months only one patient, in the no-nerve-sparing group had developed a biochemical recurrence (p = 0.4). CONCLUSIONS: In our series most of the iPca detected in RC specimens can be considered as insignificant with a low rate of BR (0.9%). Nerve-sparing RARC is a safe procedure which did not affect oncological outcomes of patients with iPCa.",J Robot Surg,2021,15,105-114,doi: 10.1007/s11701-020-01081-8. Epub 2020 May 4,https://www.ncbi.nlm.nih.gov/pubmed/32367438,,negative,0,2020.0
30937571,"Tumor characteristics, oncological and functional outcomes after radical prostatectomy in very young men ≤ 45 years of age",Tilki D,"PURPOSE: Age is an important prognostic factor for functional and oncological outcomes after radical prostatectomy (RP). Considering the long life-expectancy of young patients (≤ 45 years), it remains important to examine their outcomes. METHODS: Of 16.049 patients who underwent RP between 01/2006 and 12/2014 at the Martini-Klinik Prostate Cancer Center, 119 (0.7%) were ≤ 45. Known prognosticators were compared according to patient age at RP (categorical as ≤ 45, > 45 and ≤ 65, > 65 years). Kaplan-Meier plots and Cox-regressions analyzed oncological outcomes [biochemical recurrence (BCR)-free survival and metastasis-free survival (MFS)]. Logistic regressions were used for functional outcome. Urinary continence (UC) was defined as the use of 0 or 1 safety pad/day and potency as an IIEF-5 score of ≥ 18. RESULTS: Compared to their older counterparts, patients ≤ 45 years had more favorable tumor characteristics. Of all patients aged ≤ 45 years, 89% underwent bilateral and 9.3% unilateral nerve-sparing procedure. Five year BCR-free survival and MFS were 80.2% and 98.7% for patients ≤ 45 years, 72.8% and 95.0% for patients > 45 and ≤ 65 years and 70.5% and 94.9% for patients > 65 years. For the same groups, 1-year UC-rates were 97.4%, 89.4%, and 84.7% while 1.3%, 8.2%, and 11.6% used 1-2 pads/24 h. At 1-year, 75.6%, 58.6%, and 45.3% of preoperatively potent patients who underwent bilateral nerve-sparing were considered potent. Younger age was an independent predictor of favorable functional outcome also in multivariable analysis. CONCLUSIONS: Patients aged ≤ 45 years had more favorable tumor characteristics and oncological outcomes. Moreover, younger patients should be counseled about the excellent postoperative continence and potency rates.",World J Urol,2020,38,95-101,doi: 10.1007/s00345-019-02740-8. Epub 2019 Apr 2,https://www.ncbi.nlm.nih.gov/pubmed/30937571,,negative,0,2020.0
20598436,Salvage radiotherapy after high-intensity focussed ultrasound for recurrent localised prostate cancer,Riviere J,"BACKGROUND: Radiotherapy is a treatment option in the case of local failure following treatment for localised prostate cancer with high-intensity focussed ultrasound (HIFU). OBJECTIVE: Our aim was to evaluate tolerance and oncologic control with salvage radiotherapy (SRT) after HIFU failure and to identify predictive factors of success. DESIGN, SETTING, AND PARTICIPANTS: From March 1995 to March 2008, all patients who presented with histologically proven persistent local disease following HIFU and were treated with curative intent SRT (with or without hormonal treatment) were included in this single-centre retrospective study. INTERVENTION: Patients underwent conformal radiotherapy. The median dose of conformal treatment was 72 Gy (65-78 Gy). MEASUREMENTS: The primary outcome measure was progression-free survival (PFS) defined as no biochemical relapse (three consecutive rises in prostate-specific antigen [PSA] with a velocity >0.4 ng/ml per year or PSA >1.5 ng/ml) and no additional treatment. Predictive factors of failure were examined in univariate and multivariate analyses. Adverse events in terms of urinary and digestive toxicity, urine incontinence, and erectile dysfunction (ED) were reported. RESULTS AND LIMITATIONS: The median (range) and mean (standard deviation) follow-up of the 100 patients analysed was 33 mo (5-164 mo) and 37.2 mo (23.6 mo), respectively. Eighty-three patients received SRT alone, and 17 received SRT and androgen-deprivation therapy. For the 83 patients treated with exclusive radiation therapy, PFS was 72.5% at 5 yr and 93%, 67%, and 55% for the low-, intermediate-, and high-risk groups, respectively. In the univariate analysis, PSA level prior to SRT, risk status, PSA nadir after SRT, PSA nadir after SRT >0.2 ng/ml, and time to achieve this nadir were all predictive of failure. In the multivariate analysis, PSA nadir post-SRT with a threshold at 0.2 ng/ml and time to achieve this nadir were the significant predictive factors of failure. Gastrointestinal toxicity was low; urinary toxicity grade < or =2 was 34.5%. Four were grade 3 (4.7%), one was grade 4 (1.2%), and one was grade 5 (1.2%). The incidence of severe ED (International Index of Erectile Dysfunction-5 score 5-10) was 14% pre-HIFU, and 51.9% and 82.3% pre- and post-SRT, respectively. Because our study was retrospective, results have to be interpreted cautiously. CONCLUSIONS: SRT provides satisfactory oncologic control after HIFU failure with little (or mild) additional toxicity. These results warrant further investigation.",Eur Urol,2010,58,567-73,doi: 10.1016/j.eururo.2010.06.003. Epub 2010 Jun 11,https://www.ncbi.nlm.nih.gov/pubmed/20598436,,negative,0,2010.0
16227156,Radiation therapy for prostate cancer and erectile (dys)function: the role of imaging,Incrocci L,"Incidence of erectile dysfunction (ED) after radiotherapy reported in the literature varies from 7 to 72% after external-beam radiotherapy to 5-51% after brachytherapy. Most of these studies are retrospective, the definition of ED is variable and sexual functioning is frequently assessed by asking only one question. Already in the 1980's it was suggested that post-radiation ED was attributable to vascular damage. The most reliable method to assess vasculogenic ED is the use of the Doppler ultrasound. More recently, many studies have assessed the relationship between radiation dose and volume of the penile bulb and post-radiation ED, though the outcome is controversial. The penile structures and the neurovascular bundles are best seen on magnetic resonance imaging (MRI). Therefore the use of a computer tomography scan/MRI image fusion can result in reducing the planning target volume and consequently the radiation dose to the penile bulb and bodies. If radiation induces vascular damage that causes ED, any means of reducing the dose to the pelvic vascular structures would likely decrease ED, therefore new radiation techniques such as the intensity modulated radiation therapy or the implant of fiducial markers can help decrease the margins and therefore ED.",Acta Oncol,2005,44,673-8,doi: 10.1080/02841860500326190,https://www.ncbi.nlm.nih.gov/pubmed/16227156,,negative,0,2005.0
22326573,"Outcomes following iodine-125 brachytherapy in patients with Gleason 7, intermediate risk prostate cancer: a population-based cohort study.",Herbert C,"BACKGROUND AND PURPOSE: To evaluate outcome in patients with Gleason 7 prostate cancer treated with iodine-125 brachytherapy at the British Columbia Cancer Agency. MATERIALS AND METHODS: Between 20th July 1998 and 7th February 2006, 1500 patients underwent I-125 prostate brachytherapy without supplemental external beam radiation therapy. Of these, 439 had Gleason 7 disease; 362 had Gleason 3+4 and 77 had 4+3 disease. Generally, patients received 6 months of androgen suppression. We compared biochemical no evidence of disease (bNED) between patients with Gleason ≤ 6 and Gleason 7 and between Gleason 3+4 and 4+3 using the Phoenix definition of biochemical recurrence. RESULTS: Median follow-up was 60 months. Estimated 5 year bNED was 97% for patients with Gleason score ≤ 6 and 94% for patients with Gleason 7 disease (p=0.037). Estimated bNED was 95% and 94% for 3+4 and 4+3, respectively (p=0.791). There was no difference in bNED between implants achieving D90 ≥ versus<the median value (150.5 Gy) or ≥ versus<140 Gy. CONCLUSIONS: I-125 brachytherapy with 6 months of ADT demonstrates excellent bNED rates in Gleason 7 disease. We found no evidence of a difference between patients with Gleason 3+4 versus 4+3 disease.",Radiother Oncol,2012,103,228-32,10.1016/j.radonc.2012.01.006,https://www.ncbi.nlm.nih.gov/pubmed/22326573,INTERMEDIATE RISK,positive,1,
23914263,Oncologic outcomes following radical prostatectomy in the active surveillance era.,Louis AS,"OBJECTIVE: In this study, we examine the oncologic outcomes of men with low, intermediate and high preoperative risk for prostate cancer treated with radical prostatectomy prior to and during the active surveillance era. METHODS: We analyzed records from patients who underwent radical prostatectomy at our Canadian tertiary care facility from 2000 to 2012. Patients were stratified by D'Amico preoperative risk category and by year of treatment. Biochemical recurrence-free survival was estimated using the Kaplan-Meier method. RESULTS: We included 2643 consecutive patients in our analysis. The proportion of men with low-risk disease undergoing radical prostatectomy decreased from 2007 onwards coincident with the implementation of an active surveillance strategy in our institution. Men with low-risk and high-risk disease showed significantly worse biochemical outcomes from 2007 to 2012 compared to 2000 to 2006 (p < 0.05), while men with intermediate-risk prostate cancer showed no significant differences (p = 0.27). Within the low-risk cohort, the later treatment group displayed significantly lower age, pre-treatment prostate specific antigen and tumour volume and significantly higher testosterone and body mass index. CONCLUSIONS: The time period corresponding with the implementation of active surveillance at our institution corresponded with significant deterioration of biochemical outcomes in the low- and high-risk groups. This suggests that the men with most favourable disease deferred treatment, whereas men with worse preoperative disease characteristics were increasingly treated with radical prostatectomy in the past 6 years perhaps to their benefit.",Can Urol Assoc J,2013,7,E475-80,10.5489/cuaj.1404,https://www.ncbi.nlm.nih.gov/pubmed/23914263,LOW RISK,positive,1,
15667877,"Combination of docetaxel, estramustine phosphate, and zoledronic acid in androgen-independent metastatic prostate cancer: efficacy, safety, and clinical benefit assessment",Efstathiou E,"OBJECTIVES: Docetaxel is an effective agent for the treatment of androgen-independent prostate cancer (AIPC). Its combination with estramustine phosphate (EMP) has shown promising results in AIPC but the toxicity remains considerable. In an effort to minimize toxicity, we designed an every-2-week docetaxel administration regimen with a 3-day low-dose EMP regimen. Patients with bone metastases also received zoledronic acid. METHODS: A total of 54 patients with AIPC received docetaxel at 45 mg/m2 and EMP (140 mg orally every 8 hours for nine doses) every 2 weeks. Zoledronic acid was administered at 4 mg every 28 days. RESULTS: Of the 49 assessable patients, 22 (45%, 95% confidence interval [CI] 31% to 60%) had a prostate-specific antigen response. Of 24 patients with measurable disease, 9 (38%, 95% CI 19% to 59%) had a response to therapy (one complete response and eight partial responses). The median time to progression was 4.4 months (95% CI 2.7 to 6), and overall survival was 13.3 months (95% CI 9 to 17.6). Toxicity was mild, with only 5 cases of grade 3 or 4 toxicity. The pain score improved by 1 point in 21 (54%) of 39 symptomatic patients, and 14 (40%) of 38 patients who used analgesics discontinued analgesic consumption by the end of treatment. CONCLUSIONS: The combination of an every-2-week regimen of docetaxel, EMP, and zoledronic acid is an effective, well-tolerated regimen that results in symptomatic improvement in a significant proportion of patients with AIPC.",Urology,2005,65,126-30,doi: 10.1016/j.urology.2004.08.041,https://www.ncbi.nlm.nih.gov/pubmed/15667877,,negative,0,2005.0
23194129,High-dose rate brachytherapy compared with open radical prostatectomy for the treatment of high-risk prostate cancer: 10 year biochemical freedom from relapse.,Savdie R,"OBJECTIVE: • To compare long-term biochemical control of high-risk prostate cancer in those men receiving high-dose rate brachytherapy (HDRB) and radical prostatectomy (RP). PATIENTS AND METHODS: • The 10-year biochemical freedom from relapse (BFR) was calculated for 243 patients who underwent either RP or combined therapy with HDRB + external beam radiotherapy + androgen deprivation between 1998 and 2000. • INCLUSION CRITERIA: clinical stage ≥ T2b, or Gleason sum ≥ 8, or PSA level of > 20 ng/mL. Groups were appraised using the Kattan nomogram for surgery to calculate progression-free probability (PFP). RESULTS: • For the RP group (153 patients) the median PSA level was 8.1 ng/mL and the median age was 62.2 years. The median 5- and 10-year predicted PFP for RP was 64% and 56 %, respectively. The 5- and 10-year BFR was 65.5% and 55.4%. There was no significant difference between the predicted and the actual PFP for the RP group (P= 0.525). • For HDRB group (90 patients). The median PSA level was 14.2 ng/mL and the median age was 67.6 years. The median 5- and 10-year predicted PFP for HDRB was 46% and 35%, respectively. The 5- and 10-year BFR was 79.6% and 53.6%. There was a significant improvement between the actual and the predicted PFP for the HDRB group (P= 0.002). CONCLUSIONS: • Amongst a high-risk cohort, patients undergoing RP performed as predicted by the pre-treatment surgical nomogram, whereas the patients undergoing HDRB performed significantly better than was predicted by the surgical nomogram at 10 years.",BJU Int,2012,110 Suppl 4,71-6,10.1111/j.1464-410X.2012.11480.x,https://www.ncbi.nlm.nih.gov/pubmed/23194129,HIGH RISK,positive,1,
31695139,Prostate cancer characteristics and cancer-specific mortality of Native American patients,Deuker M,"BACKGROUND: Historical epidemiological data indicate that Native American patients may have worse prostate cancer (PCa) characteristics than Caucasian patients (CAP). To test for cancer-specific mortality (CSM) differences among Native American vs. CAP, the most contemporary version of the SEER database (Surveillance, Epidemiology, and End Results database [2004-2016]) was used. METHODS: Descriptives and time trend analyses focused on a combined cohort of 357,289 Caucasian and Native American PCa patients of all stages. After 1:4 propensity-score (PS) matching for stage, grade, and other patient characteristics, cumulative incidence plots, and competing-risks-regression-models (CRR) were used, with further stratification according to non-metastatic (T<sub>any</sub>N<sub>0</sub>M<sub>0</sub>) vs. metastatic (T<sub>any</sub>N<sub>1</sub> and/or M<sub>1</sub>) stages. RESULTS: Native American patients accounted for 1804 (0.5%) of the study cohort. Native American patients had higher PSA (8 ng/ml vs. 6.3 ng/ml), higher rate of D'Amico high-risk PCa (30.8 vs. 24.8%), higher rate of T3/T4-PCa (5.5 vs. 3.7%), higher rate of N1 stage (4.5 vs. 2.8%), and higher rate of M1 stage (7.5 vs. 3.9%, all p < 0.001) than CAP. In T<sub>any</sub>N<sub>0</sub>M<sub>0</sub> patients after PS-matching, 10-year CSM was 5.7 vs. 6.2% in Native American vs. CAP. In T<sub>any</sub>N<sub>1</sub> and/or M<sub>1</sub> patients, 10-year CSM was 64.3 vs. 63.3% in Native American vs. CAP, (both p = 0.8). In CRR, Native American race did not represent an independent predictor of CSM. CONCLUSIONS: Native American patients have more unfavorable stage and grade at presentation. However, after adjustment for these characteristics, CSM in Native American patients is not higher than in CAP. In consequence, PCa prognosis does not differ between Native American and Caucasian race. Therefore, efforts should be made to diagnose PCa in Native Americans at an earlier and more favorable stage like in CAP.",Prostate Cancer Prostatic Dis,2020,23,277-285,doi: 10.1038/s41391-019-0184-8. Epub 2019 Nov 6,https://www.ncbi.nlm.nih.gov/pubmed/31695139,,negative,0,2020.0
24222312,High-dose-rate brachytherapy and hypofractionated external beam radiotherapy combined with long-term hormonal therapy for high-risk and very high-risk prostate cancer: outcomes after 5-year follow-up.,Ishiyama H,"The purpose of this study was to report the outcomes of high-dose-rate (HDR) brachytherapy and hypofractionated external beam radiotherapy (EBRT) combined with long-term androgen deprivation therapy (ADT) for National Comprehensive Cancer Network (NCCN) criteria-defined high-risk (HR) and very high-risk (VHR) prostate cancer. Data from 178 HR (n = 96, 54%) and VHR (n = 82, 46%) prostate cancer patients who underwent (192)Ir-HDR brachytherapy and hypofractionated EBRT with long-term ADT between 2003 and 2008 were retrospectively analyzed. The mean dose to 90% of the planning target volume was 6.3 Gy/fraction of HDR brachytherapy. After five fractions of HDR treatment, EBRT with 10 fractions of 3 Gy was administered. All patients initially underwent ≥ 6 months of neoadjuvant ADT, and adjuvant ADT was continued for 36 months after EBRT. The median follow-up was 61 months (range, 25-94 months) from the start of radiotherapy. The 5-year biochemical non-evidence of disease, freedom from clinical failure and overall survival rates were 90.6% (HR, 97.8%; VHR, 81.9%), 95.2% (HR, 97.7%; VHR, 92.1%), and 96.9% (HR, 100%; VHR, 93.3%), respectively. The highest Radiation Therapy Oncology Group-defined late genitourinary toxicities were Grade 2 in 7.3% of patients and Grade 3 in 9.6%. The highest late gastrointestinal toxicities were Grade 2 in 2.8% of patients and Grade 3 in 0%. Although the 5-year outcome of this tri-modality approach seems favorable, further follow-up is necessary to validate clinical and survival advantages of this intensive approach compared with the standard EBRT approach.",J Radiat Res,2014,55,509-17,10.1093/jrr/rrt128,https://www.ncbi.nlm.nih.gov/pubmed/24222312,HIGH RISK,positive,1,
20550722,Early clinical experience of radiotherapy of prostate cancer with volumetric modulated arc therapy,Pesce GA,"BACKGROUND: To report about initial clinical experience in radiation treatment of carcinoma of prostate with volumetric modulated arcs with the RapidArc (RA) technology. METHODS: Forty-five patients with a median age of 72 +/- 3, affected by prostate carcinoma (T1c: 22 patients, T2a-b: 17 patients, T3a-b: 6 patients. N0: 43 patients, N1-Nx: 2 patients, all M0), with initial PSA of 10.0 +/- 3.0 ng/mL, were treated with RapidArc in a feasibility study. All patients were treated with single arc using 6MV photons. Dose prescription ranged between 76 (7 patients) and 78 Gy (38 patients) in 2 Gy/fraction. Plan quality was assessed by means of Dose Volume Histogram (DVH) analysis. Technical parameters of arcs and pre-treatment quality assurance results (Gamma Agreement Index, GAI) are reported to describe delivery features. Early toxicity was scored (according to the Common Terminology Criteria of Adverse Effects scale, CTCAE, scale) at the end of treatment together with biochemical outcome (PSA). RESULTS: From DVH data, target coverage was fulfilling planning objectives: V95% was in average higher than 98% and V107% approximately 0.0% (D2% approximately 104.0% in average). Homogeneity D5%-D95% ranged between 6.2 +/- 1.0% to 6.7 +/- 1.3%. For rectum, all planning objectives were largely met (e.g. V70Gy = 10.7 +/- 5.5% against an objective of < 25%) similarly for bladder (e.g. D2% = 79.4 +/- 1.2 Gy against an objective of 80.0 Gy). Maximum dose to femurs was D2% = 36.7 +/- 5.4 Gy against an objective of 47 Gy. Monitor Units resulted: MU/Gy = 239 +/- 37. Average beam on time was 1.24 +/- 0.0 minutes. Pre-treatment GAI resulted in 98.1 +/- 1.1%. Clinical data were recorded as PSA at 6 weeks after RT, with median values of 0.4 +/- 0.4 ng/mL. Concerning acute toxicity, no patient showed grade 2-3 rectal toxicity; 5/42 (12%) patients experienced grade 2 dysuria; 18/41 (44%) patients preserved complete or partial erectile function. CONCLUSION: RapidArc proved to be a safe, qualitative and advantageous treatment modality for prostate cancer.",Radiat Oncol,2010,16,,doi: 10.1186/1748-717X-5-54,https://www.ncbi.nlm.nih.gov/pubmed/20550722,,negative,0,2010.0
32402143,Transvesical robot-assisted radical prostatectomy: initial experience and surgical outcomes,Zhou X,"OBJECTIVES: To describe in detail the techniques for transvesical robot-assisted radical prostatectomy (RARP) using the da Vinci Si/Xi system (Intuitive Surgical, Sunnyvale, CA, USA) and to evaluate functional and oncological outcomes in 35 patients with prostate cancer. PATIENTS AND METHODS: Thirty-five patients with localized prostate cancer were enrolled for transvesical RARP. The patients' preoperative data (mean ± sd age 63.4 ± 8.1 years, body mass index 28.6 ± 5.3 kg/m<sup>2</sup> , total prostate-specific antigen 10.8 ± 4.9 ng/mL and prostate volume 30.6 ± 14.4 mL, and median [interquartile range {IQR}] biopsy Gleason score 6 [6-7], and International Index of Erectile Function [IIEF]-5 score 18 [16-20]) were collected. Preoperative assessment revealed 28 cases of cT2a and seven cases of cT2b disease. All patients were continent preoperatively (defined as no pad required or one dry pad per day as a precaution). Surgical results and peri-operative complications were assessed. All patients were followed up for at least 12 months postoperatively. RESULTS: The mean operating time was 150 ± 35 min. Estimated blood loss was 100 ± 45 mL. Urinary infection was noted in one patient and managed with levofloxacin. Another patient complained of nocturia on postoperative day 14, which was relieved with solifenacin succinate. Urethral catheters were removed on postoperative day 7. Thirty-two patients achieved immediate urinary continence, with three patients returning to full continence on postoperative day 14. Postoperative pathology confirmed 24 pT2a cases, nine pT2b cases and two pT2c cases (median [IQR] Gleason score 6 [6-7]). Positive surgical margins were found in four patients (11.4%). No urethral stricture or urinary leakage was noted on urethrocystography taken 3 months after surgery. Urodynamic studies were performed preoperatively and 6 months after surgery: median (IQR) maximum urinary flow 12.2 (10.2-14.9) vs 13.7 (10.1-15.0) mL/s; bladder capacity 385.3 (351.3-410.2) vs 370.2 (330.1-395.4) mL; and voiding phase detrusor contractility 38.5 (27.8-42.3) vs 35.6 (28.3-41.3) mmH<sub>2</sub> O, respectively. During a minimum of 12 months of follow-up, no biochemical recurrence was noted in any patient. The median (IQR) IIEF-5 score was 17 (16-19). CONCLUSIONS: The transvesical approach is a valid alternative to RARP in selected patients, providing promising postoperative urinary continence. Long-term functional and oncological results require further investigation.",BJU Int,2020,126,300-308,doi: 10.1111/bju.15111. Epub 2020 Jun 1,https://www.ncbi.nlm.nih.gov/pubmed/32402143,,negative,0,2020.0
23769266,Treatment outcomes and morbidity following definitive brachytherapy with or without external beam radiation for the treatment of localized prostate cancer: 20-year experience at Mount Sinai Medical Center.,Marshall RA,"OBJECTIVES: To present our treatment algorithm and 20-year experience in treating prostate cancer with brachytherapy since 1990, with focus on cancer-control outcomes and treatment-related morbidity. METHODS AND MATERIALS: We selected patients treated for localized prostate cancer with brachytherapy, combination therapy with external beam radiotherapy, and adjuvant androgen deprivation therapy as prescribed by our Mount Sinai risk stratification and treatment algorithm. Outcomes were analyzed with respect to biochemical failure, distant metastases, prostate cancer-specific survival, and overall survival. Morbidity was assessed with respect to urinary, sexual, and rectal outcomes. RESULTS: In total, 2,495 patients met inclusion criteria. The 12-year actuarial freedom from biochemical failure was 83% (low risk: 90%, intermediate risk: 84%, and high risk: 64%); freedom from distant metastasis was 95%; prostate cancer-specific survival was 95%; and overall survival was 70%. On multivariate analysis, significant associations were found between cancer control and risk group, total biologically effective dose, and androgen deprivation therapy. With regard to morbidity, potency was preserved in 61%, and urinary symptoms improved in 35%. The 12-year actuarial freedom from urinary retention events was 90% and from severe rectal bleed was 93%. CONCLUSIONS: Brachytherapy, as administered via the Mount Sinai algorithm, remains an efficacious and benign treatment option for patients with localized prostate cancer of all risk groups.",Urol Oncol,2014,32,38.e1-7,10.1016/j.urolonc.2013.03.004,https://www.ncbi.nlm.nih.gov/pubmed/23769266,LOW RISK,positive,1,
17084558,Multi-institutional analysis of long-term outcome for stages T1-T2 prostate cancer treated with permanent seed implantation.,Zelefsky MJ,"PURPOSE: To assess long-term prostate-specific antigen (PSA) outcome after permanent prostate brachytherapy (BT) and identify predictors of improved disease-free survival. METHODS AND MATERIALS: Eleven institutions combined data on 2,693 patients treated with permanent interstitial BT monotherapy for T1-T2 prostate cancer. Of these patients, 1,831 (68%) were treated with I-125 (median dose, 144 Gy) and 862 (32%) were treated with Pd-103 (median dose, 130 Gy). Criteria for inclusion were: available pre-BT PSA, BT > or =5 years before data submission, BT between 1988-1998, and no androgen deprivation before failure. The median follow-up was 63 months. RESULTS: Among patients where the I-125 dose to 90% of the prostate (D90) was > or =130 Gy, the 8-year PSA relapse-free survival (PRFS) was 93% compared with 76% for those with lower D90 dose levels (p < 0.001). A multivariable analysis identified tumor stage (p = 0.002), Gleason score (p < 0.001), pretreatment PSA level (p < 0.001), treatment year (p = 0.001), and the isotope used (p = 0.004) as pretreatment and treatment variables associated with PRFS. When restricted to patients with available postimplantation dosimetric information, D90 emerged as a significant predictor of biochemical outcome (p = 0.01), and isotope was not significant. The 8-year PRFS was 92%, 86%, 79%, and 67%, respectively, for patients with PSA nadir values of 0-0.49, 0.5-0.99, 1.0-1.99, and >2.0 ng/mL (p < 0.001). Among patients free of biochemical relapse at 8 years, the median nadir level was 0.1 ng/mL, and 90% of these patients achieved a nadir PSA level <0.6 ng/mL. CONCLUSIONS: Outcome after permanent BT for prostatic cancer relates to tumor stage, Gleason score, pretreatment PSA, BT year, and post-BT dosimetric quality. PSA nadir < or =0.5 ng/mL was particularly associated with durable long-term PSA disease-free survival. The only controllable factor to impact on long-term outcome was the D90 which is a reflection of implant quality.",Int J Radiat Oncol Biol Phys,2007,67,327-33,10.1016/j.ijrobp.2006.08.056,https://www.ncbi.nlm.nih.gov/pubmed/17084558,INTERMEDIATE RISK,positive,1,
20540878,"[Metastatic progression, cancer-specific mortality and need for secondary treatments in patients with clinically high-risk prostate cancer treated initially with radical prostatectomy].",Rubio-Briones J,"PURPOSE: To determine our results in high risk (HR) prostate cancer (PCa) patients treated with radical prostatectomy (RP) and to establish preoperative prognosis factors. MATERIAL AND METHODS: Retrospective study of 925 RP. Mean follow-up for the HR group was 89.8+/-53.6 months. Following NCCN criteria, we operated 210 (22.7%) HR and 715 (77.3%) low/intermediate risk patients. End point was metastatic progression. Kaplan-Meier method for survival comparison among groups and Cox regression model for multivariate analysis of preoperative prognostic factors were used. RESULTS: Revised period; 1986-2007. Fifty-four patients (25.7%) were free of disease and 8 patients (3.8%) died for other causes free of disease. Disease progressed in 148 patients (70.5%); death due to tumour progression occurred in 42 cases (20%) and due to other causes in 25 patients (11.9%). Seventy-nine patients in HR group (38%) vs 549 low/intermediate risk group (78.5%) did not deserve further treatments (p<0.001). The uni and multivariate analysis for metastatic progression showed both Gleason score at biopsy (RR=1.922; 95% CI 1.106-3.341, p=0.020) and clinical stage (RR=2.290; 95% CI 1.269-4.133, p=0.006) showed independent prognostic value for metastatic progression, but not PSA. CONCLUSIONS: A HR patient can be cured in a third of the cases and will need multimodal treatments in more than half of the times. We prompt surgery in a young healthy patient with a resectable tumour, mainly if just one bad prognostic factor is present and defiantly if this is just PSA elevation.",Actas Urol Esp,2010,34,610-7,,https://www.ncbi.nlm.nih.gov/pubmed/20540878,HIGH RISK,positive,1,
32093688,The efficacy and safety of radical prostatectomy and radiotherapy in high-risk prostate cancer: a systematic review and meta-analysis,Wang Z,"BACKGROUND: The optimal treatment for patients with high-risk prostate cancer (PCa) remains a debate and selection of patients to receive proper therapy is still an unsettled question. This systematic review was conducted to compare the effectiveness of prostatectomy (RP) and radiotherapy (RT) in patients with high-risk PCa and to select candidates for optimal treatment. METHODS: PubMed, EMBASE, and Cochrane Central Register of Controlled Trials were searched for eligible studies. We extracted hazard ratios (HRs) and 95% confidence interval (CI) of all included studies. The primary outcomes were overall survival (OS) and cancer-specific survival (CSS); the secondary outcomes were biochemical recurrence-free survival (BRFS), metastasis-free survival (MFS) and clinical recurrence-free survival (CRFS). The meta-analysis was performed using Review Manager 5.3. Subgroup analyses were conducted according to Gleason score (GS), T stage and RT types. Quality of life (QoL) was compared with these two treatments. RESULTS: A total of 25 studies were included in this meta-analysis. Overall, RP showed more survival benefits than RT on CSS (P = 0.003) and OS (P = 0.002); while RT was associated with better BRFS (P = 0.002) and MFS (P = 0.004). Subgroup analyses showed RT was associated with similar or even better survival outcomes compared to RP in patients with high GS, high T stage or received external beam radiotherapy plus brachytherapy (EBRT + BT). As for QoL, RP was associated with poorer urinary and sexual function but better performance in the bowel domain. CONCLUSION: RP could prolong the survival time of patients with high-risk PCa; however, RT could delay the disease progression, and combined RT (EBRT + BT) even brought preferable CSS and similar OS compared to RP. RT might be the prior choice for patients with high T stage or high GS. RP could lead to poorer urinary and sexual function, while bringing better performance in the bowel domain.",World J Surg Oncol,2020,24,,doi: 10.1186/s12957-020-01824-9,https://www.ncbi.nlm.nih.gov/pubmed/32093688,,negative,0,2020.0
22425079,Radical prostatectomy outcome in men 65 years old or older with low risk prostate cancer.,Mullins JK,"PURPOSE: A recent update of the Scandinavian Prostate Cancer Group Study-4 concluded that men older than 65 years treated with radical prostatectomy had no survival advantage compared to men treated with watchful waiting. We examined the proportion and outcomes of men 65 years old or older with low risk disease who underwent radical prostatectomy at our institution. MATERIALS AND METHODS: Our institutional radical prostatectomy database with more than 19,000 patients was queried for men 65 years old or older with low risk prostate cancer. Pathological and survival outcomes were assessed. Subanalysis was done on men 70 years old or older to determine whether outcomes among older men differed by age. RESULTS: A total of 1,560 men (8.1%) 65 years old or older with low risk prostate cancer underwent radical prostatectomy between 1983 and 2010. After radical prostatectomy 38.3% of the men had evidence of more aggressive cancer, including Gleason score 7 or greater, or extraprostatic extension. After radical prostatectomy actuarial 5, 10 and 15-year biochemical recurrence-free survival was 93.2%, 89.2% and 82.2%, prostate cancer specific survival was 99.7%, 98.4% and 97.2%, and overall survival was 96.1%, 83.5% and 60.2%, respectively. CONCLUSIONS: Fewer than 10% of men treated with radical prostatectomy at our institution were 65 years old or older with low risk prostate cancer. Despite a high prevalence of aggressive disease discovered at surgery these men experienced excellent long-term survival. Treatment recommendations in older men with low risk prostate cancer should be made after careful consideration of life expectancy based on comorbidities and potential adverse outcomes of treatment.",J Urol,2012,187,1620-5,10.1016/j.juro.2011.12.072,https://www.ncbi.nlm.nih.gov/pubmed/22425079,LOW RISK,positive,1,
32151469,Oncologic outcomes in 408 consecutive patient cohort treated with da Vinci robot-assisted radical prostatectomy,Moreno-Sierra J,"The objective of this study is to evaluate the general characteristics and oncological results in a cohort of 408 cases submitted to da Vinci Standard 4-armed robot-assisted radical prostatectomy (RARP), performed between October 2006 and February 2015 at Clínico San Carlos hospital. Statistical analysis was performed with the SPSS 20.0 program. Qualitative variables are presented with their frequency distribution and quantitative variables with their mean and standard deviation or median and interquartile range. The χ<sup>2</sup> test was used to analyze the association of qualitative variables. The disease-free survival outcome variable was evaluated with a Kaplan-Meier curve analysis, and the differences were contrasted with the Breslow test. A Cox regression model was adjusted. Among the results, we highlight the follow-up of 47 months (32-68.75m), recurrence-free survival of 90 months (95% CI, 86-94), median time to recurrence of 23 months (10.5-37 m), recurrence 16'6% (68/408), biochemical recurrence (62/498, 15'2%) and 22% of complications, mostly Clavien I-II. The results are summarized in Tables 1 to 7 and Figure 1. CONCLUSIONS: 1) RARP is a safe technique with an acceptable percentage of complications, mostly minor (Clavien grades iandii), 2) We found a higher probability of remaining recurrence-free in the lower grades of the ISUP classification and a higher probability of recurrence in high-risk cases, and 3) The multivariate model showed that the ISUP grade was significantly related to survival and the ISUP and PSM classification grades were independent prognostic variables.",Actas Urol Esp (Engl Ed),2020,44,179-186,doi: 10.1016/j.acuro.2019.11.001. Epub 2020 Mar 6,https://www.ncbi.nlm.nih.gov/pubmed/32151469,,negative,0,2020.0
26004800,Duration of Androgen Deprivation Therapy Influences Outcomes for Patients Receiving Radiation Therapy Following Radical Prostatectomy,Jackson WC,"BACKGROUND: Limited data exist to guide the use of androgen deprivation therapy (ADT) for men treated with radiation therapy (RT) after radical prostatectomy (RP). The optimal duration of ADT in this setting is unknown. OBJECTIVE: To determine if the duration of ADT influences clinical outcomes for men receiving post-RP RT. DESIGN, SETTING, AND PARTICIPANTS: A total of 680 men who received adjuvant radiation therapy (n=105) or salvage radiation therapy (n=575) between 1986 and 2010 at a single tertiary care institution were reviewed retrospectively. Median follow-up post-RT was 57.8 mo. INTERVENTION: RT was delivered using three-dimensional conformal or intensity-modulated RT in 1.8-Gy fractions. For patients treated with ADT, >80% were treated with a gonadotropin-releasing hormone agonist with or without a nonsteroidal antiandrogen. OUTCOME MEASUREMENTS AND STATISTICAL ANALYSIS: Biochemical failure (BF), distant metastasis (DM), prostate cancer-specific mortality (PCSM), and overall mortality were assessed using Kaplan-Meier analysis and propensity score analysis. RESULTS AND LIMITATIONS: Overall, 144 patients (21%) received ADT with post-RP RT, most of whom had high-risk disease features such as Gleason score 8-10, seminal vesicle invasion, or pre-RT prostate-specific antigen >1 ng/ml. Median ADT duration was 12 mo (interquartile range: 6.0-23.7). Patients who received <12 mo of ADT had an association with increased BF (hazard ratio [HR]: 2.27; p=0.003) and DM (HR: 2.48; p=0.03) compared with patients receiving ≥12 mo of ADT. The 5-yr rates of DM were 6.0% and 23% for ≥12 and <12 mo of ADT, respectively. On propensity score analysis controlling for pretreatment and treatment-related factors, each month of ADT was associated with a decreased risk for BF (HR: 0.95; p=0.0004), DM (HR: 0.88; p=0.0004), and PCSM (HR: 0.90; p=0.037). These findings are limited by the retrospective nature of our analysis. CONCLUSIONS: For men with high-risk disease features receiving ADT with post-RP RT, the duration of ADT is associated with clinical outcomes. Our findings suggest that for these men an extended course of ADT ≥12 mo may be preferable. Validation of our findings is needed. PATIENT SUMMARY: We evaluated outcomes for men with high-risk disease features treated with androgen deprivation therapy (ADT) and radiotherapy after radical prostatectomy. Longer durations of ADT resulted in improved patient outcomes.",Eur Urol,2016,69,50-7,doi: 10.1016/j.eururo.2015.05.009. Epub 2015 May 21,https://www.ncbi.nlm.nih.gov/pubmed/26004800,,negative,0,2015.0
26499318,Passive proton therapy vs. IMRT planning study with focal boost for prostate cancer,Yeo I,"BACKGROUND: Exploiting biologic imaging, studies have been performed to boost dose to gross intraprostatic tumor volumes (GTV) while reducing dose elsewhere in the prostate. Interest in proton beams has increased due to superior normal-tissue sparing they afford. Our goal was to dosimetrically compare 3D conformal proton boost plans with intensity-modulated radiation therapy (IMRT) plans with respect to target coverage and avoiding organs at risk. METHODS: Treatment planning computer tomography scans of ten patients were selected. For each patient, two hypothetical but realistic GTVs each with a fixed volume were contoured in different anatomical locations of the prostate. IMRT and proton beam plans were created with a prescribed dose of 50.4 Gy to the initial planning target volume (PTV) including the PTV of the seminal vesicles (PSV), 70.2 Gy to the PTV of the prostate (PPS), and 90 Gy to the PTV of the gross tumor volumes (PGTVs). For proton plans, uncertainties of range and patient setup were accounted for; apertures were adjusted until the dose-volume coverage of PTVs matched that of the IMRT plan. For both plans, prescribed PTV doses were made identical to allow for comparing normal-tissue doses. RESULTS: Protons delivered more homogeneous but less conformal doses to PGTVs than IMRT did and comparable doses to PSV and PPS. Volumes of bladder and rectum receiving doses higher than 65 Gy were similar for both plans. However, volumes receiving less than 65 Gy were significantly reduced, i.e., protons reduced integral dose by 45.6 % and 26.5 % for rectum and bladder, respectively. This volume-sparing was also seen in femoral heads and penile bulb. CONCLUSIONS: Protons delivered comparable doses to targets in dose homogeneity and conformity and spared normal tissues from intermediate-to-low doses better than IMRT did. Further improvement of dose sparing and changes in homogeneity and conformity may be achieved by reducing proton range uncertainties and from implementing intensity modulation.",Radiat Oncol,2015,24,,doi: 10.1186/s13014-015-0522-5,https://www.ncbi.nlm.nih.gov/pubmed/26499318,,negative,0,2015.0
32349700,Efficacy of PSMA ligand PET-based radiotherapy for recurrent prostate cancer after radical prostatectomy and salvage radiotherapy,Oehus AK,"BACKGROUND: A substantial number of patients will develop further biochemical progression after radical prostatectomy (RP) and salvage radiotherapy (sRT). Recently published data using prostate-specific membrane antigen ligand positron emission tomography (PSMA - PET) for re-staging suggest that those recurrences are often located outside the prostate fossa and most of the patients have a limited number of metastases, making them amenable to metastasis-directed treatment (MDT). METHODS: We analyzed 78 patients with biochemical progression after RP and sRT from a retrospective European multicenter database and assessed the biochemical recurrence-free survival (bRFS; PSA < nadir + 0.2 ng/ml or no PSA decline) as well as the androgen deprivation therapy- free survival (ADT-FS) using Kaplan-Meier curves. Log-rank test and multivariate analysis was performed to determine influencing factors. RESULTS: A total of 185 PSMA - PET positive metastases were detected and all lesions were treated with radiotherapy (RT). Concurrent ADT was prescribed in 16.7% (13/78) of patients. The median PSA level before RT was 1.90 ng/mL (range, 0.1-22.1) and decreased statistically significantly to a median PSA nadir level of 0.26 ng/mL (range, 0.0-12.25; p < 0.001). The median PSA level of 0.88 ng/mL (range, 0.0-25.8) at the last follow-up was also statistically significantly lower (p = 0.008) than the median PSA level of 1.9 ng/mL (range, 0.1-22.1) before RT. The median bRFS was 17.0 months (95% CI, 14.2-19.8). After 12 months, 55.3% of patients were free of biochemical progression. Multivariate analyses showed that concurrent ADT was the most important independent factor for bRFS (p = 0.01). The median ADT-FS was not reached and exploratory statistical analyses estimated a median ADT-FS of 34.0 months (95% CI, 16.3-51.7). Multivariate analyses revealed no significant parameters for ADT-FS. CONCLUSIONS: RT as MDT based on PSMA - PET of all metastases of recurrent prostate cancer after RP and sRT represents a viable treatment option for well-informed and well-selected patients.",BMC Cancer,2020,29,,doi: 10.1186/s12885-020-06883-5,https://www.ncbi.nlm.nih.gov/pubmed/32349700,,negative,0,2020.0
16275680,Long-term outcomes of 60 Gy conventional radiotherapy combined with androgen deprivation for localized or locally advanced prostate cancer,Hashine K,"BACKGROUND: Until 1998 in Japan, very few institutions were treating prostate cancer solely with radiotherapy (RT) >70 Gy and most were using < or =65 Gy in combination with hormone therapy. The present study reports the long-term results of RT combined with hormone therapy for localized and locally advanced prostate cancer. METHODS: We investigated 57 patients who were treated by external beam RT plus hormone therapy (median age 79 years, median prostate-specific antigen concentration 15.0 ng/ml) between 1992 and 1998. Patients received 40 Gy of radiation to the pelvis and an additional 20 Gy as a prostatic boost. Hormone therapy was begun on the first day of irradiation and continued thereafter. RESULTS: The median follow-up was 93.3 months and the 5 and 10 year actual overall survival rates were 67.8 and 32.6%, respectively, with 5 and 10 year cause-specific survival rates of 97.9 and 95.0%, respectively. The expected survival rate was 66.2% at 5 years, and overall survival was above expected survival. Only one patient developed severe proctitis (Grade 3). The 5 year occurrence of Grade 1/2 genitourinary toxicity was 23.2%. CONCLUSIONS: Combined RT and hormone therapy has a good long-term outcome without severe adverse events. The overall survival rate compares well with the expected survival rate.",Jpn J Clin Oncol,2005,35,655-9,doi: 10.1093/jjco/hyi174. Epub 2005 Nov 7,https://www.ncbi.nlm.nih.gov/pubmed/16275680,,negative,0,2005.0
32073662,Validation of a subclassification for high-risk prostate cancer in a prospective cohort,Butler SS,"BACKGROUND: A subgroup of men with favorable high-risk prostate cancer (T1c with either a Gleason score of 4 + 4 = 8 and a prostate-specific antigen [PSA] level <10 ng/mL or a Gleason score of 6 and a PSA level >20 ng/mL) has been associated with improved outcomes in comparison with other standard high-risk patients. This study was designed to validate the prognostic utility of a subclassification for high-risk disease with a prospectively collected data set. METHODS: This study identified 3033 men from the Prostate, Lung, Colorectal, and Ovarian Cancer Screening Trial who had been diagnosed from 1993 to 2001 with clinically localized prostate cancer-either intermediate-risk disease (clinical stage T2b-c, a Gleason score of 7, or a PSA level of 10 to 20 ng/mL) or high-risk disease (clinical stage T3-T4, a Gleason score of 8-10, or a PSA level >20 ng/mL)-that was managed with radical prostatectomy or radiation therapy. Multivariable logistic regression was used to calculate adjusted odds ratios (aORs) for pathological T3 to T4 or N1 (pT3-T4/pN1) disease. Fine and Gray competing risks regression was used to determine adjusted hazard ratios (aHRs) of prostate cancer-specific mortality (PCSM). RESULTS: The median follow-up was 5.7 years. Patients with favorable high-risk disease had lower 8-year PCSM in comparison with patients with standard high-risk disease (2.2% vs 10.8%; aHR, 0.26; 95% confidence interval [CI], 0.09-0.73; P = .01) but similar PCSM in comparison with patients with intermediate-risk disease (2.2% vs 2.2%; aHR, 0.90; 95% CI, 0.32-2.54; P = .84). Among those who underwent surgery, those with favorable high-risk disease had lower odds of pT3-T4/pN1 disease than those with standard high-risk disease (46.2% vs 63.3%; aOR, 0.50; 95% CI, 0.27-0.94; P = .03). CONCLUSIONS: This study validates the prognostic utility of a subclassification for high-risk disease in a prospectively collected patient cohort. Patients with favorable high-risk disease have PCSM similar to that of patients with intermediate-risk disease and significantly better than that of patients with standard high-risk disease. Future trials are needed to assess possible de-intensification of therapy for favorable high-risk disease.",Cancer,2020,15,,doi: 10.1002/cncr.32778. Epub 2020 Feb 19,https://www.ncbi.nlm.nih.gov/pubmed/32073662,,negative,0,2020.0
16216365,192Ir or 125I prostate brachytherapy as a boost to external beam radiotherapy in locally advanced prostatic cancer: a dosimetric point of view,Nickers P,"PURPOSE: This work aims at comparing the dosimetric possibilities of 125I or 192Ir prostate brachytherapy (Bt) as a boost to external beam radiotherapy in the treatment of locally advanced adenocarcinoma. METHODS AND MATERIALS: From 1/1997 to 12/2002, 260 patients were treated. Until 12/2001 a low dose rate (LDR) treatment with 192Ir wires was used, later replaced by a high dose rate (HDR) delivered with an 192Ir stepping source technology. For the present work, we selected 40 patients including the last 20 treated, respectively, by LDR and HDR. The planning CT Scans of all these 40 patients were transferred into the 3D Prowess system for 125I permanent implants design according to the Seattle method. The reference data for dosimetric comparisons were the V100 and the prescribed dose for 192Ir as well as the dose delivered with 125I techniques to the 192Ir V100. We compared V100-150 data as well as doses to the organs at risks (OR) and cold spots (CS). RESULTS: The V100 is 85.3+/-8% for 192Ir LDR and 96+/-2% for HDR techniques (P < 0.0001). In comparison with 125I, the 192Ir LDR mode induces higher hyperdosage volumes inside the CTV but also more CS, while maximal doses to urethra and rectum are, respectively, 17 and 39% less with 125I (P < 0.0001). In comparison with the 192Ir HDR mode, 125I Bt induces higher hyperdosage volumes and slightly more CS deliberately planned around the bladder neck. If delivered doses to urethra are identical, those to the 20% anterior part of the rectum are 33% less with 125I (P < 0,0001). The 125I Bt technique was only possible in 24 out of the 40 patients studied due to pelvic bone arch interference. CONCLUSIONS: At the present time, there is no evident dosimetric superiority of one Bt method when all the criteria are taken into account. However, improving Bt techniques to implant any prostatic size could found the superiority of the 125I or permanent implants. 125I indeed allows large hyperdosage volumes inside the CTV in comparison with 192Ir HDR techniques while lowering doses to OR and minimizing CS.",Radiother Oncol,2006,78,47-52,doi: 10.1016/j.radonc.2005.09.002. Epub 2005 Oct 10,https://www.ncbi.nlm.nih.gov/pubmed/16216365,,negative,0,2005.0
31880744,Short-term therapeutic outcomes of robotic-assisted laparoscopic radical prostatectomy for oligometastatic prostate cancer: a propensity score matching study,Chen H,"BACKGROUND: The role of local treatment in oligometastatic prostate cancer (PCa) is gaining interest with the oligometastases hypothesis proposed and the improvement of various surgical methods and techniques. This study aimed to compare the short-term therapeutic outcomes of robotic-assisted laparoscopic radical prostatectomy (RALP) for oligometastatic prostate cancer (OPC) vs. localized PCa using propensity score matching. METHODS: Totally 508 consecutive patients underwent RALP as a first-line treatment. The patients were divided into two groups according to oligometastatic state: the OPC group (n = 41) or the localized PCa group (n = 467). Oligometastatic disease was defined as the presence of two or fewer suspicious lesions. The association between the oligometastatic state and therapeutic outcomes of RALP was evaluated, including biochemical recurrence (BCR) and overall survival (OS). A Cox proportional hazards model was used to assess the possible risk factors for BCR. RESULTS: Totally 41 pairs of patients were matched. The median operative time, the median blood loss, the overall positive surgical margin rate, the median post-operative hospital stays, and the post-operative urinary continence recovery rate between the two groups showed no statistical significance. The 4-year BCR survival rates of the OPC group and localized PCa group were 56.7% and 60.8%, respectively, without a significant difference (P = 0.804). The 5-year OS rates were 96.3% and 100%, respectively (P = 0.326). Additionally, the results of Cox regression showed that oligometastatic state was not an independent risk factor for BCR (P = 0.682). CONCLUSIONS: Our findings supported the safety and effectiveness of RALP in OPC. Additionally, oligometastatic state and sites did not have an adverse effect on BCR independently.",Chin Med J (Engl),2020,20,,doi: 10.1097/CM9.0000000000000590,https://www.ncbi.nlm.nih.gov/pubmed/31880744,,negative,0,2020.0
32320130,"Pelvic exenteration surgery in patients with locally advanced castration-naïve and castration-resistant, symptomatic prostate cancer",Heidenreich A,"OBJECTIVES: To evaluate retrospectively the surgical, symptomatic and oncological outcomes of pelvic exenteration surgery (PES) in men with significant intrapelvic complications of locally advanced castration-sensitive (CSPC) and castration-resistant prostate cancer (CRPC). PATIENTS AND METHODS: A total of 103 patients with locally advanced progressive and symptomatic CSPC or CRPC underwent PES (radical cystoprostatectomy, n = 71 [68.9%]; radical prostatectomy with continent vesicostomy, n = 9 [8.7%]; total exenteration, n = 23 [22.3%]). All patients underwent local staging via magnetic resonance imaging, cystoscopy and rectoscopy. Systemic staging was carried out with chest, abdominal and pelvic computed tomography scans and bone scans. Peri-operative complications were assessed according to Clavien-Dindo classification. Symptom-free and overall survival were evaluated using the Kaplan-Meier method. Statistical tests were two-tailed with a P value <0.05 taken to indicate statistical significance. RESULTS: After a median (range) follow-up of 36.5 (3-123) months, the symptom-free survival rate at 1 and 3 years was 89.2% (n = 89) and 64.1% (n = 66), respectively. The median symptom-free survival was 27.9 months. A total of 78.6% of the patients were symptom-free during their remaining lifetime. The overall survival rate at 1 and 3 years was 92.2% and 43.7%, respectively, and the median overall survival was 33.6 months. Clavien-Dindo grades 2, 3 and 4 complications developed in 31 (30.6%), 12 (11.6%) and eight patients (8.1%), respectively. CONCLUSION: Pelvic exenteration surgery is technically feasible in well-selected patients, resulting in symptom relief in >90% of patients, covering 80% of their remaining lifetime.",BJU Int,2020,126,342-349,doi: 10.1111/bju.15088. Epub 2020 May 16,https://www.ncbi.nlm.nih.gov/pubmed/32320130,,negative,0,2020.0
15629591,Impact of supplemental external beam radiotherapy and/or androgen deprivation therapy on biochemical outcome after permanent prostate brachytherapy.,Merrick GS,"PURPOSE: To evaluate the impact of supplemental external beam radiotherapy (EBRT) and/or androgen deprivation therapy (ADT) on 8-year biochemical outcome after permanent prostate brachytherapy. METHODS AND MATERIALS: Between April 1995 and January 2001, 668 consecutive patients underwent brachytherapy using either (103)Pd or (125)I for clinical Stage T1b-T3aNxM0 (2002 American Joint Committee on Cancer) adenocarcinoma of the prostate gland. No patient underwent seminal vesicle biopsy or pathologic lymph node staging. The median follow-up was 58.6 months. Biochemical progression-free survival was defined by the American Society for Therapeutic Radiology and Oncology consensus definition. The clinical, treatment, and dosimetric parameters evaluated for biochemical progression-free survival included supplemental EBRT, ADT, patient age, clinical stage, Gleason score, preimplant prostate specific antigen (PSA), risk group, percentage of positive biopsies, isotope used, prostate volume, planning volume, percentage of target volume receiving 100%, 150%, and 200% of prescribed dose, minimal percentage of dose covering 90% of target volume, tobacco status, hypertension, and diabetes. RESULTS: For the entire group, the actuarial 8-year biochemical progression-free survival rate was 98.2%, 98.4%, and 88.2% for low-, intermediate-, and high-risk patients, respectively, with a median PSA level of <0.1 ng/mL for all risk groups and ADT and EBRT subgroups. At last follow-up, only 5 patients (0.8%) had died of metastatic prostate cancer. In multivariate analysis, Gleason score, percentage of positive biopsies, and ADT predicted for biochemical outcome in high-risk patients. In low- and intermediate-risk patients, none of the evaluated variables predicted for biochemical outcome. For the entire population, pretreatment PSA level, Gleason score, ADT, and clinical stage predicted for 8-year biochemical progression-free survival, with the percentage of positive biopsies approaching statistical significance. CONCLUSION: Prostate brachytherapy results in a high probability of 8-year biochemical progression-free survival for low-, intermediate-, and high-risk patients. Although the role of supplemental EBRT could not be adequately evaluated in high-risk patients, it did not improve biochemical outcome in low- and intermediate-risk patients. However, ADT resulted in a statistically significant improvement in progression-free survival for high-risk patients.",Int J Radiat Oncol Biol Phys,2005,61,32-43,10.1016/j.ijrobp.2004.05.003,https://www.ncbi.nlm.nih.gov/pubmed/15629591,HIGH RISK,positive,1,
15681602,Randomized controlled trial to evaluate radiotherapy +/- endocrine therapy versus endocrine therapy alone for PSA failure after radical prostatectomy: Japan Clinical Oncology Group Study JCOG 0401,Yokomizo A,"A randomized controlled trial has started in Japan to evaluate radiotherapy and endocrine therapy for prostate-specific antigen (PSA) failure after radical prostatectomy. Patients who have PSA failure after radical prostatectomy for localized prostate cancer (T1-2N0M0) are randomized into treatment groups of either radiotherapy +/- endocrine therapy or endocrine therapy alone. The Urologic Oncology Study Group (UOSG) in the Japan Clinical Oncology Group (JCOG) composed of 36 specialized institutions will recruit 200 patients. The primary end-point is time to treatment failure (TTF) of bicalutamide, and secondary end-points are TTF of protocol treatment, progression-free survival, overall survival, adverse events and quality of life (QOL). The Clinical Trial Review Committee of the JCOG approved the protocol on April 13, 2004, and the study was activated on May 17, 2004.",Jpn J Clin Oncol,2005,35,34-6,doi: 10.1093/jjco/hyi007,https://www.ncbi.nlm.nih.gov/pubmed/15681602,,negative,0,2005.0
18932254,Biochemical recurrence after radical prostatectomy for prevalent versus incident cases of prostate cancer : implications for management.,Nguyen PL,"BACKGROUND: Among screened populations, it is unknown whether men with prostate cancer (PC) diagnosed at the initial screening (prevalent cases) have a different outcome than men who are diagnosed at subsequent screenings (incident cases) after adjusting for known prognostic factors. METHODS: The current study cohort was comprised of 1923 men from a prospective PC screening study who underwent radical prostatectomy (RP) between September 19, 1989 and May 22, 2002. Cox regression multivariate analysis was used to determine whether having prevalent PC versus incident PC was associated with the time to prostate-specific antigen (PSA) failure after RP after adjusting for PSA level, Gleason score, clinical tumor (T) classification, and year of RP. RESULTS: Men with prevalent PC had higher PSA levels (P < .001) and more advanced clinical T classification (P < .001) than men with incident PC. After a median follow-up of 6.1 years, factors that were associated with a significantly shorter time to PSA failure after RP were prevalent PC (adjusted hazard ratio [AHR], 1.8; 95% confidence interval [95% CI], 1.3-2.6; P = .0005), baseline PSA (AHR, 1.07; 95%CI, 1.04-1.09; P < .001), Gleason 7 disease (AHR, 2.5; 95% CI, 1.9-3.3; P < .001), Gleason 8 to 10 disease (AHR, 2.3; 95%CI, 1.5-3.5; P < .001), and the year of RP (AHR, 0.92; 95%CI, 0.86-0.97; P = .003). Men with prevalent PC also had worse outcomes after adjusting for their more advanced pathologic features. CONCLUSIONS: After adjusting for known prognostic factors, men with prevalent PC had a poorer outcome after RP than men with incident PC. The authors believe that this finding should be taken into consideration when weighing the risk of recurrence and treatment options for men who are diagnosed with PC on their initial screening.",Cancer,2008,113,3146-52,10.1002/cncr.23926,https://www.ncbi.nlm.nih.gov/pubmed/18932254,LOW RISK,positive,1,
20619958,Multicentric oncologic outcomes of high-intensity focused ultrasound for localized prostate cancer in 803 patients,Crouzet S,"BACKGROUND: High-intensity focused ultrasound (HIFU) is an emerging treatment for select patients with localized prostate cancer (PCa). OBJECTIVES: To report the oncologic outcome of HIFU as a primary care option for localized prostate cancer from a multicenter database. DESIGN, SETTING, AND PARTICIPANTS: Patients with localized PCa treated with curative intent and presenting at least a 2-yr follow-up from February 1993 were considered in this study. Previously irradiated patients were excluded from this analysis. In case of any residual or recurrent PCa, patients were systematically offered a second session. Kaplan-Meier analysis was performed to determine disease-free survival rates (DFSR). MEASUREMENTS: Prostate-specific antigen (PSA), clinical stage, and pathologic results were measured pre- and post-HIFU. RESULTS AND LIMITATIONS: A total of 803 patients from six urologic departments met the inclusion criteria. Stratification according to d'Amico's risk group was low, intermediate, and high in 40.2%, 46.3%, and 13.5% of patients, respectively. Mean follow-up was 42+/-33 mo. Mean PSA nadir was 1.0+/-2.8 ng/ml with 54.3% reaching a nadir of < or =0.3 ng/ml. Control biopsies were negative in 85% of cases. The overall and cancer-specific survival rates at 8 yr were 89% and 99%, respectively. The metastasis-free survival rate at 8 yr was 97%. Initial PSA value and Gleason score value significantly influence the DFSR. The 5- and 7-yr biochemical-free survival rates (Phoenix criteria) were 83-75%, 72-63%, and 68-62% (p=0.03) and the additional treatment-free survival rates were 84-79%, 68-61%, and 52-54% (p<0.001) for low-, intermediate-, and high-risk patients, respectively. PSA nadir was a major predictive factor for HIFU success: negative biopsies, stable PSA, and no additional therapy. CONCLUSIONS: Local control and DFSR achieved with HIFU were similar to those expected with conformal external-beam radiation therapy (EBRT). The excellent cancer-specific survival rate is also explained by the possibility to repeat HIFU and use salvage EBRT.",Eur Urol,2010,58,559-66,doi: 10.1016/j.eururo.2010.06.037. Epub 2010 Jul 3,https://www.ncbi.nlm.nih.gov/pubmed/20619958,,negative,0,2010.0
25770484,"Urinary Incontinence and Erectile Dysfunction After Robotic Versus Open Radical Prostatectomy: A Prospective, Controlled, Nonrandomised Trial",Haglind E,"BACKGROUND: Robot-assisted laparoscopic radical prostatectomy (RALP) has become widely used without high-grade evidence of superiority regarding long-term clinical outcomes compared with open retropubic radical prostatectomy (RRP), the gold standard. OBJECTIVE: To compare patient-reported urinary incontinence and erectile dysfunction 12 mo after RALP or RRP. DESIGN, SETTING, AND PARTICIPANTS: This was a prospective, controlled, nonrandomised trial of patients undergoing prostatectomy in 14 centres using RALP or RRP. Clinical-record forms and validated patient questionnaires at baseline and 12 mo after surgery were collected. OUTCOME MEASUREMENTS AND STATISTICAL ANALYSES: Odds ratios (ORs) were calculated with logistic regression and adjusted for possible confounders. The primary end point was urinary incontinence (change of pad less than once in 24h vs one time or more per 24h) at 12 mo. Secondary end points were erectile dysfunction at 12 mo and positive surgical margins. RESULTS AND LIMITATIONS: At 12 mo after RALP, 366 men (21.3%) were incontinent, as were 144 (20.2%) after RRP. The unadjusted OR was 1.08 (95% confidence interval [CI], 0.87–1.34). Erectile dysfunction was observed in 1200 men (70.4%) 12 mo after RALP and 531 (74.7%) after RRP. The unadjusted OR was 0.81 (95% CI, 0.66–0.98). CONCLUSIONS: In a Swedish setting, RALP for prostate cancer was modestly beneficial in preserving erectile function compared with RRP, without a statistically significant difference regarding urinary incontinence or surgical margins. PATIENT SUMMARY: We compared patient-reported urinary incontinence after prostatectomy with two types of surgical technique. There was no statistically significant improvement in the rate of urinary leakage, but there was a small improvement regarding erectile function after robot-assisted operation.",Eur Urol,2015,68,216-25,doi: 10.1016/j.eururo.2015.02.029. Epub 2015 Mar 12,https://www.ncbi.nlm.nih.gov/pubmed/25770484,,negative,0,2015.0
25729256,Comparison of pathological and biochemical outcomes after radical prostatectomy in Korean patients with serum PSA ranges,Lee HW,"The aim of this study was to assess surgical outcome at radical prostatectomy (RP) in Korean men with a serum prostate-specific antigen (PSA) level of 2.5 to 3.0 ng/mL and compared with those of patients who had a PSA level of 3.0-4.0 and 4.0-10.0 ng/mL. We retrospectively compared clinico-pathological characteristics and biochemical recurrence (BCR) risk in patients with PSA level of 2.5-3.0 (group 1, n = 92, 5.7%), 3.0-4.0 (group 2, n = 283, 17.5%), or 4.0-10.0 ng/mL (group 3, n = 1,242, 76.8%) who underwent RP between 1995 and 2013. The pathologic characteristics including Gleason score, pathologic stage, and percentage of significant cancer in group 1 were similar to those in group 2 and group 3. Furthermore, pathological upgrading and upstaging were found in 23 (30.7%) and 10 (14.7%) in group 1, 84 (33.9%) and 19 (8.8%) in group 2, and 321 (32.8%) and 113 (12.8%) in group 3, respectively, with no significant differences among the three groups (all P > 0.05). In multivariate analysis, PSA grouping was not an independent predictor of BCR. Within the population with PSA lower than 10 ng/mL, substratification of PSA is not a significant predictor for upgrading, upstaging, or adverse prognosis.",J Korean Med Sci,2015,30,317-22,doi: 10.3346/jkms.2015.30.3.317. Epub 2015 Feb 16,https://www.ncbi.nlm.nih.gov/pubmed/25729256,,negative,0,2015.0
32350585,Surgery associated with increased survival compared to radiation in clinically localized Gleason 9-10 prostate cancer: a SEER analysis,Nemirovsky A,"PURPOSE: Men with Gleason score 9-10 prostate cancer have worse outcomes compared to those with Gleason 8 disease. Upfront treatments remain controversial for these patients. Using the Surveillance, Epidemiology, and End Results (SEER) database, we evaluated the impact of initial treatment with external beam radiation therapy (EBRT), external beam radiation therapy with brachytherapy (EBRT + BT), or surgery on prostate cancer-specific mortality (PCSM) and overall mortality (OM) in Gleason 9-10 disease. METHODS: The SEER database was queried for men diagnosed with biopsy Gleason 9-10 prostate cancer from 2005 to 2014. Gathered data included demographic, pathologic, therapy received, and survival outcomes. Kaplan-Meier survival curves and crude and multivariate analyses were generated for initial therapy with EBRT, EBRT + BT, or surgery. RESULTS: A total of 7877 men were included, 4465 (56.7%) who underwent upfront treatment with EBRT alone, 623 (7.9%) with EBRT + BT, and 2789 (35.4%) with surgery. The 7 year PCSM rates were 29.2, 15.0, and 14.6% for EBRT, EBRT + BT, and surgery respectively (p < 0.001). The 7 year OM rates were 43.8, 27.2, and 20.0% for EBRT, EBRT + BT, and surgery, respectively (p < 0.001).When controlling for age, year of diagnosis, Gleason score, clinical T stage, and PSA level on multivariate analysis, EBRT had greater PCSM and OM than surgery (HR 0.41, 95% CI 0.28-0.61, p < 0.001 and HR 0.44, 95% CI 0.34-0.57, p < 0.001 respectively), but the mortality differences was not statistically significant between EBRT and EBRT + BT. CONCLUSION: Among men with localized Gleason 9-10 disease, surgery was associated with statistically significant improved survival outcomes compared to EBRT alone.",World J Urol,2021,39,415-423,doi: 10.1007/s00345-020-03215-x. Epub 2020 Apr 29,https://www.ncbi.nlm.nih.gov/pubmed/32350585,,negative,0,2020.0
26062525,CyberKnife stereotactic radiotherapy for isolated recurrence in the prostatic bed,Detti B,"PURPOSE: To report a clinical experience of stereotactic body radiation therapy (SBRT) for isolated recurrence in the prostatic bed from prostate cancer. MATERIALS AND METHODS: Between November 2011 and November 2013, 16 patients were treated with SBRT for a macroscopic isolated recurrence of prostate cancer in the prostatic bed. All patients were initially treated with radical prostatectomy, and half of them also received radiotherapy. Two schedules of SBRT were used: 30 Gy in 5 fractions in previously irradiated patients, 35 Gy in five fractions in radiotherapy-naïve patients. RESULTS: At a median follow-up of 10 months (range 2-21 months), a significant biochemical response was found in all but one patient. At imaging evaluation, no local progression was noted: 10 patients showed partial response while four stable disease. At the moment of analysis, all 16 patients were alive. Seven of them experienced distant relapse, while nine maintained biochemical control, with no further therapy. Median time to relapse was 9.3 months (range 3-15.2 months). The treatment was well tolerated: One patient experienced G2 acute genitourinary and gastrointestinal toxicity. CONCLUSIONS: Our experience shows that SBRT with CyberKnife for isolated nodal relapse is a safe and well-tolerated treatment.",World J Urol,2016,34,311-7,doi: 10.1007/s00345-015-1613-5. Epub 2015 Jun 11,https://www.ncbi.nlm.nih.gov/pubmed/26062525,,negative,0,2015.0
11490237,High dose radiation delivered by intensity modulated conformal radiotherapy improves the outcome of localized prostate cancer.,Zelefsky MJ,"PURPOSE: We present the long-term outcome and tolerance of 3-dimensional (D) conformal and intensity modulated radiation therapy for localized prostate cancer. MATERIALS AND METHODS: Between October 1988 and December 1998, 1,100 patients with clinical stages T1c-T3 prostate cancer were treated with 3-D conformal or intensity modulated radiation therapy. Patients were categorized into prognostic risk groups based on pretreatment prostate specific antigen (PSA), Gleason score and clinical stage. Sextant biopsies were performed 2.5 years or greater after treatment to assess local control. PSA relapse was defined according to the consensus guidelines of the American Society for Therapeutic Radiation Oncology. Late toxicity was classified according to the Radiation Therapy Oncology Group morbidity grading scale. Median followup was 60 months. RESULTS: At 5 years the PSA relapse-free survival rate in patients at favorable, intermediate and unfavorable risk was 85% (95% confidence interval [CI] +/- 4), 58% (95% CI +/- 6) and 38% (95% CI +/- 6), respectively (p <0.001). Radiation dose was the most powerful variable impacting PSA relapse-free survival in each prognostic risk group. The 5-year actuarial PSA relapse-free survival rate for patients at favorable risk who received 64.8 to 70.2 Gy. was 77% (95% CI +/- 8) compared to 90% (95% CI +/- 8) for those treated with 75.6 to 86.4 Gy. (p = 0.04) [corrected]. The corresponding rates were 50% (95% CI +/- 8) versus 70% (95% CI +/- 6) in intermediate risk cases (p = 0.001), and 21% (95% CI +/- 8) versus 47% (95% CI +/- 6) in unfavorable risk cases (p = 0.008) [corrected]. Only 4 of 41 patients (10%) who received 81 Gy. had a positive biopsy 2.5 years or greater after treatment compared with 27 of 119 (23%) after 75.6, 23 of 68 (34%) after 70.2 and 13 of 24 (54%) after 64.8 Gy. The incidence of toxicity after 3-D conformal radiation therapy was dose dependent. The 5-year actuarial rate of grade 2 rectal toxicity in patients who received 75.6 Gy. or greater was 14% (95% CI +/- 2) compared with 5% (95% CI +/- 2) in those treated at lower dose levels (p <0.001). Treatment with intensity modulated radiation therapy significantly decreased the incidence of late grade 2 rectal toxicity since the 3-year actuarial incidence in 189 cases managed by 81 Gy. was 2% (95% CI +/- 2) compared with 14% (95% CI +/- 2) in 61 managed by the same dose of 3-D conformal radiation therapy (p = 0.005). The 5-year actuarial rate of grade 2 urinary toxicity in patients who received 75.6 Gy. or greater 3-D conformal radiation therapy was 13% compared with 4% in those treated up to lower doses (p <0.001). Intensity modulated radiation therapy did not affect the incidence of urinary toxicity. CONCLUSIONS: Sophisticated conformal radiotherapy techniques with high dose 3-D conformal and intensity modulated radiation therapy improve the biochemical outcome in patients with favorable, intermediate and unfavorable risk prostate cancer. Intensity modulated radiation therapy is associated with minimal rectal and bladder toxicity, and, hence, represents the treatment delivery approach with the most favorable risk-to-benefit ratio.",J Urol,2001,166,876-81,,https://www.ncbi.nlm.nih.gov/pubmed/11490237,HIGH RISK,positive,1,
31912470,Factors Predicting Prostate Specific Antigen Failure Following Radical Prostatectomy: Experience with 961 Patients,Simforoosh N,"OBJECTIVE: To determine disease-related predictors for the occurrence of prostate specific antigen (PSA) failure in Iranian prostate cancer patients who underwent radical prostatectomy. METHODS: In this cohort study, we enrolled eligible patients with prostate cancer who underwent radical prostatectomy at our center between 2001 and 2018. The primary endpoint was the incidence of postoperative biochemical failure, defined as two consecutive PSA levels >= 0.2 ng/dl. Patients with TNM stage >= III, Gleason score >=8, or baseline PSA above our calculated cut-off level were considered as high risk. Kaplan-Meier survival method and Cox proportional hazards regression analysis were used for determining the biochemical relapse-free survival and its predictors. RESULTS: Data of 959 patients (age=61.2 ± 6.4 years) were analyzed with a median follow up of 36 months (range 6 months to 18 years). A total of 97 patients (10.1%) developed biochemical failure at the time of analysis who had a significantly older age and longer follow-up duration (P=0.024 and P<0.001, respectively). Preoperative PSA level of 8.85 mg/dl could predict the occurrence biochemical failure with a sensitivity of 83.2% and specificity of 39.2% (Area under the curve=0.601, 95% CI: 0.541-0.662; P=0.001). In the multivariate analysis, higher preoperative PSA, Gleason score?8, and high-risk TNM stage were independent predictors for biochemical relapse (P=0.029, P=0.001, and P=0.008, respectively). CONCLUSION: Preoperative PSA, Gleason score, and TNM stage were independent predictors for biochemical failure following radical prostatectomy in prostate cancer patients. We also determined a lower cut-point for PSA that could predict biochemical failure.",Urol J,2020,4,,doi: 10.22037/uj.v0i0.5670,https://www.ncbi.nlm.nih.gov/pubmed/31912470,,negative,0,2020.0
15821561,5-year urinary and sexual outcomes after radical prostatectomy: results from the prostate cancer outcomes study,Penson DF,"PURPOSE: Prior studies of postoperative outcomes following radical prostatectomy have been limited by selection bias and short-term followup. In this study we assessed temporal changes in urinary and sexual function up to 5 years following radical prostatectomy in a population based cohort. MATERIALS AND METHODS: A sample of 1,288 men with localized prostate cancer who underwent radical prostatectomy and completed a baseline survey within 6 to 12 months of diagnosis were included in the analysis. Two and 5-year functional and quality of life data were collected, as was information on the use of erectile aids. Temporal functional changes and potentially confounding or modifying factors were assessed using longitudinal regression models. RESULTS: Of these men 14% reported frequent urinary leakage or no urinary control 60 months after diagnosis, which was slightly higher than the 10% reporting incontinence at 24 months (p = 0.007). At 60 months 28% of the men had erections firm enough for intercourse compared with 22% at 24 months (p = 0.003). Sildenafil was the most commonly used erectile aid (43% ever used) and 45% of users reported that it helped ""somewhat"" or ""a lot."" CONCLUSIONS: Urinary and sexual dysfunction were common 5 years following radical prostatectomy in this large, community based cohort of prostate cancer survivors. While a small minority of subjects experienced changes in urinary or sexual function between years 2 and 5 after prostatectomy, functional outcomes remained relatively stable in the majority of participants.",J Urol,2005,173,1701-5,doi: 10.1097/01.ju.0000154637.38262.3a,https://www.ncbi.nlm.nih.gov/pubmed/15821561,,negative,0,2005.0
25339310,Radical prostatectomy versus external beam radiotherapy for localized prostate cancer: Comparison of treatment outcomes,Kim YJ,"PURPOSE: We retrospectively compared the treatment outcomes of localized prostate cancer between radical prostatectomy (RP) and external beam radiotherapy (EBRT). MATERIALS AND METHODS: We retrospectively analyzed 738 patients with localized prostate cancer who underwent either RP (n = 549) or EBRT (n = 189) with curative intent at our institution between March 2001 and December 2011. Biochemical failure was defined as a prostate-specific antigen (PSA)  level of ≥ 0.2 ng/ml in the RP group and the nadir of + ≥ 2 ng/ml in the EBRT group. RESULTS: The median (range) follow-up duration was 48.8 months (0.7-133.2 months) and 48.7 months (1.0-134.8 months) and the median age was 66 years (45-89 years) and 71 years (51-84 years; p < 0.001) in the RP and EBRT groups, respectively. Overall, 21, 42, and 36 % of patients in the RP group, and 15, 27, and 58 % of patients in the EBRT group were classified as low, intermediate, and high risk, respectively (p < 0.001). Androgen-deprivation therapy was more common in the EBRT group (59 vs. 27 %, respectively; p < 0.001). The 8-year biochemical failure-free survival rates were 44 and 72 % (p < 0.001) and the disease-specific survival rates were 98 % and 97 % (p = 0.543) in the RP and EBRT groups, respectively. CONCLUSIONS: Although the EBRT group included more high-risk patients than did the RP group, the outcomes of EBRT were not inferior to those of RP. Our data suggest that EBRT is a viable alternative to RP for treating localized prostate cancer.",Strahlenther Onkol,2015,191,321-9,doi: 10.1007/s00066-014-0765-3. Epub 2014 Oct 23,https://www.ncbi.nlm.nih.gov/pubmed/25339310,,negative,0,2015.0
19398902,Excellent results from high dose rate brachytherapy and external beam for prostate cancer are not improved by androgen deprivation.,Demanes DJ,"PURPOSE: Prostate cancer patients treated with high dose rate brachytherapy and external beam radiation therapy were stratified by risk group for analysis to determine whether androgen deprivation therapy (ADT) affected outcome. METHODS: From 1991 through 1998, 411 patients were treated with 4 fractions of 5.5 to 6.0 Gy high dose rate brachytherapy and a total of 36.0 to 39.6 Gy external beam radiation therapy (dose escalation over time). The dataset was prospective. Administration of ADT was not randomized, but it was the primary study variable. During this period, ADT was administered across all risk groups for various indications. It did not necessarily reflect advanced disease or large prostate size. There were 200 patients in the ""ADT Group"" (20% low, 48% intermediate, and 32% high risk) and 211 in the ""No ADT Group"" (33% low, 44% intermediate, 23% high risk). The median follow-up was 6.4 years. Cases were grouped according to low, intermediate, and high risk groups to reduce the effects of unrecognized selection bias for or against the ADT group. The prostate specific antigen (PSA) nadir plus 2.0 ng/ml (nadir + 2) was used as the biochemical control end point. Local control, PSA progression-free survival, distant metastasis free survival, and cause-specific survival were compared. RESULTS: The 10 year PSA-PFS (nadir + 2) for all 411 patients was 81%. The results stratified by risk group were: low 92%, intermediate 87%, and high 63%. The low and intermediate risk groups were not statistically different from one another but they were both significantly better than the high risk group. ADT versus No ADT 10-year survival showed no significant differences for any outcome variable: PSA-PFS (83% vs. 81% ns), local control (97% vs. 99%), distant metastasis free survival (94% vs. 97%), and cause-specific survival (97% vs. 97%). A subset analysis of PSA-PFS (nadir + 2) stratified by risk group revealed no difference between the ADT and No ADT groups. CONCLUSIONS: high dose rate brachytherapy and external beam radiation therapy resulted in high rates of local control, PSA progression-free survival, distant metastasis free survival, and cause-specific survival in all risk groups. Improved outcome from the use of androgen deprivation was not observed.",Am J Clin Oncol,2009,32,342-7,10.1097/COC.0b013e31818cd277,https://www.ncbi.nlm.nih.gov/pubmed/19398902,LOW RISK,positive,1,
32211942,PSMA-positive nodal recurrence in prostate cancer : Salvage radiotherapy is superior to salvage lymph node dissection in retrospective analysis,Schmidt-Hegemann NS,"PURPOSE: This analysis compares salvage lymph node dissection (SLND) to salvage lymph node radiotherapy (SLNRT) of <sup>68</sup>Ga-PSMA PET-positive nodal recurrences after radical prostatectomy (RPE). METHODS: A total of 67 SLNRT and 33 SLND consecutive patients with pelvic and/or para-aortic nodal recurrences after RPE were retrospectively analyzed. Biochemical recurrence-free survival rates (bRFS; PSA <0.2 ng/mL) were calculated according to Kaplan-Meier and survival curves were compared using the log rank test. For multivariable analysis, binary logistic regression analysis was performed (p < 0.05). RESULTS: Median follow-up was 17 months (range, 6-53 months) in SLND patients and 31 months (range, 3-56 months) in SLNRT patients (p = 0.027). SLNRT patients had significantly more tumours of pT3 and pT4 category (82% vs. 67%; p = 0.006), pathologically involved lymph nodes (45% vs. 27%; p = 0.001) and positive surgical margins (54% vs. 12%; p = 0.001) at time of RPE than SLND patients. PSA persistence after RPE was significantly more frequently observed in the SLNRT cohort (73% vs. 27%; p = 0.001). There was no significant difference in the distribution of PET-positive lymph nodes. Median PSA before SLND was higher than before SLNRT (3.07 ng/ml vs. 1.3 ng/ml; p = 0.393). The 2‑year bRFS was significantly higher in the SLNRT vs. the SLND cohort (92% vs. 30%; p = 0.001) with lower rates of distant metastases (21% vs. 52%; p = 0.002) and secondary treatments (5% vs. 39%; p = 0.011) irrespective of ongoing androgen deprivation therapy at last contact. In multivariable analysis, SLNRT was significantly associated with prolonged bRFS (regression coefficient 1.436, hazard ratio 4.204, 95% CI 1.789-9.878; p = 0.001). CONCLUSION: Based on this retrospective study SLNRT might be the preferred treatment option for patients with nodal recurrence after previous RPE.",Strahlenther Onkol,2020,196,637-646,doi: 10.1007/s00066-020-01605-z. Epub 2020 Mar 24,https://www.ncbi.nlm.nih.gov/pubmed/32211942,,negative,0,2020.0
31628565,Evaluation of the residual prostate cancer rate on cystoprostatectomy specimen in patients treated with radiotherapy for prostate cancer,Schlegel J,"PURPOSE: To evaluate the residual cancer rate after cystoprostatectomy (CPT) in patients with a history of radiation therapy for prostate cancer and the postoperative complication rates. MATERIAL AND METHODS: We conducted a retrospective study involving 21 patients who had a CPT over 7 years and who had a history of radiotherapy for prostate cancer. To compare results, two additional groups were created: a group of patients without a history of radiotherapy in whom a CPT was performed, and a group without a history of radiotherapy and in whom was accidentally discovered a prostate cancer after CPT on histology specimens. RESULTS: The median age at the time of radiotherapy was 69 years. The median age at the time of cystoprostatectomy was 78 years. The median PSA at the time of the intervention was 0.6 ng/ml in the group with a history of radiotherapy. The residual cancer rate was 24%. No patients had criteria for biological recurrence. There were no additional surgical complications in the radiotherapy group (p = 0.2). The rate of cutaneous ureterostomy was higher (p = 0.0006) due to increased surgical difficulties (p = 0.0009). CONCLUSION: The residual cancer rate was 24% after radiotherapy for prostate cancer. PSA alone does not appear to be sufficient to detect the persistence of residual prostate cancer after radiotherapy. There were no more surgical complications after prostate radiotherapy.",Int Urol Nephrol,2020,52,279-285,doi: 10.1007/s11255-019-02312-0. Epub 2019 Oct 18,https://www.ncbi.nlm.nih.gov/pubmed/31628565,,negative,0,2020.0
19863521,Radical prostatectomy as initial monotherapy for patients with pathologically confirmed high-grade prostate cancer,Bahler CD,"OBJECTIVE: To report the long-term outcome of high-grade prostate cancer treated with radical prostatectomy (RP) as initial monotherapy, analyse the effect of clinical and pathological variables on survival, and report cancer-related symptoms. PATIENTS AND METHODS: A retrospective chart review was conducted to identify patients with Gleason 8-10 prostate cancer found on pathological review in men undergoing RP as initial therapy for clinically localized disease between 1988 and 2005. Kaplan-Meier analysis was used to calculate event-free survival. Univariable and multivariable analyses were used to assess the effects of clinical and pathological variables on prostate-specific antigen (PSA) recurrence. RESULTS: After excluding 20 patients, 119 were identified with pathologically confirmed high-grade cancers at the time of RP. The overall median (interquartile range) follow-up was 73 (41-113) months. Twenty-four (20%) patients had organ-confined cancer, 60 (50%) had specimen-confined cancer, and 14 (12%) had nodal metastasis. Kaplan-Meier analysis showed overall survival rates at 5 and 10 years, respectively, of 90% and 75%, cancer-specific survival of 92% and 82%, and a PSA recurrence-free follow-up at 5 years of 31%. Using univariable analysis, preoperative PSA level, pathological Gleason score, pathological stage, surgical margin status and tumour volume were found to significantly affect the PSA recurrence-free follow-up. No variables were significant on multivariable analysis. Cancer-related symptoms were reported by only 14 patients, with a median time from surgery to first symptom of 43 months. CONCLUSION: High-grade prostate cancer can be treated with RP as initial monotherapy with an acceptable 10-year cancer-specific survival (82%). The PSA recurrence-free follow-up is poor (31% at 5 years). However, few patients progress to symptomatic recurrence after PSA relapse within the first 5 years.",BJU Int,2010,105,1372-6,doi: 10.1111/j.1464-410X.2009.08979.x. Epub 2009 Oct 26,https://www.ncbi.nlm.nih.gov/pubmed/19863521,,negative,0,2010.0
23798338,Long-term outcomes for men with high-risk prostate cancer treated definitively with external beam radiotherapy with or without androgen deprivation.,Nguyen QN,"BACKGROUND: Men with high-risk prostate cancer are often thought to have very poor outcomes in terms of disease control and survival even after definitive treatment. However, results after external beam radiotherapy have improved significantly through dose escalation and the use of androgen deprivation therapy (ADT). This report describes long-term findings after low-dose (< 75.6 Gy) or high-dose (≥ 75.6 Gy) external beam radiation, with or without ADT. METHODS: This analysis included 741 men with high-risk prostate cancer (clinical classification ≥ T3, Gleason score ≥ 8, or prostate-specific antigen level ≥ 20 ng/mL) treated with external beam radiotherapy at a single tertiary institution from 1987 through 2004. The radiation dose ranged from 60 to 79.3 Gy (median, 70 Gy); 295 men had received ADT for ≥ 2 years, and the median follow-up time was 8.3 years. RESULTS: The 5- and 10-year actuarial overall survival rates were significantly better for men treated with the higher radiation dose (no ADT plus ≥ 75.6 Gy, 87.3% and 72.0%, respectively; and ADT plus ≥ 75.6 Gy, 92.3% and 72%, respectively) (P = .0035). The corresponding 5- and 10-year biochemical failure-free survival rates were significantly better for patients treated with both ADT and higher radiation dose (82% and 77%, P < .0001). At 5 years, men who had not received ADT and had received radiation dose < 75.6 Gy had higher clinical local failure rates than those given ADT and radiation dose ≥ 75.6 Gy (24.2% versus 0%, P < .0001). The 10-year symptomatic local failure rate was only 2% for all patients. CONCLUSIONS: Contrary to lingering historical perceptions, treatment of high-risk prostate cancer with modern, high-dose, external beam radiotherapy and ADT can produce better biochemical, clinical, and survival outcomes over those from previous eras. Specifically, symptomatic local failure is uncommon, and few men die of prostate cancer even 10 or more years after treatment.",Cancer,2013,119,3265-71,10.1002/cncr.28213,https://www.ncbi.nlm.nih.gov/pubmed/23798338,HIGH RISK,positive,1,
21784585,Single-fraction high-dose-rate brachytherapy and hypofractionated external beam radiation therapy in the treatment of intermediate-risk prostate cancer - long term results.,Cury FL,"PURPOSE: We present the long-term results of a cohort of patients with intermediate-risk prostate cancer (PC) treated with single-fraction high-dose-rate brachytherapy (HDRB) combined with hypofractionated external beam radiation therapy (HypoRT). METHODS AND MATERIALS: Patients were treated exclusively with HDRB and HypoRT. HDRB delivered a dose of 10 Gy to the prostate surface and HypoRT consisted of 50 Gy delivered in 20 daily fractions. The first 121 consecutive patients with a minimum of 2 years posttreatment follow-up were assessed for toxicity and disease control. RESULTS: The median follow-up was 65.2 months. No acute Grade III or higher toxicity was seen. Late Grade II gastrointestinal toxicity was seen in 9 patients (7.4%) and Grade III in 2 (1.6%). Late Grade III genitourinary toxicity was seen in 2 patients (1.6%). After a 24-month follow-up, a rebiopsy was offered to the first 58 consecutively treated patients, and 44 patients agreed with the procedure. Negative biopsies were found in 40 patients (91%). The 5-year biochemical relapse-free survival rate was 90.7% (95% CI, 84.5-96.9%), with 13 patients presenting biochemical failure. Among them, 9 were diagnosed with distant metastasis. Prostate cancer-specific and overall survival rates at 5 years were 100% and 98.8% (95% CI, 96.4-100%), respectively. CONCLUSION: The combination of HDRB and HypoRT is well tolerated, with acceptable toxicity rates. Furthermore, results from rebiopsies revealed an encouraging rate of local control. These results confirm that the use of conformal RT techniques, adapted to specific biological tumor characteristics, have the potential to improve the therapeutic ratio in intermediate-risk PC patients.",Int J Radiat Oncol Biol Phys,2012,82,1417-23,10.1016/j.ijrobp.2011.05.025,https://www.ncbi.nlm.nih.gov/pubmed/21784585,INTERMEDIATE RISK,positive,1,
21872499,Low risk prostate cancer in men ≥ 70 years old: to treat or not to treat.,Rice KR,"OBJECTIVES: Prostate cancer (CaP) in the aging male will become an increasingly important and controversial health care issue. We evaluated the outcomes between a variety of treatments for low-risk CaP in patients 70 years of age and older. METHODS AND MATERIALS: A total of 3,650 men diagnosed with CaP between 1989 and 2009 were identified in the Center for Prostate Disease Research database to be 70 years of age or older at time of diagnosis. Of these patients, 770 men met the D'Amico criteria ([13]) for low-risk disease and were treated with radical prostatectomy, external beam radiation therapy, or watchful waiting. Cox proportional hazard models were used to compare clinicopathologic features across treatment groups. Kaplan-Meier analysis was used to compare biochemical recurrence-free, progression-free, and overall survival. RESULTS: Of the 770 patient cohort, 194 (25%) chose radical prostatectomy, 252 (33%) chose external beam radiation therapy, and 324 (42%) were initially managed by watchful waiting with 110 (34%) of this subset ultimately undergoing secondary treatment. The median follow-up was 6.4 years. There were no significant differences in distributions of race/ethnicity, number of medical comorbidities, or clinical stage across the treatment groups. Patients managed on watchful waiting without secondary treatment had the poorest overall survival on Kaplan-Meier analysis (P = 0.0001). Additionally, multivariate analysis confirmed this result for watchful waiting without secondary treatment as being a statistically significant predictor of overall mortality (HR 1.938, P = 0.0084).",Urol Oncol,2013,31,755-60,10.1016/j.urolonc.2011.07.004,https://www.ncbi.nlm.nih.gov/pubmed/21872499,LOW RISK,positive,1,
16234081,Outcomes of radical prostatectomy in thai men with prostate cancer,Leewansangtong S,"OBJECTIVE: Radical prostatectomy remains the standard treatment for early prostate cancer. Few data in the literature are from South East Asia. This study was conducted to evaluate the outcome of radical prostatectomy in Thai men. METHODS: A total of 151 patients with prostate cancer underwent radical prostatectomy at Siriraj Hospital, Bangkok, between 1994 and 2003. Clinical staging, preoperative prostate-specific antigen (PSA) and Gleason score were evaluated with pathological stage and margin status. Follow-up PSA monitoring and survival were analysed. RESULTS: Of 121 patients with clinical localized disease, 79 (65.3%), 40 (33.1%) and two (1.6%) had localized, locally advanced and metastatic disease, respectively, on pathology. The chance of localized disease with a preoperative PSA of 10 ng/mL or less, more than 10-50 ng/mL and more than 50 ng/mL was 75.5%, 50% and 12.5%, respectively (all p < 0.001). The chance of localized disease with a Gleason score of 2-4, 5-7 and 8-10 was 85%, 55.1% and 20.8%, respectively (all p < 0.02). Mean follow-up was 30 months. Among 140 evaluable patients, 51 (36.4%) had adjuvant therapy and 136 (97.1%) had undetectable PSA without clinical progression. The cumulative PSA progression-free survival among patients with pathological T1N0, T2N0 and T3N0 disease was 0.83 at 82 months, 0.48 at 85 months and 0.31 at 57 months, respectively. CONCLUSION: Radical prostatectomy in Thai men shows excellent results. The trend is the same as in Western series. The chance of organ-confined disease and free margin was high in patients with clinical T2 or less, PSA less than 10 ng/mL and low Gleason score. PSA progression-free survival was high in patients with organ-confined disease.",Asian J Surg,2005,28,286-90,doi: 10.1016/S1015-9584(09)60362-6,https://www.ncbi.nlm.nih.gov/pubmed/16234081,,negative,0,2005.0
32174775,Comparison of Biochemical Recurrence After Robot-assisted Laparoscopic Radical Prostatectomy with Volatile and Total Intravenous Anesthesia,Kim NY,"<b>Aims</b>: Recurrence after cancer surgery is a major concern in patients with cancer. Growing evidence from preclinical studies has revealed that various anesthetics can influence the immune system in different ways. The current study compared the long-term biochemical recurrence of prostate cancer after robot-assisted laparoscopic radical prostatectomy (RALP) in terms of selection of anesthetic agent between total intravenous anesthesia (TIVA) with propofol/remifentanil and volatile anesthetics (VA) with sevoflurane or desflurane/remifentanil. <b>Methods</b>: We followed up oncologic outcomes of patients who underwent RALP from two previous prospective randomized controlled trials, and the outcomes of those who received TIVA (n = 64) were compared with those who received VA (n = 64). The follow-up period lasted from November 2010 to March 2019. <b>Results</b>: Both TIVA and VA groups showed identical biochemical recurrence-free survivals at all-time points after RALP. The following predictive factors of prostate cancer recurrence were determined by Cox regression: colloid input [hazard ratio (HR)=1.002, 95% confidence interval (CI): 1.000-1.003; P = 0.011], initial prostate-specific antigen level (HR=1.025, 95% CI: 1.007-1.044; P = 0.006), and pathological tumor stage 3b (HR=4.217, 95% CI:1.207-14.735; P = 0.024), but not the anesthetic agent. <b>Conclusions</b>: Our findings demonstrate that both TIVA with propofol/remifentanil and VA with sevoflurane or desflurane/remifentanil have comparable effects on oncologic outcomes in patients undergoing RALP.",Int J Med Sci,2020,4,,doi: 10.7150/ijms.40958. eCollection 2020,https://www.ncbi.nlm.nih.gov/pubmed/32174775,,negative,0,2020.0
32075389,Long-Term Clinical Results of IGRT in Prostate Cancer Treatment,Doležel M,"BACKGROUND: The combination of intensity modulated radiation therapy (IMRT) and image guided radiotherapy (IGRT) plays a significant role in sparing normal tissue during prostate cancer treatment. We report the clinical outcomes of 260 patients treated with high-dose IGRT as well as the toxicity of high-dose IGRT in these patients. MATERIALS AND METHODS: From September 2008 to February 2012, 260 men with clinically localized prostate cancer underwent radical radiotherapy. Two hundred patients were treated with IMRT (78 Gy in 39 fractions) to the prostate and base of seminal vesicles using an adaptive protocol combining cone-beam computed tomography (CBCT) and kilovoltage image matching with individualized safety margin calculation. Sixty patients underwent treatment with the same prescribed dose using RapidArc with a reduced safety margin of 6 mm and daily online matching using CBCT. Late toxicity was scored prospectively according to the RTOG/FC-LENT scale. RESULTS: Eighteen patients (6.9%) experienced acute grade 2 gastrointestinal toxicity. There was no acute grade 3 or 4 gastrointestinal toxicity. Thirty-nine patients (15%) experienced acute grade 2 genitourinary toxicity and 6 patients (2.3%) had grade 3 gerourinary toxicity. Genitourinary toxicity grade 4 was observed in 5 (1.9%) patients, due to installation of a urinary catheter. At a median follow up of 84.2 months, the estimated 7-year cumulative incidences of grade 2 gastrointestinal and genitourinary toxicity were 4.4 and 7.1% respectively. The estimated 7-year prostate specific antigen relapse free survival was 97.1% for low-risk disease, 83.6% for intermediate-risk disease and 75% for high-risk patients. CONCLUSION: The use of IMRT in combination with IGRT results in a low rate of late toxicity. The authors declare they have no potential conflicts of interest concerning drugs, products, or services used in the study. The Editorial Board declares that the manuscript met the ICMJE recommendation for biomedical papers. Submitted: 8. 9. 2019 Accepted: 25. 10. 2019.",Klin Onkol,2020,33,49-54,doi: 10.14735/amko202049,https://www.ncbi.nlm.nih.gov/pubmed/32075389,,negative,0,2020.0
16144668,Robotic prostatectomy outcomes,Perrotti M,"The triad of cancer cure, rapid recovery of complete urinary continence, and preservation of sexual function are desirable in the contemporary surgical treatment of the young potent male with prostate cancer. Robotic prostatectomy is a Food and Drug Administration approved approach to radical prostatectomy, and is performed at our institution and elsewhere. We present a critical assessment of reported outcomes using this minimally invasive technique.",Urol Oncol,2005,,-,doi: 10.1016/j.urolonc.2005.02.002,https://www.ncbi.nlm.nih.gov/pubmed/16144668,,negative,0,2005.0
10394406,Conformal proton beam therapy of prostate cancer--update on the Loma Linda University medical center experience.,Rossi CJ,"BACKGROUND: The ability to eradicate localized prostate cancer is dependent upon the radiation dose which can be delivered to the prostate. This dose is often limited by the tolerance of normal organs (rectum, bladder). Conformal beam therapy takes advantage of the unique depth dose characteristics of heavy charged particles (the Bragg Peak) to escalate the radiation dose delivered to the prostate while minimizing treatment-related toxicity. METHOD: 643 patients with localized prostate cancer were treated with protons alone or a combination of protons and photons. All treatment was planned on a 3-D planning system and all received doses between 74-75 CGE (Cobalt Gray Equivalent) at 1.8-2.0 CGE/day. Patients were evaluated for toxicity and response to treatment. RESULTS: Five-year actuarial clinical and biochemical disease-free survival rates for the entire group are 89 and 79% respectively. A statistically significant difference in biochemical disease-free survival was seen between patients in the ""early"" (T1b-2b, PSA < 15) and ""advanced"" (T1b-2b, PSA > 15 or T2c-T4, PSA < 50) subgroups (89% vs. 68% at 4.5 years, p < 0.001). A PSA nadir of less than 0.51 ng/ml predicted for the highest chance of freedom from biochemical recurrence. Minimal radiation proctitis was seen in 21% of patients; toxicity of greater severity was seen in less than 1%. CONCLUSIONS: Conformal proton beams therapy produced high rates of response and minimal toxicity. A phase III dose escalation trial is in progress to help define the optimum radiation dose for the treatment of early stage prostate cancer.",Strahlenther Onkol,1999,175 Suppl 2,82-4,10.1007/BF03038897,https://www.ncbi.nlm.nih.gov/pubmed/10394406,LOW RISK,positive,1,
26351883,Robotic-Assisted Laparoscopic Radical Prostatectomy,Agarwal G,"BACKGROUND: The use of radical prostatectomy for the treatment of prostate cancer has been increasing during the last decade partially due to the widespread adoption of the robotic-assisted laparoscopic technique. Although no prospective, randomized controlled trials have compared open radical prostatectomy (ORP) with robotic-assisted laparoscopic radical prostatectomy (RALRP), numerous comparative studies have been retrospectively conducted. METHODS: A systematic review of the literature was performed to clarify the role and advancement of RALRP. Studies comparing ORP with RALRP that measured outcomes of cancer control, urinary and sexual function, and complications were included. A nonsystematic review was utilized to describe the advancements in the techniques used for RALRP. RESULTS: RALRP is the procedure of choice when treating localized prostate cancer. This preference is due to the observed improvement in morbidity rates, as evidenced by decreased rates of blood loss and postoperative pain and similar oncological outcomes when compared with ORP. Robotic assistance during surgery is continually being modified and the techniques advanced, as evidenced by improved nerve sparing for preserving potency and reconstruction of the bladder neck to help in the early recovery of urinary continence. CONCLUSIONS: Morbidity rates should continue to improve with the advancement of minimally invasive techniques for radical prostatectomy. The adoption of robotic assistance during surgery will continue as the applications of robotic-assisted surgery expand into other solid organ malignancies.",Cancer Control,2015,22,283-90,doi: 10.1177/107327481502200305,https://www.ncbi.nlm.nih.gov/pubmed/26351883,,negative,0,2015.0
21493015,Gleason pattern 5 is the greatest risk factor for clinical failure and death from prostate cancer after dose-escalated radiation therapy and hormonal ablation.,Sabolch A,"PURPOSE: The division of Gleason score (GS) into three categories (2-6, 7, 8-10) may not fully use its prognostic power, as revealed by recent reports demonstrating the presence of Gleason Pattern 5 (GP5) as a strong predictor for biochemical recurrence. Therefore, we analyzed the clinical outcomes in patients treated with dose-escalated radiation therapy (RT) based on the presence or absence of GP5. METHODS AND MATERIALS: Outcomes were analyzed for 718 men treated for localized prostate cancer with external-beam RT to a minimum planning target volume dose of at least 75 Gy. We assessed the impact of GP5 and that of pretreatment- and treatment-related factors on freedom from biochemical failure, freedom from metastasis (FFM), cause-specific survival (CSS), and overall survival (OS). RESULTS: At biopsy, 89% of patients had no GP5, and 11% (76/718) had GP5. There were no differences in age, comorbid illness, T stage, prostate-specific antigen, or the use or duration of androgen deprivation therapy between GS8 without GP5 and GS8-10 with GP5. The presence of GP5 predicted lower FFM (p < 0.002; hazard ratio [HR] 3.4 [1.7-7.1]); CSS (p < 0.0001; HR 12.9 [5.4-31]); and OS (p < 0.0001; HR 3.6 [2.0-6.5]) in comparison with GS8 (without GP5). The 8-year FFM, CSS, and OS were 89%, 98%, and 57%, respectively, for those with Gleason 8 prostate cancer without GP5 in comparison with 61%, 55%, and 31%, respectively, for those with GP5. In addition, both FFM and CSS were strongly influenced by androgen deprivation therapy given concurrently with RT. On multivariate analysis, GP5 was the strongest prognostic factor for all clinical endpoints, including OS. CONCLUSION: The presence of GP5 predicts for worse clinical behavior, which therefore needs to be accounted for by risk stratification schemes. Further intensification of local and/or systemic therapy may be appropriate for such patients.",Int J Radiat Oncol Biol Phys,2011,81,e351-60,10.1016/j.ijrobp.2011.01.063,https://www.ncbi.nlm.nih.gov/pubmed/21493015,LOW RISK,positive,1,
23280183,Population-based 10-year oncologic outcomes after low-dose-rate brachytherapy for low-risk and intermediate-risk prostate cancer.,Morris WJ,"BACKGROUND: The objective of this study was to report the rates of disease-free survival (DFS), cause-specific survival (CSS), and overall survival after low-dose-rate (LDR) prostate brachytherapy (PB). METHODS: Data from 1006 consecutive patients with prostate cancer who received LDR-PB and underwent implantation on or before October 23, 2003 were extracted from a prospective database on November 11, 2011. The selected patients had low-risk (58%) or intermediate-risk (42%) disease according to National Comprehensive Cancer Network criteria. The Phoenix threshold was used to define biochemical relapse. Sixty-five percent of patients received 3 months of neoadjuvant androgen-deprivation therapy (ADT) and 3 months of concomitant ADT. Univariate and multivariate analyses are reported in relation to patient, tumor, and treatment variables. RESULTS: The median follow-up was 7.5 years. By using Fine and Gray competing risks analysis, the 5-year and 10-year actuarial DFS rates were 96.7% (95% confidence interval, 95.2%-97.7%) and 94.1% (95% confidence interval, 92%-95.6%), respectively. When applied to the whole cohort, none of the usual prognostic variables, including dose metrics, were correlated with DFS. However, in both univariate and multivariate models, increasing dose was the only covariate that correlated with improved DFS for the subset of men (N = 348) who did not receive ADT (P = .043). The actuarial 10-year CSS rate was 99.1% (95% confidence interval, 97.3%-99.7%). The overall survival rate was 93.8% at 5 years (95% confidence interval, 92%-95.1%) and 83.5% at 10 years (95% confidence interval, 79.8%-86.6%). Only age at implantation (P = .0001) was correlated with overall survival in multivariate analysis. CONCLUSIONS: In a consecutive cohort of 1006 men with National Comprehensive Cancer Network low-risk and intermediate-risk prostate cancer, the actuarial rate of recurrent disease after LDR-PB was approximately 3% at 5 years and 6% at 10 years.",Cancer,2013,119,1537-46,10.1002/cncr.27911,https://www.ncbi.nlm.nih.gov/pubmed/23280183,INTERMEDIATE RISK,positive,1,
16309852,Disease-specific survival following the brachytherapy management of prostate cancer,Stock RG,"PURPOSE: To determine disease-specific survival (DSS) and associated predictive factors after prostate brachytherapy. METHODS AND MATERIALS: A total of 1561 patients underwent brachytherapy for prostate cancer from 1990 to 2004 (median follow-up, 3.8 years). Treatment included brachytherapy alone (n = 634), brachytherapy and hormonal therapy (n = 420), and implant and external beam therapy (n = 507). RESULTS: The DSS and overall survival rates at 10 years were 96% and 74%, respectively. Gleason score significantly impacted DSS, with 10-year rates of 98%, 91%, and 92% for scores of < or = 6, 7, and > or = 8, respectively (p < 0.0001). Multivariate analysis revealed that PSA status after treatment had the most significant effect on DSS. Ten-year DSS rates were 100%, 52%, and 98%, respectively for patients without PSA failure (n = 1430), failure with a doubling time (DT) < or = 10 months (n = 64), and failure with a DT > 10 months (n = 67), respectively (p < 0.0001). In patients with PSA failure, DSS rates were 30%, 67%, and 98%, for those with DT < or = 6 months, > 6-10 months, and > 10 months, respectively (p < 0.0001). CONCLUSIONS: The 10-year DSS rate supports the efficacy of brachytherapy. Patients dying with disease within 10 years after treatment harbor inherently aggressive cancer with high Gleason scores and short DT.",Int J Radiat Oncol Biol Phys,2006,1,,doi: 10.1016/j.ijrobp.2005.09.005. Epub 2005 Nov 23,https://www.ncbi.nlm.nih.gov/pubmed/16309852,,negative,0,2005.0
20835257,The 5-year functional outcomes after radical prostatectomy: a real-life experience in Korea,Hong SK,"We investigated the functional outcomes regarding erectile function and urinary continence up to 5 years following radical prostatectomy (RP) in a cohort of Korean men. We retrospectively analyzed the clinicopathologic data of 85 Korean men who received open uni- or bilateral nerve-sparing RP for clinically localized prostate cancer and were followed up for at least 5 years postoperatively. From medical records, patients' status regarding urinary and erectile function at baseline and postoperative followups after RP was assessed. At 24 and 60 months after RP, proportions of subjects continent (no pads used) were 89.4% and 97.6%, respectively (P = 0.007). Excluding subjects (n = 24) who preoperatively reported having severe erectile dysfunction or lacked relevant informations, proportions of subjects capable of having vaginal intercourse regardless of erectile aid usage were 47.5% and 37.7% at 24 and 60 months from RP, respectively (P = 0.022). Patient's age at surgery (P = 0.047) and salvage radiation therapy (P = 0.026) were observed to be significant predictors of having erections sufficient for intercourse at 60 months from RP in multivariate analysis. Our results showed that while patients' postoperative status regarding urinary continence at 2 years from RP is generally maintained or improved at 5 year point, erectile function was observed to significantly declined from 2 years to 5 years following RP. Such decline in erectile function following RP may be more significant among men who were relatively older at surgery or those who received salvage therapy during postoperative follow-ups.",Asian J Androl,2010,12,835-40,doi: 10.1038/aja.2010.81. Epub 2010 Sep 13,https://www.ncbi.nlm.nih.gov/pubmed/20835257,,negative,0,2010.0
20224263,Outcome of adjuvant radiotherapy after radical prostatectomy for prostate cancer patients,Suzuki K,"AIM: To examine the outcome and risk factors of biochemical failure (BCF) in Japanese prostate cancer (PCa) patients treated with adjuvant radiotherapy (RT) after radical prostatectomy (RP). PATIENTS AND METHOD: In this study we enrolled 83 Japanese patients having clinically organ-confined PCa without neoadjuvant treatments who received conventional RT (60 Gy) after RP. All patients had extracapsular extension (ECE) and/or positive surgical margin (PSM) of the RP specimens, but no lymph node metastasis. The disease-specific, clinical failure-free, and BCF-free survivals were analyzed. Furthermore, the risk factors affecting the BCF-free survival were examined in detail. RESULTS: The 5-year disease-specific, clinical failure-free, and BCF-free survival rates were 100, 99, and 87%, respectively. The clinicopathological factors associated with BCF were seminal vesicle invasion (SVI) (p = 0.024), perineural invasion (PNI) (p = 0.03), and pre-RT prostate-specific antigen (PSA) (p = 0.014). In the patients with PSM (n = 59), the entire surgical margin-positive patients had a significantly higher risk of BCF than the focal surgical margin-positive patients (p = 0.015). Multivariate analysis showed that SVI and pre-RT PSA were independent prognostic factors of BCF (p = 0.0142, p = 0.0225, respectively). 22% of our patients had only low-grade adverse effects. CONCLUSION: The outcome of adjuvant RT after RP in the Japanese patients with ECE and/or PSM was excellent, and the adverse effects were mild and tolerable. However, the patients with SVI, PNI, entire surgical margin-positive specimens, or high pre-RT PSA had poor biochemical control by only adjuvant RT after RP.",Urol Int,2010,84,382-7,doi: 10.1159/000296288. Epub 2010 Mar 13,https://www.ncbi.nlm.nih.gov/pubmed/20224263,,negative,0,2010.0
15734204,Limited efficacy of salvage radiotherapy for biopsy confirmed or clinically palpable local recurrence of prostate carcinoma after surgery,Choo R,"BACKGROUND AND PURPOSE: To assess the efficacy of salvage radiotherapy (RT) for biopsy confirmed or clinically palpable local recurrence of prostate adenocarcinoma after radical prostatectomy (RP). PATIENTS AND METHODS: We retrospectively analyzed 44 patients treated with salvage RT for biopsy confirmed or clinically palpable local recurrence between 1991 and 2000. Thirty-six had positive biopsy for local recurrence and the rest without histological confirmation had clinically palpable disease. All had rising PSA at the time of RT (median: 3.7). Median interval from RP to RT was 2.6 years. Thirty-six received salvage RT alone, while eight had a short course (<4 months) of androgen ablation prior to RT. RT doses were 60-66Gy in 30-33 fractions. Freedom from PSA failure was defined as the maintenance of PSA<or=0.2. RESULTS: Median follow-ups from RP and salvage RT were 8.7 and 5.5 years, respectively. All but one achieved local control clinically. The actuarial PSA relapse-free and survival rate at 5 years were 11 and 87%, respectively. On Cox regression analysis, significant predictors for relapse were PSA level prior to salvage RT, and Gleason score. CONCLUSIONS: The efficacy of salvage RT alone for local recurrence was limited. This study suggests a need to explore other strategies incorporating systemic therapy, and the importance of timely referral for consideration of salvage RT in patients with rising PSA after surgery.",Radiother Oncol,2005,74,163-7,doi: 10.1016/j.radonc.2004.11.013. Epub 2004 Dec 15,https://www.ncbi.nlm.nih.gov/pubmed/15734204,,negative,0,2005.0
15743150,Integrating hormonal therapy with external-beam radiation and brachytherapy for prostate cancer,Andrews J,"The use of hormonal therapy with external-beam radiation (EBRT) to treat prostate cancer is a topic that has been well explored. The potential use of hormonal therapy and brachytherapy in the treatment of prostate cancer, however, continues to be controversial. This review is based on our current interpretation of the available literature assessing the outcomes of patients treated with EBRT and brachytherapy with or without hormonal therapy. Extrapolating from the findings of the Radiation Therapy Oncology Group (RTOG) 9413 trial, there appears to be a favorable interaction between hormonal therapy and irradiation in the lymph nodes. The benefits demonstrated with whole-pelvic EBRT and hormonal therapy are likely to extend to patients treated with brachytherapy as well. Studies suggest that the role of hormonal therapy in brachytherapy is limited without the application of whole-pelvic EBRT due to the inability of brachytherapy to address potential lymph nodes at risk. The potential role of hormonal therapy in conjunction with brachytherapy without pelvic radiotherapy, is limited by inconclusive data and abbreviated follow-up times.",Oncology (Williston Park),2005,19,29-36,,https://www.ncbi.nlm.nih.gov/pubmed/15743150,,negative,0,2005.0
32328779,"Trends in risk-group distribution and Pentafecta outcomes in patients treated with nerve-sparing, robot-assisted radical prostatectomy: a 10-year low-intermediate volume single-center experience",Afferi L,"PURPOSE: To evaluate the trends in risk-group distribution and Pentafecta outcomes in patients treated with nerve-sparing (NS), robot-assisted radical prostatectomy (RARP) in a single low-intermediate volume prostate cancer (PCa) center over a 10-year period. MATERIALS AND METHODS: We queried a prospectively maintained database for patients who underwent NS RARP between 2009 and 2018 in a low-intermediate volume PCa center. Risk-groups were defined according to the D'Amico classification. Pentafecta outcomes referred to the postsurgical presence of potency and continence, and the absence of biochemical recurrence (BCR), positive surgical margins (PSM), and perioperative complications. The Kruskall-Wallis test, the t test and the Mann-Whitney tests were used when appropriate. RESULTS: 603 patients underwent NS RARP and 484 patients were evaluated for Pentafecta outcomes. Median postsurgical follow-up was 28 months. Overall, 137 (22.7%), 376 (62.3%), and 90 (15%) patients were diagnosed in the low-, intermediate-, and high-risk groups, respectively. Patients undergoing NS RARP shifted from 33 to 20% in the low-risk group, from 52 to 62% in the intermediate-risk group, and from 10 to 13% in the high-risk group. Patients reaching Pentafecta increased from 38 to 44%. No postoperative potency was the main reason for non-achieving Pentafecta (71%). BCR strongly limited Pentafecta achievement in the high-risk group (61%), but not in intermediate (24%) and low-risk (30%) groups. CONCLUSIONS: Low-intermediate volume PCa centers show similar trends to high-volume centers regarding risk group distributions over time in PCa patients undergoing NS RARP. We reported an increase in Pentafecta outcomes achievement over time even for experienced surgeons. Pentafecta outcomes achievement is risk-group dependent.",World J Urol,2021,39,389-397,doi: 10.1007/s00345-020-03206-y. Epub 2020 Apr 23,https://www.ncbi.nlm.nih.gov/pubmed/32328779,,negative,0,2020.0
19540075,Long-term biochemical and survival outcome of 921 patients treated with I-125 permanent prostate brachytherapy.,Hinnen KA,"PURPOSE: To assess long-term biochemical and survival outcome after permanent prostate brachytherapy (BT). METHODS AND MATERIALS: Data on 921 patients, treated with permanent interstitial BT monotherapy between 1989 and 2004 for <or=T2c Nx/0 Mx/0 prostate cancer were evaluated. All patients were treated with I-125 seeds (prescription dose 144 Gy). Eighty-five patients with a gland volume >or=50cc received 6 months of antiandrogen therapy before treatment. Patients were classified into risk groups with 232 defined as low-, 369 intermediate-, and 320 high-risk disease. The median follow-up was 69 months (range, 4-186 months); mean age was 67 years. RESULTS: Average 5- and 10-year biochemical no evidence of disease (bNED) rates were 79% and 57%. Average 10-year bNED rates by risk group were 88% for low-risk, 61% for intermediate-risk, and 30% for high-risk disease. The average 10-year overall and disease-specific survival rates were 59% and 82%. Ten-year overall and disease-specific survival rates by risk group were, respectively, 68% and 96% for low-risk, and 64% 87% for intermediate-risk, and 49% and 69% for high-risk disease. In multivariate Cox regression analysis, both risk group and treatment era were independent predictors of bNED and survival. CONCLUSIONS: These data on long-term survival continue to support the use of I-125 monotherapy for prostate cancer in low-risk patients and, in particular, demonstrate its efficacy in intermediate-risk patients.",Int J Radiat Oncol Biol Phys,2010,76,1433-8,10.1016/j.ijrobp.2009.03.049,https://www.ncbi.nlm.nih.gov/pubmed/19540075,LOW RISK,positive,1,
20864269,"Fifteen-year biochemical relapse-free survival, cause-specific survival, and overall survival following I(125) prostate brachytherapy in clinically localized prostate cancer: Seattle experience.",Sylvester JE,"PURPOSE: To report 15-year biochemical relapse-free survival (BRFS), cause-specific survival (CSS), and overall survival (OS) outcomes of patients treated with I(125) brachytherapy monotherapy for clinically localized prostate cancer early in the Seattle experience. METHODS AND MATERIALS: Two hundred fifteen patients with clinically localized prostate cancer were consecutively treated from 1988 to 1992 with I(125) monotherapy. They were prospectively followed as a tight cohort. They were evaluated for BRFS, CSS, and OS. Multivariate analysis was used to evaluate outcomes by pretreatment clinical prognostic factors. BRFS was analyzed by the Phoenix (nadir + 2 ng/mL) definition. CSS and OS were evaluated by chart review, death certificates, and referring physician follow-up notes. Gleason scoring was performed by general pathologists at a community hospital in Seattle. Time to biochemical failure (BF) was calculated and compared by Kaplan-Meier plots. RESULTS: Fifteen-year BRFS for the entire cohort was 80.4%. BRFS by D'Amico risk group classification cohort analysis was 85.9%, 79.9%, and 62.2% for low, intermediate, and high-risk patients, respectively. Follow-up ranged from 3.6 to 18.4 years; median follow-up was 15.4 years for biochemically free of disease patients. Overall median follow-up was 11.7 years. The median time to BF in those who failed was 5.1 years. CSS was 84%. OS was 37.1%. Average age at time of treatment was 70 years. There was no significant difference in BRFS between low and intermediate risk groups. CONCLUSION: I(125) monotherapy results in excellent 15-year BRFS and CSS, especially when taking into account the era of treatment effect.",Int J Radiat Oncol Biol Phys,2011,81,376-81,10.1016/j.ijrobp.2010.05.042,https://www.ncbi.nlm.nih.gov/pubmed/20864269,LOW RISK,positive,1,
23084481,Postoperative radiotherapy after radical prostatectomy for high-risk prostate cancer: long-term results of a randomised controlled trial (EORTC trial 22911).,Bolla M,"BACKGROUND: We report the long-term results of a trial of immediate postoperative irradiation versus a wait-and-see policy in patients with prostate cancer extending beyond the prostate, to confirm whether previously reported progression-free survival was sustained. METHODS: This randomised, phase 3, controlled trial recruited patients aged 75 years or younger with untreated cT0-3 prostate cancer (WHO performance status 0 or 1) from 37 institutions across Europe. Eligible patients were randomly assigned centrally (1:1) to postoperative irradiation (60 Gy of conventional irradiation to the surgical bed for 6 weeks) or to a wait-and-see policy until biochemical progression (increase in prostate-specific antigen >0·2 μg/L confirmed twice at least 2 weeks apart). We analysed the primary endpoint, biochemical progression-free survival, by intention to treat (two-sided test for difference at α=0.05, adjusted for one interim analysis) and did exploratory analyses of heterogeneity of effect. This trial is registered with ClinicalTrials.gov, number NCT00002511. FINDINGS: 1005 patients were randomly assigned to a wait-and-see policy (n=503) or postoperative irradiation (n=502) and were followed up for a median of 10·6 years (range 2 months to 16·6 years). Postoperative irradiation significantly improved biochemical progression-free survival compared with the wait-and-see policy (198 [39·4%] of 502 patients in postoperative irradiation group vs 311 [61·8%] of 503 patients in wait-and-see group had biochemical or clinical progression or died; HR 0·49 [95% CI 0·41-0·59]; p<0·0001). Late adverse effects (any type of any grade) were more frequent in the postoperative irradiation group than in the wait-and-see group (10 year cumulative incidence 70·8% [66·6-75·0] vs 59·7% [55·3-64·1]; p=0.001). INTERPRETATION: Results at median follow-up of 10·6 years show that conventional postoperative irradiation significantly improves biochemical progression-free survival and local control compared with a wait-and-see policy, supporting results at 5 year follow-up; however, improvements in clinical progression-free survival were not maintained. Exploratory analyses suggest that postoperative irradiation might improve clinical progression-free survival in patients younger than 70 years and in those with positive surgical margins, but could have a detrimental effect in patients aged 70 years or older. FUNDING: Ligue Nationale contre le Cancer (Comité de l'Isère, Grenoble, France) and the European Organisation for Research and Treatment of Cancer (EORTC) Charitable Trust.",Lancet,2012,380,2018-27,10.1016/S0140-6736(12)61253-7,https://www.ncbi.nlm.nih.gov/pubmed/23084481,HIGH RISK,positive,1,
25578739,Systematic review and meta-analysis of the survival outcomes of first-line treatment options in high-risk prostate cancer,Lei JH,"Prostate cancer (PCa) is the most common non-dermatologic cancer in the western countries in western countries. High-risk PCa accounts for 15% of the diagnosed cases. In this study, we compare the long-term survival outcomes of radical prostatectomy (RP), radiation therapy (RT), brachytherapy (BT), androgen- deprivation therapy (ADT), and watchful waiting (WW) in high-risk prostate cancer (PCa). Overall, RP/(RT plus ADT) gave the best survival outcome in patients with high-risk PCa, whereas ADT/WW had the worst outcome. The overall priority for treatment strategy could be ranked as follows: RP/(RT plus ADT), RT, and ADT/WW. RP had significant better overall survival (OS) than RT or BT, and RP had significant lower cancer-specific mortality (CSM) than RT (0.51 [95% CI 0.30-0.73], P<0.001). ADT improved the cancer-specific survival (CSS) of RP based on a case-controlled study; added ADT to RT failed to challenge the position of RP but could improve the outcome of RT. In conclusions,RP/(RT plus adjuvant ADT) could both be used for the first-line therapy of high-risk PCa. When encountering an individual patient, urologists should consider various factors like tumors themselves, preferences of individuals, and so on.",Sci Rep,2015,12,,doi: 10.1038/srep07713,https://www.ncbi.nlm.nih.gov/pubmed/25578739,,negative,0,2015.0
25662301,Patient-reported urinary incontinence and erectile dysfunction following radical prostatectomy: results from the European Prostate Centre Innsbruck,Geiger-Gritsch S,"INTRODUCTION: Urinary and erectile functions were assessed by using self-administered validated questionnaires in patients undergoing radical prostatectomy. MATERIALS AND METHODS: In a prospective observational study, a total of 253 consecutive patients diagnosed with clinically localised prostate cancer between 2008 and 2009 at the European Prostate Centre Innsbruck were included. Patient-reported outcomes were assessed before radical prostatectomy and 12 months postoperatively using the validated International Consultation on Incontinence Questionnaire (ICIQ) and the International Index of Erectile Function (IIEF). The Wilcoxon signed-rank test and Chi square statistics were used for analysis. RESULTS: The study showed that before radical prostatectomy, urinary incontinence of various severity grades was reported in 18.8, postoperatively in 63.0% (p < 0.001) and erectile dysfunction of various degrees was reported in 39.6 at baseline compared to 80.1% 12 months postoperatively (p < 0.001). CONCLUSIONS: This study suggests that radical prostatectomy is associated with a significantly increased risk of urinary incontinence and erectile dysfunction 12 months postoperatively.",Urol Int,2015,94,419-27,doi: 10.1159/000369475. Epub 2015 Jan 31,https://www.ncbi.nlm.nih.gov/pubmed/25662301,,negative,0,2015.0
31708350,Single-Dose Focal Salvage High Dose Rate Brachytherapy for Locally Recurrent Prostate Cancer,Chitmanee P,"AIMS: To evaluate focal high dose rate (HDR) brachytherapy in locally recurrent prostate cancer. MATERIALS AND METHODS: Patients with biochemical relapse after non-surgical primary treatment for localised prostate cancer were selected after a negative screen for metastatic disease. Template mapping biopsies combined with multiparametric magnetic resonance imaging were used to identify the location of the tumour and the focal clinical target volume. The planning aim dose prescription was 19 Gy. Outcome measures were biochemical relapse-free survival and toxicity using International Prostate Symptom Score and Common Terminology Criteria for Adverse Events (version 4.0) scores. RESULTS: Between March 2013 and December 2018, 50 patients underwent salvage HDR brachytherapy. The median follow-up was 21 months (range 1-53). Biochemical progression-free survival at 2 and 3 years was 63% and 46%, respectively. On multivariate analysis, only prostate-specific antigen nadir ≤0.5 ng/ml post-salvage (P = 0.03, hazard ratio 0.04) was associated with biochemical progression-free survival. Relapse was associated with distant metastases in 11/13 patients in whom this was investigated. Late grade 3 genitourinary toxicities were gross haematuria (three patients), severe lower urinary tract symptoms (two patients), erectile dysfunction (one patient) and urethral stricture requiring surgery (four patients). No acute and late grade 4 or 5 genitourinary and no grade 3 or higher gastrointestinal toxicities were recorded. CONCLUSIONS: Focal salvage HDR monotherapy achieves biochemical control in 46% of patients at 3 years with acceptable toxicity rates in selected patients. Biochemical relapse was related to a post-salvage prostate-specific antigen nadir of ≥0.5 ng/ml. Long-term outcomes are needed to assess the impact on the natural history of prostate cancer in these patients.",Clin Oncol (R Coll Radiol),2020,32,259-265,doi: 10.1016/j.clon.2019.10.008. Epub 2019 Nov 7,https://www.ncbi.nlm.nih.gov/pubmed/31708350,,negative,0,2020.0
32077006,Post-HIFU locally relapsed prostate cancer: high-dose salvage radiotherapy guided by molecular imaging,Rigo M,"PURPOSE: To evaluate tolerance and biochemical control rates of salvage external beam radiotherapy (EBRT) in patients with local relapse from prostate cancer (PC) after high-intensity focused ultrasound (HIFU) as primary treatment. METHODS: Twenty-four patients presented biochemical failure of PC. Salvage EBRT to the residual prostate was performed with moderate hypofractionation schedule (MHRT) in 28 fractions (n = 16) or with extreme hypofractionation schedule (SBRT) in 5 fractions (n = 8) by means of image-guided volumetric modulation arc therapy. In case of MHRT, the median dose was 71.4 Gy, whereas in case of SBRT it was 32.5 Gy. RESULTS: The median follow-up was 28 months. The median PSA nadir was 0.26 ng/mL. In case of MHRT, the median PSA nadir was 0.15 ng/mL and occurred within a median time of 19 months. In case of SBRT, the median PSA nadir was 0.64 ng/mL and occurred within a median time of 8 months. No G3 higher acute or late toxicity after EBRT was observed. Only three patients presented with G2 acute GI toxicity (actinic proctitis). Twelve patients experienced acute G1 GU toxicity: 8/16 of men treated with MHRT and 4/8 of men treated with SBRT. Complete local control of disease was achieved in 23/24 patients (96%). CONCLUSIONS: Our data confirm the feasibility and the low toxicity of salvage EBRT with both schedules of treatment after HIFU failure. The findings of low acute toxicity and good biochemical control rates are encouraging, but a larger number of patients and a longer follow-up are needed to confirm these results.",Radiol Med,2020,125,491-499,doi: 10.1007/s11547-020-01148-4. Epub 2020 Feb 19,https://www.ncbi.nlm.nih.gov/pubmed/32077006,,negative,0,2020.0
31866092,"Salvage Radiotherapy Versus Hormone Therapy for Prostate-specific Antigen Failure After Radical Prostatectomy: A Randomised, Multicentre, Open-label, Phase 3 Trial (JCOG0401)(†)",Yokomizo A,"BACKGROUND: No standard therapy has been established for localised prostate cancer patients with prostate-specific antigen (PSA) failure after radical prostatectomy (RP). OBJECTIVE: To determine whether radiotherapy ± hormone therapy is superior to hormone therapy alone in such patients. DESIGN, SETTING, AND PARTICIPANTS: This study is a multicentre, randomised, open-label, phase 3 trial. Patients with localised prostate cancer whose PSA concentrations had decreased to <0.1 ng/ml after RP, and then increased to 0.4-1.0 ng/ml, were randomised to the salvage hormone therapy (SHT) group (80 mg bicalutamide [BCL] followed by luteinising hormone-releasing hormone agonist in case of BCL failure) or the salvage radiation therapy (SRT) ± SHT group (64.8 Gy of SRT followed by the same regimen as in the SHT group in case of SRT failure). From May 2004 to May 2011, 210 patients (105 in each arm) were registered, with the median follow-up being 5.5 yr. OUTCOME MEASUREMENTS AND STATISTICAL ANALYSIS: The primary endpoint was time to treatment failure (TTF) of BCL. RESULTS AND LIMITATIONS: TTF of BCL was significantly longer in the SRT ± SHT group (8.6 yr) than in the SHT group (5.6 yr; hazard ratio 0.56, 90% confidence interval [0.40-0.77]; one-sided p =  0.001). Thirty-two of 102 patients (31%) in the SRT ± SHT group did not have SRT treatment failure. However, clinical relapse-free survival and overall survival did not differ between the arms. The most frequent grade 3-4 adverse event was erectile dysfunction (83 patients [80%] in the SHT group vs. 76 [74%] in the SRT ± SHT group). Limitations include the short follow-up periods and surrogate endpoint setting to allow definitive conclusions. CONCLUSIONS: Initial SRT prolongs TTF of BCL in patients with post-RP PSA failure, indicating that SRT ± SHT is more beneficial than SHT alone. PATIENT SUMMARY: Patients who have prostate-specific antigen failure after radical prostatectomy benefit from salvage radiation therapy prior to salvage hormone therapy.",Eur Urol,2020,77,689-698,doi: 10.1016/j.eururo.2019.11.023. Epub 2019 Dec 19,https://www.ncbi.nlm.nih.gov/pubmed/31866092,,negative,0,2020.0
26774347,Survival Outcomes in Men Undergoing Radical Prostatectomy After Primary Radiation Treatment for Adenocarcinoma of the Prostate,Pokala N,"PURPOSE: Salvage radical prostatectomy (SRP) is a treatment modality for patients with radio-recurrent prostate cancer but is currently underutilized. We analyzed the survival outcomes in patients receiving SRP for radio-recurrent prostate cancer. The secondary outcome was effect of lymph node dissection on survival following SRP. MATERIALS AND METHODS: The Surveillance, Epidemiology, and End Results (SEER) 18 registry was used to identify patients that underwent radical prostatectomy between 1988 and 2010. Search identified 2628 patients with prostate cancer that underwent surgery after radiation. Following exclusion, 364 patients remained. Endpoints included overall survival (OS) and cancer-specific survival (CSS). Effect of pelvic lymph node dissection (PLND) status and number of nodes retrieved were also studied. Kaplan-Meier analysis, log-rank tests, and Cox-proportional hazard models were used, and P < .05 was considered to be significant. RESULTS: OS was 77.5% at 10 years and 37.3% at 20 years; CSS was 88.6% at 10 years and 72.7% at 20 years. The hazard of mortality was higher in men who did not undergo PLND with a hazard ratio of 1.4 for OS (P = .2) and 2.7 for CSS (P = .01). No significant increase in OS or CC was seen with increasing number of lymph nodes retrieved. Some limitations are inherent to the SEER database and include the lack of hormone manipulation status and PSA data. CONCLUSIONS: Excellent long-term survival can be achieved with SRP. PLND improves CSS but increasing nodal yield does not significantly improve survival. Small sample sizes limit the overall power of this study.",Clin Genitourin Cancer,2016,14,218-25,doi: 10.1016/j.clgc.2015.12.010. Epub 2015 Dec 17,https://www.ncbi.nlm.nih.gov/pubmed/26774347,,negative,0,2015.0
18242383,Limited pelvic lymph node dissection does not improve biochemical relapse-free survival at 10 years after radical prostatectomy in patients with low-risk prostate cancer.,Weight CJ,"OBJECTIVES: To compare the long-term differences in actuarial biochemical relapse-free survival rates from a contemporary series of patients who underwent radical prostatectomy with and without pelvic lymph node dissection (PLND). METHODS: The records of 806 consecutive radical prostatectomy cases performed from January 1995 to June 1999 were reviewed. The entire subset of patients (n = 336) with low-risk disease, defined by a prostate-specific antigen level of 10 ng/mL or less, biopsy Gleason score of 6 or less, and clinical Stage T1 or T2a, who had not received adjuvant or neoadjuvant therapy were divided into two groups according to whether PLND was performed (PLND group, n = 140) or omitted (no-PLND group, n = 196). A Cox proportional hazards model was used to analyze the effect of demographic, pretreatment, surgical, and pathologic factors on the likelihood of biochemical failure. Biochemical relapse-free survival for each group was estimated by Kaplan-Meier analysis. The median prostate-specific antigen follow-up time for the entire group was 89.0 months, with a similar follow-up for both cohorts (PLND group 94.5 months and no-PLND group 88.0 months, Mann-Whitney U test, P = 0.14). RESULTS: The long-term biochemical relapse-free survival rate for the entire cohort was 86.1% at 10 years. The 10-year actuarial biochemical relapse-free rate for the PLND and no-PLND groups was 83.8% and 87.9%, respectively (log-rank, P = 0.33). On univariate analysis, PLND was not an independent predictor of outcome (Wald, P = 0.33). CONCLUSIONS: The results of our study have shown that the omission of limited PLND in patients with favorable tumor characteristics does not adversely affect biochemical relapse-free survival at 10 years. Such patients can be spared the morbidity and cost of PLND without affecting their chance for cure.",Urology,2008,71,141-5,10.1016/j.urology.2007.08.027,https://www.ncbi.nlm.nih.gov/pubmed/18242383,LOW RISK,positive,1,
32089359,Radical Prostatectomy or Observation for Clinically Localized Prostate Cancer: Extended Follow-up of the Prostate Cancer Intervention Versus Observation Trial (PIVOT),Wilt TJ,"BACKGROUND: Very long-term mortality in men with early prostate cancer treated with surgery versus observation is uncertain. OBJECTIVE: To determine long-term effects of surgery versus observation on all-cause mortality for men with early prostate cancer. DESIGN, SETTING, AND PARTICIPANTS: This study evaluated long-term follow-up of a randomized trial conducted at the US Department of Veterans Affairs and National Cancer Institute sites. The participants were men (n=731) ≤75yr of age with localized prostate cancer, prostate-specific antigen (PSA) <50ng/ml, life expectancy ≥10yr, and medically fit for surgery. INTERVENTION: Radical prostatectomy versus observation. OUTCOME MEASUREMENTS AND STATISTICAL ANALYSIS: All-cause mortality was assessed in the entire cohort and patient and tumor subgroups. Intention-to-treat analysis was conducted using Kaplan-Meier methods with log-rank tests and Cox proportional hazard models; cumulative mortality incidence, between-group differences, and relative risks were also assessed at predefined time periods. RESULTS AND LIMITATIONS: During 22.1yr (median follow-up for survivors=18.6yr; interquartile range: 16.6-20.0), 515 men died; 246 of 346 men (68%) were assigned to surgery versus 269 of 367 (73%) assigned to observation (hazard ratio 0.84 [95% confidence interval {CI}: 0.70-1.00]; p= 0.044 [absolute risk reduction = 5.7 percentage points, 95% CI: -0.89 to 12%]; relative risk: 0.92 [95% CI: 0.84-1.01]). The restricted mean survival in the surgical group was 13.6 yr (95% CI: 12.9-14.3) versus 12.6 yr (95% CI: 11.8-13.3) in the observation group; a mean of 1 life-year was gained with surgery. Results did not significantly vary by patient or tumor characteristics, although differences were larger favoring surgery among men aged <65 yr, of white race, and having better health status, fewer comorbidities, ≥34% positive prostate biopsy cores, and intermediate-risk disease. Results were not adjusted for multiple comparisons, and we could not assess outcomes other than all-cause mortality. CONCLUSIONS: Surgery was associated with small very long-term reductions in all-cause mortality and increases in years of life gained. Absolute effects did not vary markedly by patient characteristics. Absolute effects and mean survival were much smaller in men with low-risk disease, but were greater in men with intermediate-risk disease although not in men with high-risk disease. PATIENT SUMMARY: In this randomized study, we evaluated death from any cause in men with early prostate cancer treated with either surgery or observation. Overall, surgery may provide small very long-term reductions in death from any cause and increases in years of life gained. Absolute effects were much smaller in men with low-risk disease, but were greater in men with intermediate-risk disease although not in men with high-risk disease. Strategies are needed to identify men needing and benefitting from surgery while reducing ineffective treatment and overtreatment.",Eur Urol,2020,77,713-724,doi: 10.1016/j.eururo.2020.02.009. Epub 2020 Feb 21,https://www.ncbi.nlm.nih.gov/pubmed/32089359,,negative,0,2020.0
17315165,Radical prostatectomy for clinical stage T3a disease.,Freedland SJ,"BACKGROUND: Men with clinical stage T3a disease are at high risk and are often encouraged to undergo radiation therapy with concomitant hormonal therapy. The long-term outcomes among men treated with radical prostatectomy for clinical stage T3a disease were examined. METHODS: Among 3397 men treated by radical prostatectomy by 1 surgeon between 1987 and 2003, 62 (1.8%) men were identified who had clinical stage T3a disease. Among the 56 men not treated with neoadjuvant or adjuvant therapies before prostate-specific antigen (PSA) recurrence, the long-term outcomes of PSA-free survival, metastasis-free survival, and prostate cancer specific survival were examined. Median and mean follow-up after surgery were 10.3 and 13 years, respectively (range, 1-17). RESULTS: Ninety-one percent of men in this group had pathological T3 disease. PSA-free survival at 15 years after surgery was 49%. Metastasis-free survival and cause-specific survival at 15 years after surgery were 73% and 84%, respectively. Among men with a PSA recurrence, 46% received secondary therapy before metastasis. The only preoperative or pathological feature that predicted risk of prostate cancer death was lymph node metastasis (hazard ratio [HR]: 9.22, 95% confidence interval [CI]: 1.06-80.02, P = .044). Among the 28 men with a PSA recurrence, PSA doubling time (PSADT) data were available for 23, of which 11 (48%) has a PSADT >/=9 months. No patient with a PSADT >/=9 months died of prostate cancer. A PSADT <9 months was significantly associated with increased risk of prostate cancer death (log-rank, P = .004). CONCLUSIONS: In a select cohort of men with clinical stage T3a disease, radical prostatectomy alone provides long-term cancer control in about half of the men and results in a prostate cancer-specific survival of 84%. Among men with a PSA recurrence, PSADT at the time of recurrence is a useful determinant of risk of prostate cancer death.",Cancer,2007,109,1273-8,10.1002/cncr.22544,https://www.ncbi.nlm.nih.gov/pubmed/17315165,HIGH RISK,positive,1,
31843220,The impact of time from biopsy to radical prostatectomy on Gleason score undergrading and other related factors,Virseda Rodríguez AJ,"INTRODUCTION: Gleason score biopsy undergrading (GSBU) can have an impact on the management and prognosis of patients with prostate cancer. We analyze the possible impact of time and other clinical and analytical factors in the appearance of GSBU in our series. PATIENTS AND METHOD: Ambispective, multicenter study of 1955 patients with localized prostate cancer undergoing radical prostatectomy between 2005 and 2018. Descriptive statistics and hypothesis testing are reported by univariate and multivariate analyses. RESULTS: Mean age 63.69 (44-80) years, median PSA 8.70 ng / ml (1.23-99). GSBU was observed in 34.7% of the entire cohort. In 72.8% of the cases, the GSBU occurred in one consecutive Gleason score, with the progression from 3 + 3 to 3 + 4 being the most frequent (289 patients, 47.6%). Performing radical prostatectomy 90-180 days before or after the biopsy does not have an impact on its undergrading in any of the groups. In the univariate and multivariate analysis, the presence of tumor or pathological rectal examination in both lobes, the tumor load ≥50% of cylinders and a DPSA ≥0.20, showed independent discriminative capacity to select patients who presented GSBU. CONCLUSIONS: The time from biopsy to radical prostatectomy did not show impact on GSBU. The number of affected cylinders, bilateral tumor and DPSA are easily accessible parameters that can help us select patients with greater probability of presenting GSBU.",Actas Urol Esp (Engl Ed),2020,44,187-195,doi: 10.1016/j.acuro.2019.08.004. Epub 2019 Dec 13,https://www.ncbi.nlm.nih.gov/pubmed/31843220,,negative,0,2020.0
26632846,Role of Focal Therapy with High-Intensity Focused Ultrasound in the Management of Clinically Localized Prostate Cancer,Kuru TH,"Overtreatment of prostate cancer (PC) remains one of the main burdens in uro-oncology. Focal therapy may be a reasonable alternative with less side effects and morbidity. Application of high-intensity focused ultrasound (HIFU) induces immediate and irreversible coagulation. The treatment leads to consecutive necrosis with sharply delineated margins, making HIFU a promising tool for the focal therapy of localized PC. Unlike radiation, the treatment leaves no collateral damage outside of the heated tissue, allowing repeated use of HIFU, if necessary. In case of non-organ-confined relapse, additional radical salvage therapy can be performed. This review gives an overview of the existing evidence on focal HIFU. Today, 3 HIFU devices are approved for the treatment of localized PC: Sonablate™, Ablatherm™ and the FocalOne™ device. In summary, the first published results of focal HIFU are promising. The quality of life and potency of the patients are well preserved. Therefore, HIFU treatment, and especially focal ablation of tumor foci, seems to be a safe alternative to standard treatment, with low side effects. The oncologic results seem satisfactory but need further follow-up to validate this practice of PC control.",Oncol Res Treat,2015,38,634-8,doi: 10.1159/000441600. Epub 2015 Nov 9,https://www.ncbi.nlm.nih.gov/pubmed/26632846,,negative,0,2015.0
15583704,Salvage cryosurgery for locally recurrent prostate cancer following radiotherapy,Ahmed S,"The popularity of radiotherapy as a minimally invasive treatment for prostate cancer is increasing. Despite advancements in radiation delivery, a number of patients will fail treatment. Salvage radical prostatectomy has been the main therapeutic option for locally recurrent radiation failure prostate cancer with curative intent. The operation is technically difficult to perform and associated with significant comorbidities. Salvage cryotherapy has emerged as a minimally invasive alternative option. In this article, we review the role of cryotherapy in recurrent prostate cancer and compare its outcome with salvage radical prostatectomy.",Prostate Cancer Prostatic Dis,2005,8,31-5,doi: 10.1038/sj.pcan.4500774,https://www.ncbi.nlm.nih.gov/pubmed/15583704,,negative,0,2005.0
31935027,"Patient-Reported Outcomes Through 5 Years for Active Surveillance, Surgery, Brachytherapy, or External Beam Radiation With or Without Androgen Deprivation Therapy for Localized Prostate Cancer",Hoffman KE,"IMPORTANCE: Understanding adverse effects of contemporary treatment approaches for men with favorable-risk and unfavorable-risk localized prostate cancer could inform treatment selection. OBJECTIVE: To compare functional outcomes associated with prostate cancer treatments over 5 years after treatment. DESIGN, SETTING, AND PARTICIPANTS: Prospective, population-based cohort study of 1386 men with favorable-risk (clinical stage cT1 to cT2bN0M0, prostate-specific antigen [PSA] ≤20 ng/mL, and Grade Group 1-2) prostate cancer and 619 men with unfavorable-risk (clinical stage cT2cN0M0, PSA of 20-50 ng/mL, or Grade Group 3-5) prostate cancer diagnosed in 2011 through 2012, accrued from 5 Surveillance, Epidemiology and End Results Program sites and a US prostate cancer registry, with surveys through September 2017. EXPOSURES: Treatment with active surveillance (n = 363), nerve-sparing prostatectomy (n = 675), external beam radiation therapy (EBRT; n = 261), or low-dose-rate brachytherapy (n = 87) for men with favorable-risk disease and treatment with prostatectomy (n = 402) or EBRT with androgen deprivation therapy (n = 217) for men with unfavorable-risk disease. MAIN OUTCOMES AND MEASURES: Patient-reported function, based on the 26-item Expanded Prostate Index Composite (range, 0-100), 5 years after treatment. Regression models were adjusted for baseline function and patient and tumor characteristics. Minimum clinically important difference was 10 to 12 for sexual function, 6 to 9 for urinary incontinence, 5 to 7 for urinary irritative symptoms, and 4 to 6 for bowel and hormonal function. RESULTS: A total of 2005 men met inclusion criteria and completed the baseline and at least 1 postbaseline survey (median [interquartile range] age, 64 [59-70] years; 1529 of 1993 participants [77%] were non-Hispanic white). For men with favorable-risk prostate cancer, nerve-sparing prostatectomy was associated with worse urinary incontinence at 5 years (adjusted mean difference, -10.9 [95% CI, -14.2 to -7.6]) and sexual function at 3 years (adjusted mean difference, -15.2 [95% CI, -18.8 to -11.5]) compared with active surveillance. Low-dose-rate brachytherapy was associated with worse urinary irritative (adjusted mean difference, -7.0 [95% CI, -10.1 to -3.9]), sexual (adjusted mean difference, -10.1 [95% CI, -14.6 to -5.7]), and bowel (adjusted mean difference, -5.0 [95% CI, -7.6 to -2.4]) function at 1 year compared with active surveillance. EBRT was associated with urinary, sexual, and bowel function changes not clinically different from active surveillance at any time point through 5 years. For men with unfavorable-risk disease, EBRT with ADT was associated with lower hormonal function at 6 months (adjusted mean difference, -5.3 [95% CI, -8.2 to -2.4]) and bowel function at 1 year (adjusted mean difference, -4.1 [95% CI, -6.3 to -1.9]), but better sexual function at 5 years (adjusted mean difference, 12.5 [95% CI, 6.2-18.7]) and incontinence at each time point through 5 years (adjusted mean difference, 23.2 [95% CI, 17.7-28.7]), than prostatectomy. CONCLUSIONS AND RELEVANCE: In this cohort of men with localized prostate cancer, most functional differences associated with contemporary management options attenuated by 5 years. However, men undergoing prostatectomy reported clinically meaningful worse incontinence through 5 years compared with all other options, and men undergoing prostatectomy for unfavorable-risk disease reported worse sexual function at 5 years compared with men who underwent EBRT with ADT.",JAMA,2020,14,,doi: 10.1001/jama.2019.20675,https://www.ncbi.nlm.nih.gov/pubmed/31935027,,negative,0,2020.0
31199504,Fractionated stereotactic body radiotherapy for up to five prostate cancer oligometastases: Interim outcomes of a prospective clinical trial,Bowden P,"Stereotactic body radiotherapy (SBRT) can delay escalation to systemic treatment in men with oligometastatic prostate cancer (PCa). However, large, prospective studies are still required to evaluate the efficacy of this approach in different patient groups. This is the interim analysis of a prospective, single institution study of men relapsing with up to five synchronous lesions following definitive local treatment for primary PCa. Our aim was to determine the proportion of patients not requiring treatment escalation following SBRT. In total, 199 patients were enrolled to receive fractionated SBRT (50 Gray in 10 fractions) to each visible lesion. Fourteen patients were castration resistant at enrolment. The proportion of patients not requiring treatment escalation 2 years following SBRT was 51.7% (95% CI: 44.1-59.3%). The median length of treatment escalation-free survival over the entire follow-up period was 27.1 months (95% CI; 21.8-29.4 months). Prior androgen deprivation therapy (ADT) predicted a significantly lower rate of freedom from treatment escalation at 2 years compared to no prior ADT (odds ratio = 0.21, 95% CI: 0.08-0.54, p = 0.001). There was no difference in the efficacy of SBRT when treating 4-5 vs. 1-3 initial lesions. A prostate-specific antigen (PSA) decline was induced in 75% of patients, with PSA readings falling to an undetectable level in six patients. No late grade three toxicities were observed. These interim results suggest that SBRT can be used to treat up to five synchronous PCa oligometastases to delay treatment escalation.",Int J Cancer,2020,1,,doi: 10.1002/ijc.32509. Epub 2019 Jun 28,https://www.ncbi.nlm.nih.gov/pubmed/31199504,,negative,0,2020.0
22386416,Ten-year follow-up of neoadjuvant therapy with goserelin acetate and flutamide before radical prostatectomy for clinical T3 and T4 prostate cancer: update on Southwest Oncology Group Study 9109.,Berglund RK,"OBJECTIVE: To update the results with 10-year data of a phase II prospective trial of neoadjuvant hormonal therapy with goserelin acetate and flutamide followed by radical prostatectomy for locally advanced prostate cancer (SWOG 9109). The optimal management for clinical stage T3 and T4 N0,M0 prostate cancer is uncertain. MATERIALS AND METHODS: Sixty-two patients with clinical stage T3 and T4 N0,M0 prostate cancer were enrolled. Cases were classified by stage T3 vs T4 and by volume of disease (bulky >4 cm and nonbulky ≤ 4 cm). RESULTS: Fifty-five of 61 eligible patients completed the trial with radical prostatectomy after neoadjuvant androgen deprivation therapy (ADT). The median preoperative prostate-specific antigen value was 19.8 ng/mL, and 67% of patients had a Gleason score of ≥ 7. Among 41 patients last known to be alive, median follow-up is 10.6 years (range 5.1-12.6). In all, 38 patients have had disease progression (30/55, 55%) or died without progression (8/55, 15%) for a 10-year progression-free survival (PFS) estimate of 40% (95% CI 27-53). Median PFS was 7.5 years, and median survival has not been reached. The 10-year overall survival (OS) estimate is 68% (95% CI 56-80). CONCLUSIONS: In this small, prospective phase II study, neoadjuvant hormonal therapy with goserelin acetate and flutamide followed by radical prostatectomy achieves long-term PFS and OS comparable with alternative treatments. This approach is feasible and may be an alternative to a strategy of combined radiation and ADT.",Urology,2012,79,633-7,10.1016/j.urology.2011.11.019,https://www.ncbi.nlm.nih.gov/pubmed/22386416,HIGH RISK,positive,1,
23462420,Retrospective evaluation reveals that long-term androgen deprivation therapy improves cause-specific and overall survival in the setting of dose-escalated radiation for high-risk prostate cancer.,Feng FY,"PURPOSE: To evaluate the role of androgen deprivation therapy (ADT) and duration for high-risk prostate cancer patients treated with dose-escalated radiation therapy (RT). METHODS AND MATERIALS: A retrospective analysis of high-risk prostate cancer patients treated with dose-escalated RT (minimum 75 Gy) with or without ADT was performed. The relationship between ADT use and duration with biochemical failure (BF), metastatic failure (MF), prostate cancer-specific mortality (PCSM), non-prostate cancer death (NPCD), and overall survival (OS) was assessed as a function of pretreatment characteristics, comorbid medical illness, and treatment using Fine and Gray's cumulative incidence methodology. RESULTS: The median follow-up time was 64 months. In men with National Comprehensive Cancer Network defined high-risk prostate cancer treated with dose-escalated RT, on univariate analysis, both metastasis (P<.0001; hazard ratio 0.34; 95% confidence interval 0.18-0.67; cumulative incidence at 60 months 13% vs 35%) and PCSM (P=.015; hazard ratio 0.41; 95% confidence interval 0.2-1.0; cumulative incidence at 60 months 6% vs 11%) were improved with the use of ADT. On multivariate analysis for all high-risk patients, Gleason score was the strongest negative prognostic factor, and long-term ADT (LTAD) improved MF (P=.002), PCSM (P=.034), and OS (P=.001). In men with prostate cancer and Gleason scores 8 to 10, on multivariate analysis after adjustment for other risk features, there was a duration-dependent improvement in BF, metastasis, PCSM, and OS, all favoring LTAD in comparison with STAD or RT alone. CONCLUSION: For men with high-risk prostate cancer treated with dose-escalated EBRT, this retrospective study suggests that the combination of LTAD and RT provided a significant improvement in clinical outcome, which was especially true for those with Gleason scores of 8 to 10.",Int J Radiat Oncol Biol Phys,2013,86,64-71,10.1016/j.ijrobp.2012.11.024,https://www.ncbi.nlm.nih.gov/pubmed/23462420,HIGH RISK,positive,1,
31942652,Focal high-dose-rate brachytherapy for localized prostate cancer: toxicity and preliminary biochemical results,Prada PJ,"BACKGROUND: This study aimed to evaluate the outcomes and the toxicity of focal high-dose-rate (HDR) brachytherapy in selected localized prostate cancer patients. METHODS: Fifty patients were treated with focal high-dose-rate brachytherapy between March 2013 and November 2017, representing 5% of the cases treated by our group during this period. Only patients with very limited and localized tumors, according to strict criteria, were selected for the procedure. The prescribed dose for the focal volume was 24 Gy. RESULTS: The treated volume corresponded to a mean value of 32% of the total prostatic volume. The mean focal D<sub>90</sub> in our series was 23 Gy (range 16-26 Gy). The mean initial IPSS was 8.2 (range 0-26), at 6 months 7.5 (range 0-23), and at 24 months 6.7 (range 0-18). No acute or late urinary retention was seen. When the ICIQ-SF score was 0 at the end of treatment, it remained nil thereafter at 1 and 2 years for all patients. No intraoperative or perioperative complications occurred. No rectal toxicity was reported after treatment. Of the total patients identified as potent, only three patients had a very slight decrease of the mean IIEF5. The mean initial PSA was 6.9 ng/mL (range 1.9-13.4). At the last follow-up visit, the mean PSA was 3 ng/ml (range 0.48-8.11). CONCLUSION: HDR focal brachytherapy in selected patients with low intermediate-risk prostate cancer could achieve the same satisfactory results in terms of relapse-free survival as conventional whole prostate brachytherapy with less toxicity.",Strahlenther Onkol,2020,196,222-228,doi: 10.1007/s00066-019-01561-3. Epub 2020 Jan 15,https://www.ncbi.nlm.nih.gov/pubmed/31942652,,negative,0,2020.0
20493642,Long-term failure patterns and survival in a randomized dose-escalation trial for prostate cancer. Who dies of disease?,Kuban DA,"PURPOSE: To report long-term failure patterns and survival in a randomized radiotherapy dose escalation trial for prostate cancer. MATERIALS AND METHODS: A total of 301 patients with Stage T1b-T3 prostate cancer treated to 70 Gy versus 78 Gy now have a median follow-up of 9 years. Failure patterns and survival were compared between dose levels. The cumulative incidence of death from prostate cancer versus other causes was examined and regression analysis was used to establish predictive factors. RESULTS: Patients with pretreatment prostate-specific antigen (PSA) >10 ng/mL or high-risk disease had higher biochemical and clinical failures rates when treated to 70 Gy. These patients also had a significantly higher risk of dying of prostate cancer. Patients <70 years old at treatment died of prostate cancer nearly three times more frequently than of other causes when they were radiated to 70 Gy, whereas those treated to 78 Gy died of other causes more frequently. Patients age 70 or older treated to 70 Gy died of prostate cancer as often as other causes, and those receiving 78 Gy never died of prostate cancer within 10 years of follow-up. In regression analysis, factors predicting for death from prostate cancer were pretreatment PSA >10.5 ng/mL, Gleason score 9 and 10, recurrence within 2.6 years of radiation, and doubling time of <3.6 months at the time of recurrence. CONCLUSIONS: Moderate dose escalation (78 Gy) decreases biochemical and clinical failure as well as prostate cancer death in patients with pretreatment PSA >10 ng/mL or high-risk disease.",Int J Radiat Oncol Biol Phys,2011,79,1310-7,10.1016/j.ijrobp.2010.01.006,https://www.ncbi.nlm.nih.gov/pubmed/20493642,HIGH RISK,positive,1,
16165919,Surgical treatment of localized prostate cancer,Damber JE,"Radical retropubic prostatectomy (RRP) is the reference method for treatment of localised, organ confined prostate cancer. Since the introduction of nerve-sparing procedure for RRP in the 1980's, the operation has become widespread and is today one of the most common surgical procedures in Urology. In this overview the indications, operative procedure and side effects of RRP are briefly discussed.",Acta Oncol,2005,44,599-604,doi: 10.1080/02841860510029734,https://www.ncbi.nlm.nih.gov/pubmed/16165919,,negative,0,2005.0
20100637,Management of prostate cancer recurrence after definitive radiation therapy,Boukaram C,"The management of prostate cancer (PC) recurrence after definitive radiation therapy (RT) is shifting and there is no consensus regarding the optimal strategy. The major challenge is determining the anatomical site of relapse. In case of biochemical relapse (BR), androgen deprivation therapy (ADT) is a non-curative option commonly used, while patients with a local PC recurrence could be managed through a curative intent. Based on a Pubmed data search, this manuscript focused on the management of post-RT local PC recurrences. In case of BR (nadir+2 ng/ml), classical imaging work-up is not contributive for PSA levels <10 ng/ml while new imaging investigations (diffusion MRI, 11C-choline PET) are more sensitive to detect local and distant recurrences at lower PSA levels. Positive prostate biopsies are the only method for confirming local recurrence, although this technique presents limitations. Primary PC presentation as well as PSA-related features (interval to failure, PSA kinetic) and patient features (life expectancy, urinary, sexual status) are important to consider. Results of curative salvage options (radical prostatectomy, cryotherapy, brachytherapy and high-intensity focused ultrasound-HIFU) are analyzed and discussed. Each of these therapies appears feasible and has its own set of experience and toxicity profile. Other therapeutic options (photodynamic therapy, ADT, observation) are discussed. Longer follow-up and mature series are needed to evaluate the optimal strategy and prospective trials are warranted. Each clinical situation should be discussed in a multidisciplinary setting. Different options should be explained to the patient and decision should be taken after balancing treatment outcomes with life expectancy.",Cancer Treat Rev,2010,36,91-100,doi: 10.1016/j.ctrv.2009.06.006. Epub 2010 Jan 25,https://www.ncbi.nlm.nih.gov/pubmed/20100637,,negative,0,2010.0
16289906,"A phase II study of external beam radiotherapy combined with permanent source brachytherapy for intermediate-risk, clinically localized adenocarcinoma of the prostate: preliminary results of RTOG P-0019",Lee WR,"PURPOSE: To estimate the rate of acute and late Grade 3-5 genitourinary and gastrointestinal toxicity after treatment with external beam radiotherapy and permanent source brachytherapy in a multi-institutional, cooperative group setting. METHODS AND MATERIALS: All patients were treated with external beam radiotherapy (45 Gy in 25 fractions), followed 2-6 weeks later by an interstitial implant using 125I to deliver an additional 108 Gy. Late genitourinary toxicity was graded according to the Common Toxicity Criteria Version 2.0, and the Radiation Therapy Oncology Group/European Organization for Research and Treatment of Cancer late radiation morbidity scoring system was used for all other toxicity. RESULTS: A total of 138 patients from 28 institutions were entered on this study. Acute toxicity information was available in 131 patients, and 127 patients were analyzable for late toxicity. Acute Grade 3 toxicity was documented in 10 of 131 patients (7.6%). No Grade 4 or 5 acute toxicity has been observed. The 18-month month estimate of late Grade 3 genitourinary and gastrointestinal toxicity was 3.3% (95% confidence interval, 0.1-6.5). No late Grade 4 or 5 toxicity has been observed. CONCLUSIONS: The acute and late morbidity observed in this multi-institutional, cooperative group study is consistent with previous reports from single institutions with significant prostate brachytherapy experience.",Int J Radiat Oncol Biol Phys,2006,1,,doi: 10.1016/j.ijrobp.2005.09.002. Epub 2005 Nov 14,https://www.ncbi.nlm.nih.gov/pubmed/16289906,,negative,0,2005.0
24138913,Conventional versus automated implantation of loose seeds in prostate brachytherapy: analysis of dosimetric and clinical results.,Genebes C,"PURPOSE: To review the clinical outcome of I-125 permanent prostate brachytherapy (PPB) for low-risk and intermediate-risk prostate cancer and to compare 2 techniques of loose-seed implantation. METHODS AND MATERIALS: 574 consecutive patients underwent I-125 PPB for low-risk and intermediate-risk prostate cancer between 2000 and 2008. Two successive techniques were used: conventional implantation from 2000 to 2004 and automated implantation (Nucletron, FIRST system) from 2004 to 2008. Dosimetric and biochemical recurrence-free (bNED) survival results were reported and compared for the 2 techniques. Univariate and multivariate analysis researched independent predictors for bNED survival. RESULTS: 419 (73%) and 155 (27%) patients with low-risk and intermediate-risk disease, respectively, were treated (median follow-up time, 69.3 months). The 60-month bNED survival rates were 95.2% and 85.7%, respectively, for patients with low-risk and intermediate-risk disease (P=.04). In univariate analysis, patients treated with automated implantation had worse bNED survival rates than did those treated with conventional implantation (P<.0001). By day 30, patients treated with automated implantation showed lower values of dose delivered to 90% of prostate volume (D90) and volume of prostate receiving 100% of prescribed dose (V100). In multivariate analysis, implantation technique, Gleason score, and V100 on day 30 were independent predictors of recurrence-free status. Grade 3 urethritis and urinary incontinence were observed in 2.6% and 1.6% of the cohort, respectively, with no significant differences between the 2 techniques. No grade 3 proctitis was observed. CONCLUSION: Satisfactory 60-month bNED survival rates (93.1%) and acceptable toxicity (grade 3 urethritis<3%) were achieved by loose-seed implantation. Automated implantation was associated with worse dosimetric and bNED survival outcomes.",Int J Radiat Oncol Biol Phys,2013,87,651-8,10.1016/j.ijrobp.2013.08.010,https://www.ncbi.nlm.nih.gov/pubmed/24138913,LOW RISK,positive,1,
26341039,Individualization of Adjuvant Therapy After Radical Prostatectomy for Clinically Localized Prostate Cancer: Current Status and Future Directions,Mitchell DL,"Radiation therapy indications in the postprostatectomy setting are evolving. Several retrospective series have identified a number of ""high-risk"" pathologic features associated with an elevated risk of disease recurrence after radical prostatectomy. More recently, several randomized phase III trials demonstrated superior biochemical relapse-free survival for adjuvant radiation therapy after prostatectomy for patients with these high-risk pathologic features, including positive margin status, extraprostatic extension, and/or seminal vesicle invasion. These series further suggested improvement in distant metastasis control and overall survival after 15 years. However, not all patients with high-risk features experience disease recurrence after surgery alone, and some subsets of patients experience suboptimal disease control and survival despite immediate postoperative radiotherapy. Furthermore, some patients without high-risk features will develop recurrence. The present review discusses the current data and potential future directions to improve individualization of therapy after prostatectomy.",Clin Genitourin Cancer,2016,14,12-21,doi: 10.1016/j.clgc.2015.07.022. Epub 2015 Aug 6,https://www.ncbi.nlm.nih.gov/pubmed/26341039,,negative,0,2015.0
20675081,A matched control analysis of adjuvant and salvage high-dose postoperative intensity-modulated radiotherapy for prostate cancer,Ost P,"PURPOSE: It is unclear whether immediate adjuvant radiotherapy for high-risk disease at prostatectomy (capsule perforation, seminal vesicle invasion, and/or positive surgical margins) is equivalent to delayed salvage radiotherapy at biochemical recurrence. We performed a matched case analysis comparing high-dose adjuvant intensity modulated radiotherapy (A-IMRT) with salvage IMRT (S-IMRT). METHODS AND MATERIALS: One hundred forty-four patients with high-risk disease at prostatectomy were referred for A-IMRT, and 134 patients with high-risk disease were referred at biochemical recurrence (rising prostate-specific antigen [PSA], following prostatectomy, above 0.2 ng/ml) for S-IMRT. Patients were matched in a 1:1 ratio according to preoperative PSA level, Gleason score, and pT stage. Median doses of 74 Gy and 76 Gy were prescribed for A-IMRT and S-IMRT, respectively. We report biochemical relapse free survival (bRFS) rates using the Kaplan-Meier method. Univariate and multivariate analyses were used to examine tumour- and treatment-related factors. RESULTS: A total of 178 patients were matched (89:89). From the end of radiotherapy, the median follow-up was 36 months for both groups. The 3-year bRFS rate for the A-IMRT group was 90% compared to 65% for the S-IMRT group (p < 0.05). On multivariate analysis, S-IMRT, Gleason grades of ≥ 4+3, perineural invasion, preoperative PSA level of ≥ 10 ng/ml, and omission of androgen deprivation (AD) were independent predictors for a reduced bRFS (p < 0.05). From the date of surgery, the median follow-up was 43 and 60 months for A-IMRT and S-IMRT, respectively. The 3-year bRFS rate for A-IMRT was 91% compared to 79% for S-IMRT (p < 0.05). On multivariate analysis, Gleason grades of ≥ 4+3, perineural invasion, and omission of AD were independent predictors for a reduced bRFS (p < 0.05). S-IMRT was no longer an independent prognostic factor (p = 0.08). CONCLUSIONS: High-dose A-IMRT significantly improves 3-year bRFS compared to S-IMRT. Gleason grades of ≥ 4+3, perineural invasion, and omission of AD were independent prognostic factors for a decreased bRFS, both from the dates of surgery and from radiotherapy.",Int J Radiat Oncol Biol Phys,2011,1,,doi: 10.1016/j.ijrobp.2010.04.039. Epub 2010 Aug 1,https://www.ncbi.nlm.nih.gov/pubmed/20675081,,negative,0,2010.0
23415962,Evolution and outcomes of 3 MHz high intensity focused ultrasound therapy for localized prostate cancer during 15 years.,Thüroff S,"PURPOSE: We describe the long-term cancer control and morbidity of high intensity focused ultrasound with neoadjuvant transurethral resection of the prostate, the risk of metastatic induction by transurethral prostate resection, and the evolution of high intensity focused ultrasound application and technology with time. MATERIALS AND METHODS: A prospective Harlaching high intensity focused ultrasound database was searched for patients with primary localized prostate cancer (T1-2, N0, M0, PSA at first diagnosis less than 50 ng/ml) and followup longer than 15 months. Those patients with previous long-term androgen deprivation therapy, locally advanced prostate cancer or any therapy influencing prostate specific antigen were excluded from study. All patients were treated completely with an Ablatherm® high intensity focused ultrasound device. Evaluation was performed in aggregate, and by stratification according to cohort group, risk group (D'Amico criteria), prostate specific antigen nadir and Gleason score. The Phoenix definition was used for biochemical failure. Statistical analysis was performed using the Kaplan-Meier method, and univariate and multivariate analysis was performed using a Cox model. RESULTS: Of 704 study patients 78.5% had intermediate or high risk disease. Mean followup was 5.3 years (range 1.3 to 14). Cancer specific survival was 99%, metastasis-free survival was 95%, and 10-year salvage treatment-free rates were 98% in low risk, 72% in intermediate risk and 68% in high risk patients. Prostate specific antigen nadir and Gleason score predicted biochemical failure, and side effects were moderate. The high intensity focused ultrasound re-treatment rate has been 15% since 2005. CONCLUSIONS: Long-term followup with high intensity focused ultrasound therapy demonstrated a high overall rate of cancer specific survival and an exceptionally high rate of freedom from salvage therapy requirements in low risk patients. Advances in high intensity focused ultrasound technology and clinical practice as well as the use of neoadjuvant transurethral prostate resection allow the complete treatment of any size prostate without inducing metastasis.",J Urol,2013,190,702-10,10.1016/j.juro.2013.02.010,https://www.ncbi.nlm.nih.gov/pubmed/23415962,LOW RISK,positive,1,
31653563,Survival outcomes of radical prostatectomy vs. external beam radiation therapy in prostate cancer patients with Gleason Score 9-10 at biopsy: A population-based analysis,Knipper S,"PURPOSE: Gleason Score (GS) 9-10 prostate cancer is associated with particularly adverse oncological outcomes and the optimal treatment is unknown. Therefore, cancer-specific mortality (CSM) rates after radical prostatectomy (RP) ± adjuvant radiation therapy (aRT) vs. external beam radiation therapy (EBRT) were tested. METHODS: Within the Surveillance, Epidemiology, and End Results database (2004-2015), 17,897 clinically localized prostate cancer patients with biopsy GS 9-10 were identified who either received RP ± aRT or EBRT. Temporal trends, cumulative incidence plots and multivariable competing-risks regression analyses were used after propensity score matching. Sensitivity analyses were performed according to primary treatment type (RP only vs. EBRT). RESULTS: Of all, 8,890 (49.7%) underwent EBRT vs. 9,007 (50.3%) underwent RP. Of those, 2,584 (28.7%) received aRT. No significant change in treatment assignment was recorded over time. In cumulative incidence smoothed plots, 10 year CSM rates were 19.9% vs. 19.6% (P = 0.3) and 10 year other-cause mortalityrates were 11.5% vs. 31.2%, respectively, in RP vs. EBRT patients (P < 0.001). In multivariable competing-risks regression analyses, RP did not reach independent predictor status of lower CSM (hazard ratio (HR): 0.93, P = 0.2). In sensitivity analyses within RP only vs. EBRT patients, RP represented an independent predictor of lower CSM (HR: 0.76, P < 0.001). CONCLUSIONS: In biopsy GS 9-10 patients, no CSM differences were observed after RP ± aRT vs. EBRT. However, in patients in whom RP did not have to be combined with aRT, RP seems to be associated with a minor improvement in cancer-specific survival compared to EBRT. This applied to the majority of GS 9-10 RP patients.",Urol Oncol,2020,38,79,doi: 10.1016/j.urolonc.2019.09.015. Epub 2019 Oct 23,https://www.ncbi.nlm.nih.gov/pubmed/31653563,,negative,0,2020.0
16160131,Comparison of conventional-dose vs high-dose conformal radiation therapy in clinically localized adenocarcinoma of the prostate: a randomized controlled trial.,Zietman AL,"CONTEXT: Clinically localized prostate cancer is very prevalent among US men, but recurrence after treatment with conventional radiation therapy is common. OBJECTIVE: To evaluate the hypothesis that increasing the radiation dose delivered to men with clinically localized prostate cancer improves disease outcome. DESIGN, SETTING, AND PATIENTS: Randomized controlled trial of 393 patients with stage T1b through T2b prostate cancer and prostate-specific antigen (PSA) levels less than 15 ng/mL randomized between January 1996 and December 1999 and treated at 2 US academic institutions. Median age was 67 years and median PSA level was 6.3 ng/mL. Median follow-up was 5.5 (range, 1.2-8.2) years. INTERVENTION: Patients were randomized to receive external beam radiation to a total dose of either 70.2 Gy (conventional dose) or 79.2 Gy (high dose). This was delivered using a combination of conformal photon and proton beams. MAIN OUTCOME MEASURE: Increasing PSA level (ie, biochemical failure) 5 years after treatment. RESULTS: The proportions of men free from biochemical failure at 5 years were 78.8% [corrected] (95% confidence interval, 73.1%-84.6%) [corrected] for conventional-dose and 91.3% [corrected] (95% confidence interval, 87.2%-95.4%) [corrected] for high-dose therapy (P<.001), a 59% [corrected] reduction in the risk of failure. The advantage to high-dose therapy was statistically significant [corrected] in both the low-risk subgroup [corrected] (risk reduction, 84% [P<.001]) [corrected] There has been no significant difference in overall survival rates between the treatment groups. Only 1% of patients receiving conventional-dose and 2% receiving high-dose radiation experienced acute urinary or rectal morbidity of Radiation Therapy Oncology Group (RTOG) grade 3 or greater. So far, only 2% and 1%, respectively, have experienced late morbidity of RTOG grade 3 or greater. CONCLUSIONS: Men with clinically localized prostate cancer have a lower risk of biochemical failure if they receive high-dose rather than conventional-dose conformal radiation. This advantage was achieved without any associated increase in RTOG grade 3 acute or late urinary or rectal morbidity.",JAMA,2005,294,1233-9,10.1001/jama.294.10.1233,https://www.ncbi.nlm.nih.gov/pubmed/16160131,LOW RISK,positive,1,
32377602,Long-term oncologic outcomes after radical prostatectomy in clinically localized prostate cancer: 10-year follow-up in Korea,Suh J,"PURPOSE: The clinical behavior of prostate cancer differs by race and ethnicity; however, data on the Korean population are scarce. We assessed the long-term oncologic outcomes of clinically localized prostate cancer after radical prostatectomy in Korean men. MATERIALS AND METHODS: We analyzed 786 clinically localized prostate cancer patients who underwent radical prostatectomy, from June 1993 to June 2008. Kaplan-Meier survival curve analysis and log-rank test were used to assess the oncologic outcomes. RESULTS: The mean age of the patients was 64.9±6.6 years. Pelvic lymph node dissection was performed in 373 patients. Pathologic T and N stage cancer with local advancement and invasion were detected by radical prostatectomy in 307 and 22 patients, respectively. In total, 38 patients who underwent adjuvant therapy were excluded from the analysis of progression after biochemical recurrence (BCR), which occurred in 261 men. In total, 219 patients underwent salvage treatment. Local recurrence and distant metastasis occurred in 109 and 42 patients, respectively; 36 patients experienced metastasis with local recurrence. Castration-resistant prostate cancer developed in 22 patients, and overall and disease-specific mortality was noted in 148 and 23 patients, respectively. The median duration from operation to BCR, BCR to metastasis, and metastasis to disease-specific death was 25, 40, and 22 months, respectively. CONCLUSIONS: We demonstrated the long-term prognosis of localized prostate cancer after radical prostatectomy among Koreans. Our results differ from those reported in the Western literature, with a lower prevalence of distant metastasis and shorter time to metastasis after BCR.",Investig Clin Urol,2020,61,269-276,doi: 10.4111/icu.2020.61.3.269. Epub 2020 Apr 21,https://www.ncbi.nlm.nih.gov/pubmed/32377602,,negative,0,2020.0
20646861,Long-term follow-up and risk of cancer death after radiation for post-prostatectomy rising prostate-specific antigen,Swanson GP,"PURPOSE: The results of salvage radiation therapy for rising prostate-specific antigen (PSA) levels after radical prostatectomy appear favorable, but the ultimate outcome is uncertain, given the relatively short follow-up in most studies. We report on a group of patients at a median follow-up of 13.9 years after salvage radiation therapy. METHODS AND MATERIALS: From 1990 to 1995, 92 patients were referred postoperatively for radiation for a rising PSA level. PSA level at the time of referral ranged from 0.1 to 30.5 ng/ml (median, 1.5 ng/ml). The median time from surgery to radiation was 2.1 years (range,, 0.3-7.4 years). Radiation was directed to the prostatic fossa only with a median dose of 6,500 cGy (range, 6,000-7,000 cGy). RESULTS: Eighty-five patients experienced a PSA drop after radiation, as predicted by Gleason score and PSA level at the start of radiation. Five- and 10-year biochemical failure free survival (BFFS) was 35% and 26%, respectively, and overall survival was 86% and 67%, respectively. Median survival was 12.0 years, and median BFF was 2.3 years. The presurgery PSA level was not predictive, but the PSA level at the start of radiation predicted a response. Patients with Gleason 8 to 9 cancers had a significantly higher progression rate than those with lower Gleason scores. There were no significant differences in outcomes based on pathology findings (none vs. positive margins vs. positive seminal vesicles). Overall, 22 (24%) patients died directly from prostate cancer, resulting in a 10-year cancer-specific survival rate of 82%. Multivariate analysis risk factors for dying of cancer were Gleason's score (8 to 9) and PSA at the start of radiation therapy (>1.0 ng/ml). CONCLUSIONS: Patients have a good response to salvage radiation therapy. A small but durable subgroup appears to have permanent control. In those for whom therapy fails, radiation delays the need for other salvage therapy, indicating at least a transient benefit to most patients.",Int J Radiat Oncol Biol Phys,2011,1,,doi: 10.1016/j.ijrobp.2010.01.043. Epub 2010 Jun 18,https://www.ncbi.nlm.nih.gov/pubmed/20646861,,negative,0,2010.0
31437121,Focal Therapy for Localized Prostate Cancer with Either High Intensity Focused Ultrasound or Cryoablation: A Single Institution Experience,Tourinho-Barbosa RR,"PURPOSE: We report oncologic outcomes in patients treated with focal therapy for prostate cancer. MATERIALS AND METHODS: We retrospectively analyzed a single institution cohort of men with localized prostate cancer who received focal therapy using high intensity focused ultrasound or cryotherapy from 2009 to 2018. Focal therapy was offered for low or intermediate risk disease (prostate specific antigen less than 20 ng/ml, Gleason score 7 or less and clinical stage T2b or less). Patients with previous prostate cancer treatment or less than 6 months of followup were excluded from study. Failure was defined as local or systemic salvage treatment, a positive biopsy Gleason score of 7 or greater in-field or out-of-field in nontreated patients, prostate cancer metastasis or prostate cancer specific death. Cox regression analysis was done to identify independent predictors of failure after focal therapy. RESULTS: Of the 309 patients included in study 190 and 119 were treated with high intensity focused ultrasound and cryotherapy, respectively. Median followup was 45 months. At 1, 3 and 5 years the failure-free survival rate was 95%, 67% and 54%, and the radical treatment-free survival rate was 99%, 79% and 67%, respectively. The 5-year metastasis-free survival rate was 98% and no prostate cancer specific death was registered in this cohort. Before focal therapy a biopsy Gleason score of 7 (3 + 4) or greater (HR 2.4, p <0.001) and nadir prostate specific antigen (HR 2.2, p <0.001) were independently associated with failed focal therapy. In the salvage focal therapy setting in-field recurrence after primary focal therapy was associated with poorer failure-free survival (p=0.02). CONCLUSIONS: Almost half of the men were free of focal therapy failure 5 years after treatment. Still, a significant proportion experienced recurrence at the midterm followup. The preoperative biopsy Gleason score and nadir prostate specific antigen were significantly associated with treatment failure.",J Urol,2020,203,320-330,doi: 10.1097/JU.0000000000000506. Epub 2019 Aug 22,https://www.ncbi.nlm.nih.gov/pubmed/31437121,,negative,0,2020.0
19464818,Salvage radiotherapy for rising prostate-specific antigen levels after radical prostatectomy for prostate cancer: dose-response analysis,Bernard JR Jr,"PURPOSE: To investigate the association between external beam radiotherapy (EBRT) dose and biochemical failure (BcF) of prostate cancer in patients who received salvage prostate bed EBRT for a rising prostate-specific antigen (PSA) level after radical prostatectomy. METHODS AND MATERIALS: We evaluated patients with a rising PSA level after prostatectomy who received salvage EBRT between July 1987 and October 2007. Patients receiving pre-EBRT androgen suppression were excluded. Cox proportional hazards models were used to investigate the association between EBRT dose and BcF. Dose was considered as a numeric variable and as a categoric variable (low, <64.8 Gy; moderate, 64.8-66.6 Gy; high, >66.6 Gy). RESULTS: A total of 364 men met study selection criteria and were followed up for a median of 6.0 years (range, 0.1-19.3 years). Median pre-EBRT PSA level was 0.6 ng/mL. The estimated cumulative rate of BcF at 5 years after EBRT was 50% overall and 57%, 46%, and 39% for the low-, moderate-, and high-dose groups, respectively. In multivariable analysis adjusting for potentially confounding variables, there was evidence of a linear trend between dose and BcF, with risk of BcF decreasing as dose increased (relative risk [RR], 0.77 [5.0-Gy increase]; p = 0.05). Compared with the low-dose group, there was evidence of a decreased risk of BcF for the high-dose group (RR, 0.60; p = 0.04), but no difference for the moderate-dose group (RR, 0.85; p = 0.41). CONCLUSIONS: Our results suggest a dose response for salvage EBRT. Doses higher than 66.6 Gy result in decreased risk of BcF.",Int J Radiat Oncol Biol Phys,2010,1,,doi: 10.1016/j.ijrobp.2009.02.049. Epub 2009 May 21,https://www.ncbi.nlm.nih.gov/pubmed/19464818,,negative,0,2010.0
20044216,Young men have equivalent biochemical outcomes compared with older men after treatment with brachytherapy for prostate cancer.,Burri RJ,"PURPOSE: To evaluate retrospectively the biochemical outcomes of young men treated with low-dose-rate brachytherapy for prostate cancer. METHODS AND MATERIALS: From 1990 to 2005, 1,665 men with clinically localized prostate cancer were treated with low-dose-rate brachytherapy +/- hormone therapy (HT) +/- external beam radiotherapy and underwent > or = 2 years of follow-up. Patients were stratified on the basis of age: < or = 60 (n = 378) and >60 years (n = 1,287). Biochemical failure was defined as a prostate-specific antigen (PSA) nadir plus 2 ng/mL. Univariate and multivariate analyses were used to determine the association of variables with freedom from biochemical failure (FFbF). RESULTS: Median follow-up was 68 months (range, 24-180) for men < or = 60 years and 66 months (range, 24-200) for men >60. For the entire group, the actuarial 5- and 8-year FFbF rates were 94% and 88%, respectively. Men < or = 60 demonstrated similar 5- and 8-year FFbF (95% and 92%) compared with men >60 (93% and 87%; p = 0.071). A larger percent of young patients presented with low-risk disease; lower clinical stage, Gleason score (GS), and pretreatment PSA values; were treated after 1997; did not receive any HT; and had a high biologic effective dose (BED) of radiation (all ps <0.001). On multivariate analysis, PSA (p = 0.001), GS (p = 0.005), and BED (p < 0.001) were significantly associated with FFbF, but age was not (p = 0.665). CONCLUSION: Young men achieve excellent 5- and 8-year biochemical control rates that are comparable to those of older men after prostate brachytherapy. Young age should not be a deterrent when considering brachytherapy as a primary treatment option for clinically localized prostate cancer.",Int J Radiat Oncol Biol Phys,2010,77,1315-21,10.1016/j.ijrobp.2009.06.052,https://www.ncbi.nlm.nih.gov/pubmed/20044216,LOW RISK,positive,1,
21185115,Disease-free survival following salvage cryotherapy for biopsy-proven radio-recurrent prostate cancer,Williams AK,"BACKGROUND: The optimum treatment of prostate cancer recurrence following radiation therapy (RT) remains controversial due to the lack of long-term data. OBJECTIVE: Our aim was to review the survival of patients who underwent salvage cryotherapy to the prostate gland for biopsy-proven recurrent prostate cancer and establish prognostic indicators. DESIGN, SETTING, AND PARTICIPANTS: A retrospective analysis was performed on all patients undergoing salvage cryotherapy at an academic urology unit for biopsy-proven locally recurrent prostate cancer after RT from 1995 to 2004. Patients' preoperative, perioperative, and postoperative data were reviewed and recorded. INTERVENTION: Two freeze-thaw cycles of transperineal cryotherapy were performed under transrectal ultrasound guidance by a single surgeon. MEASUREMENTS: The primary outcome was survival. Secondary outcomes were disease-free survival (DFS), metastasis-free survival, and progression to androgen-deprivation therapy. RESULTS AND LIMITATIONS: Of 187 patients, 176 had records available for follow-up (follow-up rate: 94%). Mean follow-up was 7.46 yr (range: 1-14 yr). Fifty-two patients were followed for >10 yr. DFS at 10 yr was 39%. Risk factors for recurrence were presalvage prostate-specific antigen (PSA), preradiation, and presalvage Gleason score. A PSA nadir >1.0 ng/dl was highly predictive of early recurrence. CONCLUSIONS: Salvage cryotherapy led to an acceptable 10-yr DFS. Presalvage PSA and Gleason score were the best predictors of disease recurrence. A PSA nadir >1 ng/dl following cryotherapy indicated a poor prognosis, and recurrence of disease was universal in these patients.",Eur Urol,2011,60,405-10,doi: 10.1016/j.eururo.2010.12.012. Epub 2010 Dec 21,https://www.ncbi.nlm.nih.gov/pubmed/21185115,,negative,0,2010.0
18342200,Ten-year biochemical disease control for patients with prostate cancer treated with cryosurgery as primary therapy.,Cohen JK,"OBJECTIVES: Prostate cryosurgery has been increasingly used for the management of localized prostate cancer since its introduction in a minimally invasive form in the early 1990s. We performed a retrospective study of the largest and most mature patient group treated with cryosurgery reported thus far. METHODS: We retrospectively analyzed the data from 370 patients treated consecutively from 1991 to 1996 with a focus on the determination of biochemical disease-free survival for a group of patients with T1 to T3 prostate cancer who had undergone prostate cryosurgery as primary monotherapy. Only patients with no previous radiotherapy, hormonal therapy, or surgery were included. RESULTS: The median follow-up was 12.55 years. Using a nadir plus 2 ng/dL definition, Kaplan-Meier analysis demonstrated a biochemical disease-free survival rate at 10 years of 80.56%, 74.16%, and 45.54% for low, moderate, and high-risk groups, respectively. The 10-year negative biopsy rate was 76.96%. CONCLUSIONS: The results for this pilot group of patients who underwent percutaneous prostate cryosurgery monotherapy demonstrated biochemical disease-free survival rates that overlap with those of similar groups of patients treated under similar circumstances using other types of nonextirpative monotherapy.",Urology,2008,71,515-8,10.1016/j.urology.2007.09.059,https://www.ncbi.nlm.nih.gov/pubmed/18342200,HIGH RISK,positive,1,
20675072,"10-year experience with I-125 prostate brachytherapy at the Princess Margaret Hospital: results for 1,100 patients",Crook J,"PURPOSE: To report outcomes for 1,111 men treated with iodine-125 brachytherapy (BT) at a single institution. METHODS AND MATERIALS: A total of 1,111 men (median age, 63) were treated with iodine-125 prostate BT for low- or intermediate-risk prostate cancer between March 1999 and November 2008. Median prostate-specific antigen (PSA) level was 5.4 ng/ml (range, 0.9-26.1). T stage was T1c in 66% and T2 in 34% of patients. Gleason score was 6 in 90.1% and 7 or 8 in 9.9% of patients. Neoadjuvant hormonal therapy (2-6 months course) was used in 10.1% of patients and combined external radiotherapy (45 Gy) with BT (110 Gy) in 4.1% (n = 46) of patients. Univariate and multivariate Cox proportional hazards were used to determine predictors of failure. RESULTS: Median follow-up was 42 months (range, 6-114), but for biochemical freedom from relapse, a minimum PSA test follow-up of 30 months was required (median 54; n = 776). There were 27 failures, yielding an actuarial 7-year disease-free survival rate of 95.2% (96 at risk beyond 84 months). All failures underwent repeat 12-core transrectal ultrasound -guided biopsies, confirming 8 local failures. On multivariate analysis, Gleason score was the only independent predictor of failure (p = 0.001; hazard ratio, 4.8 (1.9-12.4). Median International Prostate Symptom score from 12 to 108 months ranged between 3 and 9. Of the men reporting baseline potency, 82.8% retained satisfactory erectile function beyond 5 years. CONCLUSION: Iodine-125 prostate BT is a highly effective treatment option for favorable- and intermediate-risk prostate cancer and is associated with maintenance of good urinary and erectile functions.",Int J Radiat Oncol Biol Phys,2011,1,,doi: 10.1016/j.ijrobp.2010.04.038. Epub 2010 Aug 1,https://www.ncbi.nlm.nih.gov/pubmed/20675072,,negative,0,2010.0
17698095,Importance of tumor location in patients with high preoperative prostate specific antigen levels (greater than 20 ng/ml) treated with radical prostatectomy.,Magheli A,"PURPOSE: We investigated the effect of tumor location (anterior vs posterior) on pathological characteristics and biochemical-free survival in patients with a preoperative prostate specific antigen level of greater than 20 ng/ml undergoing radical prostatectomy since transition zone tumors are known to present with higher prostate specific antigen levels. MATERIALS AND METHODS: We retrospectively studied the records of 265 patients treated with radical prostatectomy between 1984 and 2005 who had preoperative prostate specific antigen levels greater than 20 ng/ml. Review of pathology reports was performed and tumor location (anterior vs posterior) was defined. Differences in clinicopathological characteristics and prostate specific antigen recurrence rates were examined. RESULTS: Of 265 patients with a preoperative prostate specific antigen level of greater than 20 ng/ml who underwent radical prostatectomy 50 (19%) had anterior tumors and 215 (81%) had posterior tumors. Patients with anterior tumors had lower clinical stage and less seminal vesicle involvement than patients with posterior tumors (p = 0.006 and <0.001, respectively). Although Kaplan-Meier analysis demonstrated significantly higher rates of 5-year biochemical recurrence-free survival for patients with anterior vs posterior tumors (63% vs 40%, p = 0.020), anterior tumor location was not an independent predictor of biochemical recurrence. CONCLUSIONS: Radical prostatectomy is a feasible treatment option in patients with a preoperative prostate specific antigen level of greater than 20 ng/ml. The 5-year biochemical-free survival rate was 47%. Although anterior tumor location was associated with favorable pathological features and improved biochemical-free survival, it was not an independent predictor of biochemical recurrence. Further studies are warranted to identify patients with high preoperative prostate specific antigen levels most likely to have recurrence.",J Urol,2007,178,1311-5,10.1016/j.juro.2007.05.143,https://www.ncbi.nlm.nih.gov/pubmed/17698095,HIGH RISK,positive,1,
16360430,"Statins, especially atorvastatin, may favorably influence clinical presentation and biochemical progression-free survival after brachytherapy for clinically localized prostate cancer.",Moyad MA,"OBJECTIVES: To conduct a preliminary investigation on statin use and its impact on clinical presentation and biochemical progression-free survival after brachytherapy. METHODS: A total of 512 consecutive patients were treated with permanent brachytherapy for clinical Stage T1c-T3aNxM0 prostate cancer at least 3 years before analysis. Biochemical progression-free survival was defined by a prostate-specific antigen (PSA) level of 0.4 ng/mL or less after nadir. The median follow-up was 5.3 years. The clinical, treatment, and dosimetric parameters evaluated included use of any and specific statins, age, body mass index, PSA level, Gleason score, percentage of positive biopsies, perineural invasion, prostate volume, planning volume, dosimetric quality, supplemental external beam radiotherapy, tobacco use, hypertension, and diabetes. RESULTS: The actuarial 8-year biochemical progression-free survival rate for the entire group was 94.6%. On forward conditional Cox regression analysis, the pretreatment PSA level and percentage of positive biopsies were statistically significant predictors of biochemical outcome. However, a significantly lower pretreatment PSA level, percentage of positive biopsy cores, and PSA density and earlier clinical stage were found in the statin group. Almost every clinical presentation parameter comparison at least favored statin users. When stratified by any or specific statin use, 97.0% of patients taking statins compared with 94.3% not taking statins and 97.8% of patients taking atorvastatin compared with 94.7% taking other statins were free of biochemical progression. CONCLUSIONS: The results of this brachytherapy investigation with the longest reported follow-up period to date suggest that statins, especially atorvastatin, may improve most clinical presentations with a nonsignificant improvement in 8-year biochemical progression-free survival.",Urology,2005,66,1150-4,10.1016/j.urology.2005.08.053,https://www.ncbi.nlm.nih.gov/pubmed/16360430,LOW RISK,positive,1,
20215039,Loose seeds versus stranded seeds in I-125 prostate brachytherapy: differences in clinical outcome,Hinnen KA,"PURPOSE: To assess clinical outcome in terms of biochemical No evidence of disease (bNED) for patients with stranded seed implants versus loose seed implants in prostate brachytherapy. METHODS: From December 2000 until October 2006, we treated 896 T< or =2C Nx/0 Mx/0, prostate cancer patients with either stranded seed (n=538) or loose seed (n=358) I-125 implants. A total of 211 patients received a 6 months course of anti-androgen therapy, before treatment, for prostate volume reduction to <50 cc. Patients with very small and large gland volumes or a history of transurethral prostate resection, were preferably treated with stranded seeds, otherwise selection was arbitrary. RESULTS: The 5-year bNED rates (95% Confidence Interval) for stranded seed patients and loose seed patients were respectively 86% (82-90) and 90% (85-95), the total 5-year bNED rate was 87% (85-90). When adjusted for possible confounding factors in a Cox-regression analysis, type of seed was significantly associated with biochemical failure with a 43% risk reduction (hazard ratio: 0.57; 95% CI: 0.34-0.97) for loose seeds versus stranded seeds. CONCLUSIONS: These results suggest that seed-type affects clinical outcome in prostate brachytherapy, with better bNED for patients with loose seed implants.",Radiother Oncol,2010,96,30-3,doi: 10.1016/j.radonc.2010.02.012. Epub 2010 Mar 8,https://www.ncbi.nlm.nih.gov/pubmed/20215039,,negative,0,2010.0
23552872,Radical radiotherapy in high-risk prostate cancer patients with high or ultra-high initial PSA levels: a single institution analysis.,Guarneri A,"PURPOSE: Purpose of this study is to analyze outcomes and pre-treatment prognostic factors in high-risk prostate cancer patients with initial PSA ≥ 20 ng/mL, treated with high-dose external beam radiotherapy (EBRT) and androgen deprivation therapy (ADT) in a single institution. METHODS: Between March 2003 and December 2011, 155 consecutive high-risk prostate cancer patients (a) presenting with pre-treatment PSA level ≥ 20 ng/mL, (b) treated with definitive EBRT, and (c) with a minimum follow-up of 24 months were included in this retrospective analysis. Phoenix definition was used to define biochemical control. Primary endpoints were as follows: biochemical disease-free survival (bDFS), distant metastasis-free survival (DMFS), cancer-specific survival (CSS) and overall survival (OS). Multivariate analysis was performed to determine the independent prognostic impact of pre-treatment clinical factors [T stage, PSA, and Gleason score (GS)]. RESULTS: At a median follow-up time of 62 months, actuarial bDFS, DMFS, CSS, and OS at 5 years were 64.8, 85.2, 95.8, and 94.4 %, respectively. On multivariate analysis, only GS was significantly associated with three clinical endpoints (bDFS: HR 1.6; p = 0.022, CSS: HR 4.27, p = 0.044, OS: HR 2.6; p = 0.038). Pre-treatment zenith PSA was associated only with bDFS (HR 1.87; p = 0.027). CONCLUSIONS: Patients with ""high"" PSA levels (≥ 20 ng/mL) showed favorable clinical outcomes, supporting the role of local radiotherapy as primary therapy in combination with long-term ADT in patients with high PSA levels at diagnosis. A GS of 8-10 is the strongest predictor of outcome.",J Cancer Res Clin Oncol,2013,139,1141-7,10.1007/s00432-013-1426-0,https://www.ncbi.nlm.nih.gov/pubmed/23552872,HIGH RISK,positive,1,
25308767,Particle radiotherapy for prostate cancer,Shioyama Y,"Recent advances in external beam radiotherapy have allowed us to deliver higher doses to the tumors while decreasing doses to the surrounding tissues. Dose escalation using high-precision radiotherapy has improved the treatment outcomes of prostate cancer. Intensity-modulated radiation therapy has been widely used throughout the world as the most advanced form of photon radiotherapy. In contrast, particle radiotherapy has also been under development, and has been used as an effective and non-invasive radiation modality for prostate and other cancers. Among the particles used in such treatments, protons and carbon ions have the physical advantage that the dose can be focused on the tumor with only minimal exposure of the surrounding normal tissues. Furthermore, carbon ions also have radiobiological advantages that include higher killing effects on intrinsic radio-resistant tumors, hypoxic tumor cells and tumor cells in the G0 or S phase. However, the degree of clinical benefit derived from these theoretical advantages in the treatment of prostate cancer has not been adequately determined. The present article reviews the available literature on the use of particle radiotherapy for prostate cancer as well as the literature on the physical and radiobiological properties of this treatment, and discusses the role and the relative merits of particle radiotherapy compared with current photon-based radiotherapy, with a focus on proton beam therapy and carbon ion radiotherapy.",Int J Urol,2015,22,33-9,doi: 10.1111/iju.12640. Epub 2014 Oct 12,https://www.ncbi.nlm.nih.gov/pubmed/25308767,,negative,0,2015.0
26276528,"Patient-reported quality of life after stereotactic body radiotherapy (SBRT), intensity modulated radiotherapy (IMRT), and brachytherapy",Evans JR,"BACKGROUND AND PURPOSE: Stereotactic body radiotherapy (SBRT) is being used for prostate cancer, but concerns persist about toxicity compared to other radiotherapy options. MATERIALS AND METHODS: We conducted a multi-institutional pooled cohort analysis of patient-reported quality of life (QOL) [EPIC-26] before and after intensity-modulated radiotherapy (IMRT), brachytherapy, or SBRT for localized prostate cancer. Data were analyzed by mean domain score, minimal clinically detectable difference (MCD) in domain score, and multivariate analyses to determine factors associated with domain scores at 2-years. RESULTS: Data were analyzed from 803 patients at baseline and 645 at 2-years. Mean declines at 2-years across all patients were -1.9, -4.8, -4.9, and -13.3 points for urinary obstructive, urinary incontinence, bowel, and sexual symptom domains, respectively, corresponding to MCD in 29%, 20%, and 28% of patients. On multivariate analysis (vs. IMRT), brachytherapy had worse urinary irritation at 2-years (-6.8 points, p<0.0001) but no differences in other domains (p>0.15). QOL after SBRT was similar for urinary (p>0.5) and sexual domains (p=0.57), but was associated with better bowel score (+6.7 points, p<0.0002). CONCLUSIONS: QOL 2-years after brachytherapy, IMRT, or SBRT is very good and largely similar, with small differences in urinary and bowel QOL that are likely minimized by modern techniques.",Radiother Oncol,2015,116,179-84,doi: 10.1016/j.radonc.2015.07.016. Epub 2015 Aug 11,https://www.ncbi.nlm.nih.gov/pubmed/26276528,,negative,0,2015.0
23664646,"Long-term outcome for prostate cancer using pseudo pulse-dosed rate brachytherapy, external beam radiotherapy, and hormones.",Izard MA,"PURPOSE: We report the long-term outcomes of pulse-dose rate (PDR) brachytherapy used in a nonstandard style (pseudo-PDR) with an high-dose rate brachytherapy technique in conjunction with external beam radiotherapy (EBRT) and hormonal manipulation on prostate cancer (PC). METHODS AND MATERIALS: We treated 253 patients with Stage T1-T3 N0M0 PC, between December 1999 and March 2006. All patients received neoadjuvant androgen deprivation for a median 6 months. Treatment consisted of three pulses of pseudo-PDR brachytherapy to a median dose of 18Gy with 50.4Gy in 28 fractions of EBRT. RESULTS: At a median 6 years followup, (range, 1-11 years), 5-year overall survival was 92%, and PC-specific survival was 96%. The 5-year biochemical control (biochemical no evidence of disease) by the Phoenix definition for low-, intermediate-, and high-risk groups was 95%, 90%, and 71%, respectively (p<0.00001). At 6 years, the incidence of Radiotherapy Oncology Group Grade 2 and 3 genitourinary toxicity was 1% and 6%; Radiotherapy Oncology Group Grade 2 and 3 gastrointestinal toxicity was 4% and 0%. Erectile preservation at 3 years was 58%. The Phoenix definition best predicted clinical failure with a high specificity (94%). CONCLUSIONS: Pseudo-PDR brachytherapy plus EBRT with limited neoadjuvant hormonal manipulation is an effective treatment option in localized PC, with minimal and tolerable morbidity and provides excellent control. This technique of a modified PDR-delivery technique appears as effective as high-dose rate therapy.",Brachytherapy,2013,12,608-14,10.1016/j.brachy.2013.04.004,https://www.ncbi.nlm.nih.gov/pubmed/23664646,INTERMEDIATE RISK,positive,1,
16952647,Long-term outcome of high dose intensity modulated radiation therapy for patients with clinically localized prostate cancer.,Zelefsky MJ,"PURPOSE: We report on the long-term results and late toxicity outcomes of high dose intensity modulated radiation therapy for patients with clinically localized prostate cancer. MATERIALS AND METHODS: Between 1996 and 2000 a total of 561 patients with clinically localized prostate cancer were treated with intensity modulated radiation therapy. All patients were treated to a dose of 81 Gy prescribed to the planning target volume. Prostate specific antigen relapse was defined according to the American Society for Therapeutic Radiology and Oncology consensus and Houston definitions (absolute nadir plus 2 ng/ml dated at the call). Median followup was 7 years (range 5 to 9). RESULTS: The 8-year actuarial PSA relapse-free survival rates for patients in favorable, intermediate and unfavorable risk groups according to the American Society for Therapeutic Radiology and Oncology definition were 85%, 76% and 72%, respectively (p <0.025). The 8-year actuarial prostate specific antigen relapse-free survival rates for patients in favorable, intermediate and unfavorable risk groups according to the Houston definition were 89%, 78% and 67%, respectively (p = 0.0004). The 8-year actuarial likelihood of grade 2 rectal bleeding was 1.6%. Three patients (0.1%) experienced grade 3 rectal toxicity requiring either 1 or more transfusions or a laser cauterization procedure. No grade 4 rectal complications have been observed. The 8-year likelihood of late grade 2 and 3 (urethral strictures) urinary toxicities were 9% and 3%, respectively. Among patients who were potent before intensity modulated radiation therapy, erectile dysfunction developed in 49%. The cause specific survival outcomes for favorable, intermediate and unfavorable risk cases were 100%, 96% and 84%, respectively. CONCLUSIONS: These long-term results confirm our previous observations regarding the safety of high dose intensity modulated radiation therapy for clinically localized prostate cancer. Despite the application of high radiation doses, the incidence of rectal bleeding at 8 years was less than 2%. Despite the increased conformality of the dose distribution associated with intensity modulated radiation therapy, excellent long-term tumor control outcomes were achieved.",J Urol,2006,176,1415-9,10.1016/j.juro.2006.06.002,https://www.ncbi.nlm.nih.gov/pubmed/16952647,LOW RISK,positive,1,
22633365,Biochemical recurrence after robot-assisted radical prostatectomy in a European single-centre cohort with a minimum follow-up time of 5 years.,Sooriakumaran P,"BACKGROUND: Robot-assisted radical prostatectomy (RARP) is an increasingly commonly used surgical treatment option for prostate cancer (PCa); however, its longer-term oncologic results remain uncertain. OBJECTIVE: To report biochemical recurrence-free survival (BRFS) outcomes for men who underwent RARP ≥5 yr ago at a single European centre. DESIGN, SETTING, AND PARTICIPANTS: A total of 944 patients underwent RARP as monotherapy for PCa from January 2002 to December 2006 at Karolinska University Hospital, Stockholm, Sweden. Standard clinicopathologic variables were recorded and entered into a secure, ethics-approved database made up of those men with registered domiciles in Stockholm. The median follow-up time was 6.3 yr (interquartile range: 5.6-7.2). OUTCOME MEASUREMENTS AND STATISTICAL ANALYSIS: The outcome of this study was biochemical recurrence (BCR), defined as a confirmed prostate-specific antigen (PSA) of ≥0.2 ng/ml. Kaplan-Meier survival plots with log-rank tests, as well as Cox univariable and multivariable regression analyses, were used to determine BRFS estimates and determine predictors of PSA relapse, respectively. RESULTS AND LIMITATIONS: The BRFS for the entire cohort at median follow-up was 84.8% (95% confidence interval [CI], 82.2-87.1); estimates at 5, 7, and 9 yr were 87.1% (95% CI, 84.8-89.2), 84.5% (95% CI, 81.8-86.8), and 82.6% (95% CI, 79.0-85.6), respectively. Nine and 19 patients died of PCa and other causes, respectively, giving end-of-follow-up Kaplan-Meier survival estimates of 98.0% (95% CI, 95.5-99.1) and 94.1% (95% CI, 90.4-96.4), respectively. Preoperative PSA >10, postoperative Gleason sum ≥4 + 3, pathologic T3 disease, positive surgical margin status, and lower surgeon volume were associated with increased risk of BCR on multivariable analysis. This study is limited by a lack of nodal status and tumour volume, which may have confounded our findings. CONCLUSIONS: This case series from a single, high-volume, European centre demonstrates that RARP has satisfactory medium-term BRFS. Further follow-up is necessary to determine how this finding will translate into cancer-specific and overall survival outcomes.",Eur Urol,2012,62,768-74,10.1016/j.eururo.2012.05.024,https://www.ncbi.nlm.nih.gov/pubmed/22633365,LOW RISK,positive,1,
22436516,Long-term outcome for very high-risk prostate cancer treated primarily with a triple modality approach to include permanent interstitial brachytherapy.,Bittner N,"PURPOSE: To evaluate outcome in the most unfavorable subset of high-risk prostate cancer patients treated with a combination of supplemental external beam radiation therapy (EBRT) and brachytherapy. METHODS AND MATERIALS: Very high-risk prostate cancer was defined as follows: any Gleason score 10, Gleason score 8-9 with >50% of the biopsy cores positive for malignancy, Gleason score 8-9 with a prostate-specific antigen (PSA) >20ng/mL, any clinical stage T3, or any PSA >40ng/mL. One hundred thirty-one patients were identified who met the aforementioned criteria. The median followup was 6.6 years. One hundred twenty (91.6%) patients received supplemental EBRT and 100 (76.4%) received androgen deprivation therapy (median duration, 19.5 months; range, 4-36 months). The median postimplant day 0 D(90) (i.e., the minimum percentage of the prescription dose that covers the planning target volume) was 121.9% of prescription dose. Multiple clinical treatment and dosimetric parameters were evaluated for impact on the evaluated survival parameters. RESULTS: The median pretreatment PSA and Gleason score were 11.0ng/mL and 8. One hundred ten (84%) patients had a Gleason score ≥8. At 9 and 12 years, the cause-specific survival, biochemical progression-free survival, and overall survival were 91.0% and 86.5%, 87.3% and 87.3%, and 70.5% and 60.5%, respectively. The most common cause of death was heart disease (22.2%) with deaths from nonprostate cancer (12.7%) and prostate cancer (8.3%) being less likely. CONCLUSIONS: Permanent interstitial brachytherapy usually with supplemental EBRT and androgen deprivation therapy results in excellent biochemical control and cause-specific survival in the most unfavorable subset of high-risk prostate cancer patients. Death from diseases of the heart was more than twice as likely as death from prostate cancer.",Brachytherapy,2012,11,250-5,10.1016/j.brachy.2012.02.002,https://www.ncbi.nlm.nih.gov/pubmed/22436516,HIGH RISK,positive,1,
17482880,Escalated-dose versus standard-dose conformal radiotherapy in prostate cancer: first results from the MRC RT01 randomised controlled trial.,Dearnaley DP,"BACKGROUND: In men with localised prostate cancer, conformal radiotherapy (CFRT) could deliver higher doses of radiation than does standard-dose conventional radical external-beam radiotherapy, and could improve long-term efficacy, potentially at the cost of increased toxicity. We aimed to present the first analyses of effectiveness from the MRC RT01 randomised controlled trial. METHODS: The MRC RT01 trial included 843 men with localised prostate cancer who were randomly assigned to standard-dose CFRT or escalated-dose CFRT, both administered with neoadjuvant androgen suppression. Primary endpoints were biochemical-progression-free survival (bPFS), freedom from local progression, metastases-free survival, overall survival, and late toxicity scores. The toxicity scores were measured with questionnaires for physicians and patients that included the Radiation Therapy Oncology Group (RTOG), the Late Effects on Normal Tissue: Subjective/Objective/Management (LENT/SOM) scales, and the University of California, Los Angeles Prostate Cancer Index (UCLA PCI) scales. Analysis was done by intention to treat. This trial is registered at the Current Controlled Trials website http://www.controlled-trials.com/ISRCTN47772397. FINDINGS: Between January, 1998, and December, 2002, 843 men were randomly assigned to escalated-dose CFRT (n=422) or standard-dose CFRT (n=421). In the escalated group, the hazard ratio (HR) for bPFS was 0.67 (95% CI 0.53-0.85, p=0.0007). We noted 71% bPFS (108 cumulative events) and 60% bPFS (149 cumulative events) by 5 years in the escalated and standard groups, respectively. HR for clinical progression-free survival was 0.69 (0.47-1.02; p=0.064); local control was 0.65 (0.36-1.18; p=0.16); freedom from salvage androgen suppression was 0.78 (0.57-1.07; p=0.12); and metastases-free survival was 0.74 (0.47-1.18; p=0.21). HR for late bowel toxicity in the escalated group was 1.47 (1.12-1.92) according to the RTOG (grade >/=2) scale; 1.44 (1.16-1.80) according to the LENT/SOM (grade >/=2) scales; and 1.28 (1.03-1.60) according to the UCLA PCI (score >/=30) scale. 33% of the escalated and 24% of the standard group reported late bowel toxicity within 5 years of starting treatment. HR for late bladder toxicity according to the RTOG (grade >/=2) scale was 1.36 (0.90-2.06), but this finding was not supported by the LENT/SOM (grade >/=2) scales (HR 1.07 [0.90-1.29]), nor the UCLA PCI (score >/=30) scale (HR 1.05 [0.81-1.36]). INTERPRETATION: Escalated-dose CFRT with neoadjuvant androgen suppression seems clinically worthwhile in terms of bPFS, progression-free survival, and decreased use of salvage androgen suppression. This additional efficacy is offset by an increased incidence of longer term adverse events.",Lancet Oncol,2007,8,475-87,10.1016/S1470-2045(07)70143-2,https://www.ncbi.nlm.nih.gov/pubmed/17482880,HIGH RISK,positive,1,
25497586,Radiotherapy in Prostate Cancer Patients With Pelvic Lymphocele After Surgery: Clinical and Dosimetric Data of 30 Patients,Jereczek-Fossa BA,"INTRODUCTION: The purpose of the study was to evaluate the feasibility of irradiation after prostatectomy in the presence of asymptomatic pelvic lymphocele. PATIENTS AND METHODS: The inclusion criteria for this study were: (1) patients referred for postoperative (adjuvant or salvage) intensity modulated radiotherapy (IMRT; 66-69 Gy in 30 fractions); (2) detection of postoperative pelvic lymphocele at the simulation computed tomography [CT] scan; (3) no clinical symptoms; and (4) written informed consent. Radiotherapy toxicity and occurrence of symptoms or complications of lymphocele were analyzed. Dosimetric data (IMRT plans) and the modification of lymphocele volume during radiotherapy (cone beam CT [CBCT] scan) were evaluated. RESULTS: Between January 2011 and July 2013, in 30 of 308 patients (10%) treated with radiotherapy after prostatectomy, pelvic lymphocele was detected on the simulation CT. The median lymphocele volume was 47 cm(3) (range, 6-467.3 cm(3)). Lymphocele was not included in planning target volume (PTV) in 8 cases (27%). Maximum dose to lymphocele was 57 Gy (range, 5.7-73.3 Gy). Radiotherapy was well tolerated. In all but 2 patients, lymphoceles remained asymptomatic. Lymphocele drainage-because of symptom occurrence-had to be performed in 2 patients during IMRT and in one patient, 7 weeks after IMRT. CBCT at the end of IMRT showed reduction in lymphocele volume and position compared with the initial data (median reduction of 37%), more pronounced in lymphoceles included in PTV. CONCLUSION: Radiotherapy after prostatectomy in the presence of pelvic asymptomatic lymphocele is feasible with acceptable acute and late toxicity. The volume of lymphoceles decreased during radiotherapy and this phenomenon might require intermediate radiotherapy plan evaluation.",Clin Genitourin Cancer,2015,13,,doi: 10.1016/j.clgc.2014.11.007. Epub 2014 Nov 20,https://www.ncbi.nlm.nih.gov/pubmed/25497586,,negative,0,2015.0
24183866,Outcomes following iodine-125 prostate brachytherapy with or without neoadjuvant androgen deprivation.,Ohashi T,"PURPOSE: To report the biochemical failure-free survival (BFFS), cause-specific survival (CSS), and overall survival (OS) outcomes of patients treated with iodine-125 (I-125) brachytherapy for clinically localized prostate cancer. METHODS AND MATERIALS: Between 2003 and 2009, I-125 permanent prostate brachytherapy without supplemental external-beam radiotherapy was performed for 663 patients with low-risk and low-tier intermediate-risk (defined as organ-confined disease, PSA <10ng/mL, and Gleason score 3+4 with biopsy positive core rate <33%) prostate cancer. Early in the study period, the preplanning method was used in the first 104 patients, and later the real-time planning method was used. Biochemical failure was determined using the American Society for Therapeutic Radiology Oncology (ASTRO) and Phoenix definitions. RESULTS: The 7-year BFFS rates for the ASTRO and Phoenix definitions were 96.1% and 95.9%, respectively. The corresponding BFFS rates by risk group were 97.6% and 96.7% for low-risk, and 91.8% and 93.6% for low-tier intermediate-risk disease (p=0.007 and 0.08, respectively). The median times to biochemical failure in those who failed were 29.5 and 43.9months according to the ASTRO and Phoenix definitions, respectively. The 7-year CSS and OS were 99.1% and 96.4%. There was no significant difference in CSS or OS between the low-risk and low-tier intermediate-risk groups. In multivariate Cox regression analysis, risk group and prostate D90 were independent predictors of BFFS for the ASTRO definition, while only the prostate D90 was significant for the Phoenix definition. CONCLUSION: I-125 prostate brachytherapy results in excellent 7-year BFFS, CSS, and OS for low-risk and low-tier intermediate-risk prostate cancer.",Radiother Oncol,2013,109,241-5,10.1016/j.radonc.2013.09.022,https://www.ncbi.nlm.nih.gov/pubmed/24183866,LOW RISK,positive,1,
16029786,Neoadjuvant hormone therapy and external-beam radiation for localized high-risk prostate cancer: the importance of PSA nadir before radiation,Ludgate CM,"PURPOSE: To examine the impact of various patient, disease, and treatment characteristics on outcome in patients treated with neoadjuvant hormone therapy (NAHT) and external-beam radiation therapy (EBRT) for clinically localized, high-risk prostate adenocarcinoma (initial prostate-specific antigen [PSA] level >20, Gleason score 8-10 or Stage > or = T3). METHODS AND MATERIALS: A retrospective chart review was conducted on 407 patients treated between 1991 and 2001 with NAHT and EBRT for high-risk prostate cancer. The effect of tumor (PSA level, Gleason score, and T stage) and treatment (NAHT duration, total-hormone duration, preradiation PSA) characteristics on rates of biochemical disease-free survival (bDFS), prostate cancer-specific survival, and overall survival were examined. RESULTS: Median follow-up time was 78 months (range: 5-140 months). Actuarial bDFS at 5 years was 52% (95% confidence interval [CI], 46% to 57%) for the entire group. On multivariate analysis, initial PSA level (p = 0.004), Gleason score (p = 0.005), and preradiation PSA level (p < 0.001) were predictive of bDFS, whereas age, T stage, duration of NAHT, and duration of total hormone therapy were not predictive of outcomes. Gleason score and preradiation PSA level were also predictive of prostate cancer-specific survival rates. CONCLUSION: Improved bDFS in patients with high-risk prostate cancer was associated with lower initial PSA level, lower Gleason score, and lower preradiation PSA level. The duration of NAHT did not have an impact on outcomes, but the preradiation PSA was an important predictor of bDFS in high-risk patients.",Int J Radiat Oncol Biol Phys,2005,1,,doi: 10.1016/j.ijrobp.2005.01.001,https://www.ncbi.nlm.nih.gov/pubmed/16029786,,negative,0,2005.0
20045267,External beam radiation therapy after transurethral resection of the prostate: a report on acute and late genitourinary toxicity,Devisetty K,"PURPOSE: To describe genitourinary (GU) toxicity in men with a history of transurethral resection of the prostate (TURP) treated with external beam radiation therapy (EBRT) for prostate cancer. METHODS AND MATERIALS: Seventy-one men with a history of TURP were treated with EBRT for prostate cancer. The median time from TURP to EBRT was 15 months. The median EBRT dose was 70 Gy, and 21 men (30%) received androgen deprivation therapy (ADT). Acute GU toxicity and late GU toxicity were scored by Radiation Therapy Oncology Group criteria and compared with a cohort of 538 men without prior TURP. The median follow-up for men with TURP and men without TURP was 40 months and 50 months, respectively (p = 0.7605). RESULTS: The rate of acute Grade 2 GU toxicity or higher was 41%, and was increased with a history of more than 1 TURP (73% vs. 31%, p = 0.0036). The 4-year rate of freedom from late Grade 3 GU toxicity or higher was 84%, and was decreased with ADT (45% vs. 95% without ADT, p = 0.0024). By last follow-up, maximal GU toxicity tended to resolve (p < 0.0001) and there was no worsening of urinary symptom scores (p = 0.6911). Compared to men without a prior TURP, TURP patients had a lower rate of freedom from late Grade 3 toxicity or higher (84% vs. 96%, p = 0.0483). Multivariate analysis suggested a higher rate of late Grade 3 toxicity or higher with TURP (risk ratio, 2.87; p = 0.0612) and EBRT dose of 74 Gy or greater (risk ratio, 2.26; p = 0.0521). CONCLUSIONS: Men treated for prostate cancer with EBRT after TURP have a higher risk of severe GU toxicity; however, the overall incidence is low, and toxicity tends not to persist.",Int J Radiat Oncol Biol Phys,2010,15,,doi: 10.1016/j.ijrobp.2009.06.078. Epub 2010 Jan 4,https://www.ncbi.nlm.nih.gov/pubmed/20045267,,negative,0,2010.0
22672442,Long-term oncological and continence outcomes after laparoscopic radical prostatectomy: a single-centre experience.,Busch J,"UNLABELLED: Study Type--Therapy (case series) Level of Evidence 4. What's known on the subject? and What does the study add? Over the past decade, minimally invasive laparoscopic radical prostatectomy and more recently robot-assisted laparoscopic prostatectomy have been introduced and have proven equally effective compared with open surgery in terms of mid-term cancer control and complication rates. Because long-term data is lacking, open prostatectomy is still considered the 'gold standard' by some authors, who argue that minimally invasive approaches have to measure up to the excellent long-term results of open surgery. This study represents one of the largest series (1845 patients) of minimally invasive radical prostatectomy with extended follow-up (11.3 years) and detailed data on oncological outcome and postoperative incontinence. It therefore supplies previously lacking information on these details for minimally invasive prostate surgery and provides important information for patient counselling. OBJECTIVE: • To investigate biochemical recurrence (BCR) rates and data on postoperative incontinence in a large laparoscopic radical prostatectomy (LRP) cohort with extended follow-up. MATERIALS AND METHODS: • BCR and independent predictors of BCR were identified using Kaplan-Meier and Cox regression analysis of 1845 patients who underwent LRP from 1999 to 2007. • Urinary incontinence was evaluated by pads per day and stratified as follows: 0-1 pad: no incontinence; 2-3 pads: mild incontinence; and ≥ 3 pads: severe incontinence. RESULTS: • Organ-confined disease, extraprostatic extension, seminal vesicle invasion and lymph node metastasis were present in 71.3%, 20.5%, 6.7% and 3.2% of patients, respectively. The positive surgical margin rate was 29.2%. • Postoperatively, 74.9% of the patients were continent, while 9.2% had mild and 15.9% severe incontinence. • The mean follow-up was 5 years with a maximum follow-up of 11.3 years. • There were 51 overall deaths and six deaths from prostate cancer. The 5-year, 8-year and 10-year BCR-free survival rates were 83.9%, 78.6% and 75.6%, respectively. • On univariate analyses preoperative D'Amico risk classification, pathological tumour stage, postoperative Gleason sum and surgical margin status were predictors of BCR (P < 0.001). • On multivariable analysis, D'Amico classification, Gleason sum (P < 0.001), postoperative tumour stage (P < 0.001), nodal status (P < 0.001) and surgical margin status (P = 0.002) were independent predictors of BCR. CONCLUSIONS: • LRP offers excellent long-term functional and oncological results with a low incidence of BCR for patients with localized disease. • These results could be used for patient counselling before robot-assisted laparascopic prostatectomy (RALP) until long-term follow-up data for RALP is available.",BJU Int,2012,110,E985-90,10.1111/j.1464-410X.2012.11279.x,https://www.ncbi.nlm.nih.gov/pubmed/22672442,LOW RISK,positive,1,
17577217,Long-term outcomes after treatment with brachytherapy and supplemental conformal radiation for prostate cancer patients having intermediate and high-risk features.,Dattoli M,"BACKGROUND: This study summarizes long-term outcomes from treatment of prostate cancer with increased risk of extracapsular cancer extension (ECE) using brachytherapy-based treatment. METHODS: A total of 282 consecutive patients were treated from 1992-1996 by 1 author (M.D.). Two hundred forty-three patients had at least 1 higher risk feature for ECE including Gleason Score 7-10 (172), prostate-specific antigen (PSA) above 10 (166), and clinical stages T(2c) (109) and T(3) (107). Using National Comprehensive Cancer Network (NCCN) guidelines, 119 patients had intermediate-risk disease and 124 had high-risk disease. Patients received pelvic 3-dimensional conformal external beam radiation followed by a palladium (Pd)-103 boost. Generous brachytherapy margins were utilized. Biochemical failure was defined using ASTRO Consensus Definition, nadir +2 and PSA >0.2 ng/mL at last follow-up. The nonfailing patient follow-up period was 1-14 years (median, 9.5 years). Biochemical data and original biopsy slides were independently re-reviewed at the University of Washington (by K.W. and L.T., respectively). RESULTS: Overall actuarial freedom from biochemical progression at 14 years was 81%, including 87% and 72% having intermediate and high-risk disease, respectively. Absolute risk of failure decreased progressively, falling to 1% beyond 6 years after treatment. All failing patients had prostate biopsies without evidence of local recurrence. The strongest predictor of failure was Gleason score (P = .03) followed by PSA (P = .041). Treatment morbidity was limited to temporary RTOG grade 1-2 urinary and gastrointestinal symptoms. CONCLUSIONS: High tumor control rates are possible with beam radiation followed by Pd-103 brachytherapy. Despite perceptions that brachytherapy is inappropriate for patients at higher risk for ECE, this series strengthens the rationale that brachytherapy-based treatment may be a desirable modality for such patients.",Cancer,2007,110,551-5,10.1002/cncr.22810,https://www.ncbi.nlm.nih.gov/pubmed/17577217,INTERMEDIATE RISK,positive,1,
32033834,Whole and hemi-gland cryoablation for primary localized prostate cancer: Short and medium-term oncological and functional outcomes,Bossier R,"INTRODUCTION: To compare oncological, functional and post-operative outcomes of hemi (HC) vs. whole gland (WGC) cryoablation as first line treatment of localized prostate cancer. MATERIAL AND METHOD: Sixty-six consecutive patients undertaking whole-gland cryoablation (WGC=40) or hemi-cryoablation (HC=26) in a tertiary referral centre between 2010 and 2018 were included. All patients had a low-intermediate risk prostate cancer according to D'Amico risk classification. Hemi-ablation was proposed in case of biopsy and prostate MRI proven unilateral prostate cancer. Primary endpoint was Cryotherapy Failure for which 3 definitions were considered and compared: 1) biochemical failure (> PSA nadir+≥ 2 ng/mL), 2) positive prostate re-biopsy with Gleason score ≥ 7, 3) initiation of further prostate cancer treatment. RESULTS: Median patients age at treatment was 74 [42-81] vs. 76 [71-80] years in WGC vs. HC group, respectively (p=.08). Low and intermediate D'Amico risk group were 15% and 85% vs. 23% and 77% (p=.75), respectively. Median follow- up time was 41 [1.5-99.0] vs. 27 [0.9-93] months (p=.03). Four-years cryotherapy failure free survival in WGC vs. HC were 69% vs. 53% with definition 1 (p=.24), 82% vs. 80% with definition 2 (p=.95), 83% vs. 77% with definition 3 (p=.73). Early and 1-year urinary continence were 60% and 83% in WGC vs. 72% and 83% in HC (p=.26). De novo impotency after cryotherapy was 75% vs. 46% (p=.33) in WGC vs. HC. CONCLUSIONS: In our cohort of highly selected patients with unilateral low/intermediate risk PCa, hemi-cryoablation may provide similar oncological outcomes and less early complications compared to whole-gland cryoablation.",Actas Urol Esp (Engl Ed),2020,44,172-178,doi: 10.1016/j.acuro.2019.10.003. Epub 2020 Feb 5,https://www.ncbi.nlm.nih.gov/pubmed/32033834,,negative,0,2020.0
