pmid,title,author,abstract,journal,year,volume,pages,doi,url,risk_category,dataset,label,year_group
15756656,Postprostatectomy adjuvant versus salvage radiotherapy: a complication-adjusted number-needed-to-treat analysis,Jani AB,"BACKGROUND: Radiotherapy (RT) has been used with success after radical retropubic prostatectomy (RRP), both in the adjuvant and salvage settings. The purpose of the current investigation was to systematically compare adjuvant versus salvage RT in a manner that incorporates both treatment efficacy and complications. METHODS: A literature review was performed of reports of post-RRP salvage and adjuvant RT, and 12 trials comprising 1060 patients met the appropriate inclusion criteria. The biochemical failure-free survival in each study/arm was tabulated, and these values were entered into a model to compute an unadjusted number-needed-to treat (NNT). RT complications were then considered, accounting for differences in toxicity incidences in the salvage versus adjuvant setting, to compute complication-adjusted NNTs. In all the trials, the signs and magnitudes of the NNTs obtained were used to compare adjuvant with salvage RT. RESULTS: The absolute NNT analysis showed an advantage of adjuvant compared with salvage RT. After adjustment for RT complications, however, the advantage shifted to salvage RT. This transition point from superiority of adjuvant RT to superiority of salvage RT was sensitive to the estimated incidence and severity of RT side effects. CONCLUSIONS: Adjuvant post-RRP RT was advantageous in comparison to salvage RT if the side effects of RT were estimated to be negligible. However, with moderate incidence/severity of RT side effects, salvage RT was advantageous. The findings herein must be tested in a prospective study in which both health-related quality of life and cancer control are documented in patients receiving adjuvant versus salvage post-RRP RT. Further work is needed to better estimate parameters entered into the model to determine the precise transition point between adjuvant and salvage RT with modern RT techniques.",Cancer,2005,1,,doi: 10.1002/cncr.20949,https://www.ncbi.nlm.nih.gov/pubmed/15756656,,negative,0,2005.0
15888698,Radical prostatectomy versus watchful waiting in early prostate cancer,Bill-Axelson A,"BACKGROUND: In 2002, we reported the initial results of a trial comparing radical prostatectomy with watchful waiting in the management of early prostate cancer. After three more years of follow-up, we report estimated 10-year results. METHODS: From October 1989 through February 1999, 695 men with early prostate cancer (mean age, 64.7 years) were randomly assigned to radical prostatectomy (347 men) or watchful waiting (348 men). The follow-up was complete through 2003, with blinded evaluation of the causes of death. The primary end point was death due to prostate cancer; the secondary end points were death from any cause, metastasis, and local progression. RESULTS: During a median of 8.2 years of follow-up, 83 men in the surgery group and 106 men in the watchful-waiting group died (P=0.04). In 30 of the 347 men assigned to surgery (8.6 percent) and 50 of the 348 men assigned to watchful waiting (14.4 percent), death was due to prostate cancer. The difference in the cumulative incidence of death due to prostate cancer increased from 2.0 percentage points after 5 years to 5.3 percentage points after 10 years, for a relative risk of 0.56 (95 percent confidence interval, 0.36 to 0.88; P=0.01 by Gray's test). For distant metastasis, the corresponding increase was from 1.7 to 10.2 percentage points, for a relative risk in the surgery group of 0.60 (95 percent confidence interval, 0.42 to 0.86; P=0.004 by Gray's test), and for local progression, the increase was from 19.1 to 25.1 percentage points, for a relative risk of 0.33 (95 percent confidence interval, 0.25 to 0.44; P<0.001 by Gray's test). CONCLUSIONS: Radical prostatectomy reduces disease-specific mortality, overall mortality, and the risks of metastasis and local progression. The absolute reduction in the risk of death after 10 years is small, but the reductions in the risks of metastasis and local tumor progression are substantial.",N Engl J Med,2005,12,,doi: 10.1056/NEJMoa043739,https://www.ncbi.nlm.nih.gov/pubmed/15888698,,negative,0,2005.0
32442822,A biochemical definition of cure after brachytherapy for prostate cancer,Crook JM,"BACKGROUND AND PURPOSE: To identify a PSA threshold value at an intermediate follow-up time after low dose rate (LDR) prostate brachytherapy associated with cure, defined as long-term (10-15 year) freedom from prostate cancer. MATERIALS AND METHODS: Data from 7 institutions for 14,220 patients with localized prostate cancer treated with LDR brachytherapy, either alone (8552) or with external beam radiotherapy (n = 1175), androgen deprivation (n = 3165), or both (n = 1328), were analyzed. Risk distribution was 42.4% favorable, 49.2% intermediate, and 8.4% high-risk. Patients with clinical failure before 3.5 years were excluded. Kaplan-Meier analysis was used with clinical failure (local, distant, regional or biochemical triggering salvage) as an endpoint for each of four PSA categories: PSA ≤ 0.2, >0.2 to ≤0.5, >0.5 to ≤1.0, and >1.0 ng/mL. PSA levels at 4 years (±6 months) in 8746 patients without clinical failure were correlated with disease status at 10-15 years. RESULTS: For the 77.1% of patients with 4-year PSA ≤ 0.2, the freedom-from-recurrence (FFR) rates were 98.7% (95% CI 98.3-99.0) at 10 years and 96.1% (95% CI 94.8-97.2) at 15 years. Three independent validation cohorts confirmed 97-99% 10-year FFR rates with 4-year PSA ≤ 0.2. Successive PSA categories were associated with diminished disease-free rates at 10 and 15 years. PSA category was strongly associated with treatment success (p < 0.0005). CONCLUSIONS: Since 98.7% of patients with PSA ≤ 0.2 ng/mL at 4 years after LDR prostate brachytherapy were disease-free beyond 10 years, we suggest adopting this biochemical definition of cure for patients with ≥4 years' follow-up after LDR brachytherapy.",Radiother Oncol,2020,149,64-69,doi: 10.1016/j.radonc.2020.04.038. Epub 2020 Apr 27,https://www.ncbi.nlm.nih.gov/pubmed/32442822,,negative,0,2020.0
15758704,Laparoscopic radical prostatectomy,Trabulsi EJ,"PURPOSE: After the pioneering period when only few teams were performing the procedure, the laparoscopic approach to radical prostatectomy has become widespread with several technical variations. A comprehensive review of the published literature on laparoscopic radical prostatectomy was performed to determine the current state of the art of this surgical innovation in terms of perioperative parameters, functional results and cancer control. MATERIALS AND METHODS: English language, peer reviewed articles published before June 2004 concerning laparoscopic radical prostatectomy were found by MEDLINE query. All articles were analyzed and none were a priori excluded. Conclusions were drawn from series of 50 or more patients. RESULTS: Laparoscopic radical prostatectomy is being performed at multiple centers worldwide using various surgical approaches and technologies. Analysis of perioperative parameters, including surgical blood loss, operative time, complications and convalescence, demonstrated low morbidity and showed a clear trend toward improvement with increased experience. The reported positive surgical margin rates were lower in more recent series. As measured by prostate specific antigen recurrence and disease-free intervals, oncological results and cancer control rates are difficult to ascertain in the immature series published to date. Functional results in terms of postoperative urinary and sexual function appear encouraging. CONCLUSIONS: Overall the current operative, oncological and functional results of laparoscopic radical prostatectomy appear to approximate those of open radical retropubic prostatectomy. These results justify the considerable interest of the urological community in laparoscopy, as evidenced by its widespread application. Nevertheless, longer followup and more mature data are needed definitively to establish laparoscopic radical prostatectomy as an alternative to the retropubic approach.",J Urol,2005,173,1072-9,doi: 10.1097/01.ju.0000154970.63147.90,https://www.ncbi.nlm.nih.gov/pubmed/15758704,,negative,0,2005.0
12074814,High dose rate brachytherapy of localized prostate cancer.,Deger S,"OBJECTIVE: We evaluated the safety and efficacy of high dose rate (HDR) brachytherapy using Iridium-192 (Ir 192) and 3D conformal external beam radiotherapy in patients with localized prostate cancer. METHODS: A total of 444 patients with localized prostate cancer underwent combined radiotherapy with interstitial Ir 192 and 3D conformal external beam radiotherapy between December 1992 and March 2001. The 230 patients, treated between December 1992 and December 1997 were analyzed. All patients underwent laparoscopic pelvic lymph node dissection to exclude patients with lymphatic involvement. Ir 192 was delivered twice with a 1-week interval in HDR remote control technique. The interstitial dose from December 1992 to December 1993 was 10Gy, after December 1993 the dose was reduced to 9Gy per treatment session. The interstitial application was followed by external beam radiation of 45Gy for cT1-cT2 and 50.4Gy for cT3 tumor (40Gy from December 1992 to December 1993). Progression was defined as biochemical failure according to ASTRO criteria, e.g. three consecutive PSA rises following the PSA nadir. RESULTS: The median PSA value decreased from 12.8 to 0.93ng/ml 12 months after treatment. Median PSA value was 0.47 after 24 months, 0.30ng/ml after 36 months and 0.18ng/ml after 60 months. 68% of the biopsies were negative 24 months after therapy. Progression-free rate was 100% for cT1 tumors, 75% for cT2 and 60% for stage-cT3 on 5-year follow-up. Five-year overall survival was 93%, 5-year disease-specific survival was 98%. Initial PSA value <10ng/ml, low stage and low grade were significantly related to 5-year progression-free survival. CONCLUSIONS: Combined HDR brachytherapy with Ir 192 is an alternative treatment option especially for patients with cT3 prostate cancer. Initial PSA value, stage and grade, are important prognostic factors.",Eur Urol,2002,41,420-6,10.1016/s0302-2838(02)00016-7,https://www.ncbi.nlm.nih.gov/pubmed/12074814,HIGH RISK,positive,1,
25964638,Use of Postprostatectomy Radiation Therapy at an NCI-Designated Comprehensive Cancer Center,Martin JM,"PURPOSE: Characterize use of postprostatectomy radiation (PPRT) for patients with prostate cancer at an NCI-designated comprehensive cancer center. METHODS: We queried our prospective prostate cancer database for patients treated with 60 to 68 Gy of radiation therapy (RT) to the prostate bed after prostatectomy from 2003 to 2011. Prostatectomy cases were obtained from billing records. Patients with an intact prostate treated with definitive RT served as a control for the change in volume of patients with prostate cancer treated in the department. Chi-square analysis assessed differences between adjuvant and salvage RT cohorts. Spearman correlation assessed yearly trends in prostate-specific antigen (PSA) level at the time of referral for RT. Linear regression models tested trends for number of PPRT cases, prostatectomies, and patients with intact prostate receiving radiation across years. RESULTS: PPRT was used to treat 475 men at Fox Chase Cancer Center from 2003 to 2011 (83 adjuvant and 392 salvage). Over time, an increased proportion of patients receiving RT to the prostate were treated with PPRT. No increase was seen in the proportion of patients treated with adjuvant RT compared with salvage RT (P=.5). Patients receiving adjuvant RT were younger, had higher pathologic Gleason score, pathologic T stage, and rates of positive margins than those receiving salvage RT. Pre-RT PSA values were inversely correlated with year (P=.005). The number of patients referred for salvage RT with a PSA of 0.5 ng/mL or less increased significantly from 7.9% in 2003 to 26.6% in 2011 (P=.002). CONCLUSIONS: A larger proportion of patients treated with RT for localized prostate cancer are now receiving PPRT. No increase was seen in the proportion of patients treated with adjuvant RT. Over time, patients with lower PSAs were referred for salvage RT.",J Natl Compr Canc Netw,2015,13,525-30,doi: 10.6004/jnccn.2015.0072,https://www.ncbi.nlm.nih.gov/pubmed/25964638,,negative,0,2015.0
16813890,Long-term outcome following radical prostatectomy in men with clinical stage T3 prostate cancer.,Carver BS,"PURPOSE: We evaluated patients at our institution who underwent radical prostatectomy for clinical stage T3 prostate cancer to determine their long-term clinical outcomes. MATERIALS AND METHODS: We reviewed our prospective surgical database and identified 176 men who underwent radical retropubic prostatectomy for clinical stage T3 prostate cancer from 1983 to 2003. Clinical and pathological data were reviewed and evaluated in a Cox proportional hazards model to determine preoperative predictors of biochemical recurrence. Clinical progression following biochemical recurrence was evaluated and clinical failure was defined as the development of clinical metastases or progression to hormone refractory prostate cancer. RESULTS: Of the 176 patients with cT3 prostate cancer 64 (36%) received neoadjuvant hormonal therapy. At a mean followup of 6.4 years 84 (48%) patients had disease recurrence with a median time to biochemical recurrence of 4.6 years. The actuarial 10-year probability of freedom from recurrence was 44%. On multivariate analysis biopsy Gleason score, pretreatment serum prostate specific antigen and year of surgery were independent predictors of biochemical recurrence. Neoadjuvant hormonal therapy was not a significant predictor of biochemical recurrence. Following biochemical recurrence clinical failure developed in 30 of 84 (36%) men with a median time of 11 years. Overall the 5, 10 and 15-year probabilities of death from prostate cancer were 6%, 15% and 24%, respectively. CONCLUSIONS: More than half (52%) of our patients remained free of disease recurrence following radical prostatectomy. In our series neoadjuvant hormonal therapy offered no advantage with respect to disease recurrence. Radical prostatectomy remains an integral component in the treatment of select patients with clinical stage T3 prostate cancer.",J Urol,2006,176,564-8,10.1016/j.juro.2006.03.093,https://www.ncbi.nlm.nih.gov/pubmed/16813890,HIGH RISK,positive,1,
22831750,Clinical outcomes of high-dose-rate brachytherapy and external beam radiotherapy in the management of clinically localized prostate cancer.,Kotecha R,"PURPOSE: To report prostate-specific antigen (PSA) relapse-free survival and treatment-related toxicity outcomes after combining high-dose-rate (HDR) brachytherapy with external beam radiotherapy (EBRT) for patients with clinically localized prostate cancer. METHODS AND MATERIALS: Between 1998 and 2009, 229 patients were treated with HDR brachytherapy followed 3 weeks later by supplemental EBRT. The HDR brachytherapy boost consisted of three fractions of (192)Ir (5.5-7.5Gy per fraction), and EBRT consisted of intensity-modulated radiotherapy delivering an additional 45.0-50.4Gy directed to the prostate gland and seminal vesicles. Median follow-up was 61 months. RESULTS: Seven-year PSA relapse-free survival for low-, intermediate-, and high-risk patients were 95%, 90%, and 57%, respectively (p<0.001). Among high-risk patients treated with biological equivalent doses in excess of 190Gy, 7-year PSA relapse-free survival was 81%. In multivariate analysis, Gleason scores of ≥8 predicted for increased risk of biochemical failure, whereas the use of short-term neoadjuvant androgen deprivation therapy did not influence tumor-control outcomes even among intermediate- or high-risk patients. Seven-year incidence of distant metastases for low-, intermediate-, and high-risk patients were 5%, 3%, and 17%, respectively. Seven-year incidence of late Grade 2 and 3 genitourinary toxicities were 22.1% and 4.9%, respectively and the 7-year incidence of Grade 2 and 3 gastrointestinal toxicities were 1% and 0.4%, respectively. CONCLUSION: HDR prostate brachytherapy in conjunction with supplemental EBRT results in excellent biochemical relapse-free survival rates with a low incidence of severe late genitourinary or gastrointestinal toxicities. The use of short-term neoadjuvant androgen deprivation did not influence long-term biochemical tumor control in this cohort.",Brachytherapy,2013,12,44-9,10.1016/j.brachy.2012.05.003,https://www.ncbi.nlm.nih.gov/pubmed/22831750,INTERMEDIATE RISK,positive,1,
20598436,Salvage radiotherapy after high-intensity focussed ultrasound for recurrent localised prostate cancer,Riviere J,"BACKGROUND: Radiotherapy is a treatment option in the case of local failure following treatment for localised prostate cancer with high-intensity focussed ultrasound (HIFU). OBJECTIVE: Our aim was to evaluate tolerance and oncologic control with salvage radiotherapy (SRT) after HIFU failure and to identify predictive factors of success. DESIGN, SETTING, AND PARTICIPANTS: From March 1995 to March 2008, all patients who presented with histologically proven persistent local disease following HIFU and were treated with curative intent SRT (with or without hormonal treatment) were included in this single-centre retrospective study. INTERVENTION: Patients underwent conformal radiotherapy. The median dose of conformal treatment was 72 Gy (65-78 Gy). MEASUREMENTS: The primary outcome measure was progression-free survival (PFS) defined as no biochemical relapse (three consecutive rises in prostate-specific antigen [PSA] with a velocity >0.4 ng/ml per year or PSA >1.5 ng/ml) and no additional treatment. Predictive factors of failure were examined in univariate and multivariate analyses. Adverse events in terms of urinary and digestive toxicity, urine incontinence, and erectile dysfunction (ED) were reported. RESULTS AND LIMITATIONS: The median (range) and mean (standard deviation) follow-up of the 100 patients analysed was 33 mo (5-164 mo) and 37.2 mo (23.6 mo), respectively. Eighty-three patients received SRT alone, and 17 received SRT and androgen-deprivation therapy. For the 83 patients treated with exclusive radiation therapy, PFS was 72.5% at 5 yr and 93%, 67%, and 55% for the low-, intermediate-, and high-risk groups, respectively. In the univariate analysis, PSA level prior to SRT, risk status, PSA nadir after SRT, PSA nadir after SRT >0.2 ng/ml, and time to achieve this nadir were all predictive of failure. In the multivariate analysis, PSA nadir post-SRT with a threshold at 0.2 ng/ml and time to achieve this nadir were the significant predictive factors of failure. Gastrointestinal toxicity was low; urinary toxicity grade < or =2 was 34.5%. Four were grade 3 (4.7%), one was grade 4 (1.2%), and one was grade 5 (1.2%). The incidence of severe ED (International Index of Erectile Dysfunction-5 score 5-10) was 14% pre-HIFU, and 51.9% and 82.3% pre- and post-SRT, respectively. Because our study was retrospective, results have to be interpreted cautiously. CONCLUSIONS: SRT provides satisfactory oncologic control after HIFU failure with little (or mild) additional toxicity. These results warrant further investigation.",Eur Urol,2010,58,567-73,doi: 10.1016/j.eururo.2010.06.003. Epub 2010 Jun 11,https://www.ncbi.nlm.nih.gov/pubmed/20598436,,negative,0,2010.0
20921463,Quality-of-life impact of primary treatments for localized prostate cancer in patients without hormonal treatment,Pardo Y,"PURPOSE: Earlier studies evaluating the effect on quality of life (QoL) of localized prostate cancer interventions included patients receiving adjuvant hormone therapy, which could have affected their outcomes. Our objective was to compare the QoL impact of the three most common primary treatments on patients who were not receiving adjuvant hormonal treatment. PATIENTS AND METHODS: This was a prospective study of 435 patients treated with radical prostatectomy, external-beam radiotherapy, or brachytherapy. QoL was assessed before and after treatment with the Short Form-36 and the Expanded Prostate Cancer Index Composite. Differences between groups were tested by analysis of variance. Distribution of outcome at 3 years was examined by stratifying according to baseline status. Generalized estimating equation models were constructed to assess the effect of treatment over time. RESULTS: Compared with the brachytherapy group, the prostatectomy group showed greater deterioration on urinary incontinence and sexual scores but better urinary irritative-obstructive results (-18.22, -13.19, and +6.38, respectively, at 3 years; P < .001). In patients with urinary irritative-obstructive symptoms at baseline, improvement was observed in 64% of those treated with nerve-sparing radical prostatectomy. Higher bowel worsening (-2.87, P = .04) was observed in the external radiotherapy group, with 20% of patients reporting bowel symptoms. CONCLUSION: Radical prostatectomy caused urinary incontinence and sexual dysfunction but improved pre-existing urinary irritative-obstructive symptoms. External radiotherapy and brachytherapy caused urinary irritative-obstructive adverse effects and some sexual dysfunction. External radiotherapy also caused bowel adverse effects. Relevant differences between treatment groups persisted for up to 3 years of follow-up, although the difference in sexual adverse effects between brachytherapy and prostatectomy tended to decline over long-term follow-up. These results provide valuable information for clinical decision making.",J Clin Oncol,2010,1,,doi: 10.1200/JCO.2009.25.3245. Epub 2010 Oct 4,https://www.ncbi.nlm.nih.gov/pubmed/20921463,,negative,0,2010.0
18932254,Biochemical recurrence after radical prostatectomy for prevalent versus incident cases of prostate cancer : implications for management.,Nguyen PL,"BACKGROUND: Among screened populations, it is unknown whether men with prostate cancer (PC) diagnosed at the initial screening (prevalent cases) have a different outcome than men who are diagnosed at subsequent screenings (incident cases) after adjusting for known prognostic factors. METHODS: The current study cohort was comprised of 1923 men from a prospective PC screening study who underwent radical prostatectomy (RP) between September 19, 1989 and May 22, 2002. Cox regression multivariate analysis was used to determine whether having prevalent PC versus incident PC was associated with the time to prostate-specific antigen (PSA) failure after RP after adjusting for PSA level, Gleason score, clinical tumor (T) classification, and year of RP. RESULTS: Men with prevalent PC had higher PSA levels (P < .001) and more advanced clinical T classification (P < .001) than men with incident PC. After a median follow-up of 6.1 years, factors that were associated with a significantly shorter time to PSA failure after RP were prevalent PC (adjusted hazard ratio [AHR], 1.8; 95% confidence interval [95% CI], 1.3-2.6; P = .0005), baseline PSA (AHR, 1.07; 95%CI, 1.04-1.09; P < .001), Gleason 7 disease (AHR, 2.5; 95% CI, 1.9-3.3; P < .001), Gleason 8 to 10 disease (AHR, 2.3; 95%CI, 1.5-3.5; P < .001), and the year of RP (AHR, 0.92; 95%CI, 0.86-0.97; P = .003). Men with prevalent PC also had worse outcomes after adjusting for their more advanced pathologic features. CONCLUSIONS: After adjusting for known prognostic factors, men with prevalent PC had a poorer outcome after RP than men with incident PC. The authors believe that this finding should be taken into consideration when weighing the risk of recurrence and treatment options for men who are diagnosed with PC on their initial screening.",Cancer,2008,113,3146-52,10.1002/cncr.23926,https://www.ncbi.nlm.nih.gov/pubmed/18932254,LOW RISK,positive,1,
25707911,Stereotactic body radiotherapy for prostate cancer,Henderson DR,"The use of stereotactic body radiotherapy (SBRT) for localised prostate cancer is now supported by a substantial body of non-randomised data, with medium-term outcomes consistent with current standard radiotherapy. The ability to deliver profoundly hypofractionated treatment, combined with the relatively low α/β ratio of prostate cancer, may result in a more favourable therapeutic ratio, presenting an opportunity for isotoxic dose escalation. Furthermore, as treatment can be given in five attendances, SBRT has the potential both to reduce costs and improve patient quality of life. However, in a treatment landscape with many competing options of broadly similar efficacy, randomised trials are essential to define the relative benefits of this approach. SBRT also has an emerging application in oligometastatic prostate cancer, with promising early outcomes for delaying disease progression and deferring the need for androgen deprivation therapy.",Clin Oncol (R Coll Radiol),2015,27,270-9,doi: 10.1016/j.clon.2015.01.011. Epub 2015 Feb 21,https://www.ncbi.nlm.nih.gov/pubmed/25707911,,negative,0,2015.0
31828412,MRI targeted single fraction HDR Brachytherapy for localized Prostate Carcinoma: a feasibility study of focal radiation therapy (ProFocAL),Fischbach F,"OBJECTIVES: The aim of the study was to establish the setup and workflow for delivering focal MRI-guided high-dose-rate (HDR) brachytherapy for prostate cancer (PCA) and to assess patient comfort and safety aspects of MRI-guided single-fraction HDR. METHODS: Patients with histologically proven focal low- to intermediate-risk PCA with a single PIRADS 4/5 lesion were treated with percutaneous interstitial HDR brachytherapy in a single fraction with a minimum dose for the gross tumor volume of 20 Gy while sparing the organ at risk (OAR). Using a 3T-MRI, brachytherapy catheters were placed transgluteal in freehand technique. No antibiotic therapy or general analgesics were administered. Patient data, procedure time, patient discomfort, and complications were recorded. Quarterly PSA controls, biannual follow-up imaging, and annual re-biopsy were planned. RESULTS: So far, 9 patients were successfully treated and followed for 6 months. Mean intervention time was 34 min. Using the VAS scale, the pain reported for the intervention ranged from 2 to 3. Short-term follow-up showed no acute genitourinary or gastrointestinal toxicity so far. None of the patients displayed signs of infection. PSA levels in all patients decreased significantly. On follow up no residual PCA was detected treated region so far. PSA levels in all patients decreased significantly. On follow-up, no residual PCA was detected so far. CONCLUSIONS: MR-guided single-fraction focal HDR brachytherapy for localized PCA is feasible as well as safe for the individual patient. Catheters can be placed accurately and maximum therapeutic dose distribution can be restricted to the tumor. Countersigning the minimally invasive character of the procedure, no general anesthesia or antibiosis is necessary. KEY POINTS: • MR-guided focal HDR brachytherapy allows an accurate placement of catheters with maximum therapeutic dose distribution restricted to the tumor. • No major anesthesia or antibiosis is necessary emphasizing the minimal invasive character of the procedure. • Patients with low- and intermediate-risk prostate carcinoma in particular may benefit to halt disease progression whereas treatment-related morbidity is reduced compared with radical therapy.",Eur Radiol,2020,30,2072-2081,doi: 10.1007/s00330-019-06505-0. Epub 2019 Dec 11,https://www.ncbi.nlm.nih.gov/pubmed/31828412,,negative,0,2020.0
21093164,Early outcomes from three prospective trials of image-guided proton therapy for prostate cancer,Mendenhall NP,"PURPOSE: To report early outcomes with image-guided proton therapy for prostate cancer. METHODS AND MATERIALS: We accrued 211 prostate cancer patients on prospective Institutional Review Board-approved trials of 78 cobalt gray equivalent (CGE) in 39 fractions for low-risk disease, dose escalation from 78 to 82 CGE for intermediate-risk disease, and 78 CGE with concomitant docetaxel followed by androgen deprivation for high-risk disease. Minimum follow-up was 2 years. RESULTS: One intermediate-risk patient and 2 high-risk patients had disease progression. Pretreatment genitourinary (GU) symptom management was required in 38% of patients. A cumulative 88 (42%) patients required posttreatment GU symptom management. Four transient Grade 3 GU toxicities occurred, all among patients requiring pretreatment GU symptom management. Multivariate analysis showed correlation between posttreatment GU 2+ symptoms and pretreatment GU symptom management (p < 0.0001) and age (p = 0.0048). Only 1 Grade 3+ gastrointestinal (GI) symptom occurred. The prevalence of Grade 2+ GI symptoms was 0 (0%), 10 (5%), 12 (6%), and 8 (4%) at 6, 12, 18, and 24 months, with a cumulative incidence of 20 (10%) patients at 2 years after proton therapy. Univariate and multivariate analyses showed significant correlation between Grade 2+ rectal bleeding and proctitis and the percentage of rectal wall (rectum) receiving doses ranging from 40 CGE (10 CGE) to 80 CGE. CONCLUSIONS: Early outcomes with image-guided proton therapy suggest high efficacy and minimal toxicity with only 1.9% Grade 3 GU symptoms and <0.5% Grade 3 GI toxicities.",Int J Radiat Oncol Biol Phys,2012,1,,doi: 10.1016/j.ijrobp.2010.09.024. Epub 2010 Nov 17,https://www.ncbi.nlm.nih.gov/pubmed/21093164,,negative,0,2010.0
31694041,Patients with Biopsy Gleason Score 3 + 4 Are Not Appropriate Candidates for Active Surveillance,Park J,"OBJECTIVE: The aim of this study was to evaluate the feasibility of including patients with biopsy Gleason score (bGS) 3 + 4 prostate cancer in an active surveillance (AS) protocol. METHODS: A total of 615 patients underwent a radical prostatectomy and satisfied the following requirements: prostate-specific antigen ≤10 ng/dL, clinical stage T1c or T2a, 2 or fewer positive biopsy cores, and bGS 6 or 3 + 4 prostate cancer. The patients were divided into two groups according to their bGS (bGS 6 group, n =534; bGS 3 + 4 group, n = 81). RESULTS: The adverse pathological features were significantly higher in the bGS 3 + 4 group (16.7 vs. 49.4%, p< 0.001). Biochemical recurrence (BCR)-free survival was also significantly lower in this group (p < 0.001). In a multivariate analysis, clinical stage (odds ratio [OR] 2.026, p =0.007), maximum percentage of biopsy core involvement (OR 1.015, p = 0.014), and bGS (OR 1.913, p = 0.030) were independent risk factors for adverse pathological features. However, the bGS was the only variable to forecast BCR (hazard ratio 3.567, p < 0.001). CONCLUSIONS: A bGS 3 + 4 was the leading risk factor for a worse postoperative prognosis. Therefore, patients with a bGS 3 + 4 are not appropriate candidates for AS.",Urol Int,2020,104,199-204,doi: 10.1159/000503888. Epub 2019 Nov 6,https://www.ncbi.nlm.nih.gov/pubmed/31694041,,negative,0,2020.0
31897875,Castration-resistant prostate cancer without metastasis at presentation may achieve cancer-specific survival in patients who underwent prior radical prostatectomy,Kodama H,"PURPOSE: Radical prostatectomy (RP) is relatively better oncological outcomes in patients with prostate cancer (PCa). However, the incidence of castration-resistant PCa (CRPC) and PCa-specific mortality in patients with biochemical recurrence (BCR) after RP remains unclear. The aim of this study was to evaluate the cancer-specific survival (CSS) in patients with CRPC after RP, in particular those who had metastases or not. METHODS: We retrospectively reviewed the data of 1582 consecutive patients who underwent RP between July 1996 and January 2019. The enrolled patients had histologically confirmed stage T1a-T3b PCa without lymph node involvement or distant metastasis. The endpoints were oncological outcomes, including CSS and BCR, in patients with PCa with or without metastases at the time of diagnosis with CRPC. RESULTS: A total of 1474 patients were enrolled in this study. By the end of the follow-up period, 352 patients (24.6%) in the enrolled patients had BCR after RP. A total of 42 patients (2.9%) developed CRPC and 18 (1.3%) had died of PCa. With regard to metastasis in patients who diagnosed CRPC, the 5-year CSS rate was 100% for nonmetastatic CRPC (nmCRPC) patients and 53.8% for metastatic CRPC (mCRPC) patients after RP. The 5-year CSS rate was 100% for nmCRPC patients and 27.1% for mCRPC patients after the diagnosis with CRPC. CONCLUSIONS: CRPC is one of the lethal causes with PCa death. However, nmCRPC may achieve relatively good prognosis in patients with PCa after RP.",Int Urol Nephrol,2020,52,671-679,doi: 10.1007/s11255-019-02339-3. Epub 2020 Jan 3,https://www.ncbi.nlm.nih.gov/pubmed/31897875,,negative,0,2020.0
17765406,Long-term results of the M. D. Anderson randomized dose-escalation trial for prostate cancer.,Kuban DA,"PURPOSE: To report the long-term results of a randomized radiotherapy dose escalation trial for prostate cancer. METHODS AND MATERIALS: From 1993 to 1998, a total of 301 patients with stage T1b to T3 prostate cancer were accrued to a randomized external beam dose escalation trial using 70 Gy versus 78 Gy. The median follow-up is now 8.7 years. Kaplan-Meier analysis was used to compute rates of prostate-specific antigen (PSA) failure (nadir + 2), clinical failure, distant metastasis, disease-specific, and overall survival as well as complication rates at 8 years post-treatment. RESULTS: For all patients, freedom from biochemical or clinical failure (FFF) was superior for the 78-Gy arm, 78%, as compared with 59% for the 70-Gy arm (p = 0.004, and an even greater benefit was seen in patients with initial PSA >10 ng/ml (78% vs. 39%, p = 0.001). The clinical failure rate was significantly reduced in the 78-Gy arm as well (7% vs. 15%, p = 0.014). Twice as many patients either died of prostate cancer or are currently alive with cancer in the 70-Gy arm. Gastrointestinal toxicity of grade 2 or greater occurred twice as often in the high dose patients (26% vs. 13%), although genitourinary toxicity of grade 2 or greater was less (13% vs. 8%) and not statistically significantly different. Dose-volume histogram analysis showed that the complication rate could be significantly decreased by reducing the amount of treated rectum. CONCLUSIONS: Modest escalation in radiotherapy dose improved freedom from biochemical and clinical progression with the largest benefit in prostate cancer patients with PSA >10 ng/ml.",Int J Radiat Oncol Biol Phys,2008,70,67-74,10.1016/j.ijrobp.2007.06.054,https://www.ncbi.nlm.nih.gov/pubmed/17765406,HIGH RISK,positive,1,
31735483,Focal Salvage MR Imaging-Guided Cryoablation for Localized Prostate Cancer Recurrence after Radiotherapy: 12-Month Follow-up,Bomers JGR,"PURPOSE: To evaluate safety, quality of life (QoL), and local cancer control after focal salvage MR imaging-guided cryoablation in patients with local recurrence of prostate cancer (PCa) after radiotherapy. MATERIALS AND METHODS: A retrospective, single-center study was performed in 62 patients with radiorecurrent PCa who underwent MR imaging-guided cryoablation since May 2011 with a follow-up ≥12 months in December 2017. Rates and descriptions of adverse events were reported. Ablation complications were classified according to the Clavien and SIR systems. Validated questionnaires were used to observe functional outcomes and QoL before therapy and 6 and 12 months after therapy. Cancer control was defined as no biochemical failure according to Phoenix criteria and no other clinical evidence for local or metastatic disease. RESULTS: All procedures were technically feasible. The number of complications requiring major therapy (Clavien grade 3b/4 or SIR grade D/E/F) was low (2 [3.2%] and 1 [1.6%], respectively). After 12 months, the International Consultation of Incontinence Questionnaire-Short Form (P < .001) and 5-item International Index of Erectile Function (P = .001) scores became significantly worse, indicating increased symptoms of incontinence and diminished erectile function, without compromising QoL. Six patients developed metastases within 6 months. After 12 months, 36 patients (63%) were disease-free. CONCLUSIONS: Focal salvage MR imaging-guided cryoablation is safe and is associated with a high technical success rate, preservation of QoL, and local PCa control. This treatment can be a reasonable alternative to salvage radical prostatectomy in properly selected patients with low morbidity and preservation of QoL; however, longer follow-up is needed.",J Vasc Interv Radiol,2020,31,35-41,doi: 10.1016/j.jvir.2019.07.001. Epub 2019 Nov 15,https://www.ncbi.nlm.nih.gov/pubmed/31735483,,negative,0,2020.0
14529768,Biochemical outcomes after prostate brachytherapy with 5-year minimal follow-up: importance of patient selection and implant quality.,Kollmeier MA,"PURPOSE: A prostate brachytherapy program was initiated in 1990, when comparatively little was known of the relative importance of disease- and treatment-related factors on outcome. Patients treated during the first 6 years of the program were analyzed to determine the value of patient selection and implant quality on biochemical control. METHODS AND MATERIALS: We treated 243 patients with clinically localized prostate cancer with radioactive seed implantation and underwent 1-month CT-based dosimetric analysis. Follow-up ranged from 61 to 135 months (median 75). The Gleason score was < or =6 in 78% (n = 189), 7 in 14% (n = 35), and 8-10 in 8% (n = 19). The initial prostate-specific antigen (PSA) level was < or =10 ng/mL in 61% (n = 149), 10.1-20 ng/mL in 26% (n = 63), and >20 ng/mL in 13% (n = 31). The disease stage was T2a or less in 49% (n = 120), and Stage T2b-T2c in 51% (n = 123). A real-time ultrasound-guided technique was used with (125)I (n = 138) and (103)Pd (n = 105) isotopes. No patient underwent external beam radiotherapy as part of their primary treatment. Of the 243 patients, 60% also received hormonal ablation for at least 3 months before and 2-3 months after seed implantation. All patients included underwent a 1-month CT-based dosimetric analysis. The implant dose was defined as the dose delivered to 90% of the prostate volume on postimplant dosimetry (D(90)). On the basis of prior dose-response analyses, patients were retrospectively grouped into optimal D(90) ((125)I > or =140 Gy Task Group 43 or (103)Pd >/=100 Gy) and suboptimal D(90) ( (125)I <140 Gy or (103)Pd <100 Gy) dose groups. Biochemical failure was defined using the American Society for Therapeutic Radiology Oncology definition. RESULTS: Disease-related factors, including initial PSA level, Gleason score, and stage, were significant predictors of biochemical failure. The actuarial 8-year freedom from biochemical failure (bFFF) rate was 80% for those with a PSA level < or =10 ng/mL, 86% for PSA 10.1-20 ng/mL, and 45% for PSA >20 ng/mL (p = 0.0019). Patients with a Gleason score of < or =6 had an 8-year bFFF rate of 81% vs. 67% for those with Gleason score 7 and 53% for those with Gleason score 8-10 (p = 0.0003). Patients with Stage T2a or less had an 8-year bFFF rate of 85% compared with 69% for those with Stage T2b-T2c (p = 0.013). The 8-year bFFF rate was 88% for low-risk patients (Stage T2a or less, Gleason score < or =6, and initial PSA level < or =10 ng/mL; n = 75), 81% for moderate-risk patients (Stage T2b or Gleason score 7 or initial PSA level >10.1-20 ng/mL; n = 70), and 65% for high-risk patients (two or more moderate-risk features or Gleason score > or =8 or initial PSA level >20 ng/mL; n = 98; p = 0.0009). Patients with optimal dose implants (n = 145) had an 8-year bFFF rate of 82% compared with 68% for those with suboptimal dose implants (n = 98; p = 0.007). Hormonal therapy did not significantly affect biochemical failure (p = 0.27). In multivariate analysis, the statistically significant variables included initial PSA level (p <0.0001), Gleason score (p = 0.024), and dose group (p = 0.046). Because our current practice limits implantation alone to low-risk patients, an analysis of this subgroup was undertaken to validate the importance of dose. In the optimal dose group, low-risk patients had an 8-year bFFF rate of 94% vs. 75% for the low-risk patients in the suboptimal dose group (p = 0.02). CONCLUSION: With minimal follow-up of 5 years, these data continue to support the use of implantation alone in low-risk prostate cancer patients and demonstrate the importance of implant quality (dose) in achieving optimal outcomes. Low-risk patients who receive an optimal dose implant have a 94% bFFF rate at 8 years.",Int J Radiat Oncol Biol Phys,2003,57,645-53,10.1016/s0360-3016(03)00627-8,https://www.ncbi.nlm.nih.gov/pubmed/14529768,HIGH RISK,positive,1,
20707801,Prostate cancer death is unlikely in high-risk patients following quality permanent interstitial brachytherapy.,Merrick GS,"OBJECTIVE: To evaluate cause-specific survival (CSS), biochemical progression-free survival (bPFS) and overall survival (OS) in high-risk prostate cancer brachytherapy patients. PATIENTS AND METHODS: From April 1995 to June 2005, 284 patients with high-risk prostate cancer (Gleason score ≥ 8 or prostate-specific antigen > 20 ng/mL or clinical stage ≥ T2 c) underwent brachytherapy. Supplemental external beam radiation therapy was given to 257 (90.5%) patients and 179 (63.0%) received androgen deprivation therapy (ADT). Median follow up was 7.8 years. The median post-implant day 0 D90 was 118.9% of prescription dose. Patients with metastatic prostate cancer or castrate-resistant disease without obvious metastases who died of any cause were classified as dead from prostate cancer. Multiple parameters were evaluated for impact on survival. RESULTS: Twelve-year CSS, bPFS and OS were 94.2%, 89.0% and 69.7%. On multivariate analysis, bPFS was best predicted by percent positive biopsies and ADT. The analysis failed to identify any predictors for CSS, while OS was highly correlated with patient age, percent positive biopsies and diabetes. Fourteen percent of patients died from diseases of the heart, while 8%, 8% and 6% of patients died from non-prostate cancer, other causes and prostate cancer, respectively. When OS was stratified by patients with 0-3 vs ≥ 4 comorbidities, the 12-year OS was 73.0% and 52.7% (P = 0.036). CONCLUSIONS: High-quality brachytherapy results in favourable bPFS and CSS for high-risk patients. Death from diseases of the heart is more than twice as likely as death from prostate cancer. Strategies to improve cardiovascular health may positively impact OS.",BJU Int,2011,107,226-32,10.1111/j.1464-410X.2010.09486.x,https://www.ncbi.nlm.nih.gov/pubmed/20707801,HIGH RISK,positive,1,
15667877,"Combination of docetaxel, estramustine phosphate, and zoledronic acid in androgen-independent metastatic prostate cancer: efficacy, safety, and clinical benefit assessment",Efstathiou E,"OBJECTIVES: Docetaxel is an effective agent for the treatment of androgen-independent prostate cancer (AIPC). Its combination with estramustine phosphate (EMP) has shown promising results in AIPC but the toxicity remains considerable. In an effort to minimize toxicity, we designed an every-2-week docetaxel administration regimen with a 3-day low-dose EMP regimen. Patients with bone metastases also received zoledronic acid. METHODS: A total of 54 patients with AIPC received docetaxel at 45 mg/m2 and EMP (140 mg orally every 8 hours for nine doses) every 2 weeks. Zoledronic acid was administered at 4 mg every 28 days. RESULTS: Of the 49 assessable patients, 22 (45%, 95% confidence interval [CI] 31% to 60%) had a prostate-specific antigen response. Of 24 patients with measurable disease, 9 (38%, 95% CI 19% to 59%) had a response to therapy (one complete response and eight partial responses). The median time to progression was 4.4 months (95% CI 2.7 to 6), and overall survival was 13.3 months (95% CI 9 to 17.6). Toxicity was mild, with only 5 cases of grade 3 or 4 toxicity. The pain score improved by 1 point in 21 (54%) of 39 symptomatic patients, and 14 (40%) of 38 patients who used analgesics discontinued analgesic consumption by the end of treatment. CONCLUSIONS: The combination of an every-2-week regimen of docetaxel, EMP, and zoledronic acid is an effective, well-tolerated regimen that results in symptomatic improvement in a significant proportion of patients with AIPC.",Urology,2005,65,126-30,doi: 10.1016/j.urology.2004.08.041,https://www.ncbi.nlm.nih.gov/pubmed/15667877,,negative,0,2005.0
32034540,The effect of age on cancer-specific mortality in patients with prostate cancer: a population-based study across all stages,Knipper S,"PURPOSE: To test the effect of age on cancer-specific mortality (CSM) in most contemporary prostate cancer (PCa) patients of all stages and across all treatment modalities. METHODS: Within the Surveillance, Epidemiology, and End Results database (2004-2016), we identified 579,369 PCa patients. Cumulative incidence plots and multivariable competing-risks regression analyses (MCR) were used. Subgroup analyses were performed according to ethnicity (African-Americans), clinical stage (T1-2N0M0, T3-4N0M0, TanyN1M0, and TanyNanyM1), as well as treatment modalities. RESULTS: Patient distribution was as follows: 142,338 (24.6%) < 60 years; 113,064 (19.5%) 60-64 years; 127,158 (21.9%) 65-69 years; 94,782 (16.4%) 70-74 years; and 102,027 (17.6%) ≥ 75 years. Older patients harbored worse tumor characteristics and more frequently received no local treatment. Overall, 10-year CSM rates were 4.8, 5.3, 5.9, 7.6, and 14.6%, respectively, in patients aged < 60, 60-64, 65-69, 70-74 ,and ≥ 75 years (p < 0.001). In MCR focusing on the overall cohort and T1-2N0M0 patients, older age independently predicted higher CSM, but not in T3-4N0-1M0-1 patients. CONCLUSIONS: Older age was associated with higher grade and stage and independently predicted higher CSM in T1-2N0M0 patients, but not in higher stages. Differences in diagnostics and therapeutics seem to affect elderly patients within T1-2N0M0 PCa and should be avoided if possible.",Cancer Causes Control,2020,31,283-290,doi: 10.1007/s10552-020-01273-5. Epub 2020 Feb 7,https://www.ncbi.nlm.nih.gov/pubmed/32034540,,negative,0,2020.0
17189063,Five-year outcome of intraoperative conformal permanent I-125 interstitial implantation for patients with clinically localized prostate cancer.,Zelefsky MJ,"PURPOSE: To report the 5-year tumor control and toxicity outcomes for patients with localized prostate treated with I-125 permanent implantation using an intraoperative real-time conformal planning technique. METHODS AND MATERIALS: Between January 1998 and June 2002, 367 patients with prostate cancer were treated with I-125 permanent interstitial implantation using a transrectal ultrasound-guided approach. Real-time intraoperative treatment planning which incorporated inverse planning optimization was used. The median follow-up time was 63 months. RESULTS: The median V100 and D90 were 96% and 173 Gy, respectively. In 96% of cases a D90 of >140 Gy was achieved. The median urethral and rectal doses were 100% and 33% of the prescription doses, respectively. The 5-year PSA relapse-free survival outcomes for favorable and intermediate risk patients according to the ASTRO definition were 96% and 89%, respectively. In these patients no dosimetric parameter was identified which influenced the biochemical outcome. Of 38% who developed acute Grade 2 urinary symptoms, 63% had resolution of their symptoms within a median time of 6 months. The incidence of late rectal and urinary Grade 3 or higher toxicities were 1% and 4%, respectively. Seven percent (n = 27) developed late rectal bleeding (Grade 2) and 19% experienced late Grade 2 urinary symptoms. CONCLUSION: Real-time intraoperative planning consistently achieved optimal coverage of the prostate with the prescription dose with concomitant low doses delivered to the urethra and rectum. Biochemical control outcomes were excellent at 5 years and late toxicity was unusual. These data demonstrate that real-time planning methods can consistently and reliably deliver the intended dose distribution to achieve an optimal therapeutic ratio between the target and normal tissue structures.",Int J Radiat Oncol Biol Phys,2007,67,65-70,10.1016/j.ijrobp.2006.08.030,https://www.ncbi.nlm.nih.gov/pubmed/17189063,LOW RISK,positive,1,
10394406,Conformal proton beam therapy of prostate cancer--update on the Loma Linda University medical center experience.,Rossi CJ,"BACKGROUND: The ability to eradicate localized prostate cancer is dependent upon the radiation dose which can be delivered to the prostate. This dose is often limited by the tolerance of normal organs (rectum, bladder). Conformal beam therapy takes advantage of the unique depth dose characteristics of heavy charged particles (the Bragg Peak) to escalate the radiation dose delivered to the prostate while minimizing treatment-related toxicity. METHOD: 643 patients with localized prostate cancer were treated with protons alone or a combination of protons and photons. All treatment was planned on a 3-D planning system and all received doses between 74-75 CGE (Cobalt Gray Equivalent) at 1.8-2.0 CGE/day. Patients were evaluated for toxicity and response to treatment. RESULTS: Five-year actuarial clinical and biochemical disease-free survival rates for the entire group are 89 and 79% respectively. A statistically significant difference in biochemical disease-free survival was seen between patients in the ""early"" (T1b-2b, PSA < 15) and ""advanced"" (T1b-2b, PSA > 15 or T2c-T4, PSA < 50) subgroups (89% vs. 68% at 4.5 years, p < 0.001). A PSA nadir of less than 0.51 ng/ml predicted for the highest chance of freedom from biochemical recurrence. Minimal radiation proctitis was seen in 21% of patients; toxicity of greater severity was seen in less than 1%. CONCLUSIONS: Conformal proton beams therapy produced high rates of response and minimal toxicity. A phase III dose escalation trial is in progress to help define the optimum radiation dose for the treatment of early stage prostate cancer.",Strahlenther Onkol,1999,175 Suppl 2,82-4,10.1007/BF03038897,https://www.ncbi.nlm.nih.gov/pubmed/10394406,LOW RISK,positive,1,
26458959,Focal irreversible electroporation for prostate cancer: functional outcomes and short-term oncological control,Ting F,"BACKGROUND: Current data on the use of irreversible electroporation (IRE) in the treatment of prostate cancer (PCa) is limited. We aim to evaluate the safety, short-term functional and oncological outcomes of focal IRE in low-intermediate risk PCa. METHODS: Between February 2013 and May 2014, 32 consecutive men underwent IRE at a single centre. Patients with low-intermediate risk PCa who had not received previous PCa treatment were included for analysis. The tumour was ablated using 3-6 electrodes, ensuring a minimum 5-mm safety margin around the visible magnetic resonance imaging (MRI) lesion. Follow-up included recording Clavien complications, Expanded Prostate Cancer Index Composite (EPIC) questionnaires (baseline, 1.5, 3, 6 months), 6-month multi-parametric MRI (mp-MRI) and 7-month biopsy. Findings on mp-MRI and biopsy were sub-divided into infield, adjacent or outfield of the treatment zone. RESULTS: Twenty-five men were included for final analysis. Safety follow-up revealed one Clavien Grade 3 complication and five Grade 1 complications. Functional follow-up confirmed no significant change in American Urological Association urinary symptom score, sexual or bowel function. Infield, there were no suspicious findings on mp-MRI (n=24) or biopsy (n=21) in all patients. Adjacent to the treatment zone, five (21%) had suspicious findings on mp-MRI with four (19%) proving to be significant on biopsy. Outfield, there were two (8%) with suspicious findings on mp-MRI and one (5%) significant finding on biopsy. For the five patients with significant findings on follow-up biopsy, one is awaiting repeat IRE, one had radical prostatectomy and three remained on active surveillance. CONCLUSIONS: In selected patients with low-intermediate risk PCa, focal IRE appears to be safe with minimal morbidity. There were no infield recurrences and 76% of patients were histologically free of significant cancer at 8 months. Almost all recurrences were adjacent to the treatment zone, and this was addressed by widening the treatment margins.",Prostate Cancer Prostatic Dis,2016,19,46-52,doi: 10.1038/pcan.2015.47. Epub 2015 Oct 13,https://www.ncbi.nlm.nih.gov/pubmed/26458959,,negative,0,2015.0
15887028,70 Gy or more: which dose for which prostate cancer?,Ganswindt U,"INTRODUCTION: Radical prostatectomy and radiotherapy are currently accepted treatment modalities for localized prostate cancer. Regarding radiotherapy, current evidence suggests that favorable treatment outcome critically depends on adequate radiation doses. However, the exact role of dose in relation to the individual risk profile is complex. In order to evaluate available data on radiation dose response relationships, in prostate cancer, a thorough and critical literature analysis was performed. MATERIAL AND METHODS: Studies on dose response relationships from randomized trials, dose escalation trials, retrospective subgroup analyses and pooled data were identified by Pubmed and ISI web of sciences searches and were critically reviewed. RESULTS AND CONCLUSION: All available data suggest a clear dose response relationship for radiotherapy for localized prostate cancer. In low risk cases, most studies suggest that doses of 70-72 Gy are adequate. Dose escalations up to 78-80 Gy seem to be beneficial for intermediate risk patients. Due to confounding variables, the dose response curves for high-risk patients are less steep. The integration of dose escalation into a more comprehensive treatment protocol is difficult, since trials on the relative impact of either hormonal ablation or inclusion of adjuvant nodal regions on dose escalation are missing.",J Cancer Res Clin Oncol,2005,131,407-19,doi: 10.1007/s00432-005-0681-0. Epub 2005 May 11,https://www.ncbi.nlm.nih.gov/pubmed/15887028,,negative,0,2005.0
15718316,Randomized trial comparing iridium implant plus external-beam radiation therapy with external-beam radiation therapy alone in node-negative locally advanced cancer of the prostate,Sathya JR,"PURPOSE: To determine if iridium implant (IM) and external-beam radiation therapy (EBRT) is better than standard EBRT in locally advanced prostate cancer. METHODS: Patients with T2 and T3 prostate cancer with no evidence of metastatic disease were randomly assigned to EBRT of 66 Gy in 33 fractions during 6.5 weeks or to IM of 35 Gy delivered to the prostate during 48 hours plus EBRT of 40 Gy in 20 fractions during 4 weeks. The primary outcome consisted of biochemical or clinical failure (BCF). BCF was defined by biochemical failure, clinical failure, or death as a result of prostate cancer. Secondary outcomes included 2-year postradiation biopsy positivity, toxicity, and survival. RESULTS: Between 1992 and 1997, 51 patients were randomly assigned to receive IM plus EBRT, and 53 patients were randomly assigned to receive EBRT alone. The median follow-up was 8.2 years. In the IM plus EBRT arm, 17 patients (29%) experienced BCF compared with 33 patients (61%) in the EBRT arm (hazard ratio, 0.42; P = .0024). Eighty-seven patients (84%) had a postradiation biopsy; 10 (24%) of 42 in the IM plus EBRT arm had biopsy positivity compared with 23 (51%) of 45 in the EBRT arm (odds ratio, 0.30; P = .015). Overall survival was 94% in the IM plus EBRT arm versus 92% in the EBRT arm. CONCLUSION: The combination of IM plus EBRT was superior to EBRT alone for BCF and postradiation biopsy. This trial provides evidence that higher doses of radiation delivered in a shorter duration result in better local as well as biochemical control in locally advanced prostrate cancer.",J Clin Oncol,2005,20,,doi: 10.1200/JCO.2005.06.154,https://www.ncbi.nlm.nih.gov/pubmed/15718316,,negative,0,2005.0
20299147,Outcome predictors of radical prostatectomy in patients with prostate-specific antigen greater than 20 ng/ml: a European multi-institutional study of 712 patients.,Spahn M,"BACKGROUND: Prostate cancer (PCa) patients with pretreatment prostate-specific antigen (PSA) >20 ng/ml have a high risk of biochemical and clinical failure and even cancer-related death after local therapy. Pretreatment predictors of outcome after radical prostatectomy (RP) in this patient group are necessary. OBJECTIVE: Our aim was to assess how the use of additional high-risk factors (biopsy Gleason score [bGS] > or = 8 or clinical stage 3-4) can improve prediction of treatment failure and cancer-related death after RP in patients with PSA >20. DESIGN, SETTING, AND PARTICIPANTS: In a retrospective multicentre cohort study from six European centres between 1987 and 2005, 712 patients with PSA >20 ng/ml underwent RP and bilateral pelvic lymphadenectomy. MEASUREMENTS: Subgroups were analysed to determine the relationship between the number of high-risk factors and histopathology, biochemical progression-free survival, clinical evidence of progressive disease, prostate cancer-specific mortality (PCSM), and overall mortality. Kaplan-Meier analysis with log-rank test and Cox multivariable analysis were applied. RESULTS AND LIMITATIONS: Median follow-up was 77 mo. The number of high-risk factors was significantly associated with unfavourable histopathology. Among patients with only PSA >20 ng/ml, 33% had pT2 PCa, 57.9% had bGS <7, 54% had negative surgical margins, and 85% were lymph node negative (pN0), whereas among patients with all three high-risk factors, 4.5% had pT2 PCa, 2.3% had bGS <7, 20.5% had negative margins, and 49% were pN0 (p<0.001). The strongest predictor of progression and mortality was bGS. PSA >20 ng/ml associated with bGS < or =7 resulted in 10-yr PCSM of 5%; when associated with bGS > or =8, PCSM was 35%. The main limitations of the study were retrospective design and varying treatment modalities. CONCLUSIONS: PCa patients with PSA >20 ng/ml have varying risk levels of disease progression and PCSM. Considering additional risk factors further stratifies this group into four subgroups that can guide the clinician in preoperative patient counselling.",Eur Urol,2010,58,1-7; discussion 10-1,10.1016/j.eururo.2010.03.001,https://www.ncbi.nlm.nih.gov/pubmed/20299147,HIGH RISK,positive,1,
19775807,Oncologic outcome after extraperitoneal laparoscopic radical prostatectomy: midterm follow-up of 1115 procedures,Paul A,"BACKGROUND: Although the first laparoscopic radical prostatectomy was performed in 1997, few midterm oncologic data have been published for the extraperitoneal procedure. OBJECTIVE: To determine the oncologic outcome of extraperitoneal laparoscopic radical prostatectomy (ELRP). DESIGN, SETTING, AND PARTICIPANTS: From 2000 to 2007, 1115 consecutive patients underwent ELRP for a localized prostate cancer at our department. Follow-up was scheduled and standardized for all patients and recorded into a prospective database. Median postoperative follow-up was 35.6 mo. INTERVENTION: All ELRP were performed by three surgeons at the Department of Urology, Hospital Henri Mondor, Créteil, France. MEASUREMENTS: Biochemical recurrence was defined by prostate-specific antigen level > or =0.2 ng/ml. RESULTS AND LIMITATIONS: In pN0/pNx cancers, postoperative stage was pT2 in 664 patients (59.5%), pT3 in 350 patients (31.4%), and pT4 in 77 patients (6.9%). Positive lymph nodes were reported in 24 patients (2.2%). Margins were positive in 16.1% and 34.6% of pT2 and pT3 cancers, respectively. Final Gleason score was <7 in 288 men (25.8%), =7 in 701 men (62.9%), and >7 in 126 men (11.3%). Overall prostate-specific antigen (PSA) recurrence-free survival was 83% at 5 yr. The 5-yr progression-free survival rates were 93.4% for pT2, 74.5% for pT3a, and 55.0% for pT3b tumors, respectively. Multivariate Cox model showed that PSA, Gleason score, pT category, nodal status, and surgical margins were significant independent predictors of biochemical recurrence-free survival. CONCLUSIONS: This assessment of oncologic results demonstrates that ELRP is a safe and effective procedure. On the basis of midterm follow-up data, the prognostic factors of PSA after ELRP failure are the same as those described previously in transperitoneal or open retropubic approaches. The oncologic results of ELRP also are in line with those reported with the use of the retropubic or the transperitoneal laparoscopic approaches.",Eur Urol,2010,57,267-72,doi: 10.1016/j.eururo.2009.09.029. Epub 2009 Sep 17,https://www.ncbi.nlm.nih.gov/pubmed/19775807,,negative,0,2010.0
21656740,Early hypofractionated salvage radiotherapy for postprostatectomy biochemical recurrence,Kruser TJ,"BACKGROUND: Postprostatectomy adjuvant or salvage radiotherapy, when using standard fractionation, requires 6.5 to 8 weeks of treatment. The authors report on the safety and efficacy of an expedited radiotherapy course for salvage prostate radiotherapy. METHODS: A total of 108 consecutive patients were treated with salvage radiation therapy to 65 grays (Gy) in 26 fractions of 2.5 Gy. Median follow-up was 32.4 months. Median presalvage prostate-specific antigen (PSA) was 0.44 (range, 0.05-9.50). Eighteen (17%) patients received androgen deprivation after surgery or concurrently with radiation. RESULTS: The actuarial freedom from biochemical failure for the entire group at 4 years was 67% ± 5.3%. An identical 67% control rate was seen at 5 years for the first 50 enrolled patients, whose median follow-up was longer at 43 months. One acute grade 3 genitourinary toxicity occurred, with no acute grade 3 gastrointestinal and no late grade 3 toxicities observed. On univariate analysis, higher Gleason score (P = .006), PSA doubling time ≤12 months (P = .03), perineural invasion (P = .06), and negative margins (P = .06) showed association with unsuccessful salvage. On multivariate analysis, higher Gleason score (P = .057) and negative margins (P = .088) retained an association with biochemical failure. CONCLUSIONS: Hypofractionated radiotherapy (65 Gy in 2.5 Gy fractions in about 5 weeks) reduces the length of treatment by from 1-½ to 3 weeks relative to other treatment schedules commonly used, produces low rates of toxicity, and demonstrates encouraging efficacy at 4 to 5 years. Hypofractionation may provide a convenient, resource-efficient, and well-tolerated salvage approach for the estimated 20,000 to 35,000 US men per year experiencing biochemical recurrence after prostatectomy.",Cancer,2011,15,,doi: 10.1002/cncr.25824. Epub 2010 Dec 14,https://www.ncbi.nlm.nih.gov/pubmed/21656740,,negative,0,2010.0
24138913,Conventional versus automated implantation of loose seeds in prostate brachytherapy: analysis of dosimetric and clinical results.,Genebes C,"PURPOSE: To review the clinical outcome of I-125 permanent prostate brachytherapy (PPB) for low-risk and intermediate-risk prostate cancer and to compare 2 techniques of loose-seed implantation. METHODS AND MATERIALS: 574 consecutive patients underwent I-125 PPB for low-risk and intermediate-risk prostate cancer between 2000 and 2008. Two successive techniques were used: conventional implantation from 2000 to 2004 and automated implantation (Nucletron, FIRST system) from 2004 to 2008. Dosimetric and biochemical recurrence-free (bNED) survival results were reported and compared for the 2 techniques. Univariate and multivariate analysis researched independent predictors for bNED survival. RESULTS: 419 (73%) and 155 (27%) patients with low-risk and intermediate-risk disease, respectively, were treated (median follow-up time, 69.3 months). The 60-month bNED survival rates were 95.2% and 85.7%, respectively, for patients with low-risk and intermediate-risk disease (P=.04). In univariate analysis, patients treated with automated implantation had worse bNED survival rates than did those treated with conventional implantation (P<.0001). By day 30, patients treated with automated implantation showed lower values of dose delivered to 90% of prostate volume (D90) and volume of prostate receiving 100% of prescribed dose (V100). In multivariate analysis, implantation technique, Gleason score, and V100 on day 30 were independent predictors of recurrence-free status. Grade 3 urethritis and urinary incontinence were observed in 2.6% and 1.6% of the cohort, respectively, with no significant differences between the 2 techniques. No grade 3 proctitis was observed. CONCLUSION: Satisfactory 60-month bNED survival rates (93.1%) and acceptable toxicity (grade 3 urethritis<3%) were achieved by loose-seed implantation. Automated implantation was associated with worse dosimetric and bNED survival outcomes.",Int J Radiat Oncol Biol Phys,2013,87,651-8,10.1016/j.ijrobp.2013.08.010,https://www.ncbi.nlm.nih.gov/pubmed/24138913,LOW RISK,positive,1,
31935027,"Patient-Reported Outcomes Through 5 Years for Active Surveillance, Surgery, Brachytherapy, or External Beam Radiation With or Without Androgen Deprivation Therapy for Localized Prostate Cancer",Hoffman KE,"IMPORTANCE: Understanding adverse effects of contemporary treatment approaches for men with favorable-risk and unfavorable-risk localized prostate cancer could inform treatment selection. OBJECTIVE: To compare functional outcomes associated with prostate cancer treatments over 5 years after treatment. DESIGN, SETTING, AND PARTICIPANTS: Prospective, population-based cohort study of 1386 men with favorable-risk (clinical stage cT1 to cT2bN0M0, prostate-specific antigen [PSA] ≤20 ng/mL, and Grade Group 1-2) prostate cancer and 619 men with unfavorable-risk (clinical stage cT2cN0M0, PSA of 20-50 ng/mL, or Grade Group 3-5) prostate cancer diagnosed in 2011 through 2012, accrued from 5 Surveillance, Epidemiology and End Results Program sites and a US prostate cancer registry, with surveys through September 2017. EXPOSURES: Treatment with active surveillance (n = 363), nerve-sparing prostatectomy (n = 675), external beam radiation therapy (EBRT; n = 261), or low-dose-rate brachytherapy (n = 87) for men with favorable-risk disease and treatment with prostatectomy (n = 402) or EBRT with androgen deprivation therapy (n = 217) for men with unfavorable-risk disease. MAIN OUTCOMES AND MEASURES: Patient-reported function, based on the 26-item Expanded Prostate Index Composite (range, 0-100), 5 years after treatment. Regression models were adjusted for baseline function and patient and tumor characteristics. Minimum clinically important difference was 10 to 12 for sexual function, 6 to 9 for urinary incontinence, 5 to 7 for urinary irritative symptoms, and 4 to 6 for bowel and hormonal function. RESULTS: A total of 2005 men met inclusion criteria and completed the baseline and at least 1 postbaseline survey (median [interquartile range] age, 64 [59-70] years; 1529 of 1993 participants [77%] were non-Hispanic white). For men with favorable-risk prostate cancer, nerve-sparing prostatectomy was associated with worse urinary incontinence at 5 years (adjusted mean difference, -10.9 [95% CI, -14.2 to -7.6]) and sexual function at 3 years (adjusted mean difference, -15.2 [95% CI, -18.8 to -11.5]) compared with active surveillance. Low-dose-rate brachytherapy was associated with worse urinary irritative (adjusted mean difference, -7.0 [95% CI, -10.1 to -3.9]), sexual (adjusted mean difference, -10.1 [95% CI, -14.6 to -5.7]), and bowel (adjusted mean difference, -5.0 [95% CI, -7.6 to -2.4]) function at 1 year compared with active surveillance. EBRT was associated with urinary, sexual, and bowel function changes not clinically different from active surveillance at any time point through 5 years. For men with unfavorable-risk disease, EBRT with ADT was associated with lower hormonal function at 6 months (adjusted mean difference, -5.3 [95% CI, -8.2 to -2.4]) and bowel function at 1 year (adjusted mean difference, -4.1 [95% CI, -6.3 to -1.9]), but better sexual function at 5 years (adjusted mean difference, 12.5 [95% CI, 6.2-18.7]) and incontinence at each time point through 5 years (adjusted mean difference, 23.2 [95% CI, 17.7-28.7]), than prostatectomy. CONCLUSIONS AND RELEVANCE: In this cohort of men with localized prostate cancer, most functional differences associated with contemporary management options attenuated by 5 years. However, men undergoing prostatectomy reported clinically meaningful worse incontinence through 5 years compared with all other options, and men undergoing prostatectomy for unfavorable-risk disease reported worse sexual function at 5 years compared with men who underwent EBRT with ADT.",JAMA,2020,14,,doi: 10.1001/jama.2019.20675,https://www.ncbi.nlm.nih.gov/pubmed/31935027,,negative,0,2020.0
26276528,"Patient-reported quality of life after stereotactic body radiotherapy (SBRT), intensity modulated radiotherapy (IMRT), and brachytherapy",Evans JR,"BACKGROUND AND PURPOSE: Stereotactic body radiotherapy (SBRT) is being used for prostate cancer, but concerns persist about toxicity compared to other radiotherapy options. MATERIALS AND METHODS: We conducted a multi-institutional pooled cohort analysis of patient-reported quality of life (QOL) [EPIC-26] before and after intensity-modulated radiotherapy (IMRT), brachytherapy, or SBRT for localized prostate cancer. Data were analyzed by mean domain score, minimal clinically detectable difference (MCD) in domain score, and multivariate analyses to determine factors associated with domain scores at 2-years. RESULTS: Data were analyzed from 803 patients at baseline and 645 at 2-years. Mean declines at 2-years across all patients were -1.9, -4.8, -4.9, and -13.3 points for urinary obstructive, urinary incontinence, bowel, and sexual symptom domains, respectively, corresponding to MCD in 29%, 20%, and 28% of patients. On multivariate analysis (vs. IMRT), brachytherapy had worse urinary irritation at 2-years (-6.8 points, p<0.0001) but no differences in other domains (p>0.15). QOL after SBRT was similar for urinary (p>0.5) and sexual domains (p=0.57), but was associated with better bowel score (+6.7 points, p<0.0002). CONCLUSIONS: QOL 2-years after brachytherapy, IMRT, or SBRT is very good and largely similar, with small differences in urinary and bowel QOL that are likely minimized by modern techniques.",Radiother Oncol,2015,116,179-84,doi: 10.1016/j.radonc.2015.07.016. Epub 2015 Aug 11,https://www.ncbi.nlm.nih.gov/pubmed/26276528,,negative,0,2015.0
31610249,External Beam Radiation Therapy (EBRT) and High-Dose-Rate (HDR) Brachytherapy for Intermediate and High-Risk Prostate Cancer: The Impact of EBRT Volume,Tharmalingam H,"PURPOSE: Whole pelvis radiation therapy (WPRT) may improve clinical outcomes over prostate-only radiation therapy (PORT) in high-risk prostate cancer patients by sterilization of micrometastatic nodal disease, provided there is optimal control of the primary site. METHODS AND MATERIALS: A prospective multicenter cohort study of eligible patients (stage ≥T2c, Gleason score ≥7 or presenting prostate-specific antigen ≥10) treated between 2009 and 2013 were enrolled in a United Kingdom national protocol delivering combined external beam radiation therapy and high-dose-rate brachytherapy. Centers elected to deliver WPRT, 46 Gy in 23 fractions or PORT 37.5 Gy in 15 fractions with 15 Gy single dose high-dose-rate brachytherapy. The primary endpoint was biochemical progression-free survival (bPFS). Secondary endpoints were overall survival, genitourinary, and gastrointestinal toxicity. This was not a randomized comparison and was subject to bias; the findings are therefore hypothesis generating, but not conclusive. RESULTS: Eight hundred and twelve patients were entered; 401 received WPRT and 411 received PORT. With a median follow-up of 4.7 years, 5-year bPFS rates for WPRT versus PORT arms were 89% versus 81% (P = .007) for all patients and 84% versus 77% (P = .001) for high-risk patients. Differences in bPFS remained significant after accounting for Gleason score, presenting prostate-specific antigen, T stage, and androgen deprivation therapy duration as covariates. There was no difference in overall survival. The overall post treatment toxicities across both cohorts were low with no greater than 1.5% of ≥grade 3 toxicities at any follow-up time point. WPRT increased both prevalence and cumulative incidence of acute genitourinary toxicity (P = .004) and acute gastrointestinal toxicity (P = .003). No difference in late radiation toxicity was observed. CONCLUSIONS: A significant improvement in 5-year bPFS was seen in intermediate and high-risk prostate cancer treated with WPRT compared with PORT in a combined external beam radiation therapy and brachytherapy schedule with no increase in late radiation toxicity.",Int J Radiat Oncol Biol Phys,2020,1,,doi: 10.1016/j.ijrobp.2019.09.044. Epub 2019 Oct 11,https://www.ncbi.nlm.nih.gov/pubmed/31610249,,negative,0,2020.0
26531200,Oncological outcomes following robotic-assisted radical prostatectomy in a multiracial Asian population,Alvin LW,"This study evaluates the oncological outcomes of RARP in a multiracial Asian population from a single institution. All suitable patients from 1st January 2003-30th June 2013 were identified from a prospectively maintained cancer registry. Peri-operative and oncological outcomes were analysed. Significance was defined as p < 0.05. There were n = 725 patients identified with a mean follow-up duration 28 months. The mean operative time, EBL and LOS were 186 min, 215 ml and 3 days, respectively. The pathological stage was pT2 in 68.6% (n = 497/725), pT3 in 31.3% (n = 227/725) and n = 1 patient with pT4 disease. The pathological Gleason scores (GS) were 6 in 27.9% (n = 202/725), GS 7 in 63.6% (n = 461/725) and GS ≥ 8 in 8.0 % (n = 58/725). The node positivity rate was 5.8% (n = 21/360). The positive margin rates were 31.0% (n = 154/497) and 70.9% (n = 161/227) for pT2 and pT3, respectively, and decreasing PSM rates are observed with surgical maturity. The biochemical recurrence rates were 9.7% (n = 48/497) and 34.2% (n = 78/228) for pT2 and pT3/T4, respectively. On multivariate analysis, independent predictors of BCR were pathological T stage and pathological Gleason score. Post-operatively, 78.5% (n = 569/725) of patients had no complications and 17.7% (n = 128/725) had minor (Clavien grade I-II) complications. This series, representing the largest from Southeast Asia, suggests that RARP can be a safe and oncologically feasible treatment for localised prostate cancer in an institution with moderate workload.",J Robot Surg,2015,9,201-9,doi: 10.1007/s11701-015-0516-1. Epub 2015 Jul 7,https://www.ncbi.nlm.nih.gov/pubmed/26531200,,negative,0,2015.0
22954770,Direct 2-arm comparison shows benefit of high-dose-rate brachytherapy boost vs external beam radiation therapy alone for prostate cancer.,Khor R,"PURPOSE: To evaluate the outcomes of patients treated for intermediate- and high-risk prostate cancer with a single schedule of either external beam radiation therapy (EBRT) and high-dose-rate brachytherapy (HDRB) boost or EBRT alone. METHODS AND MATERIALS: From 2001-2006, 344 patients received EBRT with HDRB boost for definitive treatment of intermediate- or high-risk prostate cancer. The prescribed EBRT dose was 46 Gy in 23 fractions, with a HDR boost of 19.5 Gy in 3 fractions. This cohort was compared to a contemporaneously treated cohort who received EBRT to 74 Gy in 37 fractions, using a matched pair analysis. Three-dimensional conformal EBRT was used. Matching was performed using a propensity score matching technique. High-risk patients constituted 41% of the matched cohorts. Five-year clinical and biochemical outcomes were analyzed. RESULTS: Initial significant differences in prognostic indicators between the unmatched treatment cohorts were rendered negligible after matching, providing a total of 688 patients. Median biochemical follow-up was 60.5 months. The 5-year freedom from biochemical failure was 79.8% (95% confidence interval [CI], 74.3%-85.0%) and 70.9% (95% CI, 65.4%-76.0%) for the HDRB and EBRT groups, respectively, equating to a hazard ratio of 0.59 (95% CI, 0.43-0.81, P=.0011). Interaction analyses showed no alteration in HDR efficacy when planned androgen deprivation therapy was administered (P=.95), but a strong trend toward reduced efficacy was shown compared to EBRT in high-risk cases (P=.06). Rates of grade 3 urethral stricture were 0.3% (95% CI, 0%-0.9%) and 11.8% (95% CI, 8.1%-16.5%) for EBRT and HDRB, respectively (P<.0001). No differences in clinical outcomes were observed. CONCLUSIONS: This comparison of 2 individual contemporaneously treated HDRB and EBRT approaches showed improved freedom from biochemical progression with the HDR approach. The benefit was more pronounced in intermediate- risk patients but needs to be weighed against an increased risk of urethral toxicity.",Int J Radiat Oncol Biol Phys,2013,85,679-85,10.1016/j.ijrobp.2012.07.006,https://www.ncbi.nlm.nih.gov/pubmed/22954770,INTERMEDIATE RISK,positive,1,
15747374,Cryosurgical ablation of the prostate: high risk patient outcomes,Prepelica KL,"BACKGROUND: The authors report their experience with cryosurgical ablation of the prostate in men with high-risk features for prostate carcinoma who were unwilling to undergo radical surgery or radiation therapy. METHODS: Between January 1998 and April 2002, 65 men underwent primary cryosurgery for prostate carcinoma with high-risk features. All patients had biopsy-proven prostate carcinoma without evidence for metastatic disease on magnetic resonance images, computed tomography scans, or radionuclide images of bones. High-risk parameters were defined as either a prostate-specific antigen (PSA) level >/= 10 ng/mL, or a Gleason sum score >/= 8, or both. Patients who had undergone prior surgery, radiation therapy, or cryoablation for prostate carcinoma were excluded from the study. Patients were monitored with physical examination and PSA screening every 3 months and with radiologic imaging when indicated. RESULTS: The median patient age was 72 years (range, 41-86 years), and t he median follow-up was 35 months (range, 4-77 months). There were 2 patients (3.1%) with rectal pain and incontinence. Durable PSA biochemical disease-free survival was noted in 83.3% of patients according to the American Society for Therapeutic Radiology and Oncology (ASTRO) criteria. A 6-year Kaplan-Meier analysis revealed an 81.7% ASTRO survival probability as well as PSA nadir < 4.0 ng/mL and PSA nadir < 1.0 ng/mL projections of 50% and 35%, respectively. One of 8 postcryosurgery biopsies (12.5%) were positive. No patient had progressed at last follow-up, and the overall survival rate was 100%. CONCLUSIONS: Cryoablation was a feasible treatment option in patients with organ-confined prostate carcinoma who had high-risk features. Longer follow-up will be necessary to determine the effectiveness of this approach.",Cancer,2005,15,,doi: 10.1002/cncr.20944,https://www.ncbi.nlm.nih.gov/pubmed/15747374,,negative,0,2005.0
15538238,10-year disease-free survival rates after simultaneous irradiation for prostate cancer with a focus on calculation methodology.,Critz FA,"PURPOSE: We documented the 10-year disease-free survival rate after simultaneous irradiation for prostate cancer and suggested standards for outcome calculation methodology. MATERIALS AND METHODS: From 1992 to 1998, 1,469 consecutive men with clinical stage T1T2NxM0 prostate cancer who did not receive neoadjuvant hormones were treated with simultaneous irradiation, an ultrasound guided transperineal prostate I seed implant followed by external irradiation. Median pretreatment prostate specific antigen (PSA) was 7.1 ng/ml (range 0.3 to 88). All men were treated 5 or more years ago. Median followup was 6 years (range 3 months to 11 years). Disease freedom was defined as the achievement and maintenance of PSA 0.2 ng/ml or less, and treatment failure was defined as a PSA nadir greater than 0.2 ng/ml or a subsequent PSA increase above this level. RESULTS: The overall 10-year disease-free survival rate was 83%. Median time to recurrence was 30 months (range 3 months to 8 years) and 24% of recurrences were after 5-year followup. The 10-year outcome according to low, intermediate and high risk group was 93%, 80% and 61%, respectively (p <0.0001). Multivariate analysis of factors related to disease freedom documents that pretreatment PSA, Gleason score and percent positive biopsies were significant but stage and age were not. CONCLUSIONS: By calculating outcome with PSA cut point 0.2 ng/ml and evaluation only of men treated 5 or more years ago, the 10-year disease-free survival rates from this study can be reasonably compared with the outcome of radical prostatectomy performed in the PSA era.",J Urol,2004,172,2232-8,10.1097/01.ju.0000144033.61661.31,https://www.ncbi.nlm.nih.gov/pubmed/15538238,LOW RISK,positive,1,
32328779,"Trends in risk-group distribution and Pentafecta outcomes in patients treated with nerve-sparing, robot-assisted radical prostatectomy: a 10-year low-intermediate volume single-center experience",Afferi L,"PURPOSE: To evaluate the trends in risk-group distribution and Pentafecta outcomes in patients treated with nerve-sparing (NS), robot-assisted radical prostatectomy (RARP) in a single low-intermediate volume prostate cancer (PCa) center over a 10-year period. MATERIALS AND METHODS: We queried a prospectively maintained database for patients who underwent NS RARP between 2009 and 2018 in a low-intermediate volume PCa center. Risk-groups were defined according to the D'Amico classification. Pentafecta outcomes referred to the postsurgical presence of potency and continence, and the absence of biochemical recurrence (BCR), positive surgical margins (PSM), and perioperative complications. The Kruskall-Wallis test, the t test and the Mann-Whitney tests were used when appropriate. RESULTS: 603 patients underwent NS RARP and 484 patients were evaluated for Pentafecta outcomes. Median postsurgical follow-up was 28 months. Overall, 137 (22.7%), 376 (62.3%), and 90 (15%) patients were diagnosed in the low-, intermediate-, and high-risk groups, respectively. Patients undergoing NS RARP shifted from 33 to 20% in the low-risk group, from 52 to 62% in the intermediate-risk group, and from 10 to 13% in the high-risk group. Patients reaching Pentafecta increased from 38 to 44%. No postoperative potency was the main reason for non-achieving Pentafecta (71%). BCR strongly limited Pentafecta achievement in the high-risk group (61%), but not in intermediate (24%) and low-risk (30%) groups. CONCLUSIONS: Low-intermediate volume PCa centers show similar trends to high-volume centers regarding risk group distributions over time in PCa patients undergoing NS RARP. We reported an increase in Pentafecta outcomes achievement over time even for experienced surgeons. Pentafecta outcomes achievement is risk-group dependent.",World J Urol,2021,39,389-397,doi: 10.1007/s00345-020-03206-y. Epub 2020 Apr 23,https://www.ncbi.nlm.nih.gov/pubmed/32328779,,negative,0,2020.0
25765848,Salvage radical prostatectomy after external beam radiation therapy: a systematic review of current approaches,Matei DV,"BACKGROUND: Radical external beam radiotherapy (EBRT) is a standard treatment for prostate cancer patients. Despite this, the rate of intraprostatic relapses after primary EBRT is still not negligible. There is no consensus on the most appropriate management of these patients after EBRT failure. For these patients, local salvage therapy such as radical prostatectomy, cryotherapy, and brachytherapy may be indicated. OBJECTIVE: The objectives of this review were to analyze the eligibility criteria for careful selection of appropriate patients and to evaluate the oncological results and complications for each method. METHODS: A review of the literature was performed to identify studies of local salvage therapy for patients who had failed primary EBRT for localized prostate cancer. RESULTS: Most studies demonstrated that local salvage therapy after EBRT may provide long-term local control in appropriately selected patients, although toxicity is often significant. CONCLUSIONS: Our results suggest that for localized prostate cancer recurrence after EBRT, the selection of a local treatment modality should be made on a patient-by-patient basis. An improvement in selection criteria and an integrated definition of biochemical failure for all salvage methods are required to determine which provides the best oncological outcome and least comorbidity.",Urol Int,2015,94,373-82,doi: 10.1159/000371893. Epub 2015 Mar 4,https://www.ncbi.nlm.nih.gov/pubmed/25765848,,negative,0,2015.0
32220567,Outcomes for Young Men With Localized Intermediate-Risk Prostate Cancer: An Analysis of the NCDB,Chua S,"BACKGROUND: Primary management of localized, intermediate-risk prostate cancer consists of radical prostatectomy (RP), radiotherapy (RT) with short-course androgen deprivation therapy (ADT), or RT alone. The purpose of this study was to determine if these treatment strategies have equivalent overall survival (OS) in patients < 55 years old with intermediate-risk prostate cancer. PATIENTS AND METHODS: We identified 35,134 patients in the National Cancer Data Base with localized intermediate-risk prostate cancer treated with RP, RT + ADT, or RT from 2004 to 2013. Ten-year OS rates were estimated by the Kaplan-Meier method. Adjusted hazard ratios (HR) with 95% confidence intervals (CI) were computed by multivariate Cox regression. RESULTS: A total of 29,920 patients (85.2%) underwent RP, 1393 (4.0%) RT + ADT, and 3821 (10.9%) RT. Median patient age was 51 years old, and median follow-up was 59.9 months. Ten-year OS was estimated to be 94.2% for RP, 80.7% for RT + ADT, and 85.2% for RT (P < .0001). On multivariate analysis, treatment with RT + ADT or RT was associated with significantly worse OS compared to treatment with RP (RT + ADT HR = 2.06, 95% CI 1.67-2.54, P < .0001; RT HR = 2.0, 95% CI 1.71-2.33, P < .0001). Patients who met all 3 of the intermediate-risk criteria showed worse OS compared to patients who met only one criterion (HR = 1.80; 95% CI, 1.32-2.44; P = .0002). CONCLUSION: RP is significantly more likely than RT + ADT or RT to be used as a primary treatment for young men with localized intermediate prostate cancer. RP was also associated with improved OS compared to RT + ADT and RT.",Clin Genitourin Cancer,2020,18,,doi: 10.1016/j.clgc.2020.02.002. Epub 2020 Feb 22,https://www.ncbi.nlm.nih.gov/pubmed/32220567,,negative,0,2020.0
16194714,Laparoscopic radical prostatectomy: conventional and robotic,Menon M,"By 2015, prostate cancer will become the most commonly diagnosed cancer in men. Radical prostatectomy reduces disease-specific mortality in patients with localized prostate cancer; however, the invasiveness of surgery and its resultant side effects cause many men to seek other treatments. In 2000, laparoscopic radical prostatectomy emerged as a minimally invasive alternative to open surgery; it has been refined recently by the addition of robotic technology. To examine the outcomes of robotic radical prostatectomy and compare them with those from open and conventional laparoscopic radical prostatectomy, we prospectively collected baseline demographic data on all patients undergoing surgery for prostate cancer over a 4-year period at our center. Urinary function and sexual function were evaluated using standardized criteria as well as a questionnaire preoperatively and at 1, 3, 6, 12, and 18 months after their procedure. Operative and postoperative outcomes were compared using values for open radical prostatectomy as the reference standard. A total of 100 men underwent open radical prostatectomy with conventional laparoscopic radical prostatectomy (n = 50) and robotic radical prostatectomy (n = 500). The odds ratios for operative times, blood loss, postoperative pain, complications, and median times to urinary continence and resumption of sexual activity all were lower for robotic than for open or laparoscopic radical prostatectomy. It appears safe to conclude that conventional laparoscopic radical prostatectomy is a reasonable alternative to open radical prostatectomy in the surgical treatment of patients with clinically localized prostate cancer. The incorporation of robotics may result in even better surgical outcomes than conventional laparoscopy. However, the surgical robot is expensive; few centers have access to the technology and even fewer have expertise in the technique. For robotic radical prostatectomy to become the standard of care for the treatment of localized prostate cancer will require economies of cost, dissemination of surgical expertise, and data from randomized trials.",Urology,2005,66,101-4,doi: 10.1016/j.urology.2005.06.008,https://www.ncbi.nlm.nih.gov/pubmed/16194714,,negative,0,2005.0
15001244,Long-term outcome by risk factors using conformal high-dose-rate brachytherapy (HDR-BT) boost with or without neoadjuvant androgen suppression for localized prostate cancer.,Galalae RM,"PURPOSE: The aim of this study is to analyze, during the prostate-specific antigen (PSA) era, the long-term outcome of patients treated with conformal high-dose-rate (HDR) brachytherapy boost to the prostate with or without androgen deprivation therapy (ADT) when patients are stratified by risk factors for failure. METHODS AND MATERIALS: Between 1986 and 2000, 611 patients were treated for clinically localized prostate cancer in three prospective trials of external beam radiation therapy (EBRT) and dose-escalating HDR brachytherapy (BT) boost. There were 104 patients treated at Seattle, 198 at Kiel University, and 309 at William Beaumont Hospital. Of the 611 patients, 177 received a short course of neoadjuvant/concurrent ADT. The patients were divided into three risk groups. Group I, comprised of 46 patients, had stage < or =T2a, Gleason score (GS) < or = 6, and initial PSA (iPSA) < or = 10 ng/mL. Group II comprised 188 patients with stage > or =T2b, GS > or = 7, and iPSA > or = 10, with any one factor higher. Group III included 359 patients with any two risk factors higher. The American Society for Therapeutic Radiology and Oncology definition for biochemical failure was used. RESULTS: The mean follow-up was 5 years (range, 0.2-15.3). For the 611 patients, the 5-year and 10-year biochemical control (BC) rates were 77% and 73%, disease-free survival (DFS) was 67% and 49%, and cause-specific survival (CSS) was 96% and 92%, respectively. BC at 5 years for Group I patients was 96%, for Group II 88%, and for Group III patients 69%. CSS at 5 years was 100% in Group I, 99% in Group II, and 95% in Group III patients. In univariate and multiple regression analyses for BC, risk group, stage, iPSA, and GS were significant in predicting failure. However, age, follow-up interval, and ADT did not. CONCLUSIONS: EBRT with HDR-BT produced excellent long-term outcomes in terms of BC, DFS, and CSS in patients with prostate cancer even for those at highest risk. Conformal HDR-BT is both a precise dose delivery system and an effective treatment for both favorable and unfavorable prostate cancer. The addition of a short course of neoadjuvant/concurrent ADT failed to improve outcome. The results were similar at all three institutions, giving credence to the reproducibility of the brachytherapy treatment.",Int J Radiat Oncol Biol Phys,2004,58,1048-55,10.1016/j.ijrobp.2003.08.003,https://www.ncbi.nlm.nih.gov/pubmed/15001244,INTERMEDIATE RISK,positive,1,
16750319,Increasing external beam dose for T1-T2 prostate cancer: effect on risk groups.,Thames HD,"PURPOSE: The aim of this study was to investigate effect of increasing dose on risk groups for clinical failure (CF: local failure or distant failure or hormone ablation or PSA>or=25 ng/ml) in patients with T1-T2 prostate cancer treated with external beam radiotherapy. METHODS AND MATERIALS: Patients (n=4,537) were partitioned into nonoverlapping dose ranges, each narrow enough that dose was not a predictor of CF, and risk groups for CF were determined using recursive partitioning analysis (RPA). The same technique was applied to the highest of these dose ranges (70-76 Gy, 1,136 patients) to compare risk groups for CF in this dose range with the conventional risk-group classification. RESULTS: Cutpoints defining low-risk groups in each dose range shifted to higher initial PSA levels and Gleason scores with increasing dose. Risk groups for CF in the dose range 70-76 Gy were not consistent with conventional risk groups. CONCLUSIONS: The conventional classification of risk groups was derived in the early PSA era, when total doses<70 Gy were common, and it is inconsistent with risk groups for patients treated to doses>70 Gy. Risk-group classifications must be continuously re-examined whenever the trend is toward increasing total dose.",Int J Radiat Oncol Biol Phys,2006,65,975-81,10.1016/j.ijrobp.2006.02.043,https://www.ncbi.nlm.nih.gov/pubmed/16750319,LOW RISK,positive,1,
18448268,Primary causes of death after permanent prostate brachytherapy.,Bittner N,"PURPOSE: To evaluate the primary causes of death in low-risk (low-risk), intermediate-risk (intermediate-risk), and high-risk (high-risk) patients undergoing permanent prostate brachytherapy with or without supplemental therapies. METHODS AND MATERIALS: From April 1995 through November 2004, a total of 1,354 consecutive patients underwent prostate brachytherapy. All patients underwent brachytherapy >3 years before analysis. Of the patients, 532 (39.3%) received androgen deprivation therapy and 703 (51.9%) received supplemental radiation therapy. The median follow-up was 5.4 years. Multiple parameters were evaluated as predictors of cause-specific, biochemical progression-free, and overall survival. RESULTS: The 10-year cause-specific survival was 97.0% (99.7%, 99.0%, and 90.1% for low-risk, intermediate-risk, and high-risk patients). Overall survival was 76.7% (82.5%, 78.3%, and 67.6% for low-, intermediate-, and high-risk patients, respectively). The cumulative death rate for cardiovascular disease was 11.5% (8.7%, 9.3%, and 19.8% for low-, intermediate-, and high-risk patients). The death rate from second malignancies (nonprostate cancer) was 7.2% and was not substantially different when stratified by risk group. Death from all other causes was 6.5% for the entire cohort but 1.3%, 5.0%, and 10.8% for low-, intermediate-, and high-risk patients. In multivariate analysis, death from prostate cancer was best predicted by Gleason score and risk group, whereas death from cardiovascular disease, nonprostate cancer, and all other causes were most closely related to patient age and tobacco use. CONCLUSIONS: Although cardiovascular mortality was the predominant cause of death, prostate cancer was responsible for approximately 10% of all deaths. In particular, overall survival was poorest in the high-risk group. Although high-risk patients were most likely to die of prostate cancer, the divergence in overall survival between high-risk and lower-risk patients primarily resulted from an excess of cardiovascular deaths. Changes in lifestyle to improve cardiovascular health may improve overall survival in patients with clinically localized prostate cancer.",Int J Radiat Oncol Biol Phys,2008,72,433-40,10.1016/j.ijrobp.2008.02.013,https://www.ncbi.nlm.nih.gov/pubmed/18448268,LOW RISK,positive,1,
26632846,Role of Focal Therapy with High-Intensity Focused Ultrasound in the Management of Clinically Localized Prostate Cancer,Kuru TH,"Overtreatment of prostate cancer (PC) remains one of the main burdens in uro-oncology. Focal therapy may be a reasonable alternative with less side effects and morbidity. Application of high-intensity focused ultrasound (HIFU) induces immediate and irreversible coagulation. The treatment leads to consecutive necrosis with sharply delineated margins, making HIFU a promising tool for the focal therapy of localized PC. Unlike radiation, the treatment leaves no collateral damage outside of the heated tissue, allowing repeated use of HIFU, if necessary. In case of non-organ-confined relapse, additional radical salvage therapy can be performed. This review gives an overview of the existing evidence on focal HIFU. Today, 3 HIFU devices are approved for the treatment of localized PC: Sonablate™, Ablatherm™ and the FocalOne™ device. In summary, the first published results of focal HIFU are promising. The quality of life and potency of the patients are well preserved. Therefore, HIFU treatment, and especially focal ablation of tumor foci, seems to be a safe alternative to standard treatment, with low side effects. The oncologic results seem satisfactory but need further follow-up to validate this practice of PC control.",Oncol Res Treat,2015,38,634-8,doi: 10.1159/000441600. Epub 2015 Nov 9,https://www.ncbi.nlm.nih.gov/pubmed/26632846,,negative,0,2015.0
21104184,Salvage robotic assisted laparoscopic radical prostatectomy: indications and outcomes,Williams SB,"OBJECTIVES: Salvage robotic assisted laparoscopic radical prostatectomy (SRALP) has now become a feasible alternative to open prostatectomy in experienced hands. Herein we review the urologic literature for the indications and outcomes of SRALP. METHODS: A comprehensive review of the peer reviewed literature was performed for reported cases of salvage robotic and open prostatectomy, with emphasis being on comparing oncologic outcomes. RESULTS: Salvage prostatectomy, whether open or robotic, is a viable alternative for treatment of recurrent, localized, non-metastatic prostate cancer after failed primary radiotherapy. Although few reports of salvage robotic prostatectomy have been published with limited long-term follow-up, initial oncologic results seem at least comparable to the salvage open prostatectomy series. SRALP should be performed by centers with a dedicated and well experienced robotic urologic oncology program. CONCLUSIONS: SRALP is a feasible surgical treatment option for patients with recurrence after primary radiotherapy with preliminary oncologic outcomes comparable to the open approach. Further long-term follow-up is needed to validate these results.",World J Urol,2013,31,431-4,doi: 10.1007/s00345-010-0619-2. Epub 2010 Nov 21,https://www.ncbi.nlm.nih.gov/pubmed/21104184,,negative,0,2010.0
32093688,The efficacy and safety of radical prostatectomy and radiotherapy in high-risk prostate cancer: a systematic review and meta-analysis,Wang Z,"BACKGROUND: The optimal treatment for patients with high-risk prostate cancer (PCa) remains a debate and selection of patients to receive proper therapy is still an unsettled question. This systematic review was conducted to compare the effectiveness of prostatectomy (RP) and radiotherapy (RT) in patients with high-risk PCa and to select candidates for optimal treatment. METHODS: PubMed, EMBASE, and Cochrane Central Register of Controlled Trials were searched for eligible studies. We extracted hazard ratios (HRs) and 95% confidence interval (CI) of all included studies. The primary outcomes were overall survival (OS) and cancer-specific survival (CSS); the secondary outcomes were biochemical recurrence-free survival (BRFS), metastasis-free survival (MFS) and clinical recurrence-free survival (CRFS). The meta-analysis was performed using Review Manager 5.3. Subgroup analyses were conducted according to Gleason score (GS), T stage and RT types. Quality of life (QoL) was compared with these two treatments. RESULTS: A total of 25 studies were included in this meta-analysis. Overall, RP showed more survival benefits than RT on CSS (P = 0.003) and OS (P = 0.002); while RT was associated with better BRFS (P = 0.002) and MFS (P = 0.004). Subgroup analyses showed RT was associated with similar or even better survival outcomes compared to RP in patients with high GS, high T stage or received external beam radiotherapy plus brachytherapy (EBRT + BT). As for QoL, RP was associated with poorer urinary and sexual function but better performance in the bowel domain. CONCLUSION: RP could prolong the survival time of patients with high-risk PCa; however, RT could delay the disease progression, and combined RT (EBRT + BT) even brought preferable CSS and similar OS compared to RP. RT might be the prior choice for patients with high T stage or high GS. RP could lead to poorer urinary and sexual function, while bringing better performance in the bowel domain.",World J Surg Oncol,2020,24,,doi: 10.1186/s12957-020-01824-9,https://www.ncbi.nlm.nih.gov/pubmed/32093688,,negative,0,2020.0
20201830,Relationship between prostate cancer mortality and number of unfavourable risk factors in men treated with definitive brachytherapy,Taira AV,"OBJECTIVE: To explore whether the number of unfavourable pretreatment risk factors predicts cause-specific mortality in men treated with prostate brachytherapy. PATIENTS AND METHODS: Between April 1995 and March 2006, 739 patients were treated who had at least one of the following adverse risk factors: pretreatment prostate-specific antigen (PSA) level of >10 ng/mL, a Gleason score of > or =7, clinical stage > or =T2b, or a PSA velocity (PSAV) of >2 ng/mL/year. Supplemental external beam radiotherapy (EBRT) was delivered to 464 (62.8%) men and 301 (40.7%) received androgen deprivation therapy (ADT). Of men with more than two risk factors, 87% received EBRT and 62% received ADT. RESULTS: The biochemical progression-free survival (bPFS), cause-specific survival (CSS) and overall survival for all patients were 95.0%, 97.9% and 70.0% at 12 years. Men with three or four risk factors had a prostate cancer-specific mortality (PCSM) at 12 years of 5.3%, vs 1.7% for men with one or two risk factors (P= 0.006). When 'percentage of positive biopsy cores >50%' replaced PSAV as a risk factor, men with two or more risk factors had a PCSM of 8.9%, vs 1.0% for men with one or two risk factors (P= 0.001). There was no difference in all-cause mortality between the groups in either analysis. CONCLUSION: Multimodal brachytherapy results in high rates of bPFS and CSS, even for men with several unfavourable risk factors. Men with two or more unfavourable risk factors had a slightly greater risk of PCSM and no difference in all-cause mortality. The presence of three or four unfavourable intermediate-risk factors does not appear to clearly identify a group that requires further treatment intensification, although the percentage of positive cores might be more predictive than PSAV.",BJU Int,2010,106,809-14,doi: 10.1111/j.1464-410X.2010.09269.x. Epub 2010 Mar 1,https://www.ncbi.nlm.nih.gov/pubmed/20201830,,negative,0,2010.0
21784585,Single-fraction high-dose-rate brachytherapy and hypofractionated external beam radiation therapy in the treatment of intermediate-risk prostate cancer - long term results.,Cury FL,"PURPOSE: We present the long-term results of a cohort of patients with intermediate-risk prostate cancer (PC) treated with single-fraction high-dose-rate brachytherapy (HDRB) combined with hypofractionated external beam radiation therapy (HypoRT). METHODS AND MATERIALS: Patients were treated exclusively with HDRB and HypoRT. HDRB delivered a dose of 10 Gy to the prostate surface and HypoRT consisted of 50 Gy delivered in 20 daily fractions. The first 121 consecutive patients with a minimum of 2 years posttreatment follow-up were assessed for toxicity and disease control. RESULTS: The median follow-up was 65.2 months. No acute Grade III or higher toxicity was seen. Late Grade II gastrointestinal toxicity was seen in 9 patients (7.4%) and Grade III in 2 (1.6%). Late Grade III genitourinary toxicity was seen in 2 patients (1.6%). After a 24-month follow-up, a rebiopsy was offered to the first 58 consecutively treated patients, and 44 patients agreed with the procedure. Negative biopsies were found in 40 patients (91%). The 5-year biochemical relapse-free survival rate was 90.7% (95% CI, 84.5-96.9%), with 13 patients presenting biochemical failure. Among them, 9 were diagnosed with distant metastasis. Prostate cancer-specific and overall survival rates at 5 years were 100% and 98.8% (95% CI, 96.4-100%), respectively. CONCLUSION: The combination of HDRB and HypoRT is well tolerated, with acceptable toxicity rates. Furthermore, results from rebiopsies revealed an encouraging rate of local control. These results confirm that the use of conformal RT techniques, adapted to specific biological tumor characteristics, have the potential to improve the therapeutic ratio in intermediate-risk PC patients.",Int J Radiat Oncol Biol Phys,2012,82,1417-23,10.1016/j.ijrobp.2011.05.025,https://www.ncbi.nlm.nih.gov/pubmed/21784585,INTERMEDIATE RISK,positive,1,
14697417,"Radical prostatectomy, external beam radiotherapy <72 Gy, external beam radiotherapy > or =72 Gy, permanent seed implantation, or combined seeds/external beam radiotherapy for stage T1-T2 prostate cancer.",Kupelian PA,"PURPOSE: To review the biochemical relapse-free survival (bRFS) rates after treatment with permanent seed implantation (PI), external beam radiotherapy (EBRT) <72 Gy (EBRT <72), EBRT > or =72 Gy (EBRT > or =72), combined seeds and EBRT (COMB), or radical prostatectomy (RP) for clinical Stage T1-T2 localized prostate cancer treated between 1990 and 1998. METHODS AND MATERIALS: The study population comprised 2991 consecutive patients treated at the Cleveland Clinic Foundation or Memorial Sloan Kettering at Mercy Medical Center. All cases had pretreatment prostate-specific antigen (iPSA) levels and biopsy Gleason scores (bGSs). Neoadjuvant androgen deprivation for < or =6 months was given in 622 cases (21%). No adjuvant therapy was given after local therapy. RP was used for 1034 patients (35%), EBRT <72 for 484 (16%), EBRT > or =72 for 301 (10%), PI for 950 (32%), and COMB for 222 patients (7%). The RP, EBRT <72, EBRT > or =72, and 154 PI patients were treated at Cleveland Clinic Foundation. The median radiation doses in EBRT <72 and EBRT > or =72 case was 68.4 and 78.0 Gy, respectively. The median follow-up time for all cases was 56 months (range 12-145). The median follow-up time for RP, EBRT <72, EBRT > or =72, PI, and COMB was 66, 75, 49, 47, and 46 months, respectively. Biochemical relapse was defined as PSA levels >0.2 for RP cases and three consecutive rising PSA levels (American Society for Therapeutic Radiology Oncology consensus definition) for all other cases. A multivariate analysis for factors affecting the bRFS rates was performed using the following variables: clinical T stage, iPSA, bGS, androgen deprivation, year of treatment, and treatment modality. The multivariate analysis was repeated excluding the EBRT <72 cases. RESULTS: The 5-year bRFS rate for RP, EBRT <72, EBRT > or =72, PI, and COMB was 81%, 51%, 81%, 83%, and 77%, respectively (p <0.001). The 7-year bRFS rate for RP, EBRT <72, EBRT > or =72, PI, and COMB was 76%, 48%, 81%, 75%, and 77%, respectively. Multivariate analysis, including all cases, showed iPSA (p <0.001), bGS (p <0.001), year of therapy (p <0.001), and treatment modality (p <0.001) to be independent predictors of relapse. Because EBRT <72 cases had distinctly worse outcomes, the analysis was repeated after excluding these cases to discern any differences among the other modalities. The multivariate analysis excluding the EBRT <72 cases revealed iPSA (p <0.001), bGS (p <0.001), and year of therapy (p = 0.001) to be the only independent predictors of relapse. Treatment modality (p = 0.95), clinical T stage (p = 0.09), and androgen deprivation (p = 0.56) were not independent predictors for failure. CONCLUSION: The biochemical failure rates were similar among PI, high-dose (> or =72 Gy) EBRT, COMB, and RP for localized prostate cancer. The outcomes were significantly worse for low-dose (<72 Gy) EBRT.",Int J Radiat Oncol Biol Phys,2004,58,25-33,10.1016/s0360-3016(03)00784-3,https://www.ncbi.nlm.nih.gov/pubmed/14697417,LOW RISK,positive,1,
24474543,Radical prostatectomy in high-risk prostate cancer: incidence of specimen-confined disease (pT2-pT3a N0R0) and outcomes.,Mearini L,"INTRODUCTION: Radical prostatectomy (RP) in patients with high-risk prostate cancer (PC) [prostate specific antigen (PSA) ≥ 20 ng/mL, and/or Gleason score ≥ 8, and/or cT3a disease] is considered an optional therapy, usually as a part of multimodal approach. Aim of the study is to evaluate the outcome of radical prostatectomy in case of specimen-confined (SC) disease and to compare it with patients with pathological locally-advanced disease. MATERIALS AND METHODS: Data from 176 consecutive patients with high-risk prostate cancer who underwent RP as initial therapy were analyzed, identifying subjects with specimen-confined disease (i.e. negative margins and negative lymph-nodes) in which RP was considered as monotherapy, and comparing oncological outcomes to patients with pathological non-SC disease, in which RP was considered as the first step of a multimodal approach. RESULTS: In high-risk prostate cancer, pathological report showed the presence of specimen-confined disease in 28.3% of cases. At univariate analysis, age and PSA correlate with the presence of SC disease at radical prostatectomy, while at multivariate analysis only PSA was a significant predictor of SC disease. At 5 years, Kaplan-Meier estimation of biochemical-free and cancer-specific survival was 56.2% and 97.7% vs 40.8% and 92.8% in specimen-confined disease and non-specimen-confined disease, respectively. CONCLUSIONS: High-risk prostate cancer presents challenges for uro-oncologists since standard treatment is still under debate. One third of patients will present with specimen-confined disease, for which radical prostatectomy represents the sole, initial curative therapy; RP as multimodal therapy in patients without SC disease permits excellent long-term oncological outcomes.",Urologia,2014,81,125-32,10.5301/urologia.5000030,https://www.ncbi.nlm.nih.gov/pubmed/24474543,HIGH RISK,positive,1,
25770484,"Urinary Incontinence and Erectile Dysfunction After Robotic Versus Open Radical Prostatectomy: A Prospective, Controlled, Nonrandomised Trial",Haglind E,"BACKGROUND: Robot-assisted laparoscopic radical prostatectomy (RALP) has become widely used without high-grade evidence of superiority regarding long-term clinical outcomes compared with open retropubic radical prostatectomy (RRP), the gold standard. OBJECTIVE: To compare patient-reported urinary incontinence and erectile dysfunction 12 mo after RALP or RRP. DESIGN, SETTING, AND PARTICIPANTS: This was a prospective, controlled, nonrandomised trial of patients undergoing prostatectomy in 14 centres using RALP or RRP. Clinical-record forms and validated patient questionnaires at baseline and 12 mo after surgery were collected. OUTCOME MEASUREMENTS AND STATISTICAL ANALYSES: Odds ratios (ORs) were calculated with logistic regression and adjusted for possible confounders. The primary end point was urinary incontinence (change of pad less than once in 24h vs one time or more per 24h) at 12 mo. Secondary end points were erectile dysfunction at 12 mo and positive surgical margins. RESULTS AND LIMITATIONS: At 12 mo after RALP, 366 men (21.3%) were incontinent, as were 144 (20.2%) after RRP. The unadjusted OR was 1.08 (95% confidence interval [CI], 0.87–1.34). Erectile dysfunction was observed in 1200 men (70.4%) 12 mo after RALP and 531 (74.7%) after RRP. The unadjusted OR was 0.81 (95% CI, 0.66–0.98). CONCLUSIONS: In a Swedish setting, RALP for prostate cancer was modestly beneficial in preserving erectile function compared with RRP, without a statistically significant difference regarding urinary incontinence or surgical margins. PATIENT SUMMARY: We compared patient-reported urinary incontinence after prostatectomy with two types of surgical technique. There was no statistically significant improvement in the rate of urinary leakage, but there was a small improvement regarding erectile function after robot-assisted operation.",Eur Urol,2015,68,216-25,doi: 10.1016/j.eururo.2015.02.029. Epub 2015 Mar 12,https://www.ncbi.nlm.nih.gov/pubmed/25770484,,negative,0,2015.0
19863521,Radical prostatectomy as initial monotherapy for patients with pathologically confirmed high-grade prostate cancer,Bahler CD,"OBJECTIVE: To report the long-term outcome of high-grade prostate cancer treated with radical prostatectomy (RP) as initial monotherapy, analyse the effect of clinical and pathological variables on survival, and report cancer-related symptoms. PATIENTS AND METHODS: A retrospective chart review was conducted to identify patients with Gleason 8-10 prostate cancer found on pathological review in men undergoing RP as initial therapy for clinically localized disease between 1988 and 2005. Kaplan-Meier analysis was used to calculate event-free survival. Univariable and multivariable analyses were used to assess the effects of clinical and pathological variables on prostate-specific antigen (PSA) recurrence. RESULTS: After excluding 20 patients, 119 were identified with pathologically confirmed high-grade cancers at the time of RP. The overall median (interquartile range) follow-up was 73 (41-113) months. Twenty-four (20%) patients had organ-confined cancer, 60 (50%) had specimen-confined cancer, and 14 (12%) had nodal metastasis. Kaplan-Meier analysis showed overall survival rates at 5 and 10 years, respectively, of 90% and 75%, cancer-specific survival of 92% and 82%, and a PSA recurrence-free follow-up at 5 years of 31%. Using univariable analysis, preoperative PSA level, pathological Gleason score, pathological stage, surgical margin status and tumour volume were found to significantly affect the PSA recurrence-free follow-up. No variables were significant on multivariable analysis. Cancer-related symptoms were reported by only 14 patients, with a median time from surgery to first symptom of 43 months. CONCLUSION: High-grade prostate cancer can be treated with RP as initial monotherapy with an acceptable 10-year cancer-specific survival (82%). The PSA recurrence-free follow-up is poor (31% at 5 years). However, few patients progress to symptomatic recurrence after PSA relapse within the first 5 years.",BJU Int,2010,105,1372-6,doi: 10.1111/j.1464-410X.2009.08979.x. Epub 2009 Oct 26,https://www.ncbi.nlm.nih.gov/pubmed/19863521,,negative,0,2010.0
25998747,Influence of pathological factors on oncological outcomes after robot-assisted radical prostatectomy for localized prostate cancer: Results of a prospective study,Kozal S,"PURPOSE: To assess the prognostic significance of lymphovascular invasion (LVI), maximum tumor diameter (MTD), high-grade prostatic intraepithelial neoplasia, perineural invasion, and length of positive surgical margins after robot-assisted radical prostatectomy (RARP). METHODS: A single-institution prospective analysis of all patients who underwent RARP for localized prostate cancer was performed between January 2005 and June 2013. The primary end point was biochemical recurrence-free survival (BRFS). BRFS was estimated using the Kaplan-Meier method and compared to that from the log-rank test. Cox׳s proportional hazards regression univariate and multivariate analyses were performed to define the prognostic factors. RESULTS: Overall, 742 men were included. After a median follow-up of 31.4 months, biochemical recurrence occurred in 80 patients (10.8%). BRFS was 93%, 87%, and 80.7% at 1, 3, and 5 years, respectively. Progression to local recurrence occurred in 49 patients (6.6%). During the follow-up period, 3 patients experienced progression to metastatic disease and were treated with hormonotherapy. No patient died of disease during the study period. In multivariate analyses, Gleason score was the strongest predictor of BRFS (hazard ratio [HR] = 3.4; P<0.001). There were 3 other predictive factors of BRFS were LVI (HR = 7.64; P = 0.005), MTD (HR = 4.04; P =0.009), and margin length ≥ 3 mm (HR = 1.25; P = 0.04). CONCLUSION: In the era of serum prostate-specific antigen testing maturity in conjunction with a single approach to extirpation of the prostate gland by RARP, LVI, MTD, and positive surgical margins ≥ 3 mm are prognostic factors associated with BRFS after RARP. Consideration could be given to incorporate them in the pathology report of the radical prostatectomy specimens and they could assist physicians in clinical decision making.",Urol Oncol,2015,33,330,doi: 10.1016/j.urolonc.2015.03.020. Epub 2015 May 18,https://www.ncbi.nlm.nih.gov/pubmed/25998747,,negative,0,2015.0
19409729,Equivalent biochemical control and improved prostate-specific antigen nadir after permanent prostate seed implant brachytherapy versus high-dose three-dimensional conformal radiotherapy and high-dose conformal proton beam radiotherapy boost.,Jabbari S,"PURPOSE: Permanent prostate implant brachytherapy (PPI), three-dimensional conformal radiotherapy (3D-CRT), and conformal proton beam radiotherapy (CPBRT) are used in the treatment of localized prostate cancer, although no head-to-head trials have compared these modalities. We studied the biochemical control (biochemical no evidence of disease [bNED]) and prostate-specific antigen (PSA) nadir achieved with contemporary PPI, and evaluated it against 3D-CRT and CPBRT. PATIENTS AND METHODS: A total of 249 patients were treated with PPI at the University of California, San Francisco, and the outcomes were compared with those from a 3D-CRT cohort and the published results of a high-dose CPBRT boost (CPBRTB) trial. For each comparison, subsets of the PPI cohort were selected with patient and disease criteria similar to those of the reference group. RESULTS: With a median follow-up of 5.3 years, the bNED rate at 5 and 7 years achieved with PPI was 92% and 86%, respectively, using the American Society for Therapeutic Radiology and Oncology (ASTRO) definition, and 93% using the PSA nadir plus 2 ng/mL definition. Using the ASTRO definition, a 5-year bNED rate of 78% was achieved for the 3D-CRT patients compared with 94% for a comparable PPI subset and 93% vs. 92%, respectively, using the PSA nadir plus 2 ng/mL definition. The median PSA nadir for patients treated with PPI and 3D-CRT was 0.10 and 0.40 ng/mL, respectively (p < .0001). For the CPBRT comparison, the 5-year bNED rate after a CPBRTB was 91% using the ASTRO definition vs. 93% for a similar group of PPI patients. A greater proportion of PPI patients achieved a lower PSA nadir compared with those achieved in the CPBRTB trial (PSA nadir < or =0.5 ng/mL, 91% vs. 59%, respectively). CONCLUSION: We have demonstrated excellent outcomes in low- to intermediate-risk patients treated with PPI, suggesting at least equivalent 5-year bNED rates and a greater proportion of men achieving lower PSA nadirs compared with 3D-CRT or CPBRTB.",Int J Radiat Oncol Biol Phys,2010,76,36-42,10.1016/j.ijrobp.2009.01.029,https://www.ncbi.nlm.nih.gov/pubmed/19409729,LOW RISK,positive,1,
26004800,Duration of Androgen Deprivation Therapy Influences Outcomes for Patients Receiving Radiation Therapy Following Radical Prostatectomy,Jackson WC,"BACKGROUND: Limited data exist to guide the use of androgen deprivation therapy (ADT) for men treated with radiation therapy (RT) after radical prostatectomy (RP). The optimal duration of ADT in this setting is unknown. OBJECTIVE: To determine if the duration of ADT influences clinical outcomes for men receiving post-RP RT. DESIGN, SETTING, AND PARTICIPANTS: A total of 680 men who received adjuvant radiation therapy (n=105) or salvage radiation therapy (n=575) between 1986 and 2010 at a single tertiary care institution were reviewed retrospectively. Median follow-up post-RT was 57.8 mo. INTERVENTION: RT was delivered using three-dimensional conformal or intensity-modulated RT in 1.8-Gy fractions. For patients treated with ADT, >80% were treated with a gonadotropin-releasing hormone agonist with or without a nonsteroidal antiandrogen. OUTCOME MEASUREMENTS AND STATISTICAL ANALYSIS: Biochemical failure (BF), distant metastasis (DM), prostate cancer-specific mortality (PCSM), and overall mortality were assessed using Kaplan-Meier analysis and propensity score analysis. RESULTS AND LIMITATIONS: Overall, 144 patients (21%) received ADT with post-RP RT, most of whom had high-risk disease features such as Gleason score 8-10, seminal vesicle invasion, or pre-RT prostate-specific antigen >1 ng/ml. Median ADT duration was 12 mo (interquartile range: 6.0-23.7). Patients who received <12 mo of ADT had an association with increased BF (hazard ratio [HR]: 2.27; p=0.003) and DM (HR: 2.48; p=0.03) compared with patients receiving ≥12 mo of ADT. The 5-yr rates of DM were 6.0% and 23% for ≥12 and <12 mo of ADT, respectively. On propensity score analysis controlling for pretreatment and treatment-related factors, each month of ADT was associated with a decreased risk for BF (HR: 0.95; p=0.0004), DM (HR: 0.88; p=0.0004), and PCSM (HR: 0.90; p=0.037). These findings are limited by the retrospective nature of our analysis. CONCLUSIONS: For men with high-risk disease features receiving ADT with post-RP RT, the duration of ADT is associated with clinical outcomes. Our findings suggest that for these men an extended course of ADT ≥12 mo may be preferable. Validation of our findings is needed. PATIENT SUMMARY: We evaluated outcomes for men with high-risk disease features treated with androgen deprivation therapy (ADT) and radiotherapy after radical prostatectomy. Longer durations of ADT resulted in improved patient outcomes.",Eur Urol,2016,69,50-7,doi: 10.1016/j.eururo.2015.05.009. Epub 2015 May 21,https://www.ncbi.nlm.nih.gov/pubmed/26004800,,negative,0,2015.0
26774347,Survival Outcomes in Men Undergoing Radical Prostatectomy After Primary Radiation Treatment for Adenocarcinoma of the Prostate,Pokala N,"PURPOSE: Salvage radical prostatectomy (SRP) is a treatment modality for patients with radio-recurrent prostate cancer but is currently underutilized. We analyzed the survival outcomes in patients receiving SRP for radio-recurrent prostate cancer. The secondary outcome was effect of lymph node dissection on survival following SRP. MATERIALS AND METHODS: The Surveillance, Epidemiology, and End Results (SEER) 18 registry was used to identify patients that underwent radical prostatectomy between 1988 and 2010. Search identified 2628 patients with prostate cancer that underwent surgery after radiation. Following exclusion, 364 patients remained. Endpoints included overall survival (OS) and cancer-specific survival (CSS). Effect of pelvic lymph node dissection (PLND) status and number of nodes retrieved were also studied. Kaplan-Meier analysis, log-rank tests, and Cox-proportional hazard models were used, and P < .05 was considered to be significant. RESULTS: OS was 77.5% at 10 years and 37.3% at 20 years; CSS was 88.6% at 10 years and 72.7% at 20 years. The hazard of mortality was higher in men who did not undergo PLND with a hazard ratio of 1.4 for OS (P = .2) and 2.7 for CSS (P = .01). No significant increase in OS or CC was seen with increasing number of lymph nodes retrieved. Some limitations are inherent to the SEER database and include the lack of hormone manipulation status and PSA data. CONCLUSIONS: Excellent long-term survival can be achieved with SRP. PLND improves CSS but increasing nodal yield does not significantly improve survival. Small sample sizes limit the overall power of this study.",Clin Genitourin Cancer,2016,14,218-25,doi: 10.1016/j.clgc.2015.12.010. Epub 2015 Dec 17,https://www.ncbi.nlm.nih.gov/pubmed/26774347,,negative,0,2015.0
20815417,CyberKnife radiosurgery for prostate cancer,Katz AJ,"Treatment of prostate cancer with SBRT is an area of significant controversy for many in the radiation oncology community despite radiobiologic data that strongly suggest the prostate would be an excellent SBRT target. Recently, new data have emerged that show promising outcomes with minimal toxicity for CyberKnife SBRT of prostate cancer. In the following we present the motivating factors for prostate cancer SBRT followed by a critical evaluation of the current literature and discussion of the future of prostate cancer treatment with SBRT.",Technol Cancer Res Treat,2010,9,463-72,doi: 10.1177/153303461000900504,https://www.ncbi.nlm.nih.gov/pubmed/20815417,,negative,0,2010.0
16165919,Surgical treatment of localized prostate cancer,Damber JE,"Radical retropubic prostatectomy (RRP) is the reference method for treatment of localised, organ confined prostate cancer. Since the introduction of nerve-sparing procedure for RRP in the 1980's, the operation has become widespread and is today one of the most common surgical procedures in Urology. In this overview the indications, operative procedure and side effects of RRP are briefly discussed.",Acta Oncol,2005,44,599-604,doi: 10.1080/02841860510029734,https://www.ncbi.nlm.nih.gov/pubmed/16165919,,negative,0,2005.0
32150055,Adding radiotherapy to androgen deprivation therapy in men with node-positive prostate cancer after radical prostatectomy: A meta-analysis,Guo L,"BACKGROUND: Several studies have tested the addition of adjuvant radiotherapy (RT) to androgen deprivation therapy (ADT) in node-positive prostate cancer (PCa) after radical prostatectomy (RP). This meta-analysis aims to assess the effects of adding RT to ADT in the treatment of PCa patients with lymph node invasion. METHODS: We systematically searched PubMed and Embase through June 2018 for human studies comparing RT plus ADT versus ADT in men with node-positive PCa after RP. The primary end point was overall survival (OS). Secondary end point was cancer-specific survival (CSS). Hazard ratios (HRs) with 95% confidence intervals (CIs) for the effects of RT plus ADT on OS and CSS were combined across studies using meta-analysis. RESULTS: Five studies were selected for inclusion. Overall, 15,524 patients were enrolled in the 5 studies. This included 6309 (40.6%) patients receiving ADT, 4389 (28.3%) patients receiving adjuvant RT plus ADT, and 4826 (31.1%) patients receiving observation. In lymph node-positive PCa patients, the addition of adjuvant RT was associated with improved OS (HR: 0.74; 95% CI, 0.59-0.92; P = .008). Moreover, the addition of adjuvant RT was also associated with a dramatic CSS improvement (HR: 0.40; 95% CI, 0.27-0.59; P = .000). CONCLUSIONS: Adding RT to ADT may be a clinically effective treatment option for men with lymph node-positive PCa after RP.",Medicine (Baltimore),2020,99,,doi: 10.1097/MD.0000000000019153,https://www.ncbi.nlm.nih.gov/pubmed/32150055,,negative,0,2020.0
22425079,Radical prostatectomy outcome in men 65 years old or older with low risk prostate cancer.,Mullins JK,"PURPOSE: A recent update of the Scandinavian Prostate Cancer Group Study-4 concluded that men older than 65 years treated with radical prostatectomy had no survival advantage compared to men treated with watchful waiting. We examined the proportion and outcomes of men 65 years old or older with low risk disease who underwent radical prostatectomy at our institution. MATERIALS AND METHODS: Our institutional radical prostatectomy database with more than 19,000 patients was queried for men 65 years old or older with low risk prostate cancer. Pathological and survival outcomes were assessed. Subanalysis was done on men 70 years old or older to determine whether outcomes among older men differed by age. RESULTS: A total of 1,560 men (8.1%) 65 years old or older with low risk prostate cancer underwent radical prostatectomy between 1983 and 2010. After radical prostatectomy 38.3% of the men had evidence of more aggressive cancer, including Gleason score 7 or greater, or extraprostatic extension. After radical prostatectomy actuarial 5, 10 and 15-year biochemical recurrence-free survival was 93.2%, 89.2% and 82.2%, prostate cancer specific survival was 99.7%, 98.4% and 97.2%, and overall survival was 96.1%, 83.5% and 60.2%, respectively. CONCLUSIONS: Fewer than 10% of men treated with radical prostatectomy at our institution were 65 years old or older with low risk prostate cancer. Despite a high prevalence of aggressive disease discovered at surgery these men experienced excellent long-term survival. Treatment recommendations in older men with low risk prostate cancer should be made after careful consideration of life expectancy based on comorbidities and potential adverse outcomes of treatment.",J Urol,2012,187,1620-5,10.1016/j.juro.2011.12.072,https://www.ncbi.nlm.nih.gov/pubmed/22425079,LOW RISK,positive,1,
31437121,Focal Therapy for Localized Prostate Cancer with Either High Intensity Focused Ultrasound or Cryoablation: A Single Institution Experience,Tourinho-Barbosa RR,"PURPOSE: We report oncologic outcomes in patients treated with focal therapy for prostate cancer. MATERIALS AND METHODS: We retrospectively analyzed a single institution cohort of men with localized prostate cancer who received focal therapy using high intensity focused ultrasound or cryotherapy from 2009 to 2018. Focal therapy was offered for low or intermediate risk disease (prostate specific antigen less than 20 ng/ml, Gleason score 7 or less and clinical stage T2b or less). Patients with previous prostate cancer treatment or less than 6 months of followup were excluded from study. Failure was defined as local or systemic salvage treatment, a positive biopsy Gleason score of 7 or greater in-field or out-of-field in nontreated patients, prostate cancer metastasis or prostate cancer specific death. Cox regression analysis was done to identify independent predictors of failure after focal therapy. RESULTS: Of the 309 patients included in study 190 and 119 were treated with high intensity focused ultrasound and cryotherapy, respectively. Median followup was 45 months. At 1, 3 and 5 years the failure-free survival rate was 95%, 67% and 54%, and the radical treatment-free survival rate was 99%, 79% and 67%, respectively. The 5-year metastasis-free survival rate was 98% and no prostate cancer specific death was registered in this cohort. Before focal therapy a biopsy Gleason score of 7 (3 + 4) or greater (HR 2.4, p <0.001) and nadir prostate specific antigen (HR 2.2, p <0.001) were independently associated with failed focal therapy. In the salvage focal therapy setting in-field recurrence after primary focal therapy was associated with poorer failure-free survival (p=0.02). CONCLUSIONS: Almost half of the men were free of focal therapy failure 5 years after treatment. Still, a significant proportion experienced recurrence at the midterm followup. The preoperative biopsy Gleason score and nadir prostate specific antigen were significantly associated with treatment failure.",J Urol,2020,203,320-330,doi: 10.1097/JU.0000000000000506. Epub 2019 Aug 22,https://www.ncbi.nlm.nih.gov/pubmed/31437121,,negative,0,2020.0
24105711,125Iodine monotherapy for Japanese men with low- and intermediate-risk prostate cancer: outcomes after 5 years of follow-up.,Sekiguchi A,"Data from 305 Japanese men with low-risk (n = 175) or intermediate-risk (n = 130) prostate cancer who underwent (125)I monotherapy were retrospectively analyzed. Of the 305 patients, 93 received hormonal therapy for a median of 6 months (range, 1-33 months) before implantation. The prescribed dose to the prostate plus 3- to 5-mm margin was set at 145 Gy. The mean dose to 90% of the prostate volume at 1 month (D90) and the prostate volume receiving at least 100% dose at 1 month (V100) were 173.4 Gy and 95.8%, respectively. The median follow-up was 66 months (range, 12-94 months). The 5-year biochemical non-evidence of disease rate was 95.5% (low-risk, 94.2%; intermediate-risk, 97.3%). The 5-year freedom from clinical failure rate was 98.9% (low-risk, 98.9%; intermediate-risk, 99.2%).The initial prostate-specific antigen level was identified as a significant predictive factor for biochemical recurrence (P = 0.029). The late Grade 3 genitourinary toxicity rate was 2.0%. No patients displayed late gastrointestinal toxicity of Grade 3 or worse. Monotherapy with (125)I showed excellent outcomes with limited morbidity for Japanese men with low- and intermediate-risk prostate cancer after 5 years of follow-up.",J Radiat Res,2014,55,328-33,10.1093/jrr/rrt113,https://www.ncbi.nlm.nih.gov/pubmed/24105711,LOW RISK,positive,1,
14575822,Long-term multi-institutional analysis of stage T1-T2 prostate cancer treated with radiotherapy in the PSA era.,Kuban DA,"PURPOSE: To report the long-term outcome for patients with Stage T1-T2 adenocarcinoma of the prostate definitively irradiated in the prostate-specific antigen (PSA) era. METHODS AND MATERIALS: Nine institutions combined data on 4839 patients with Stage T1b, T1c, and T2 adenocarcinoma of the prostate who had a pretreatment PSA level and had received >or=60 Gy as definitive external beam radiotherapy. No patient had hormonal therapy before treatment failure. The median follow-up was 6.3 years. The end point for outcome analysis was PSA disease-free survival at 5 and 8 years after therapy using the American Society for Therapeutic Radiology and Oncology (ASTRO) failure definition. RESULTS: The PSA disease-free survival rate for the entire group of patients was 59% at 5 years and 53% at 8 years after treatment. For patients who had received >or=70 Gy, these percentages were 61% and 55%. Of the 4839 patients, 1582 had failure by the PSA criteria, 416 had local failure, and 329 had distant failure. The greatest risk of failure was at 1.5-3.5 years after treatment. The failure rate was 3.5-4.5% annually after 5 years, except in patients with Gleason score 8-10 tumors for whom it was 6%. In multivariate analysis for biochemical failure, pretreatment PSA, Gleason score, radiation dose, tumor stage, and treatment year were all significant prognostic factors. The length of follow-up and the effect of backdating as required by the ASTRO failure definition also significantly affected the outcome results. Dose effects were most significant in the intermediate-risk group and to a lesser degree in the high-risk group. No dose effect was seen at 70 or 72 Gy in the low-risk group. CONCLUSION: As follow-up lengthens and outcome data accumulate in the PSA era, we continue to evaluate the efficacy and durability of radiotherapy as definitive therapy for early-stage prostate cancer. Similar studies with higher doses and more contemporary techniques will be necessary to explore more fully the potential of this therapeutic modality.",Int J Radiat Oncol Biol Phys,2003,57,915-28,10.1016/s0360-3016(03)00632-1,https://www.ncbi.nlm.nih.gov/pubmed/14575822,INTERMEDIATE RISK,positive,1,
15681602,Randomized controlled trial to evaluate radiotherapy +/- endocrine therapy versus endocrine therapy alone for PSA failure after radical prostatectomy: Japan Clinical Oncology Group Study JCOG 0401,Yokomizo A,"A randomized controlled trial has started in Japan to evaluate radiotherapy and endocrine therapy for prostate-specific antigen (PSA) failure after radical prostatectomy. Patients who have PSA failure after radical prostatectomy for localized prostate cancer (T1-2N0M0) are randomized into treatment groups of either radiotherapy +/- endocrine therapy or endocrine therapy alone. The Urologic Oncology Study Group (UOSG) in the Japan Clinical Oncology Group (JCOG) composed of 36 specialized institutions will recruit 200 patients. The primary end-point is time to treatment failure (TTF) of bicalutamide, and secondary end-points are TTF of protocol treatment, progression-free survival, overall survival, adverse events and quality of life (QOL). The Clinical Trial Review Committee of the JCOG approved the protocol on April 13, 2004, and the study was activated on May 17, 2004.",Jpn J Clin Oncol,2005,35,34-6,doi: 10.1093/jjco/hyi007,https://www.ncbi.nlm.nih.gov/pubmed/15681602,,negative,0,2005.0
32320130,"Pelvic exenteration surgery in patients with locally advanced castration-naïve and castration-resistant, symptomatic prostate cancer",Heidenreich A,"OBJECTIVES: To evaluate retrospectively the surgical, symptomatic and oncological outcomes of pelvic exenteration surgery (PES) in men with significant intrapelvic complications of locally advanced castration-sensitive (CSPC) and castration-resistant prostate cancer (CRPC). PATIENTS AND METHODS: A total of 103 patients with locally advanced progressive and symptomatic CSPC or CRPC underwent PES (radical cystoprostatectomy, n = 71 [68.9%]; radical prostatectomy with continent vesicostomy, n = 9 [8.7%]; total exenteration, n = 23 [22.3%]). All patients underwent local staging via magnetic resonance imaging, cystoscopy and rectoscopy. Systemic staging was carried out with chest, abdominal and pelvic computed tomography scans and bone scans. Peri-operative complications were assessed according to Clavien-Dindo classification. Symptom-free and overall survival were evaluated using the Kaplan-Meier method. Statistical tests were two-tailed with a P value <0.05 taken to indicate statistical significance. RESULTS: After a median (range) follow-up of 36.5 (3-123) months, the symptom-free survival rate at 1 and 3 years was 89.2% (n = 89) and 64.1% (n = 66), respectively. The median symptom-free survival was 27.9 months. A total of 78.6% of the patients were symptom-free during their remaining lifetime. The overall survival rate at 1 and 3 years was 92.2% and 43.7%, respectively, and the median overall survival was 33.6 months. Clavien-Dindo grades 2, 3 and 4 complications developed in 31 (30.6%), 12 (11.6%) and eight patients (8.1%), respectively. CONCLUSION: Pelvic exenteration surgery is technically feasible in well-selected patients, resulting in symptom relief in >90% of patients, covering 80% of their remaining lifetime.",BJU Int,2020,126,342-349,doi: 10.1111/bju.15088. Epub 2020 May 16,https://www.ncbi.nlm.nih.gov/pubmed/32320130,,negative,0,2020.0
20561698,Development of a patient-reported questionnaire for collecting toxicity data following prostate brachytherapy,Farnell DJ,"PURPOSE: To improve a questionnaire used to collect patient-reported outcomes from patients with early stage prostate cancer treated with brachytherapy. A secondary aim was to adapt the Late Effects of Normal Tissue (LENT) subjective toxicity questionnaire for use to collect Common Terminology Criteria for Adverse Events (CTCAE) data, the current preferred platform for assessing radiation toxicity. MATERIALS AND METHODS: Three hundred and seventy-seven patients were treated with permanent iodine-125 seed implant brachytherapy for early prostate cancer. Toxicity data were collected before and at nine time points post-treatment (0-36 months). Compliance rates for patients completing individual items and item-subsection correlation coefficients were calculated. A factor analysis was carried out to analyse responses to the questionnaire and identify less informative questions, which could be removed. Cronbach's α coefficient was used to measure reliability. RESULTS: Two thousand one hundred and eighty-eight questionnaires were analysed. There was poor compliance for questions specifically relating to operations and bowel medication. We found that the division of the questionnaire into subsections based on anatomical site was reasonable and that certain items could be safely removed. The high mean value for Cronbach's α across all questionnaires (0.752; 95% CI: 0.726-0.779) indicated that the questionnaire was reliable. Fifteen of the 44 questions were removed from the original questionnaires. Questions on urinary incontinence severity, management of urinary and bowel incontinence, effects of reduced flow of urine and the effects of symptoms on activity of daily living and change in sexual function were required to adapt the LENT subjective questionnaire for use to collect CTCAE data. CONCLUSIONS: A questionnaire, validated over 6 years to collect LENT subjective data were adapted and is a reliable approach for collecting CTCAE data after prostate brachytherapy.",Radiother Oncol,2010,97,136-42,doi: 10.1016/j.radonc.2010.05.011. Epub 2010 Jun 17,https://www.ncbi.nlm.nih.gov/pubmed/20561698,,negative,0,2010.0
22633365,Biochemical recurrence after robot-assisted radical prostatectomy in a European single-centre cohort with a minimum follow-up time of 5 years.,Sooriakumaran P,"BACKGROUND: Robot-assisted radical prostatectomy (RARP) is an increasingly commonly used surgical treatment option for prostate cancer (PCa); however, its longer-term oncologic results remain uncertain. OBJECTIVE: To report biochemical recurrence-free survival (BRFS) outcomes for men who underwent RARP ≥5 yr ago at a single European centre. DESIGN, SETTING, AND PARTICIPANTS: A total of 944 patients underwent RARP as monotherapy for PCa from January 2002 to December 2006 at Karolinska University Hospital, Stockholm, Sweden. Standard clinicopathologic variables were recorded and entered into a secure, ethics-approved database made up of those men with registered domiciles in Stockholm. The median follow-up time was 6.3 yr (interquartile range: 5.6-7.2). OUTCOME MEASUREMENTS AND STATISTICAL ANALYSIS: The outcome of this study was biochemical recurrence (BCR), defined as a confirmed prostate-specific antigen (PSA) of ≥0.2 ng/ml. Kaplan-Meier survival plots with log-rank tests, as well as Cox univariable and multivariable regression analyses, were used to determine BRFS estimates and determine predictors of PSA relapse, respectively. RESULTS AND LIMITATIONS: The BRFS for the entire cohort at median follow-up was 84.8% (95% confidence interval [CI], 82.2-87.1); estimates at 5, 7, and 9 yr were 87.1% (95% CI, 84.8-89.2), 84.5% (95% CI, 81.8-86.8), and 82.6% (95% CI, 79.0-85.6), respectively. Nine and 19 patients died of PCa and other causes, respectively, giving end-of-follow-up Kaplan-Meier survival estimates of 98.0% (95% CI, 95.5-99.1) and 94.1% (95% CI, 90.4-96.4), respectively. Preoperative PSA >10, postoperative Gleason sum ≥4 + 3, pathologic T3 disease, positive surgical margin status, and lower surgeon volume were associated with increased risk of BCR on multivariable analysis. This study is limited by a lack of nodal status and tumour volume, which may have confounded our findings. CONCLUSIONS: This case series from a single, high-volume, European centre demonstrates that RARP has satisfactory medium-term BRFS. Further follow-up is necessary to determine how this finding will translate into cancer-specific and overall survival outcomes.",Eur Urol,2012,62,768-74,10.1016/j.eururo.2012.05.024,https://www.ncbi.nlm.nih.gov/pubmed/22633365,LOW RISK,positive,1,
32001198,The impact of very high initial PSA on oncological outcomes after radical prostatectomy for clinically localized prostate cancer,Tilki D,"BACKGROUND: To analyze oncological outcomes of very high-risk patients with initial PSA 50-99.9 and ≥100 ng/ml who underwent radical prostatectomy (RP) for clinically localized prostate cancer. METHODS: Overall, 2,811 RP patients (1992-2018) with negative preoperative CT-scan and bone scintigraphy were included. The impact of preoperative PSA level, categorized as 20-49.9 (n = 2,195) vs. 50-99.9 (n = 454) vs. ≥100 ng/ml (n = 162) on biochemical recurrence (BCR)-free survival, metastasis-free survival (MFS) and cancer-specific survival (CSS) was assessed using Kaplan-Meier and multivariable Cox regression models. RESULTS: Median follow-up was 47.5 months. Ten-year BCR-free survival rates were 46.9 vs. 32.1 vs. 29.0% within PSA-categories 20-49.9 vs. 50-99.9 vs. ≥100 ng/ml, respectively (P < 0.001). Ten-year MFS rates were 78.4 vs. 67.2 vs. 37.3% within PSA-categories 20-49.9 vs. 50-99.9 vs. ≥100 ng/ml (P < 0.001). 10-year CSS rates were 93.7 vs. 85.5 vs. 66.7% within PSA-categories 20-49.9 vs. 50-99.9 vs. ≥100 ng/ml (P < 0.001). In multivariable analyses, PSA-categories 50-99.9 ng/ml and ≥100 ng/ml were independently predicting higher risk of BCR (hazard ratio [HR]: 1.3 and 1.4), metastatic progression (HR: 1.4 and 2.3), and cancer-specific mortality (CSM, HR: 1.9 and 3.4) compared with PSA-category 20-49.9 ng/ml. CONCLUSION: Initial PSA levels ≥50 ng/ml are associated with higher risk of BCR, metastatic progression, and CSM compared with high-risk patients with PSA of 20-49.9 ng/ml. In consequence, these patients may be counseled about a potentially increased risk of undetected metastases prior to RP possibly necessitating intensified multimodal treatments in the future.",Urol Oncol,2020,38,379-385,doi: 10.1016/j.urolonc.2019.12.027. Epub 2020 Jan 27,https://www.ncbi.nlm.nih.gov/pubmed/32001198,,negative,0,2020.0
31586543,Effect of bladder neck sparing at robot-assisted laparoscopic prostatectomy on postoperative continence rates and biochemical recurrence,Preisser F,"OBJECTIVES: Previous studies reported improved continence recovery by bladder neck sparing (BNS) in prostate cancer patients treated with robot-assisted laparoscopic radical prostatectomy (RALP), without compromising biochemical recurrence (BCR). We compared the continence outcomes, surgical margin rates, and BCR risk of BNS vs. bladder neck reconstruction (BNR) patients during RALP. METHODS: Overall, 1,512 patients who underwent RALP with BNS or BNR between 2010 and 2017 in a single high-volume center, were identified. Logistic regression models tested the effect of BNS on continence and surgical margin rates. Cox regression models tested the effect of BNS on BCR. Continence was defined as the use of 0 or 1-safety pad per day. RESULTS: Three hundred and eighty-two vs. 1,130 patients underwent BNS vs. BNR. The median time to catheter removal was significantly shorter (5 vs. 8 days) in patients with BNS. Pad-free rates at 7 days after catheter removal were 60.0% vs. 54.5%, continence rates were 80.1% vs. 78.3% after 3 months and 85.3% vs. 89.6% after 1 year for BNS and BNR, respectively. Multivariable models revealed that BNS is an independent predictor to be pad-free at 7 days after catheter removal (OR: 1.39, P = 0.04), but no predictor for continence at 3 months (OR: 1.02, P = 0.9) and 1 year (OR: 0.78, P = 0.4) after RALP, as well as for positive surgical margin (OR: 0.95, P = 0.8) and BCR (Hazard ratio: 0.95, P = 0.9). CONCLUSION: Patients with BNS had a better chance to be pad-free at 7 days after catheter removal and had a significant shorter time to catheter removal. However, this beneficial effect disappeared with time and no differences in continence rates at 3 months and 1 year were recorded. Moreover, BNS did not negatively affect positive margin or BCR rates.",Urol Oncol,2020,38,1,doi: 10.1016/j.urolonc.2019.09.005. Epub 2019 Oct 2,https://www.ncbi.nlm.nih.gov/pubmed/31586543,,negative,0,2020.0
32092343,Radiation Dose Escalation or Longer Androgen Suppression to Prevent Distant Progression in Men With Locally Advanced Prostate Cancer: 10-Year Data From the TROG 03.04 RADAR Trial,Joseph D,"PURPOSE: To clarify the relative effects of duration of androgen suppression (AS) and radiation dose escalation (RDE) on distant progression (DP) in men with locally advanced prostate cancer. METHODS AND MATERIALS: Participants with locally advanced prostate cancer in the TROG 03.04 RADAR trial were randomized to 6 or 18 months AS ± 18 months zoledronic acid (Z). The trial incorporated a RDE program by stratification at randomization and dosing options were 66, 70, or 74 Gy external beam radiation therapy (EBRT), or 46 Gy EBRT plus high-dose-rate brachytherapy boost (HDRB). The primary endpoint for this study was distant progression (DP). Secondary endpoints included local progression, bone progression, prostate cancer-specific mortality and all-cause mortality. Effect estimates for AS duration and RDE were derived using Fine and Gray competing risk models adjusting for use of Z, age, tumor stage, Gleason grade group, prostate-specific antigen, and treatment center. Cumulative incidence at 10 years was estimated for each RDE group. RESULTS: A total of 1051 out of 1071 randomized subjects were eligible for inclusion in this analysis. Compared with 6 months AS, 18 months AS significantly reduced DP independently of radiation dose (subhazard ratio 0.70; 95% confidence interval [CI], 0.56-0.87; P = .002). No statistically significant interaction between effect of AS duration and RT dose was observed (Wald test P = .76). In subgroup analyses, DP was significantly reduced by the longer duration of AS in the 70 Gy and HDRB groups but not in the 66 Gy and 74 Gy. Compared with 70 Gy, HDRB significantly reduced DP (subhazard ratio 0.68 [95% CI, 0.57-0.80]; P < .0001) independently of AS duration. At 10 years, adjusted cumulative incidences were 26.1% (95% CI, 18.9%-33.2%), 26.7% (22.9%-30.6%), 24.9% (20.0%-29.8%) and 19.7% (15.5%-23.8%) for DPs in the respective radiation dose groups. CONCLUSIONS: Compared with 6 months AS, 18 months AS reduced DP independently of radiation dose. Men treated with HDRB gained a significant benefit from a longer duration of AS. Evidence of improved oncologic outcomes for HDRB compared with dose-escalated EBRT needs to be confirmed in a randomized trial.",Int J Radiat Oncol Biol Phys,2020,15,,doi: 10.1016/j.ijrobp.2019.11.415,https://www.ncbi.nlm.nih.gov/pubmed/32092343,,negative,0,2020.0
20171808,Comparison between high and low source activity seeds for I-125 permanent seed prostate brachytherapy,Masucci GL,"PURPOSE: To compare low (mean 0.44, SD ± 0.0163 mCi) with high source activity (0.61 ± 0.0178 mCi) in I(125) permanent seed brachytherapy regarding seed loss, dosimetric outcome, and toxicity. METHODS AND MATERIALS: The study included 199 patients with prostate cancer treated by permanent seed brachytherapy alone: the first 105 with seeds of lower activity (first cohort), the following 94 with higher seed activity (second cohort). The V100, V150, V200, and D90 were analyzed on the CT scan 30 days after implantation (CTD30). The V100, V150, and D2 of the rectum were also calculated on CTD30. Seed loss was determined 30 days after implantation. Urinary toxicity was measured with the International Prostate Symptom Score (IPSS) questionnaire. RESULTS: Lower seed activity was associated with lower V150 and V200 (p = 0.01 and p ≤ 0.001, respectively) on CTD30. More patients had a V100 <90% and D90 <140 Gy in the lower activity cohort (p = 0.098 for D90 and p = 0.029 for V100) on CTD30. There was no difference between cohorts in dose to the rectum (p = 0.325-0.516) or difference in patients' IPSS score from baseline (p = 0.0.117-0.618), although there was a trend toward more urinary toxicity at 4 and 8 months for high activity seeds. Seed loss as a percentage of implanted seeds was not different (p = 0.324). CONCLUSIONS: Higher seed activity (I(125) ≥ 0.6 mCi) results in at least equal V100 and D90 on CTD30. However, dose inhomogeneity and a trend toward more urinary toxicity at 4 and 8 months after treatment may lead to a higher long-term urinary complications.",Int J Radiat Oncol Biol Phys,2010,1,,doi: 10.1016/j.ijrobp.2009.08.057. Epub 2010 Feb 19,https://www.ncbi.nlm.nih.gov/pubmed/20171808,,negative,0,2010.0
20724223,Prostatic length predicts functional outcomes after iodine-125 prostate brachytherapy,Pal RP,"PURPOSE: To determine the value of prostatic length as a predictor of urinary morbidity after brachytherapy for prostate cancer. METHODS AND MATERIALS: Between May 2002 and September 2008, 214 consecutive patients received brachytherapy for localized prostate cancer at our institution. A prospective analysis of factors predicting urinary toxicity was carried out for these patients. To evaluate urinary morbidity, the posttreatment International Prostate Symptom Score (IPSS) at 3, 9, and 18 months together with rates of urinary retention was recorded. RESULTS: The mean patient age was 62 years, and the mean followup period was 24.4 months. The median IPSS before treatment was 5 (range, 0-20). This increased to 15 (0-33) at 3 months, before subsequently falling to 8 (0-31) and 6 (0-35) at 9 and 18 months, respectively. Twenty-six of 214 (12%) patients experienced urinary retention. Both prostatic length (p-value=0.001, <0.001) and volume (p-value=0.002, <0.001) correlated with a higher posttreatment IPSS at 3 and 9 months. In addition, prostate length and volume predicted those patients developing urinary retention requiring catheterization (p-value <0.001, <0.001). Pretreatment IPSS predicted IPSS at 3, 9, and 18 months (p-value <0.001, <0.001, and 0.011) but did not significantly correlate with retention rates. Other factors predicting IPSS at 3 months included radiation dose (D(90)) (p-value=0.01) and number of needles used (p-value=0.01). CONCLUSION: Prostatic length is a useful tool for determining urinary toxicity after brachytherapy for prostate cancer and should be included in the pretreatment assessment.",Brachytherapy,2011,,-,doi: 10.1016/j.brachy.2010.06.010. Epub 2010 Aug 19,https://www.ncbi.nlm.nih.gov/pubmed/20724223,,negative,0,2010.0
26072289,Radiation dose escalation or longer androgen suppression for locally advanced prostate cancer? Data from the TROG 03.04 RADAR trial,Denham JW,"BACKGROUND: The relative effects of radiation dose escalation (RDE) and androgen suppression (AS) duration on local prostatic progression (LP) remain unclear. METHODS: We addressed this in the TROG 03.04 RADAR trial by incorporating a RDE programme by stratification at randomisation. Men were allocated 6 or 18 months AS±18 months zoledronate (Z). The main endpoint was a composite of clinically diagnosed LP or PSA progression with a PSA doubling time ⩾6 months. Fine and Gray competing risk modelling with adjustment for site clustering produced cumulative incidence estimates at 6.5 years for each RDE group. RESULTS: Composite LP declined coherently in the 66, 70 and 74 Gy external beam dosing groups and was lowest in the high dose rate brachytherapy boost (HDRB) group. At 6.5 years, adjusted cumulative incidences were 22%, 15%, 13% and 7% respectively. Compared to 6 months AS, 18 months AS also significantly reduced LP (p<0.001). Post-radiation urethral strictures were documented in 45 subjects and increased incrementally in the dosing groups. Crude incidences were 0.8%, 0.9%, 3.8% and 12.7% respectively. CONCLUSION: RDE and increasing AS independently reduce LP and increase urethral strictures. The risks and benefits to the individual must be balanced when selecting radiation dose and AS duration.",Radiother Oncol,2015,115,301-7,doi: 10.1016/j.radonc.2015.05.016. Epub 2015 Jun 10,https://www.ncbi.nlm.nih.gov/pubmed/26072289,,negative,0,2015.0
19553031,Whole-pelvis radiotherapy in combination with interstitial brachytherapy: does coverage of the pelvic lymph nodes improve treatment outcome in high-risk prostate cancer?,Bittner N,"PURPOSE: To compare biochemical progression-free survival (bPFS), cause-specific survival (CSS), and overall survival (OS) rates among high-risk prostate cancer patients treated with brachytherapy and supplemental external beam radiation (EBRT) using either a mini-pelvis (MP) or a whole-pelvis (WP) field. METHODS AND MATERIALS: From May 1995 to October 2005, 186 high-risk prostate cancer patients were treated with brachytherapy and EBRT with or without androgen-deprivation therapy (ADT). High-risk prostate cancer was defined as a Gleason score of > or =8 and/or a prostate-specific antigen (PSA) concentration of > or =20 ng/ml. RESULTS: With a median follow-up of 6.7 years, the 10-year bPFS, CSS, and OS rates for the WP vs. the MP arms were 91.7% vs. 84.4% (p = 0.126), 95.5% vs. 92.6% (p = 0.515), and 79.5% vs. 67.1% (p = 0.721), respectively. Among those patients who received ADT, the 10-year bPFS, CSS, and OS rates for the WP vs. the MP arms were 93.6% vs. 90.1% (p = 0.413), 94.2% vs. 96.0% (p = 0.927), and 73.7% vs. 70.2% (p = 0.030), respectively. Among those patients who did not receive ADT, the 10-year bPFS, CSS, and OS rates for the WP vs. the MP arms were 82.4% vs. 75.0% (p = 0.639), 100% vs. 88% (p = 0.198), and 87.5% vs. 58.8% (p = 0.030), respectively. Based on multivariate analysis, none of the evaluated parameters predicted for CSS, while bPFS was best predicted by ADT and percent positive biopsy results. OS was best predicted by age and percent positive biopsy results. CONCLUSIONS: For high-risk prostate cancer patients receiving brachytherapy, there is a nonsignificant trend toward improved bPFS, CSS, and OS rates when brachytherapy is given with WPRT. This trend is most apparent among ADT-naïve patients, for whom a significant improvement in OS was observed.",Int J Radiat Oncol Biol Phys,2010,76,1078-84,10.1016/j.ijrobp.2009.02.069,https://www.ncbi.nlm.nih.gov/pubmed/19553031,HIGH RISK,positive,1,
20362348,"Outcomes from Gleason 7, intermediate risk, localized prostate cancer treated with Iodine-125 monotherapy over 10 years.",Munro NP,"BACKGROUND AND PURPOSE: The effect of predominating Gleason grade (3+4 versus 4+3) in Gleason sum score (GS) 7 prostate cancer (PCa) on brachytherapy outcomes is unclear. The 10 year experience of permanent brachytherapy monotherapy at a single UK centre for GS 7, intermediate risk (Memorial Sloan-Kettering model), PSA < or = 10 ng/ml, localised PCa is reported. MATERIALS AND METHODS: Between 1995 and 2004, the outcomes of 187 patients with GS 7 PCa (PSA < or = 10 ng/ml) were analysed from a cohort of 1298 men treated with permanent Iodine-125 prostate brachytherapy, including PSA relapse-free survival (PSA-RFS). RESULTS: Median follow-up was 5.0 years (range 2.0-10.1 years). One patient has died of PCa. At 10 years, PSA-RFS was 82.4%/78% (ASTRO consensus and nadir +2 definitions). For GS 3+4, 5 year PSA-RFS was 86.7%/87.9% and for GS 4+3: 85.2%/96.6% respectively, with no significant difference between groups. Five year PSA-RFS (ASTRO) of 92.6% was seen for D(90) > or = 140 Gy (50% total), compared with 77.0% below 140 Gy (p=0.08). CONCLUSIONS: Iodine-125 brachytherapy monotherapy achieved good rates of medium term biochemical control in GS 7, intermediate risk localised PCa patients. There was a trend to improved outcomes in men with a D90 in excess of 140 Gy.",Radiother Oncol,2010,96,34-7,10.1016/j.radonc.2010.03.004,https://www.ncbi.nlm.nih.gov/pubmed/20362348,INTERMEDIATE RISK,positive,1,
26597660,A prospective clinical trial of HIFU hemiablation for clinically localized prostate cancer,van Velthoven R,"BACKGROUND: Focal therapy is an emerging mini-invasive treatment modality for localized prostate cancer aimed to reduce the morbidity associated with radical therapy while maintaining optimal cancer control. We report the mid-term oncological and functional results of primary hemiablation high-intensity focused ultrasound (HIFU) in a prospective cohort of patients. METHODS: Over 8 years, hemiablation HIFU was primarily performed in 50 selected patients with biopsy-proven clinically localized unilateral, low-intermediate risk prostate cancer in complete concordance with the prostate cancer lesions identified by magnetic resonance imaging with precise loci matching on multimodal approach. Post-treatment follow-up included regular serial PSA measurements. Biochemical recurrence was reported using Stuttgart and Phoenix criteria. The latter was used as a threshold to offer whole-gland biopsies. RESULTS: Complete follow-up was available for all patients and the median follow-up was 39.5 months (range: 6-94). Mean nadir PSA value was 1.6 ng ml(-1), which represents 72% reduction compared with initial PSA pre-treatment value (P<0.001). Median time to achieve PSA nadir was 3 months. Biochemical recurrence, according to Phoenix and Stuttgart definition, occurred in 28 and 36% of patients, respectively. The 5-year actuarial metastases-free survival, cancer-specific survival and overall survival rates were 93, 100 and 87%, respectively. Out of the eight patients undergoing biopsy, six patients had a positive biopsy for cancer occurring in the untreated contralateral (n=3) or treated ipsilateral lobe (n=1) or bilaterally (n=2). A Clavien-Dindo grade 3b complication occurred in two patients. Complete continence (no pads) and erection sufficient for intercourse were documented in 94 or 80% of patients, respectively. CONCLUSION: Hemiablation HIFU therapy, delivered with intention to treat, for carefully selected patients affords mid-term promising functional and oncological outcomes. The effectiveness of this technique should be now compared with whole-gland radical therapy.",Prostate Cancer Prostatic Dis,2016,19,79-83,doi: 10.1038/pcan.2015.55. Epub 2015 Nov 24,https://www.ncbi.nlm.nih.gov/pubmed/26597660,,negative,0,2015.0
31843220,The impact of time from biopsy to radical prostatectomy on Gleason score undergrading and other related factors,Virseda Rodríguez AJ,"INTRODUCTION: Gleason score biopsy undergrading (GSBU) can have an impact on the management and prognosis of patients with prostate cancer. We analyze the possible impact of time and other clinical and analytical factors in the appearance of GSBU in our series. PATIENTS AND METHOD: Ambispective, multicenter study of 1955 patients with localized prostate cancer undergoing radical prostatectomy between 2005 and 2018. Descriptive statistics and hypothesis testing are reported by univariate and multivariate analyses. RESULTS: Mean age 63.69 (44-80) years, median PSA 8.70 ng / ml (1.23-99). GSBU was observed in 34.7% of the entire cohort. In 72.8% of the cases, the GSBU occurred in one consecutive Gleason score, with the progression from 3 + 3 to 3 + 4 being the most frequent (289 patients, 47.6%). Performing radical prostatectomy 90-180 days before or after the biopsy does not have an impact on its undergrading in any of the groups. In the univariate and multivariate analysis, the presence of tumor or pathological rectal examination in both lobes, the tumor load ≥50% of cylinders and a DPSA ≥0.20, showed independent discriminative capacity to select patients who presented GSBU. CONCLUSIONS: The time from biopsy to radical prostatectomy did not show impact on GSBU. The number of affected cylinders, bilateral tumor and DPSA are easily accessible parameters that can help us select patients with greater probability of presenting GSBU.",Actas Urol Esp (Engl Ed),2020,44,187-195,doi: 10.1016/j.acuro.2019.08.004. Epub 2019 Dec 13,https://www.ncbi.nlm.nih.gov/pubmed/31843220,,negative,0,2020.0
32174775,Comparison of Biochemical Recurrence After Robot-assisted Laparoscopic Radical Prostatectomy with Volatile and Total Intravenous Anesthesia,Kim NY,"<b>Aims</b>: Recurrence after cancer surgery is a major concern in patients with cancer. Growing evidence from preclinical studies has revealed that various anesthetics can influence the immune system in different ways. The current study compared the long-term biochemical recurrence of prostate cancer after robot-assisted laparoscopic radical prostatectomy (RALP) in terms of selection of anesthetic agent between total intravenous anesthesia (TIVA) with propofol/remifentanil and volatile anesthetics (VA) with sevoflurane or desflurane/remifentanil. <b>Methods</b>: We followed up oncologic outcomes of patients who underwent RALP from two previous prospective randomized controlled trials, and the outcomes of those who received TIVA (n = 64) were compared with those who received VA (n = 64). The follow-up period lasted from November 2010 to March 2019. <b>Results</b>: Both TIVA and VA groups showed identical biochemical recurrence-free survivals at all-time points after RALP. The following predictive factors of prostate cancer recurrence were determined by Cox regression: colloid input [hazard ratio (HR)=1.002, 95% confidence interval (CI): 1.000-1.003; P = 0.011], initial prostate-specific antigen level (HR=1.025, 95% CI: 1.007-1.044; P = 0.006), and pathological tumor stage 3b (HR=4.217, 95% CI:1.207-14.735; P = 0.024), but not the anesthetic agent. <b>Conclusions</b>: Our findings demonstrate that both TIVA with propofol/remifentanil and VA with sevoflurane or desflurane/remifentanil have comparable effects on oncologic outcomes in patients undergoing RALP.",Int J Med Sci,2020,4,,doi: 10.7150/ijms.40958. eCollection 2020,https://www.ncbi.nlm.nih.gov/pubmed/32174775,,negative,0,2020.0
17084553,Permanent prostate implant using high activity seeds and inverse planning with fast simulated annealing algorithm: A 12-year Canadian experience.,Martin AG,"PURPOSE: To report outcomes and toxicity of the first Canadian permanent prostate implant program. METHODS AND MATERIALS: 396 consecutive patients (Gleason < or =6, initial prostate specific antigen (PSA) < or =10 and stage T1-T2a disease) were implanted between June 1994 and December 2001. The median follow-up is of 60 months (maximum, 136 months). All patients were planned with fast-simulated annealing inverse planning algorithm with high activity seeds ([gt] 0.76 U). Acute and late toxicity is reported for the first 213 patients using a modified RTOG toxicity scale. The Kaplan-Meier biochemical failure-free survival (bFFS) is reported according to the ASTRO and Houston definitions. RESULTS: The bFFS at 60 months was of 88.5% (90.5%) according to the ASTRO (Houston) definition and, of 91.4% (94.6%) in the low risk group (initial PSA < or =10 and Gleason < or =6 and Stage < or =T2a). Risk factors statistically associated with bFFS were: initial PSA >10, a Gleason score of 7-8, and stage T2b-T3. The mean D90 was of 151 +/- 36.1 Gy. The mean V100 was of 85.4 +/- 8.5% with a mean V150 of 60.1 +/- 12.3%. Overall, the implants were well tolerated. In the first 6 months, 31.5% of the patients were free of genitourinary symptoms (GUs), 12.7% had Grade 3 GUs; 91.6% were free of gastrointestinal symptoms (GIs). After 6 months, 54.0% were GUs free, 1.4% had Grade 3 GUs; 95.8% were GIs free. CONCLUSION: The inverse planning with fast simulated annealing and high activity seeds gives a 5-year bFFS, which is comparable with the best published series with a low toxicity profile.",Int J Radiat Oncol Biol Phys,2007,67,334-41,10.1016/j.ijrobp.2006.08.042,https://www.ncbi.nlm.nih.gov/pubmed/17084553,LOW RISK,positive,1,
17084558,Multi-institutional analysis of long-term outcome for stages T1-T2 prostate cancer treated with permanent seed implantation.,Zelefsky MJ,"PURPOSE: To assess long-term prostate-specific antigen (PSA) outcome after permanent prostate brachytherapy (BT) and identify predictors of improved disease-free survival. METHODS AND MATERIALS: Eleven institutions combined data on 2,693 patients treated with permanent interstitial BT monotherapy for T1-T2 prostate cancer. Of these patients, 1,831 (68%) were treated with I-125 (median dose, 144 Gy) and 862 (32%) were treated with Pd-103 (median dose, 130 Gy). Criteria for inclusion were: available pre-BT PSA, BT > or =5 years before data submission, BT between 1988-1998, and no androgen deprivation before failure. The median follow-up was 63 months. RESULTS: Among patients where the I-125 dose to 90% of the prostate (D90) was > or =130 Gy, the 8-year PSA relapse-free survival (PRFS) was 93% compared with 76% for those with lower D90 dose levels (p < 0.001). A multivariable analysis identified tumor stage (p = 0.002), Gleason score (p < 0.001), pretreatment PSA level (p < 0.001), treatment year (p = 0.001), and the isotope used (p = 0.004) as pretreatment and treatment variables associated with PRFS. When restricted to patients with available postimplantation dosimetric information, D90 emerged as a significant predictor of biochemical outcome (p = 0.01), and isotope was not significant. The 8-year PRFS was 92%, 86%, 79%, and 67%, respectively, for patients with PSA nadir values of 0-0.49, 0.5-0.99, 1.0-1.99, and >2.0 ng/mL (p < 0.001). Among patients free of biochemical relapse at 8 years, the median nadir level was 0.1 ng/mL, and 90% of these patients achieved a nadir PSA level <0.6 ng/mL. CONCLUSIONS: Outcome after permanent BT for prostatic cancer relates to tumor stage, Gleason score, pretreatment PSA, BT year, and post-BT dosimetric quality. PSA nadir < or =0.5 ng/mL was particularly associated with durable long-term PSA disease-free survival. The only controllable factor to impact on long-term outcome was the D90 which is a reflection of implant quality.",Int J Radiat Oncol Biol Phys,2007,67,327-33,10.1016/j.ijrobp.2006.08.056,https://www.ncbi.nlm.nih.gov/pubmed/17084558,INTERMEDIATE RISK,positive,1,
21493015,Gleason pattern 5 is the greatest risk factor for clinical failure and death from prostate cancer after dose-escalated radiation therapy and hormonal ablation.,Sabolch A,"PURPOSE: The division of Gleason score (GS) into three categories (2-6, 7, 8-10) may not fully use its prognostic power, as revealed by recent reports demonstrating the presence of Gleason Pattern 5 (GP5) as a strong predictor for biochemical recurrence. Therefore, we analyzed the clinical outcomes in patients treated with dose-escalated radiation therapy (RT) based on the presence or absence of GP5. METHODS AND MATERIALS: Outcomes were analyzed for 718 men treated for localized prostate cancer with external-beam RT to a minimum planning target volume dose of at least 75 Gy. We assessed the impact of GP5 and that of pretreatment- and treatment-related factors on freedom from biochemical failure, freedom from metastasis (FFM), cause-specific survival (CSS), and overall survival (OS). RESULTS: At biopsy, 89% of patients had no GP5, and 11% (76/718) had GP5. There were no differences in age, comorbid illness, T stage, prostate-specific antigen, or the use or duration of androgen deprivation therapy between GS8 without GP5 and GS8-10 with GP5. The presence of GP5 predicted lower FFM (p < 0.002; hazard ratio [HR] 3.4 [1.7-7.1]); CSS (p < 0.0001; HR 12.9 [5.4-31]); and OS (p < 0.0001; HR 3.6 [2.0-6.5]) in comparison with GS8 (without GP5). The 8-year FFM, CSS, and OS were 89%, 98%, and 57%, respectively, for those with Gleason 8 prostate cancer without GP5 in comparison with 61%, 55%, and 31%, respectively, for those with GP5. In addition, both FFM and CSS were strongly influenced by androgen deprivation therapy given concurrently with RT. On multivariate analysis, GP5 was the strongest prognostic factor for all clinical endpoints, including OS. CONCLUSION: The presence of GP5 predicts for worse clinical behavior, which therefore needs to be accounted for by risk stratification schemes. Further intensification of local and/or systemic therapy may be appropriate for such patients.",Int J Radiat Oncol Biol Phys,2011,81,e351-60,10.1016/j.ijrobp.2011.01.063,https://www.ncbi.nlm.nih.gov/pubmed/21493015,LOW RISK,positive,1,
15815194,Update on laparoscopic and robotic radical prostatectomy,Hoznek A,"PURPOSE OF REVIEW: Laparoscopic and robotic-assisted prostatectomy have been proposed as alternatives to traditional open retropubic prostatectomy. In this review, we update the more recent data concerning the results, technical trends and controversies regarding these novel, minimally invasive procedures. RECENT FINDINGS: As a result of improved patient selection, a better understanding of surgical anatomy, and refinements in surgical techniques, traditional retropubic prostatectomy set the standards very high, leaving little room for improvement. In this review, the results of laparoscopic prostatectomy are compared with contemporary in addition to historical series. Besides the transperitoneal laparoscopic approach, which was almost exclusively used in the initial series, the introduction and development of the extraperitoneal laparoscopic approach meant a significant change in the surgical strategy of a number of teams worldwide. The relative merits of the transperitoneal and extraperitoneal approaches are discussed. Robotic radical prostatectomy is a promising technical innovation that allows us to overcome many of the inherent limitations of laparoscopic surgery. As a result of financial constraints, the experience has been limited to a few centres worldwide. SUMMARY: Although long-term results are still lacking, novel minimally invasive techniques seem to fulfil the highest standards of radical prostatectomy in terms of early oncological cure, functional results and morbidity. A standardization of data collection and evaluation methodology will be indispensable for a better comparison of the different series.",Curr Opin Urol,2005,15,173-80,doi: 10.1097/01.mou.0000165551.71792.b9,https://www.ncbi.nlm.nih.gov/pubmed/15815194,,negative,0,2005.0
23822986,Salvage radiation therapy improves metastasis-free survival for clinically aggressive and indolent prostate cancer recurrences after radical prostatectomy,Jackson WC,"OBJECTIVES: To describe 5- and 10-year rates of metastasis-free survival (MFS) stratified by Gleason score (GS) and prostate-specific antigen doubling time (PSADT) for patients receiving salvage radiation therapy (SRT) after biochemical recurrence (BR) postradical prostatectomy (RP). METHODS: A total of 236 patients who underwent SRT without receiving concomitant androgen deprivation therapy at a single institution after BR post-RP were retrospectively reviewed. The Kaplan-Meier methods and log-rank analysis were used to determine the MFS rates. RESULTS: Median follow-up post-SRT was 7.1 years. As of last follow-up, 59 men (25%) had developed metastasis. On univariate analysis, both GS and PSADT predicted MFS (P<0.001). Five- and 10-year rates of MFS were calculated for patients with GS 2 to 6, 7, and 8 to 10 and for patients with PSADT < 3, 3 to 9, 9 to 15, and >15 months, who received no additional salvage therapy until the development of metastases. The 5- and 10-year MFS for GS 8 to 10 were 62% and 50%, respectively, compared with 94% at both 5 and 10 years for GS 2 to 6. The 5- and 10-year MFS for PSADT < 3 months were 70% and 61%, respectively, compared with 100% and 90% at 5 and 10 years, respectively, for PSADT >15 months. CONCLUSIONS: After BR post-RP, SRT results in low 5- and 10-year rates of metastasis after initial BR. Importantly, a substantial proportion of patients with high-risk disease (GS 8 to 10 or PSADT < 3 mo) are free from metastasis at these same time points. Therefore, SRT should not be withheld from patients based solely on the presence of adverse disease risk factors.",Am J Clin Oncol,2015,38,367-72,doi: 10.1097/COC.0b013e31829e17db,https://www.ncbi.nlm.nih.gov/pubmed/23822986,,negative,0,2015.0
20832665,Biochemical disease-free rate and toxicity for men treated with iodine-125 prostate brachytherapy with d(90) ≥180 Gy,Gómez-Iturriaga Piña A,"PURPOSE: Iodine-125 ((125)I) prostate brachytherapy is planned with a prescribed dose of 145 Gy and minimal dose received by 90% of the prostate (D(90)) of 120-125% (174-181 Gy). We examined the clinical outcomes and toxicity profile of men receiving a D(90) (isodose enclosing 90% of the prostate) of ≥180 Gy. METHODS AND MATERIALS: Between March 1999 and May 2006, 129 men (17% of our total brachytherapy population) treated with (125)I monotherapy for Stage T1-T2 prostate cancer received a D(90) ≥180 Gy. Implants were performed using transrectal ultrasonography and fluoroscopic guidance. The 1-month postplan dosimetry used magnetic resonance imaging-computed tomography fusion. The minimal follow-up was 2 years. Toxicity was scored according to the National Cancer Institute Common Terminology Criteria for Adverse Events toxicity scale, version 3. RESULTS: The median patient age was 63 years (range, 50-76), and the pretreatment prostate-specific antigen level was 5.5 ng/mL (range, 0.6-13.5). The Gleason score was ≤6 in 125 patients and was 7 in 4 patients. The median follow-up period was 40 months (range, 24-111), and the median D(90) was 186 Gy. The median minimal dose received by 30% of the urethra was 203 Gy, and the median rectal volume receiving a minimum of 100% of the prescribed dose was 0.81 cm(3). Acute Grade 2 genitourinary toxicity was seen in 5.4% and late Grade 2 in 7%. Late urinary retention (Grade 3) was seen in 2 patients (1.5%). Grade 1 rectal bleeding occurred in 9.3% and Grade 2 in 2.3%. On univariate logistic regression analysis, none of the clinical and dosimetric parameters predicted for rectal bleeding. Of 110 men who were potent before treatment, 81% remained potent 5 years after treatment. Three biochemical failures and only one local failure developed. The 5-year biochemical no evidence of disease rate using the ""nadir plus 2"" definition was 96.8%. CONCLUSION: A D(90) of ≥180 Gy is associated with excellent biochemical disease-free survival and acceptable toxicity.",Int J Radiat Oncol Biol Phys,2010,1,,doi: 10.1016/j.ijrobp.2009.07.1723,https://www.ncbi.nlm.nih.gov/pubmed/20832665,,negative,0,2010.0
31628565,Evaluation of the residual prostate cancer rate on cystoprostatectomy specimen in patients treated with radiotherapy for prostate cancer,Schlegel J,"PURPOSE: To evaluate the residual cancer rate after cystoprostatectomy (CPT) in patients with a history of radiation therapy for prostate cancer and the postoperative complication rates. MATERIAL AND METHODS: We conducted a retrospective study involving 21 patients who had a CPT over 7 years and who had a history of radiotherapy for prostate cancer. To compare results, two additional groups were created: a group of patients without a history of radiotherapy in whom a CPT was performed, and a group without a history of radiotherapy and in whom was accidentally discovered a prostate cancer after CPT on histology specimens. RESULTS: The median age at the time of radiotherapy was 69 years. The median age at the time of cystoprostatectomy was 78 years. The median PSA at the time of the intervention was 0.6 ng/ml in the group with a history of radiotherapy. The residual cancer rate was 24%. No patients had criteria for biological recurrence. There were no additional surgical complications in the radiotherapy group (p = 0.2). The rate of cutaneous ureterostomy was higher (p = 0.0006) due to increased surgical difficulties (p = 0.0009). CONCLUSION: The residual cancer rate was 24% after radiotherapy for prostate cancer. PSA alone does not appear to be sufficient to detect the persistence of residual prostate cancer after radiotherapy. There were no more surgical complications after prostate radiotherapy.",Int Urol Nephrol,2020,52,279-285,doi: 10.1007/s11255-019-02312-0. Epub 2019 Oct 18,https://www.ncbi.nlm.nih.gov/pubmed/31628565,,negative,0,2020.0
18280056,Long-term results of conformal radiotherapy for prostate cancer: impact of dose escalation on biochemical tumor control and distant metastases-free survival outcomes.,Zelefsky MJ,"PURPOSE: To report prostate-specific antigen (PSA) relapse-free survival and distant metastases-free survival (DMFS) outcomes for patients with clinically localized prostate cancer treated with high-dose conformal radiotherapy. METHODS AND MATERIALS: Between 1988 and 2004, a total of 2,047 patients with clinically localized prostate cancer were treated with three-dimensional conformal radiotherapy or intensity-modulated radiotherapy. Prescribed dose levels ranged from 66-86.4 Gy. Median follow-up was 6.6 years (range, 3-18 years). RESULTS: Although no differences were noted among low-risk patients for the various dose groups, significant improvements were observed with higher doses for patients with intermediate- and high-risk features. In patients with intermediate-risk features, multivariate analysis showed that radiation dose was an important predictor for improved PSA relapse-free survival (p < 0.0001) and improved DMFS (p = 0.04). In patients with high-risk features, multivariate analysis showed that the following variables predict for improved PSA relapse-free survival: dose (p < 0.0001); age (p = 0.0005), and neoadjuvant-concurrent androgen deprivation therapy (ADT; p = 0.01). In this risk group, only higher radiation dose was an important predictor for improved DMFS (p = 0.04). CONCLUSIONS: High radiation dose levels were associated with improved biochemical tumor control and decreased risk of distant metastases. For high-risk patients, despite the delivery of high radiation dose levels, the use of ADT conferred an additional benefit for improved tumor control outcomes. We observed a benefit for ADT in high-risk patients who received higher doses.",Int J Radiat Oncol Biol Phys,2008,71,1028-33,10.1016/j.ijrobp.2007.11.066,https://www.ncbi.nlm.nih.gov/pubmed/18280056,LOW RISK,positive,1,
11490237,High dose radiation delivered by intensity modulated conformal radiotherapy improves the outcome of localized prostate cancer.,Zelefsky MJ,"PURPOSE: We present the long-term outcome and tolerance of 3-dimensional (D) conformal and intensity modulated radiation therapy for localized prostate cancer. MATERIALS AND METHODS: Between October 1988 and December 1998, 1,100 patients with clinical stages T1c-T3 prostate cancer were treated with 3-D conformal or intensity modulated radiation therapy. Patients were categorized into prognostic risk groups based on pretreatment prostate specific antigen (PSA), Gleason score and clinical stage. Sextant biopsies were performed 2.5 years or greater after treatment to assess local control. PSA relapse was defined according to the consensus guidelines of the American Society for Therapeutic Radiation Oncology. Late toxicity was classified according to the Radiation Therapy Oncology Group morbidity grading scale. Median followup was 60 months. RESULTS: At 5 years the PSA relapse-free survival rate in patients at favorable, intermediate and unfavorable risk was 85% (95% confidence interval [CI] +/- 4), 58% (95% CI +/- 6) and 38% (95% CI +/- 6), respectively (p <0.001). Radiation dose was the most powerful variable impacting PSA relapse-free survival in each prognostic risk group. The 5-year actuarial PSA relapse-free survival rate for patients at favorable risk who received 64.8 to 70.2 Gy. was 77% (95% CI +/- 8) compared to 90% (95% CI +/- 8) for those treated with 75.6 to 86.4 Gy. (p = 0.04) [corrected]. The corresponding rates were 50% (95% CI +/- 8) versus 70% (95% CI +/- 6) in intermediate risk cases (p = 0.001), and 21% (95% CI +/- 8) versus 47% (95% CI +/- 6) in unfavorable risk cases (p = 0.008) [corrected]. Only 4 of 41 patients (10%) who received 81 Gy. had a positive biopsy 2.5 years or greater after treatment compared with 27 of 119 (23%) after 75.6, 23 of 68 (34%) after 70.2 and 13 of 24 (54%) after 64.8 Gy. The incidence of toxicity after 3-D conformal radiation therapy was dose dependent. The 5-year actuarial rate of grade 2 rectal toxicity in patients who received 75.6 Gy. or greater was 14% (95% CI +/- 2) compared with 5% (95% CI +/- 2) in those treated at lower dose levels (p <0.001). Treatment with intensity modulated radiation therapy significantly decreased the incidence of late grade 2 rectal toxicity since the 3-year actuarial incidence in 189 cases managed by 81 Gy. was 2% (95% CI +/- 2) compared with 14% (95% CI +/- 2) in 61 managed by the same dose of 3-D conformal radiation therapy (p = 0.005). The 5-year actuarial rate of grade 2 urinary toxicity in patients who received 75.6 Gy. or greater 3-D conformal radiation therapy was 13% compared with 4% in those treated up to lower doses (p <0.001). Intensity modulated radiation therapy did not affect the incidence of urinary toxicity. CONCLUSIONS: Sophisticated conformal radiotherapy techniques with high dose 3-D conformal and intensity modulated radiation therapy improve the biochemical outcome in patients with favorable, intermediate and unfavorable risk prostate cancer. Intensity modulated radiation therapy is associated with minimal rectal and bladder toxicity, and, hence, represents the treatment delivery approach with the most favorable risk-to-benefit ratio.",J Urol,2001,166,876-81,,https://www.ncbi.nlm.nih.gov/pubmed/11490237,HIGH RISK,positive,1,
19632069,Local control following permanent prostate brachytherapy: effect of high biologically effective dose on biopsy results and oncologic outcomes.,Stone NN,"PURPOSE: To determine factors that influence local control and systemic relapse in patients undergoing permanent prostate brachytherapy (PPB). METHODS AND MATERIALS: A total of 584 patients receiving PPB alone or PPB with external beam radiation therapy (19.5%) agreed to undergo prostate biopsy (PB) at 2 years postimplantion and yearly if results were positive or if the prostate-specific antigen (PSA) level increased. Short-term hormone therapy was used with 280 (47.9%) patients. Radiation doses were converted to biologically effective doses (BED) (using alpha/beta = 2). Comparisons were made by chi-square analysis and linear regression. Survival was determined by the Kaplan-Meier method. RESULTS: The median PSA concentration was 7.1 ng/ml, and the median follow-up period was 7.1 years. PB results were positive for 48/584 (8.2%) patients. Positive biopsy results by BED group were as follows: 22/121 (18.2%) patients received a BED of < or =150 Gy; 15/244 (6.1%) patients received >150 to 200 Gy; and 6/193 (3.1%; p < 0.001) patients received >200 Gy. Significant associations of positive PB results by risk group were low-risk group BED (p = 0.019), intermediate-risk group hormone therapy (p = 0.011) and BED (p = 0.040), and high-risk group BED (p = 0.004). Biochemical freedom from failure rate at 7 years was 82.7%. Biochemical freedom from failure rate by PB result was 84.7% for negative results vs. 59.2% for positive results (p < 0.001). Cox regression analysis revealed significant associations with BED (p = 0.038) and PB results (p = 0.002) in low-risk patients, with BED (p = 0.003) in intermediate-risk patients, and with Gleason score (p = 0.006), PSA level (p < 0.001), and PB result (p = 0.038) in high-risk patients. Fifty-three (9.1%) patients died, of which eight deaths were due to prostate cancer. Cause-specific survival was 99.2% for negative PB results vs. 87.6% for positive PB results (p < 0.001). CONCLUSIONS: Higher radiation doses are required to achieve local control following PPB. A BED of >200 Gy with an alpha/beta ratio of 2 yields 96.9% local control rate. Failure to establish local control impacts survival.",Int J Radiat Oncol Biol Phys,2010,76,355-60,10.1016/j.ijrobp.2009.01.078,https://www.ncbi.nlm.nih.gov/pubmed/19632069,LOW RISK,positive,1,
16682149,Androgen-deprivation therapy does not impact cause-specific or overall survival after permanent prostate brachytherapy.,Merrick GS,"PURPOSE: To determine if androgen-deprivation therapy (ADT) has an impact on cause-specific, biochemical progression-free, or overall survival after prostate brachytherapy. METHODS AND MATERIALS: From April 1995 through June 2002, 938 consecutive patients underwent brachytherapy for clinical Stage T1b to T3a (2002 AJCC) prostate cancer. All patients underwent brachytherapy more than 3 years before analysis. A total of 382 patients (40.7%) received ADT with a duration of 6 months or less in 277 and more than 6 months in 105. The median follow-up was 5.4 years. Multiple clinical, treatment, and dosimetric parameters were evaluated as predictors of cause-specific, biochemical progression-free, and overall survival. RESULTS: The 10-year cause-specific, biochemical progression-free, and overall survival rates for the entire cohort were 96.4%, 95.9%, and 78.1%, respectively. Except for biochemical progression-free survival in high-risk patients, ADT did not statistically impact any of the three survival categories. A Cox linear-regression analysis demonstrated that Gleason score was the best predictor of cause-specific survival, whereas percent-positive biopsies, prostate volume, and risk group predicted for biochemical progression-free survival. Patient age and tobacco use were the strongest predictors of overall survival. One hundred two patients have died, with 80 of the deaths a result of cardiovascular disease (54) and second malignancies (26). To date, only 12 patients have died of metastatic prostate cancer. CONCLUSIONS: After brachytherapy, androgen-deprivation therapy did not have an impact on cause-specific or overall survival for any risk group; however, ADT had a beneficial effect on biochemical progression-free survival in high-risk patients. Cardiovascular disease and second malignancies far outweighed prostate cancer as competing causes of death.",Int J Radiat Oncol Biol Phys,2006,65,669-77,10.1016/j.ijrobp.2006.01.030,https://www.ncbi.nlm.nih.gov/pubmed/16682149,LOW RISK,positive,1,
21163586,High-dose-rate brachytherapy boost for prostate cancer: comparison of two different fractionation schemes,Kaprealian T,"PURPOSE: This is a retrospective study comparing our experience with high-dose-rate (HDR) brachytherapy boost for prostate cancer, using two different fractionation schemes, 600 cGy × 3 fractions (patient group 1) and 950 cGy × 2 fractions (patient group 2). METHODS AND MATERIALS: A total of 165 patients were treated for prostate cancer using external beam radiation therapy up to a dose of 45 Gy, followed by an HDR brachytherapy prostate radiation boost. Between July 1997 and Nov 1999, 64 patients were treated with an HDR boost of 600 cGy × 3 fractions; and between June 2000 and Nov 2005, 101 patients were treated with an HDR boost of 950 cGy × 2 fractions. All but 9 patients had at least one of the following risk features: pretreatment prostate-specific antigen (PSA) level >10, a Gleason score ≥7, and/or clinical stage T3 disease. RESULTS: Median follow-up was 105 months for group 1 and 43 months for group 2. Patients in group 2 had a greater number of high-risk features than group 1 (p = 0.02). Adjusted for comparable follow-up, there was no difference in biochemical no-evidence-of-disease (bNED) rate between the two fractionation scheme approaches, with 5-year Kaplan-Meier estimates of 93.5% in group 1 and 87.3% in group 2 (p = 0.19). The 5-year estimates of progression-free survival were 86% for group 1 and 83% for group 2 (p = 0.53). Among high-risk patients, there were no differences in bNED or PFS rate due to fractionation. CONCLUSIONS: Results were excellent for both groups. Adjusted for comparable follow-up, no differences were found between groups.",Int J Radiat Oncol Biol Phys,2012,1,,doi: 10.1016/j.ijrobp.2010.09.021. Epub 2010 Dec 14,https://www.ncbi.nlm.nih.gov/pubmed/21163586,,negative,0,2010.0
16223581,Patients at high risk of progression after radical prostatectomy: do they all benefit from immediate post-operative irradiation? (EORTC trial 22911),Collette L,"EORTC trial 22911 demonstrated that immediate postoperative irradiation significantly improved biochemical failure free survival (BPFS) compared to wait-and-see (W and S) until relapse in patients with pT2-3 tumours and pathological risk factors after radical prostatectomy. In this study, we have investigated the heterogeneity of the treatment benefit across defined subgroups of patients. Data from 972 patients were used. A risk model was developed in the W and S group and the Log-rank test for heterogeneity was applied (alpha=0.05). Positive surgical margin (SM+), seminal vesicle invasion (SV+), WHO differentiation grade, pre- and post-operative PSA were independent predictors for BPFS in the W and S group. Men with SV+ were at higher risk of relapse whereas those with SM+ but no capsule infiltration (ECE-) did not seem to differ from those with SM-ECE+ or with SM+ECE+. Postoperative irradiation improved biochemical progression-free survival in all patient groups. Longer follow-up is needed to assess the endpoint of clinical progression-free survival.",Eur J Cancer,2005,41,2662-72,doi: 10.1016/j.ejca.2005.06.024. Epub 2005 Oct 11,https://www.ncbi.nlm.nih.gov/pubmed/16223581,,negative,0,2005.0
24183866,Outcomes following iodine-125 prostate brachytherapy with or without neoadjuvant androgen deprivation.,Ohashi T,"PURPOSE: To report the biochemical failure-free survival (BFFS), cause-specific survival (CSS), and overall survival (OS) outcomes of patients treated with iodine-125 (I-125) brachytherapy for clinically localized prostate cancer. METHODS AND MATERIALS: Between 2003 and 2009, I-125 permanent prostate brachytherapy without supplemental external-beam radiotherapy was performed for 663 patients with low-risk and low-tier intermediate-risk (defined as organ-confined disease, PSA <10ng/mL, and Gleason score 3+4 with biopsy positive core rate <33%) prostate cancer. Early in the study period, the preplanning method was used in the first 104 patients, and later the real-time planning method was used. Biochemical failure was determined using the American Society for Therapeutic Radiology Oncology (ASTRO) and Phoenix definitions. RESULTS: The 7-year BFFS rates for the ASTRO and Phoenix definitions were 96.1% and 95.9%, respectively. The corresponding BFFS rates by risk group were 97.6% and 96.7% for low-risk, and 91.8% and 93.6% for low-tier intermediate-risk disease (p=0.007 and 0.08, respectively). The median times to biochemical failure in those who failed were 29.5 and 43.9months according to the ASTRO and Phoenix definitions, respectively. The 7-year CSS and OS were 99.1% and 96.4%. There was no significant difference in CSS or OS between the low-risk and low-tier intermediate-risk groups. In multivariate Cox regression analysis, risk group and prostate D90 were independent predictors of BFFS for the ASTRO definition, while only the prostate D90 was significant for the Phoenix definition. CONCLUSION: I-125 prostate brachytherapy results in excellent 7-year BFFS, CSS, and OS for low-risk and low-tier intermediate-risk prostate cancer.",Radiother Oncol,2013,109,241-5,10.1016/j.radonc.2013.09.022,https://www.ncbi.nlm.nih.gov/pubmed/24183866,LOW RISK,positive,1,
24053230,Five-year outcomes after iodine-125 seed brachytherapy for low-risk prostate cancer at three cancer centres in the UK.,Dickinson PD,"OBJECTIVE: To report the outcomes of >1000 men with low-risk prostate cancer treated with low-dose-rate (LDR) brachytherapy at three large UK cancer centres. PATIENTS AND METHODS: A total of 1038 patients with low-risk prostate cancer (prostate-specific antigen [PSA] ≤10 ng/mL, Gleason score 6, ≤T2b disease) were treated with LDR iodine 125 (I-125) brachytherapy between 2002 and 2007. Patients were treated at three UK centres. PSA and clinical follow-up was performed at each centre. Biochemical recurrence-free survival was reported for the cohort. RESULTS: The median (range) PSA follow-up for the whole group was 5 years (4 months to 9 years). A total of 79 patients had biochemical failure, defined by a rise in PSA level: 16 patients fulfilled the ASTRO definition of biochemical failure, 25 patients fulfilled the Phoenix definition and 38 patients fulfilled both definitions. The 5-year biochemical relapse-free survival (bRFS) rate was 94.1% by the ASTRO definition and 94.2% by the Phoenix definition. The absence of neoadjuvant hormone therapy was predictive of inferior biochemical control as defined by the Phoenix definition (P = 0.033). CONCLUSIONS: Our prospective multicentre series showed excellent bRFS with LDR I-125 brachytherapy for patients with low-risk prostate cancer. Further work is necessary to define the role of neoadjuvant androgen deprivation therapy in combination with brachytherapy.",BJU Int,2014,113,748-53,10.1111/bju.12358,https://www.ncbi.nlm.nih.gov/pubmed/24053230,LOW RISK,positive,1,
16227156,Radiation therapy for prostate cancer and erectile (dys)function: the role of imaging,Incrocci L,"Incidence of erectile dysfunction (ED) after radiotherapy reported in the literature varies from 7 to 72% after external-beam radiotherapy to 5-51% after brachytherapy. Most of these studies are retrospective, the definition of ED is variable and sexual functioning is frequently assessed by asking only one question. Already in the 1980's it was suggested that post-radiation ED was attributable to vascular damage. The most reliable method to assess vasculogenic ED is the use of the Doppler ultrasound. More recently, many studies have assessed the relationship between radiation dose and volume of the penile bulb and post-radiation ED, though the outcome is controversial. The penile structures and the neurovascular bundles are best seen on magnetic resonance imaging (MRI). Therefore the use of a computer tomography scan/MRI image fusion can result in reducing the planning target volume and consequently the radiation dose to the penile bulb and bodies. If radiation induces vascular damage that causes ED, any means of reducing the dose to the pelvic vascular structures would likely decrease ED, therefore new radiation techniques such as the intensity modulated radiation therapy or the implant of fiducial markers can help decrease the margins and therefore ED.",Acta Oncol,2005,44,673-8,doi: 10.1080/02841860500326190,https://www.ncbi.nlm.nih.gov/pubmed/16227156,,negative,0,2005.0
17572209,"Intermediate-term potency, continence, and survival outcomes of radical prostatectomy for clinically high-risk or locally advanced prostate cancer.",Loeb S,"OBJECTIVES: Controversy exists about the preferred treatment of patients with high-risk or locally advanced prostate cancer. We examined the intermediate-term cancer control and quality-of-life outcomes after radical retropubic prostatectomy (RRP) in selected patients. METHODS: From 1984 to 2003, 288 men with Stage cT2b (Gleason score 8 to 10 or a prostate-specific antigen level greater than 15 ng/mL) or T3 disease underwent RRP by a single surgeon. The 7 and 10-year actuarial progression-free survival (PFS), cancer-specific survival (CSS), overall survival (OS), potency, and continence rates were recorded. RESULTS: The actuarial 7-year PFS, CSS, and OS rate after surgery was 39%, 92%, and 91%, respectively. The corresponding actuarial 10-year rates were 35%, 88%, and 74%. Only OS differed significantly by age group. On multivariate analysis, the pathologic stage was a significant independent predictor of progression. Ultimately, 31 men (11%) required hormonal therapy, 58 (20%) underwent postoperative radiotherapy, and 67 (23%) received both. Potency and continence were preserved in 64% and 92%, respectively. CONCLUSIONS: Overall, RRP offers excellent intermediate-term cancer control for selected men of all ages who present with high-risk or locally advanced disease. The PFS was significantly greater for men with high-risk Stage cT2b than for those with cT3 disease, but the CSS and OS were similar. Both continence and potency were preserved in most patients, although the potency rates were significantly greater for the younger men. RRP with appropriate postoperative radiotherapy and/or hormonal therapy is a reasonable treatment option for selected men with high-risk or locally advanced disease.",Urology,2007,69,1170-5,10.1016/j.urology.2007.02.054,https://www.ncbi.nlm.nih.gov/pubmed/17572209,HIGH RISK,positive,1,
16168838,Acute genitourinary toxicity after high-dose-rate (HDR) brachytherapy combined with hypofractionated external-beam radiation therapy for localized prostate cancer: correlation between the urethral dose in HDR brachytherapy and the severity of acute genitourinary toxicity,Akimoto T,"PURPOSE: Several investigations have revealed that the alpha/beta ratio for prostate cancer is atypically low, and that hypofractionation or high-dose-rate (HDR) brachytherapy regimens using appropriate radiation doses may be expected to yield tumor control and late sequelae rates that are better or at least as favorable as those achieved with conventional radiation therapy. In this setting, we attempted treating localized prostate cancer patients with HDR brachytherapy combined with hypofractionated external beam radiation therapy (EBRT). The purpose of this study was to evaluate the feasibility of using this approach, with special emphasis on the relationship between the severity of acute genitourinary (GU) toxicity and the urethral dose calculated from the dose-volume histogram (DVH) of HDR brachytherapy. METHODS AND MATERIALS: Between September 2000 and December 2003, 70 patients with localized prostate cancer were treated by iridium-192 HDR brachytherapy combined with hypofractionated EBRT at the Gunma University Hospital. Hypofractionated EBRT was administered in fraction doses of 3 Gy, three times per week; a total dose of 51 Gy was delivered to the prostate gland and the seminal vesicles using the four-field technique. No elective pelvic irradiation was performed. After the completion of EBRT, all the patients additionally received transrectal ultrasonography (TRUS)-guided HDR brachytherapy. The fraction size and the number of fractions in HDR brachytherapy were prospectively changed, whereas the total radiation dose for EBRT was fixed at 51 Gy. The fractionation in HDR brachytherapy was as follows: 5 Gy x 5, 7 Gy x 3, 9 Gy x 2, administered twice per day, although the biologic effective dose (BED) for HDR brachytherapy combined with EBRT, assuming that the alpha/beta ratio is 3, was almost equal to 138 in each fractionation group. The planning target volume was defined as the prostate gland with 5-mm margin all around, and the planning was conducted based on computed tomography images. The number of patients in each fractionation group was as follows: 13 in the 5-Gy group; 19 in the 7-Gy group, and 38 in the 9-Gy group. The tumor stage was T1 in 10 patients, T2 in 36 patients, and T3 in 24 patients. The Gleason score was 2-6 in 11 patients, 7 in 34 patients, and 8-10 in 25 patients. Androgen ablation was performed in all the patients. The median follow-up duration was 14 months (range 3-42 months). The toxicities were graded based on the Radiation Therapy Oncology Group/European Organization for Research and Treatment of Cancer toxicity criteria. RESULTS: The main symptoms of acute GU toxicity were dysuria and increase in urinary frequency or nocturia. The grade distribution of acute GU toxicity in the patients was as follows: Grade 0-1, 39 patients (56%), and Grade 2-4, 31 patients (44%). One patient who developed acute urinary obstruction was classified as having Grade 4 toxicity. Comparison of the distribution of the grade of acute GU toxicity among the different fractionation groups revealed no statistically significant differences among the groups. The urethral dose in HDR brachytherapy was evaluated using the following DVH parameters: V30 (percentage of the urethral volume receiving 30% of the prescribed radiation dose), V80, V90, V100, V110, V120, V130, and V150. The V30-110 values in the patients with Grade 2-4 acute GU toxicity were significantly higher than those in patients with Grade 0-1 toxicity. On the other hand, there were no significant differences in the V120-150 values between patients with Grade 0-1 and Grade 2-4 toxicity. Regarding the influence of the number of needles implanted for the radiation therapy, patients with 11 needles or less showed a significantly higher incidence of Grade 2-4 acute GU toxicity compared with those with 12 needles or more (p < 0.05). CONCLUSIONS: It was concluded that HDR brachytherapy combined with hypofractionated EBRT is feasible for localized prostate cancer when considered from the viewpoint of acute toxicity. Increase in the fraction dose or reduction in the number of fractions in HDR brachytherapy did not affect the severity of acute GU toxicity, and the volume of urethra receiving an equal or lower radiation dose than the prescribed dose was more closely associated with the grade severity of acute GU toxicity than that receiving a higher than the prescribed dose.",Int J Radiat Oncol Biol Phys,2005,1,,doi: 10.1016/j.ijrobp.2004.11.041,https://www.ncbi.nlm.nih.gov/pubmed/16168838,,negative,0,2005.0
20421534,Statin use and risk of prostate cancer recurrence in men treated with radiation therapy,Gutt R,"PURPOSE: There has been growing interest in the potential anticancer activity of statins based on preclinical evidence of their antiproliferative, proapoptotic, and radiosensitizing properties. The primary objective of this study was to determine whether statin use is associated with improved clinical outcomes in patients treated with radiotherapy (RT) for prostate cancer. PATIENTS AND METHODS: In total, 691 men with prostate adenocarcinoma treated with curative-intent RT between 1988 and 2006 were retrospectively analyzed. Of those, 189 patients (27%) were using statins, either during initial consultation or during follow-up. Lipid panels were collected (n = 298) a median of 5 months before RT start. Median follow-up was 50 months after RT. RESULTS: Statin use was associated with improved freedom from biochemical failure (FFBF; P < .001), freedom from salvage androgen deprivation therapy (FFADT; P = .0011), and relapse-free survival (RFS; P < .001). Improved FFBF for statin users was seen in low-, intermediate-, and high-risk groups (P = .0401, P = .0331, and P = .0034, respectively). The improvement in FFBF with statin use was independent of ADT use or radiation dose. On multivariable analysis, statin use was associated with improved FFBF (P < .001) along with pretreatment prostate-specific antigen < or = 8.4 (P < .001), stage less than T2b (P = .0111), and Gleason score < 7 (P = .0098). On univariate analysis, pretreatment total cholesterol < 187 (89% v 80%; P = .0494) and low-density lipoprotein (LDL) < 110 (96% v 85%; P = .0462) were associated with improved 4-year FFBF. CONCLUSION: Statin use was associated with a significant improvement in FFBF, FFADT, and RFS in this cohort of men treated with RT for prostate cancer. The favorable effect of statins may be mediated by direct effect or via the LDL-lowering effect of these medications.",J Clin Oncol,2010,1,,doi: 10.1200/JCO.2009.27.3003. Epub 2010 Apr 26,https://www.ncbi.nlm.nih.gov/pubmed/20421534,,negative,0,2010.0
25687401,A review of rectal toxicity following permanent low dose-rate prostate brachytherapy and the potential value of biodegradable rectal spacers,Schutzer ME,"Permanent radioactive seed implantation provides highly effective treatment for prostate cancer that typically includes multidisciplinary collaboration between urologists and radiation oncologists. Low dose-rate (LDR) prostate brachytherapy offers excellent tumor control rates and has equivalent rates of rectal toxicity when compared with external beam radiotherapy. Owing to its proximity to the anterior rectal wall, a small portion of the rectum is often exposed to high doses of ionizing radiation from this procedure. Although rare, some patients develop transfusion-dependent rectal bleeding, ulcers or fistulas. These complications occasionally require permanent colostomy and thus can significantly impact a patient's quality of life. Aside from proper technique, a promising strategy has emerged that can help avoid these complications. By injecting biodegradable materials behind Denonviller's fascia, brachytherpists can increase the distance between the rectum and the radioactive sources to significantly decrease the rectal dose. This review summarizes the progress in this area and its applicability for use in combination with permanent LDR brachytherapy.",Prostate Cancer Prostatic Dis,2015,18,96-103,doi: 10.1038/pcan.2015.4. Epub 2015 Feb 17,https://www.ncbi.nlm.nih.gov/pubmed/25687401,,negative,0,2015.0
26768965,Radiotherapy Boost for the Dominant Intraprostatic Cancer Lesion-A Systematic Review and Meta-Analysis,von Eyben FE,"External beam radiotherapy (EBRT) for prostate cancer can be performed with a high dose of 86 Gy; however, one-tenth or more of the patients will develop recurrence. Prostate cancer is mainly multifocal, but a dominant intraprostatic lesion (DIL) is often the site of local recurrence after EBRT. We undertook a systematic review and meta-analysis to clarify whether functional imaging might identify the DIL and whether a RT boost to the DIL might be increased to an ultrahigh dose level of ≥ 90 Gy without increased toxicity. Of 62 selected studies, 13 reported the size of the DIL. The mean of the median DIL volumes was 2.4 cm(3) (95% confidence interval, 0.9-4.4 cm(3)). Eighteen diagnostic studies with 1205 patients evaluated the diagnostic accuracy using multiparametric magnetic resonance imaging for intraprostatic cancer lesions. Evaluating 14,654 prostate segments, the diagnostic accuracy was 77%. Eleven therapeutic studies with 988 patients reported a RT boost for the DIL. The summary boost dose for the DIL was a mean of 89 Gy in 5 studies using intensity modulated RT (calculated as the equivalent dose in 2-Gy fractions) and a mean of 141 Gy in 4 studies using a combination of EBRT and brachytherapy (P = .018, t test). In 1 therapeutic study, 239 patients had a 98% 10-year disease-free survival rate. Many of our therapeutic studies used a boost dose to the DIL of > 90 Gy. The reported boost for DIL is effective and safe.",Clin Genitourin Cancer,2016,14,189-97,doi: 10.1016/j.clgc.2015.12.005. Epub 2015 Dec 17,https://www.ncbi.nlm.nih.gov/pubmed/26768965,,negative,0,2015.0
25497586,Radiotherapy in Prostate Cancer Patients With Pelvic Lymphocele After Surgery: Clinical and Dosimetric Data of 30 Patients,Jereczek-Fossa BA,"INTRODUCTION: The purpose of the study was to evaluate the feasibility of irradiation after prostatectomy in the presence of asymptomatic pelvic lymphocele. PATIENTS AND METHODS: The inclusion criteria for this study were: (1) patients referred for postoperative (adjuvant or salvage) intensity modulated radiotherapy (IMRT; 66-69 Gy in 30 fractions); (2) detection of postoperative pelvic lymphocele at the simulation computed tomography [CT] scan; (3) no clinical symptoms; and (4) written informed consent. Radiotherapy toxicity and occurrence of symptoms or complications of lymphocele were analyzed. Dosimetric data (IMRT plans) and the modification of lymphocele volume during radiotherapy (cone beam CT [CBCT] scan) were evaluated. RESULTS: Between January 2011 and July 2013, in 30 of 308 patients (10%) treated with radiotherapy after prostatectomy, pelvic lymphocele was detected on the simulation CT. The median lymphocele volume was 47 cm(3) (range, 6-467.3 cm(3)). Lymphocele was not included in planning target volume (PTV) in 8 cases (27%). Maximum dose to lymphocele was 57 Gy (range, 5.7-73.3 Gy). Radiotherapy was well tolerated. In all but 2 patients, lymphoceles remained asymptomatic. Lymphocele drainage-because of symptom occurrence-had to be performed in 2 patients during IMRT and in one patient, 7 weeks after IMRT. CBCT at the end of IMRT showed reduction in lymphocele volume and position compared with the initial data (median reduction of 37%), more pronounced in lymphoceles included in PTV. CONCLUSION: Radiotherapy after prostatectomy in the presence of pelvic asymptomatic lymphocele is feasible with acceptable acute and late toxicity. The volume of lymphoceles decreased during radiotherapy and this phenomenon might require intermediate radiotherapy plan evaluation.",Clin Genitourin Cancer,2015,13,,doi: 10.1016/j.clgc.2014.11.007. Epub 2014 Nov 20,https://www.ncbi.nlm.nih.gov/pubmed/25497586,,negative,0,2015.0
31721315,Focal salvage low-dose-rate brachytherapy for recurrent prostate cancer based on magnetic resonance imaging/transrectal ultrasound fusion biopsy technique,Yamada Y,"OBJECTIVE: To examine the effect of permanent salvage brachytherapy in prostate cancer patients suffering recurrence after three-dimensional conformal external beam radiotherapy. METHODS: The ultra-focal (target lesion alone), hemi-lobe (within a hemi-lobe) or focused whole-gland (focusing on the lesion, but extending into the whole gland) pattern was selected based on the Gleason score for the targeted biopsy, the numbers of positive cores in the targeted and systematic biopsies, and the locations of the positive cores. Novel dosimetry criteria derived from three-dimensional cancer mapping, which was based on targeted magnetic resonance imaging/transrectal ultrasound fusion biopsies, were used in these cases. RESULTS: Permanent salvage brachytherapy was carried out in 13 patients who suffered prostate-specific antigen failure (prostate-specific antigen 2.1-6.8 ng/mL; age range 57-75 years; Gleason score ≤7 [n = 10], Gleason score ≥8 [n = 2] and Gleason score not available [n = 1]) since 2012. The targeted biopsy showed a single focus in three patients. The ultra-focal, hemi-lobe and focused whole-gland patterns were chosen in three, five and five patients, respectively. During the follow-up period (median duration 48 months), prostate-specific antigen failure occurred in zero of three, one of five and three of five of the patients treated with the ultra-focal, hemi-lobe and focused whole-gland patterns, respectively. The 4-year biochemical recurrence-free survival rate was 74%. No grade 3-4 adverse intestinal or urological events occurred. CONCLUSIONS: Targeted fusion biopsy-based three-dimensional cancer mapping should be used for permanent salvage brachytherapy treatment planning to reduce the incidence of treatment-related adverse events while maintaining good oncological outcomes.",Int J Urol,2020,27,149-155,doi: 10.1111/iju.14151. Epub 2019 Nov 13,https://www.ncbi.nlm.nih.gov/pubmed/31721315,,negative,0,2020.0
32476081,Survival outcomes of Asian younger men (< 55 years) undergoing radical prostatectomy: a review of prostate cancer database in a tertiary hospital in Singapore,Lu Y,"PURPOSE: Prostate cancer largely affects older men. This study aims to investigate prostate cancer in younger men (< 55 years) to shed light on the survival outcomes of this unique subset of patients in Asian context. METHODS: Data were obtained from the Singapore General Hospital Prostate Cancer Registry. Data on all men with clinically organ confined prostate cancer who underwent radical prostatectomy between 1998 and 2016 were obtained from the registry. Tumor characteristics, follow-up data, and cause of death were acquired. RESULTS: A total of 1120 men underwent radical prostatectomy between 1998 and 2016. Of these, 12 were aged ≤ 44 years, 106 were aged 45-54 years, 596 were aged 55-64, 397 were aged 65-74 and 9 were aged ≥ 75. There was no difference across age groups when comparing Gleason ≤ 7 vs Gleason ≥ 8 disease, T1/2 vs T3/4 disease and the median PSA values were similar. No difference was observed in overall survival or prostate cancer specific survival among 4 age groups (≤ 44, 45-54, 55-64, 65-74) (p = 0.156 and p = 0.227 respectively). Although there was a trend of increasing rate of biochemical recurrence for older patients, it's not statistically significant (p = 0.157). Time to biochemical recurrence was similar as well (p = 0.257). CONCLUSION: This large cohort of Asian patients who underwent radical prostatectomy did not show significant age-related differences in important parameters and outcomes.",Int Urol Nephrol,2020,52,1885-1891,doi: 10.1007/s11255-020-02518-7. Epub 2020 May 31,https://www.ncbi.nlm.nih.gov/pubmed/32476081,,negative,0,2020.0
20540878,"[Metastatic progression, cancer-specific mortality and need for secondary treatments in patients with clinically high-risk prostate cancer treated initially with radical prostatectomy].",Rubio-Briones J,"PURPOSE: To determine our results in high risk (HR) prostate cancer (PCa) patients treated with radical prostatectomy (RP) and to establish preoperative prognosis factors. MATERIAL AND METHODS: Retrospective study of 925 RP. Mean follow-up for the HR group was 89.8+/-53.6 months. Following NCCN criteria, we operated 210 (22.7%) HR and 715 (77.3%) low/intermediate risk patients. End point was metastatic progression. Kaplan-Meier method for survival comparison among groups and Cox regression model for multivariate analysis of preoperative prognostic factors were used. RESULTS: Revised period; 1986-2007. Fifty-four patients (25.7%) were free of disease and 8 patients (3.8%) died for other causes free of disease. Disease progressed in 148 patients (70.5%); death due to tumour progression occurred in 42 cases (20%) and due to other causes in 25 patients (11.9%). Seventy-nine patients in HR group (38%) vs 549 low/intermediate risk group (78.5%) did not deserve further treatments (p<0.001). The uni and multivariate analysis for metastatic progression showed both Gleason score at biopsy (RR=1.922; 95% CI 1.106-3.341, p=0.020) and clinical stage (RR=2.290; 95% CI 1.269-4.133, p=0.006) showed independent prognostic value for metastatic progression, but not PSA. CONCLUSIONS: A HR patient can be cured in a third of the cases and will need multimodal treatments in more than half of the times. We prompt surgery in a young healthy patient with a resectable tumour, mainly if just one bad prognostic factor is present and defiantly if this is just PSA elevation.",Actas Urol Esp,2010,34,610-7,,https://www.ncbi.nlm.nih.gov/pubmed/20540878,HIGH RISK,positive,1,
15743150,Integrating hormonal therapy with external-beam radiation and brachytherapy for prostate cancer,Andrews J,"The use of hormonal therapy with external-beam radiation (EBRT) to treat prostate cancer is a topic that has been well explored. The potential use of hormonal therapy and brachytherapy in the treatment of prostate cancer, however, continues to be controversial. This review is based on our current interpretation of the available literature assessing the outcomes of patients treated with EBRT and brachytherapy with or without hormonal therapy. Extrapolating from the findings of the Radiation Therapy Oncology Group (RTOG) 9413 trial, there appears to be a favorable interaction between hormonal therapy and irradiation in the lymph nodes. The benefits demonstrated with whole-pelvic EBRT and hormonal therapy are likely to extend to patients treated with brachytherapy as well. Studies suggest that the role of hormonal therapy in brachytherapy is limited without the application of whole-pelvic EBRT due to the inability of brachytherapy to address potential lymph nodes at risk. The potential role of hormonal therapy in conjunction with brachytherapy without pelvic radiotherapy, is limited by inconclusive data and abbreviated follow-up times.",Oncology (Williston Park),2005,19,29-36,,https://www.ncbi.nlm.nih.gov/pubmed/15743150,,negative,0,2005.0
16271785,Dose-volume impact in high-dose-rate Iridium-192 brachytherapy as a boost to external beam radiotherapy for localized prostate cancer--a phase II study,Pinkawa M,"BACKGROUND AND PURPOSE: Evaluation of dose-volume-time-related factors in 64 patients treated with high-dose-rate brachytherapy (HDR-BT) as a boost to external beam radiotherapy (EBRT) for localized prostate cancer. PATIENTS AND METHODS: Clinical parameters were correlated with morbidity scores of the EPIC (Expanded Prostate Cancer Index) questionnaire. Median time after radiotherapy (HDR-BT up to 18 Gy in two fractions and EBRT up to a median dose of 50.4 Gy) was 1.5 and 3 years (first and second questionnaire). RESULTS: A significant impact of a urethra D1 exceeding 15 Gy in at least one HDR fraction concerning urinary morbidity and a rectum D1 exceeding 6 Gy to the rectal mucosa in the first and second HDR fraction concerning the rectal bleeding rate was found. A higher number of needles was associated with lower urinary and bowel scores after 1.5 years. A prostate length >4.8 cm and a longer duration of EBRT (independently of the dose) predisposed for lower urinary and bowel scores. In contrast to a urethra D1 > 15 Gy as an independent factor, a rectum D1 > 6 Gy per HDR fraction correlated with a higher number of needles and an increased prostate length. CONCLUSIONS: To minimize morbidity in HDR-BT for prostate cancer, a maximum dose to the urethra of 15 Gy and a maximum dose to the rectal mucosa of 6 Gy is advisable. Treatment- and patient-related factors have a major impact on toxicity.",Radiother Oncol,2006,78,41-6,doi: 10.1016/j.radonc.2005.10.003. Epub 2005 Nov 4,https://www.ncbi.nlm.nih.gov/pubmed/16271785,,negative,0,2005.0
22494584,Twelve-month prostate-specific antigen values and perineural invasion as strong independent prognostic variables of long-term biochemical outcome after prostate seed brachytherapy.,Ding W,"PURPOSE: To determine whether post-treatment prostate-specific antigen (ptPSA) values at 12 months and other clinical parameters predict long-term PSA relapse-free survival (PRFS) following prostate seed brachytherapy. METHODS AND MATERIALS: Records of 204 hormone-naïve patients with localized adenocarcinoma of the prostate treated at St. Mary's Regional Medical Center in Reno, NV, and at Carson Tahoe Regional Medical Center in Carson City, NV, between 1998 and 2003, using I-125 or Pd-103 seed brachytherapy, were retrospectively analyzed. Treatment planning was done using a preplanned, modified peripheral loading technique. A total of 185 of 204 patients had PSA records at 12 months after implant. Variables included were age, initial pretreatment PSA, Gleason score, T stage, National Comprehensive Cancer Network (NCCN) risk group (RG), perineural invasion (PNI), external beam boost, dose, and ptPSA levels at 12 months with cutpoints at ≤1, 1.01 to 2.00, 2.01 to 3.00, and >3.00 ng/ml. RESULTS: Median follow-up was 80 months, and median age was 69 years. The numbers of patients stratified by NCCN low, intermediate, and high RG were 110:65:10, respectively. Monotherapy and boost prescription doses were 145 Gy and 110 Gy for I-125, and 125 Gy and 100 Gy for Pd-103 seeds, respectively. The median dose (D90) was 95.4% of the prescribed dose. The 5-year PRFS at the 12-months ptPSA levels of ≤1, 1.01 to 2.00, 2.01 to 3.00, and >3.00 ng/ml were 98.5%, 85.7%, 61.5%, and 22.2%, respectively. The 10-year PRFS at the 12-months ptPSA levels of ≤1 and 1.01 to 2.00 ng/ml were 90.5% and 85.7%, respectively. In multivariate analysis, both ptPSA and PNI were significant independent predictors of PRFS. Hazard ratios (HR) for ptPSA levels at ≤1, 1.01 to 2.00, 2.01 to 3.00, and >3.00 ng/ml at 12 months were 1, 4.96, 27.57, and 65.10, respectively. PNI had an HR of 6.1 (p=0.009). CONCLUSIONS: Presence of PNI and ptPSA values at 12 months are strong prognostic variables for long-term PRFS after definitive prostate brachytherapy seed implantation.",Int J Radiat Oncol Biol Phys,2012,84,962-7,10.1016/j.ijrobp.2012.01.043,https://www.ncbi.nlm.nih.gov/pubmed/22494584,LOW RISK,positive,1,
17577217,Long-term outcomes after treatment with brachytherapy and supplemental conformal radiation for prostate cancer patients having intermediate and high-risk features.,Dattoli M,"BACKGROUND: This study summarizes long-term outcomes from treatment of prostate cancer with increased risk of extracapsular cancer extension (ECE) using brachytherapy-based treatment. METHODS: A total of 282 consecutive patients were treated from 1992-1996 by 1 author (M.D.). Two hundred forty-three patients had at least 1 higher risk feature for ECE including Gleason Score 7-10 (172), prostate-specific antigen (PSA) above 10 (166), and clinical stages T(2c) (109) and T(3) (107). Using National Comprehensive Cancer Network (NCCN) guidelines, 119 patients had intermediate-risk disease and 124 had high-risk disease. Patients received pelvic 3-dimensional conformal external beam radiation followed by a palladium (Pd)-103 boost. Generous brachytherapy margins were utilized. Biochemical failure was defined using ASTRO Consensus Definition, nadir +2 and PSA >0.2 ng/mL at last follow-up. The nonfailing patient follow-up period was 1-14 years (median, 9.5 years). Biochemical data and original biopsy slides were independently re-reviewed at the University of Washington (by K.W. and L.T., respectively). RESULTS: Overall actuarial freedom from biochemical progression at 14 years was 81%, including 87% and 72% having intermediate and high-risk disease, respectively. Absolute risk of failure decreased progressively, falling to 1% beyond 6 years after treatment. All failing patients had prostate biopsies without evidence of local recurrence. The strongest predictor of failure was Gleason score (P = .03) followed by PSA (P = .041). Treatment morbidity was limited to temporary RTOG grade 1-2 urinary and gastrointestinal symptoms. CONCLUSIONS: High tumor control rates are possible with beam radiation followed by Pd-103 brachytherapy. Despite perceptions that brachytherapy is inappropriate for patients at higher risk for ECE, this series strengthens the rationale that brachytherapy-based treatment may be a desirable modality for such patients.",Cancer,2007,110,551-5,10.1002/cncr.22810,https://www.ncbi.nlm.nih.gov/pubmed/17577217,INTERMEDIATE RISK,positive,1,
15758725,Contemporary survival results and the role of radiation therapy in patients with node negative seminal vesicle invasion following radical prostatectomy,Eggener SE,"PURPOSE: Seminal vesicle invasion (SVI) in a radical prostatectomy (RRP) specimen is associated with a guarded prognosis. We evaluated patients with SVI treated in the pre-prostate specific antigen (PSA) (1983 to 1991) and PSA (1992 to 2003) eras. MATERIALS AND METHODS: Of patients with prostate cancer treated with RRP from January 1983 through March 2002, 220 with SVI were evaluated, including 67 in the pre-PSA era and 153 in the PSA era. Postoperative PSA greater than 0.2 ng/ml was considered biochemical evidence of cancer progression. Survival rates were compared using Kaplan-Meier estimates to calculate progression-free, cancer specific and all cause survival. Multivariate Cox proportional hazard models were used to correlate variables with disease progression. RESULTS: The incidence of SVI in the PSA era was lower than in the pre-PSA era (6.0% vs 10.2%, p = 0.001). To date 124 patients (56%) have had evidence of cancer progression. The 4 and 7-year progression-free, cancer specific and all cause survival rates were significantly higher in men with SVI in the PSA era (p = 0.02). PSA at diagnosis, cancerous surgical margins and higher Gleason score were significantly associated with progression. Neither adjuvant nor salvage radiotherapy appeared to confer a significant progression-free survival benefit. CONCLUSIONS: The incidence of SVI has decreased in the PSA era. Progression-free, cancer specific and all cause survival rates following RRP in patients with SVI have improved in the PSA era. This may reflect earlier detection in this pathological tumor stage and more favorable prognostic factors associated with PSA screening. Adjuvant radiotherapy does not appear to confer any therapeutic benefit. Salvage radiotherapy can lead to durable PSA regressions in a small percent of men, although no long-term survival advantage can be proved.",J Urol,2005,173,1150-5,doi: 10.1097/01.ju.0000155158.79489.48,https://www.ncbi.nlm.nih.gov/pubmed/15758725,,negative,0,2005.0
26797541,Outcomes Associated With 3 Treatment Schedules of High-Dose-Rate Brachytherapy Monotherapy for Favorable-Risk Prostate Cancer,Jawad MS,"PURPOSE: We report the outcomes associated with 3 high-dose-rate (HDR) brachytherapy regimens used as monotherapy for favorable-risk prostate cancer. METHODS AND MATERIALS: Four hundred ninety-four patients with stage ≤T2b prostate cancer, Gleason score ≤7, and prostate-specific antigen levels ≤15 ng/mL underwent HDR brachytherapy as monotherapy. Of those, 319 received 38 Gy in 4 fractions, 79 received 24 Gy in 2 fractions, and 96 received 27 Gy in 2 fractions. Acute and chronic genitourinary (GU) and gastrointestinal (GI) toxicities were defined as side effects occurring ≤6 and >6 months, respectively, after radiation therapy (RT) and were graded according to the Common Terminology Criteria for Adverse Events version 3.0. The time to toxicity was calculated from the date of RT completion. Variables were analyzed with χ(2) test. P values <.05 were considered significant. RESULTS: The median overall follow-up time was 4 years (range, 5.5, 3.5, and 2.5 years for 38 Gy, 24 Gy, and 27 Gy, respectively, P<.001). Acute and chronic grade ≥2 GU and GI toxicity profiles were similar among groups. Acceptable rates of grade 2 GU toxicities were seen with overall acute/chronic frequency/urgency, dysuria, retention, incontinence, and hematuria rates of 14%/20%, 6%/7%, 7%/4%, 1.5%/2%, and 1.5%/7%, respectively. Minimal grade 3 and no grade 4 or 5 toxicities were seen. Grade 1, 2, and 3 chronic urethral stricture rates were 0.3%, 2%, and 1%, respectively. All GI toxicities were similar between groups, with overall rates of acute/chronic grade 2 diarrhea, rectal pain/tenesmus, rectal bleeding, and proctitis of 1%/1%, <1%/0.5%, 0%/2%, and <1%/1%, respectively. No grade 3, 4, or 5 toxicities were seen. All comparisons were similar for hormone-naïve patients. The median time to maximal GU/GI toxicity was similar between groups, ranging from 1 to 1.6 to 0.9 to 1.2 years, respectively. There were no differences in clinical outcomes between the 3 groups at 5 years. CONCLUSIONS: The acute and chronic toxicity profiles associated with these 3 HDR brachytherapy schedules were similar and were well tolerated. Acceptable grade 2, minimal grade 3, and no grade 4 or 5 toxicities were seen. This, combined with the fact that the clinical outcomes were similar, leads to the conclusion that all 3 regimens may be acceptable options for the management of low-risk to intermediate-risk prostate cancer.",Int J Radiat Oncol Biol Phys,2016,15,,doi: 10.1016/j.ijrobp.2015.10.011. Epub 2015 Nov 10,https://www.ncbi.nlm.nih.gov/pubmed/26797541,,negative,0,2015.0
26211465,Percentage of positive prostate biopsies independently predicts biochemical outcome following radiation therapy for prostate cancer,Gabriele D,"BACKGROUND: This work aims to definitely show the ability of percentage of positive biopsy cores (%PC) to independently predict biochemical outcome beyond traditional pretreatment risk-factors in prostate cancer (PCa) patients treated with radiotherapy. METHODS: A cohort of 2493 men belonging to the EUREKA-2 retrospective multicentric database on (PCa) and treated with external-beam radiation therapy (EBRT) as primary treatment comprised the study population (median follow-up 50 months). A Cox regression time to prostate-specific antigen (PSA) failure analysis was performed to evaluate the predictive power of %PC, both in univariate and multivariate settings, with age, pretreatment PSA, clinical-radiological staging, bioptic Gleason Score (bGS), RT dose and RT +/- ADT as covariates. RESULTS: P statistics for %PC is lower than 0.001 both in univariate and multivariate models. %PC as a continuous variable yields an AUC of 69% in ROC curve analysis for biochemical relapse. Four classes of %PC (1-20%, 21-50%, 51-80% and 81-100%) distinctly split patients for risk of biochemical relapse (overall log-rank test P<0.0001), with biochemical progression free survival (bPFS) at 5-years ranging from 88% to 58% and 10-years bPFS ranging from 80% to 38%. CONCLUSIONS: We strongly affirm the usefulness of %PC information beyond main risk factors (PSA, staging and bGS) in predicting biochemical recurrence after EBRT for PCa. The stratification of patients according to %PC may be valuable to further discriminate cases with favourable or adverse prognosis.",Panminerva Med,2016,58,109-14,,https://www.ncbi.nlm.nih.gov/pubmed/26211465,,negative,0,2015.0
23849172,Biochemical outcomes for patients with intermediate risk prostate cancer treated with I-125 interstitial brachytherapy monotherapy.,Tran AT,"BACKGROUND AND PURPOSE: Routine use of I-125 interstitial brachytherapy (BT) alone in intermediate risk (IR) prostate cancer is controversial. It is often combined with external beam radiotherapy (EBRT). The biochemical outcome of a large cohort of only IR disease treated with BT monotherapy is reported. MATERIALS AND METHODS: Between 2003 and 2007, 615 patients with Memorial Sloan-Kettering Cancer Centre (MSKCC) defined IR disease (one risk factor only-T2b, or Gleason score (GS) 7, or raised initial PSA (iPSA) 10.1-20ng/ml) were treated with BT monotherapy. ASTRO (3 consecutive rises) and Phoenix (nadir plus 2) criteria defined biochemical failure. Potential prognostic factors (pre- and post-implant dosimetric indices, GS 3+4 versus 4+3, androgen deprivation therapy (ADT)) were analysed. RESULTS: Median follow-up was 5.0years. Forty-three patients had stage T2b, 180 had raised iPSA, 392 had GS 7 disease. ADT was received by 108 patients. The 5-year biochemical no evidence of disease (bNED) rates are 87.3% (by ASTRO), 88.6% (by Phoenix). Stratification by risk factor (T2b, GS7, raised iPSA) demonstrated raised iPSA to have poorer outcome only by Phoenix criteria (p=0.0002). Other potential prognostic variables were non-significant. CONCLUSION: Good rates of biochemical control can be achieved in the medium term with BT monotherapy in IR disease. Raised iPSA correlated with a poorer outcome.",Radiother Oncol,2013,109,235-40,10.1016/j.radonc.2013.05.030,https://www.ncbi.nlm.nih.gov/pubmed/23849172,INTERMEDIATE RISK,positive,1,
20605366,Risk of all-cause and prostate cancer-specific mortality after brachytherapy in men with small prostate size,Nguyen PL,"BACKGROUND: Brachytherapy for prostate cancer can be technically challenging in men with small prostates (≤20 cc), but it is unknown whether their outcomes are different than those of men with larger prostates. METHODS AND MATERIALS: We studied 6,416 men treated with brachytherapy in one of 21 community-based practices. Cox regression and Fine and Gray's regression were used to determine whether volume ≤20 cc was associated with a higher risk of all-cause mortality (ACM) or prostate cancer-specific mortality (PCSM), respectively, after adjustment for other known prognostic factors. RESULTS: 443 patients (6.9%) had a prostate volume ≤20 cc. After a median follow-up of 2.91 years (interquartile range, 1.06-4.79), volume ≤20 cc was associated with a significantly higher risk of ACM (adjusted hazard ratio = 1.33 [95% CI 1.08-1.65], p = 0.0085) with 3-year estimates of ACM for ≤20 cc vs. >20 cc of 13.0% vs. 6.9% (p = 0.028). Only 23 men (0.36%) have died of prostate cancer, and no difference was seen in PCSM by volume (p = 0.4). CONCLUSION: Men with small prostates at the time of implant had a 33% higher risk of ACM, and the underlying cause of this remains uncertain. No increase in PCSM was observed in men with volume ≤20cc, suggesting that a small prostate should not in itself be a contraindication for brachytherapy, but inasmuch as absolute rates of PCSM were small, further follow-up will be needed to confirm this finding.",Int J Radiat Oncol Biol Phys,2011,1,,doi: 10.1016/j.ijrobp.2010.01.023. Epub 2010 Jun 3,https://www.ncbi.nlm.nih.gov/pubmed/20605366,,negative,0,2010.0
26351883,Robotic-Assisted Laparoscopic Radical Prostatectomy,Agarwal G,"BACKGROUND: The use of radical prostatectomy for the treatment of prostate cancer has been increasing during the last decade partially due to the widespread adoption of the robotic-assisted laparoscopic technique. Although no prospective, randomized controlled trials have compared open radical prostatectomy (ORP) with robotic-assisted laparoscopic radical prostatectomy (RALRP), numerous comparative studies have been retrospectively conducted. METHODS: A systematic review of the literature was performed to clarify the role and advancement of RALRP. Studies comparing ORP with RALRP that measured outcomes of cancer control, urinary and sexual function, and complications were included. A nonsystematic review was utilized to describe the advancements in the techniques used for RALRP. RESULTS: RALRP is the procedure of choice when treating localized prostate cancer. This preference is due to the observed improvement in morbidity rates, as evidenced by decreased rates of blood loss and postoperative pain and similar oncological outcomes when compared with ORP. Robotic assistance during surgery is continually being modified and the techniques advanced, as evidenced by improved nerve sparing for preserving potency and reconstruction of the bladder neck to help in the early recovery of urinary continence. CONCLUSIONS: Morbidity rates should continue to improve with the advancement of minimally invasive techniques for radical prostatectomy. The adoption of robotic assistance during surgery will continue as the applications of robotic-assisted surgery expand into other solid organ malignancies.",Cancer Control,2015,22,283-90,doi: 10.1177/107327481502200305,https://www.ncbi.nlm.nih.gov/pubmed/26351883,,negative,0,2015.0
16111581,Outcome of salvage radiotherapy for biochemical failure after radical prostatectomy with or without hormonal therapy,Cheung R,"BACKGROUND: This study analyzed the outcome of salvage radiotherapy for biochemical failure after radical prostatectomy (RP). By comparing the outcomes for patients who received RT alone and for those who received combined RT and hormonal therapy, we assessed the potential benefits of hormonal therapy. PATIENTS AND METHODS: This cohort was comprised of 101 patients who received salvage RT between 1990 and 2001 for biochemical failure after RP. Fifty-nine of these patients also received hormone. Margin status (positive vs. negative), extracapsular extension (yes vs. no), seminal vesicle involvement (yes vs. no), pathologic stage, Gleason score, pre-RP PSA, post-RP PSA, pre-RT PSA, hormonal use, radiotherapy dose and technique, RP at M. D. Anderson Cancer Center, and time from RP to salvage RT were analyzed. Statistically significant variables were used to construct prognostic groups. RESULTS: Independent prognostic factors for the RT-alone group were margin status and pre-RT PSA. RP at M. D. Anderson Cancer Center was marginally significant (p = 0.06) in multivariate analysis. Pre-RT PSA was the only significant prognostic factor for the combined-therapy group. We used a combination of margin status and pre-RT PSA to construct a prognostic model for response to the salvage treatment based on the RT group. We identified the favorable group as those patients with positive margin and pre-RT PSA < or = 0.5 ng/mL vs. the unfavorable group as otherwise. This stratification separates patients into clinically meaningful groups. The 5-year PSA control probabilities for the favorable vs. the unfavorable group were 83.7% vs. 61.7% with radiotherapy alone (p = 0.03). Androgen ablation seemed to be most beneficial in the unfavorable group. CONCLUSION: After prostatectomy, favorable-group patients may fare well with salvage radiotherapy alone. These patients may be spared the toxicity of androgen ablation. The other patients may benefit most from a combined approach with hormonal treatment. We further suggest that salvage radiotherapy should be given early when the PSA is still low.",Int J Radiat Oncol Biol Phys,2005,1,,doi: 10.1016/j.ijrobp.2005.01.020,https://www.ncbi.nlm.nih.gov/pubmed/16111581,,negative,0,2005.0
16275680,Long-term outcomes of 60 Gy conventional radiotherapy combined with androgen deprivation for localized or locally advanced prostate cancer,Hashine K,"BACKGROUND: Until 1998 in Japan, very few institutions were treating prostate cancer solely with radiotherapy (RT) >70 Gy and most were using < or =65 Gy in combination with hormone therapy. The present study reports the long-term results of RT combined with hormone therapy for localized and locally advanced prostate cancer. METHODS: We investigated 57 patients who were treated by external beam RT plus hormone therapy (median age 79 years, median prostate-specific antigen concentration 15.0 ng/ml) between 1992 and 1998. Patients received 40 Gy of radiation to the pelvis and an additional 20 Gy as a prostatic boost. Hormone therapy was begun on the first day of irradiation and continued thereafter. RESULTS: The median follow-up was 93.3 months and the 5 and 10 year actual overall survival rates were 67.8 and 32.6%, respectively, with 5 and 10 year cause-specific survival rates of 97.9 and 95.0%, respectively. The expected survival rate was 66.2% at 5 years, and overall survival was above expected survival. Only one patient developed severe proctitis (Grade 3). The 5 year occurrence of Grade 1/2 genitourinary toxicity was 23.2%. CONCLUSIONS: Combined RT and hormone therapy has a good long-term outcome without severe adverse events. The overall survival rate compares well with the expected survival rate.",Jpn J Clin Oncol,2005,35,655-9,doi: 10.1093/jjco/hyi174. Epub 2005 Nov 7,https://www.ncbi.nlm.nih.gov/pubmed/16275680,,negative,0,2005.0
20189847,Prospective comparison of PSA kinetics following two different prostate cancer brachytherapy planning methods: preoperative and real-time intraoperative dosimetry planning,Matzkin H,"OBJECTIVES: Preoperative planning (PP) and intraoperative planning (IoP) are established (125)I-brachytherapy techniques for the treatment of localized prostate cancer. We prospectively compared the effects of each method on reducing PSA levels. MATERIALS AND METHODS: One hundred eighty patients treated with brachytherapy as monotherapy without neoadjuvant androgen deprivation therapy or external beam radiation using PP (75) or IoP (105) methodologies and with ≥ 5 years of follow-up were included in the study. CT-based dosimetry was calculated 1 month postoperatively. PSA was obtained every 3 months for the first year and semiannually thereafter. Available PSA and dosimetric data from both groups were analyzed and compared. RESULTS: At 5 years after brachytherapy, the probability of having a nadir PSA value < 0.5 ng/ml was 90% in the IoP group compared with 60% in the PP group (P < 0.0001). The rate of PSA decline was 3-fold faster in the IoP group than in the PP group. Dosimetry results highly favored the IoP method: mean V(100) (%) and D(90) (Gy) were 95 and 180 vs. 60 and 81 (P < 0.001), respectively. CONCLUSIONS: Our initial finding of highly superior postimplant CT dosimetry calculations of the IoP method are now substantiated by the biochemical favorable results (PSA kinetics) of this method.",Urol Oncol,2012,,-,doi: 10.1016/j.urolonc.2009.12.001. Epub 2010 Mar 2,https://www.ncbi.nlm.nih.gov/pubmed/20189847,,negative,0,2010.0
15817332,High-dose-rate intensity-modulated brachytherapy with external beam radiotherapy for prostate cancer: California endocurietherapy's 10-year results,Demanes DJ,"PURPOSE: To present the long-term outcome and morbidity of high-dose-rate brachytherapy (HDR-BT) combined with external beam radiotherapy (EBRT) for localized prostate cancer. METHODS AND MATERIALS: Between September 1991 and December 1998, 209 consecutive patients with no prior androgen suppression were treated with HDR-BT plus EBRT. The median follow-up was 7.25 years (range, 5-12 years). The patients were stratified into three risk groups: low (Stage T2a or less, Gleason score </=6, and prostate-specific antigen [PSA] level </=10 ng/mL), intermediate (Stage T2b,c, Gleason score 7, and PSA level 10-20 ng/mL), and high (Stage T3, Gleason score 8-10, and PSA level >20). Four definitions of PSA progression were compared with the general clinical failure outcome: the American Society for Therapeutic Radiology and Oncology (ASTRO) definition, nadir plus 2.0 ng/mL, two consecutive rises >/=0.5 ng/mL, and PSA level >0.2 ng/mL. Morbidity was scored using Radiation Therapy Oncology Group criteria. RESULTS: The general clinical control rate was 90% (188 of 209), and the general clinical failure rate was 10% (21 of 209). The overall survival rate was 79%, and the cause-specific survival rate was 97%. The PSA progression-free survival (ASTRO definition) rate was 90%, 87%, and 69% for the low-, intermediate-, and high-risk groups, respectively. The nadir plus 2 ng/mL and two rises >/=0.5 definitions correlated better with the actual clinical outcome than did the ASTRO and PSA >0.2 ng/mL definitions. The rate of Grade 3 and 4 late urinary morbidity was 6.7% and 1%, respectively, mostly occurring in patients who had undergone post-RT transurethral prostate resection. No late Grade 3 or 4 rectal morbidity developed. The sexual potency preservation rate was 67%. CONCLUSION: Our 10-year results have demonstrated HDR-BT plus EBRT is a proven treatment for all stages of localized prostate cancer. The morbidity was low, but post-RT transurethral resection should be avoided.",Int J Radiat Oncol Biol Phys,2005,1,,doi: 10.1016/j.ijrobp.2004.08.014,https://www.ncbi.nlm.nih.gov/pubmed/15817332,,negative,0,2005.0
32417995,Site-specific relapse patterns of patients with biochemical recurrence following radical prostatectomy assessed by (68)Ga-PSMA-11 PET/CT or (11)C-Choline PET/CT: impact of postoperative treatments,Devos G,"BACKGROUND: Salvage radiotherapy (RT) (± androgen deprivation therapy (ADT)) is often used as a treatment in patients with biochemical recurrence (BCR) following radical prostatectomy (RP). Unfortunately, even after RT ± ADT, a significant number of patients will develop 'second' BCR. The aim of this study was to investigate the impact of postoperative treatments (adjuvant/salvage radiotherapy (RT) ± androgen deprivation therapy) on the recurrence pattern in patients with BCR following RP assessed by 11C-Choline PET/CT or 68 Ga-PSMA PET/CT. METHODS: Patients who developed BCR following RP and who had at least one positive lesion on PET/CT were retrospectively assessed. Positive spots were mapped as local, lymph node (LN), skeletal or visceral recurrence. A distinction was made between locoregional (prostate bed and pelvic LN) and extrapelvic recurrence (skeletal, visceral and/or extrapelvic LN). Patients were categorized according to postoperative treatment received in three subgroups (RT, ADT and RT + ADT) and compared with the reference group (RP only). The impact of the radiation field was also investigated. RESULTS: We identified 200 patients assessed by <sup>68</sup>Ga-PSMA-11 (80%) or <sup>11</sup>C-Choline PET/CT (20%). Patients who received postoperative RT + ADT had less LN recurrence distal to the common iliac bifurcation (26.7% vs 66.6%; p = 0.0004), but more recurrence to retroperitoneal LN than the reference group (38% vs. 14.4%, p = 0.02). Moreover, the RT + ADT subgroup had more extrapelvic recurrence compared to the reference group (66.2% vs 40.8%, p = 0.02). Patients who received RT to the prostate bed had more recurrence distal to the common iliac bifurcation compared to those who received RT to the prostate bed + pelvic LN (51.6% vs 26.1%, p = 0.0069). CONCLUSION: Post-prostatectomy treatments (ADT and/or RT) and the postoperative radiation field (prostate bed vs. prostate bed + pelvis) have a significant impact on the recurrence pattern. This knowledge can help clinicians to counsel their patients on their chances of being eligible for (locoregional) metastasis-directed therapies.",World J Urol,2021,39,399-406,doi: 10.1007/s00345-020-03220-0. Epub 2020 May 16,https://www.ncbi.nlm.nih.gov/pubmed/32417995,,negative,0,2020.0
16053358,Transrectal high-intensity focused ultrasound in the treatment of localized prostate cancer,Rebillard X,"The literature concerning the efficacy and safety of transrectal high-intensity focused ultrasound (HIFU) for the treatment of localized prostate cancer still comprises a relatively small number of articles. The main studies have been published by four teams using an apparatus available in Europe for several years. The recently presented results of the European Multicentre Study and the study by Gelet and associates based on 242 patients with a follow-up of more than 1 year show that HIFU is a valid alternative for the management of welldifferentiated and moderately differentiated localized prostate cancer with an initial PSA </=15 ng/mL in men with a life expectancy >10 years. In two studies, the combination of transurethral resection of the prostate and HIFU limited the risk of postoperative urinary retention without inducing a higher complication rate. In a series of patients presenting recurrence after external-beam radiotherapy, HIFU was found to be a useful therapy, with >80% negative biopsies. The best indications for HIFU are men over the age of 65, those who are not candidates for radical prostatectomy, obese patients, or patients with comorbidities likely to make surgery more difficult. The learning curve for this technique is relatively short, between 10 and 15 patients, for urologists experienced in transrectal ultrasonography. One of the advantages of HIFU is that it can be repeated in the case of recurrence or to re-treat a prostatic site, it involves no radiation, and patients do not suffer from long-term irritative urinary symptoms.",J Endourol,2005,,-,doi: 10.1089/end.2005.19.693,https://www.ncbi.nlm.nih.gov/pubmed/16053358,,negative,0,2005.0
20472365,"Overall survival benefit from postoperative radiation therapy for organ-confined, margin-positive prostate cancer",Dillman RO,"PURPOSE: Radical prostatectomy for invasive prostate cancer is associated with positive margin rates in 10% to 50% of resected specimens. Postoperative radiation therapy may benefit patients who have organ-confined prostate cancer with positive margins. METHODS AND MATERIALS: We performed a retrospective analysis to examine whether adjunctive radiation therapy enhanced long-term survival for prostate cancer patients who underwent prostatectomy for localized prostate cancer but with positive margins. We used the Hoag Cancer Center database to identify patients diagnosed with invasive prostate cancer. Relative and overall survival rates were calculated. RESULTS: Among 1,474 patients diagnosed with localized invasive prostate cancer during the years 1990 to 2006 and undergoing prostatectomy, 113 (7.7%) were identified who had positive margins and did not have local extension of disease, positive lymph nodes, or distant metastases. A total of 17 patients received adjunctive radiation therapy (Group A), whereas 96 did not (Group B; 3 received hormonal therapy). Both groups had a median age of 64 years and median follow-up of 7.5 years. In Group A, no patients have died as of last follow-up, but in Group B, 18 have died. Estimated 10-year and 15-year overall survival rates were both 100% for Group A compared with 85% and 57% respectively for Group B (p2=0.050, log rank). Relative 10- and 15 year survival rates were both 100% for Group A compared with 100% and 79% respectively for Group B. CONCLUSIONS: This retrospective analysis suggests that prostate cancer patients with localized disease but positive margins do derive a survival benefit from adjuvant radiation therapy.",Int J Radiat Oncol Biol Phys,2011,1,,doi: 10.1016/j.ijrobp.2009.11.041. Epub 2010 May 14,https://www.ncbi.nlm.nih.gov/pubmed/20472365,,negative,0,2010.0
23541457,A new risk classification system for therapeutic decision making with intermediate-risk prostate cancer patients undergoing dose-escalated external-beam radiation therapy.,Zumsteg ZS,"BACKGROUND: The management of intermediate-risk prostate cancer (PCa) is controversial, in part due to the heterogeneous nature of patients falling within this classification. OBJECTIVE: We propose a new risk stratification system for intermediate-risk PCa to aid in prognosis and therapeutic decision making. DESIGN, SETTING, AND PARTICIPANTS: Between 1992 and 2007, 1024 patients with National Comprehensive Cancer Network intermediate-risk PCa and complete biopsy information were treated with definitive external-beam radiation therapy (EBRT) utilizing doses ≥ 81 Gy. Unfavorable intermediate-risk (UIR) PCa was defined as any intermediate-risk patient with a primary Gleason pattern of 4, percentage of positive biopsy cores (PPBC) ≥ 50%, or multiple intermediate-risk factors (IRFs; cT2b-c, prostate-specific antigen [PSA] 10-20, or Gleason score 7). INTERVENTION: All patients received EBRT with ≥ 81 Gy with or without neoadjuvant and concurrent androgen-deprivation therapy (ADT). OUTCOME MEASUREMENTS AND STATISTICAL ANALYSIS: Univariate and multivariate analyses were performed using a Cox proportional hazards model for PSA recurrence-free survival (PSA-RFS) and distant metastasis (DM). PCa-specific mortality (PCSM) was analyzed using a competing-risk method. RESULTS AND LIMITATIONS: Median follow-up was 71 mo. Primary Gleason pattern 4 (hazard ratio [HR]: 3.26; p<0.0001), PPBC ≥ 50% (HR: 2.72; p=0.0007), and multiple IRFs (HR: 2.20; p=0.008) all were significant predictors of increased DM in multivariate analyses. Primary Gleason pattern 4 (HR: 5.23; p<0.0001) and PPBC ≥ 50% (HR: 4.08; p=0.002) but not multiple IRFs (HR: 1.74; p=0.21) independently predicted for increased PCSM. Patients with UIR disease had inferior PSA-RFS (HR: 2.37; p<0.0001), DM (HR: 4.34; p=0.0003), and PCSM (HR: 7.39; p=0.007) compared with those with favorable intermediate-risk disease, despite being more likely to receive neoadjuvant ADT. Short follow-up and retrospective study design are the primary limitations. CONCLUSIONS: Intermediate-risk PCa is a heterogeneous collection of diseases that can be separated into favorable and unfavorable subsets. These groups likely will benefit from divergent therapeutic paradigms.",Eur Urol,2013,64,895-902,10.1016/j.eururo.2013.03.033,https://www.ncbi.nlm.nih.gov/pubmed/23541457,INTERMEDIATE RISK,positive,1,
32349700,Efficacy of PSMA ligand PET-based radiotherapy for recurrent prostate cancer after radical prostatectomy and salvage radiotherapy,Oehus AK,"BACKGROUND: A substantial number of patients will develop further biochemical progression after radical prostatectomy (RP) and salvage radiotherapy (sRT). Recently published data using prostate-specific membrane antigen ligand positron emission tomography (PSMA - PET) for re-staging suggest that those recurrences are often located outside the prostate fossa and most of the patients have a limited number of metastases, making them amenable to metastasis-directed treatment (MDT). METHODS: We analyzed 78 patients with biochemical progression after RP and sRT from a retrospective European multicenter database and assessed the biochemical recurrence-free survival (bRFS; PSA < nadir + 0.2 ng/ml or no PSA decline) as well as the androgen deprivation therapy- free survival (ADT-FS) using Kaplan-Meier curves. Log-rank test and multivariate analysis was performed to determine influencing factors. RESULTS: A total of 185 PSMA - PET positive metastases were detected and all lesions were treated with radiotherapy (RT). Concurrent ADT was prescribed in 16.7% (13/78) of patients. The median PSA level before RT was 1.90 ng/mL (range, 0.1-22.1) and decreased statistically significantly to a median PSA nadir level of 0.26 ng/mL (range, 0.0-12.25; p < 0.001). The median PSA level of 0.88 ng/mL (range, 0.0-25.8) at the last follow-up was also statistically significantly lower (p = 0.008) than the median PSA level of 1.9 ng/mL (range, 0.1-22.1) before RT. The median bRFS was 17.0 months (95% CI, 14.2-19.8). After 12 months, 55.3% of patients were free of biochemical progression. Multivariate analyses showed that concurrent ADT was the most important independent factor for bRFS (p = 0.01). The median ADT-FS was not reached and exploratory statistical analyses estimated a median ADT-FS of 34.0 months (95% CI, 16.3-51.7). Multivariate analyses revealed no significant parameters for ADT-FS. CONCLUSIONS: RT as MDT based on PSMA - PET of all metastases of recurrent prostate cancer after RP and sRT represents a viable treatment option for well-informed and well-selected patients.",BMC Cancer,2020,29,,doi: 10.1186/s12885-020-06883-5,https://www.ncbi.nlm.nih.gov/pubmed/32349700,,negative,0,2020.0
15850918,High-dose regions versus likelihood of cure after prostate brachytherapy,Wallner K,"PURPOSE: To analyze the effect of high-dose regions on biochemical cancer control rates after prostate brachytherapy. METHODS AND MATERIALS: Patients with 1997 American Joint Committee on Cancer clinical Stage T1c-T2a prostate carcinoma (Gleason grade 5-6, prostate-specific antigen level 4-10 ng/mL) were randomized to implantation with 125I (144 Gy) vs. 103Pd (125 Gy, National Institute of Standards and Technology 1999). Isotope implantation was performed by standard techniques, using a modified peripheral loading pattern. Of the 313 patients entered in the protocol, 270 were included in this analysis. The 125I source strength ranged from 0.4 to 0.89 mCi (median, 0.55 mCi), and the 103Pd source strength ranged from 1.3 to 1.6 mCi (median, 1.5 mCi). CT was performed within 4 h after implantation. The dosimetric parameters analyzed included the percentage of the postimplant prostate volume covered by the 100%, 150%, 200%, and 300% prescription dose (V100, V150, V200, and V300, respectively). The median time to the last follow-up for patients without failure was 2.7 years. Freedom from biochemical failure was defined as a serum prostate-specific antigen level of < or =0.5 ng/mL at last follow-up. Patients were censored at last follow-up if their serum prostate-specific antigen level was still decreasing. RESULTS: The mean V100, V150, V200, and V300 value was 90% (+/-8%), 63% (+/-14), 35% (+/-13%), and 14% (+/-7%), respectively. Patients with a V100 of > or =90% had a 3-year freedom from biochemical failure rate of 96% vs. 87% for those with a V100 of <90% (p=0.0029). Overall, patients with more high-dose regions had a greater chance of biochemical control. However, when only patients with a V100 of > or =90% were analyzed, no relationship was found between higher dose regions and the likelihood of cancer control. This lack of effect on biochemical control was apparent for both isotopes. CONCLUSION: High-dose regions do not appear to affect cancer control rates, as long as >90% of the prostate volume is covered by the prescription dose.",Int J Radiat Oncol Biol Phys,2005,1,,doi: 10.1016/j.ijrobp.2004.09.021,https://www.ncbi.nlm.nih.gov/pubmed/15850918,,negative,0,2005.0
32418156,Salvage radiotherapy in patients affected by oligorecurrent pelvic nodal prostate cancer,Ingrosso G,"PURPOSE: Metastasis-directed therapy (MDT) is an investigational treatment option in patients with oligorecurrent prostate cancer (PCa). The aim of this retrospective study is to report oncologic outcome and toxicity of elective nodal radiotherapy (ENRT) in PCa patients affected by pelvic nodal oligorecurrence. METHODS: 41 consecutive patients were treated with salvage radiotherapy. At biochemical recurrence after primary treatment, oligorecurrent disease was detected by positron emission tomography (PET) in 94% of the patients. Image-guided intensity modulated radiation therapy (IMRT) was delivered using tomotherapy. 83% of the patients received androgen deprivation therapy (ADT) in combination with ENRT. Survival analysis was performed with Kaplan-Meier method, log-rank test was used to analyze associations between survival end-points and clinical parameters. Multivariate analysis was performed using Cox proportional hazards regression models. Toxicity was registered according to Common Terminology Criteria for Adverse Events (CTCAE) v4.0. RESULTS: The median at follow-up was 33.6 months. At 3 years, overall survival (OS), cancer-specific survival (CSS), and biochemical progression-free survival (b-PFS) were 89%, 92%, and 53%, respectively. At univariate analysis, all survival end-points were correlated with the number of positive pelvic lymph nodes at oligorecurrence (≤ 3 vs > 3). Biochemical-PFS was correlated with PSA (p = 0.034) and PSA doubling time (p = 0.004) at oligorecurrence. At multivariate analysis, no independent variable was statistically significant. No patient experienced grade ≥ 2 late toxicity after radiotherapy. CONCLUSIONS: The number of metastatic lymph nodes and PSA doubling time seems to be important prognostic factors in the pelvic oligorecurrent setting. Salvage radiotherapy combined with short-course ADT might be a valid treatment strategy.",Clin Transl Oncol,2020,22,2236-2243,doi: 10.1007/s12094-020-02364-0. Epub 2020 May 16,https://www.ncbi.nlm.nih.gov/pubmed/32418156,,negative,0,2020.0
17315165,Radical prostatectomy for clinical stage T3a disease.,Freedland SJ,"BACKGROUND: Men with clinical stage T3a disease are at high risk and are often encouraged to undergo radiation therapy with concomitant hormonal therapy. The long-term outcomes among men treated with radical prostatectomy for clinical stage T3a disease were examined. METHODS: Among 3397 men treated by radical prostatectomy by 1 surgeon between 1987 and 2003, 62 (1.8%) men were identified who had clinical stage T3a disease. Among the 56 men not treated with neoadjuvant or adjuvant therapies before prostate-specific antigen (PSA) recurrence, the long-term outcomes of PSA-free survival, metastasis-free survival, and prostate cancer specific survival were examined. Median and mean follow-up after surgery were 10.3 and 13 years, respectively (range, 1-17). RESULTS: Ninety-one percent of men in this group had pathological T3 disease. PSA-free survival at 15 years after surgery was 49%. Metastasis-free survival and cause-specific survival at 15 years after surgery were 73% and 84%, respectively. Among men with a PSA recurrence, 46% received secondary therapy before metastasis. The only preoperative or pathological feature that predicted risk of prostate cancer death was lymph node metastasis (hazard ratio [HR]: 9.22, 95% confidence interval [CI]: 1.06-80.02, P = .044). Among the 28 men with a PSA recurrence, PSA doubling time (PSADT) data were available for 23, of which 11 (48%) has a PSADT >/=9 months. No patient with a PSADT >/=9 months died of prostate cancer. A PSADT <9 months was significantly associated with increased risk of prostate cancer death (log-rank, P = .004). CONCLUSIONS: In a select cohort of men with clinical stage T3a disease, radical prostatectomy alone provides long-term cancer control in about half of the men and results in a prostate cancer-specific survival of 84%. Among men with a PSA recurrence, PSADT at the time of recurrence is a useful determinant of risk of prostate cancer death.",Cancer,2007,109,1273-8,10.1002/cncr.22544,https://www.ncbi.nlm.nih.gov/pubmed/17315165,HIGH RISK,positive,1,
26003267,Whole Pelvis Versus Prostate-Only Radiotherapy With or Without Short-Course Androgen Deprivation Therapy and Mortality Risk,Braunstein LZ,"BACKGROUND: The purpose of the study was to determine whether the extent of prostate radiotherapy (ie, whole-pelvic radiotherapy [WPRT] vs. prostate and seminal vesicle radiotherapy [PSVRT]) is associated with all-cause mortality (ACM) in men treated with or without androgen deprivation therapy (ADT). PATIENTS AND METHODS: A multiple-institution cohort of 3709 prostate cancer patients was prospectively assembled from 1991 to 2006. The median age was 72 years and all patients had T1c-T3N0M0 adenocarcinoma of the prostate. Patients were treated with WPRT or PSVRT followed by a brachytherapy boost, with or without neoadjuvant ADT (median duration, 4.2 months). Seventy percent of patients had unfavorable-risk disease (Gleason score ≥ 7; prostate-specific antigen ≥ 10 ng/mL; or stage ≥ T2b). Cox regression was applied to determine whether the radiation treatment volume affected the risk of ACM. The interaction between radiation volume and ADT use was assessed. RESULTS: After a median follow-up of 3.3 years, 561 deaths were observed. A decreased risk of ACM was noted with the use of WPRT versus PSVRT (adjusted hazard ratio [AHR], 0.58; 95% confidence interval [CI], 0.38-0.89; P = .01), or with ADT use (AHR, 0.71; 95% CI, 0.58-0.90; P = .004). However, a combination of WPRT and ADT did not further improve ACM compared with either WPRT alone or PSVRT with ADT. Moreover, there was a significant interaction between the radiotherapeutic treatment volume and ADT (AHR, 1.61; 95% CI, 1.004-2.58; P = .048). CONCLUSION: Treatment with WPRT or short-course ADT is associated with a decreased risk of ACM, although a combination of the two does not yield greater benefit. This observation suggests a shared mechanism for this risk reduction, which we hypothesize to be via the treatment of micrometastatic disease within the pelvic lymph nodes.",Clin Genitourin Cancer,2015,13,555-61,doi: 10.1016/j.clgc.2015.04.010. Epub 2015 May 1,https://www.ncbi.nlm.nih.gov/pubmed/26003267,,negative,0,2015.0
20044216,Young men have equivalent biochemical outcomes compared with older men after treatment with brachytherapy for prostate cancer.,Burri RJ,"PURPOSE: To evaluate retrospectively the biochemical outcomes of young men treated with low-dose-rate brachytherapy for prostate cancer. METHODS AND MATERIALS: From 1990 to 2005, 1,665 men with clinically localized prostate cancer were treated with low-dose-rate brachytherapy +/- hormone therapy (HT) +/- external beam radiotherapy and underwent > or = 2 years of follow-up. Patients were stratified on the basis of age: < or = 60 (n = 378) and >60 years (n = 1,287). Biochemical failure was defined as a prostate-specific antigen (PSA) nadir plus 2 ng/mL. Univariate and multivariate analyses were used to determine the association of variables with freedom from biochemical failure (FFbF). RESULTS: Median follow-up was 68 months (range, 24-180) for men < or = 60 years and 66 months (range, 24-200) for men >60. For the entire group, the actuarial 5- and 8-year FFbF rates were 94% and 88%, respectively. Men < or = 60 demonstrated similar 5- and 8-year FFbF (95% and 92%) compared with men >60 (93% and 87%; p = 0.071). A larger percent of young patients presented with low-risk disease; lower clinical stage, Gleason score (GS), and pretreatment PSA values; were treated after 1997; did not receive any HT; and had a high biologic effective dose (BED) of radiation (all ps <0.001). On multivariate analysis, PSA (p = 0.001), GS (p = 0.005), and BED (p < 0.001) were significantly associated with FFbF, but age was not (p = 0.665). CONCLUSION: Young men achieve excellent 5- and 8-year biochemical control rates that are comparable to those of older men after prostate brachytherapy. Young age should not be a deterrent when considering brachytherapy as a primary treatment option for clinically localized prostate cancer.",Int J Radiat Oncol Biol Phys,2010,77,1315-21,10.1016/j.ijrobp.2009.06.052,https://www.ncbi.nlm.nih.gov/pubmed/20044216,LOW RISK,positive,1,
20942835,The interaction of body mass index and race in predicting biochemical failure after radical prostatectomy,Lee DJ,"STUDY TYPE: Therapy (case series). LEVEL OF EVIDENCE: 4 OBJECTIVE: To examine the interaction of body mass index (BMI) and race in predicting biochemical failure (BCF) after radical prostatectomy (RP). The relative contribution of BMI and race to BCF after RP has not been well characterized. PATIENTS AND METHODS: From 1988 to 2008, 969 white and black men underwent RP and BMI data were available. In all, 168 (17.3%) were black and 801 (82.7%) were white men. BCF was defined as a post-surgery PSA level≥0.2 ng/mL on ≥2 measurements. Cox regression methods were used to model the relationship between race, BMI and BCF. RESULTS: The 969 men had a mean age of 59.8±7.2 years. There was no significant difference in BMI between black and white men (P=0.32). The 5-year disease-free survival for black obese men was the lowest at 48%, compared with non-obese black (73%), obese white (82%) and non-obese white men (83%, P<0.001). BMI did not have a significant impact on BCF. In a multivariate analysis, black race remained an independent predictor of BCF [hazard ratio (HR)=1.76, P=0.01]. BMI does not affect the risk of BCF in black men differently than white men (P value for interaction 0.93). CONCLUSIONS: Black race is an independent predictor of biochemical failure after adjusting for pathological factors. The impact of BMI on BCF did not vary among different races. These findings suggest that elevated BMI does not affect the BCF rates of black men more than in other races, and that other factors may influence the racial variability in disease-free survival and BCF risk.",BJU Int,2011,107,1741-7,doi: 10.1111/j.1464-410X.2010.09768.x. Epub 2010 Oct 13,https://www.ncbi.nlm.nih.gov/pubmed/20942835,,negative,0,2010.0
18342200,Ten-year biochemical disease control for patients with prostate cancer treated with cryosurgery as primary therapy.,Cohen JK,"OBJECTIVES: Prostate cryosurgery has been increasingly used for the management of localized prostate cancer since its introduction in a minimally invasive form in the early 1990s. We performed a retrospective study of the largest and most mature patient group treated with cryosurgery reported thus far. METHODS: We retrospectively analyzed the data from 370 patients treated consecutively from 1991 to 1996 with a focus on the determination of biochemical disease-free survival for a group of patients with T1 to T3 prostate cancer who had undergone prostate cryosurgery as primary monotherapy. Only patients with no previous radiotherapy, hormonal therapy, or surgery were included. RESULTS: The median follow-up was 12.55 years. Using a nadir plus 2 ng/dL definition, Kaplan-Meier analysis demonstrated a biochemical disease-free survival rate at 10 years of 80.56%, 74.16%, and 45.54% for low, moderate, and high-risk groups, respectively. The 10-year negative biopsy rate was 76.96%. CONCLUSIONS: The results for this pilot group of patients who underwent percutaneous prostate cryosurgery monotherapy demonstrated biochemical disease-free survival rates that overlap with those of similar groups of patients treated under similar circumstances using other types of nonextirpative monotherapy.",Urology,2008,71,515-8,10.1016/j.urology.2007.09.059,https://www.ncbi.nlm.nih.gov/pubmed/18342200,HIGH RISK,positive,1,
16144668,Robotic prostatectomy outcomes,Perrotti M,"The triad of cancer cure, rapid recovery of complete urinary continence, and preservation of sexual function are desirable in the contemporary surgical treatment of the young potent male with prostate cancer. Robotic prostatectomy is a Food and Drug Administration approved approach to radical prostatectomy, and is performed at our institution and elsewhere. We present a critical assessment of reported outcomes using this minimally invasive technique.",Urol Oncol,2005,,-,doi: 10.1016/j.urolonc.2005.02.002,https://www.ncbi.nlm.nih.gov/pubmed/16144668,,negative,0,2005.0
16278473,Role of salvage radical prostatectomy for recurrent prostate cancer after radiation therapy,Stephenson AJ,"Patients with isolated local recurrence of prostate cancer after radiation therapy may potentially be cured of their disease by salvage radical prostatectomy (RP). The stage-specific 5-year cancer-control rates of salvage RP resemble those of standard RP. However, the ability to effectively administer salvage treatment to patients with radiorecurrent disease is compromised by the lack of diagnostic tests with sufficient sensitivity and specificity to detect local recurrence at an early stage while it is amenable to local salvage therapy. By the time biochemical recurrence is declared using the current American Society for Therapeutic Radiology and Oncology definition, the majority of patients have advanced local disease, precluding successful local salvage therapy. When salvage RP is performed at prostate-specific antigen levels of 10 ng/mL or less, an estimated 70% of patients are free of disease at 5 years. With better patient selection and technical modifications, the morbidity associated with salvage RP has improved substantially. Rates of urinary incontinence and anastomotic stricture are acceptable, although one third of patients will experience these complications. Salvage cryotherapy is a minimally invasive alternative to salvage RP, but cancer-control rates appear to be inferior and it does not provide a clear advantage over salvage RP in terms of reduced morbidity. Patients with local recurrence after radiation therapy are at increased risk of metastatic progression and cancer-specific mortality. Currently, salvage RP represents the only curative treatment option for these patients. Salvage RP may favorably alter the natural history of biochemical recurrence after radiation therapy, but it must be instituted early in the course of recurrent disease to be effective.",J Clin Oncol,2005,10,,doi: 10.1200/JCO.2005.03.1468,https://www.ncbi.nlm.nih.gov/pubmed/16278473,,negative,0,2005.0
23103235,25-Year disease-free survival rate after irradiation for prostate cancer calculated with the prostate specific antigen definition of recurrence used for radical prostatectomy.,Critz FA,"PURPOSE: We addressed whether there is durable control of prostate cancer, defined as a prostate specific antigen cutoff of less than 0.2 ng/ml, greater than 20 years after irradiation for this disease. We also evaluated late recurrence, defined as recurrence after 10-year followup. MATERIALS AND METHODS: A total of 3,546 consecutive hormone naïve men were treated with a (125)I prostate implant (retropubic and later transperineal), followed by external beam irradiation, from 1984 to 2000. Recurrence was defined as a prostate specific antigen increase of greater than 0.20 ng/ml or a prostate specific antigen nadir of greater than 0.20 ng/ml. Median followup was 11 years (range 3 months to 26 years). RESULTS: In all men 10, 15, 20 and 25-year disease-free survival rates were 75%, 73%, 73% and 73%, respectively. Longest time to recurrence was at the 15.5-year followup. In 313 men with recurrence who were treated 16 to 25 years ago 5% of recurrences were late. In men implanted by the transperineal method since 1995 the 15-year disease-free survival rate was 79%. CONCLUSIONS: With this irradiation program cancer control, defined using the recurrence definition for radical prostatectomy, was durable with no further recurrence between 15.5 and 25 years of followup. This study also suggests that at least 15 years of followup are necessary to fully evaluate any prostate cancer treatment. Furthermore, if prostate specific antigen is less than 0.20 ng/ml 15 years after treatment, later recurrence should be unlikely.",J Urol,2013,189,878-83,10.1016/j.juro.2012.10.061,https://www.ncbi.nlm.nih.gov/pubmed/23103235,LOW RISK,positive,1,
25600860,Postoperative radiation therapy for patients at high-risk of recurrence after radical prostatectomy: does timing matter?,Hsu CC,"OBJECTIVE: To evaluate among radical prostatectomy (RP) patients at high-risk of recurrence whether the timing of postoperative radiation therapy (RT) (adjuvant, early salvage with detectable post-RP prostate-specific antigen [PSA], or 'late' salvage with a PSA level of >1.0 ng/mL) is significantly associated with overall survival (OS), prostate-cancer specific survival or metastasis-free survival, in a longitudinal cohort. PATIENTS AND METHODS: Of 6 176 RP patients in the Cancer of the Prostate Strategic Urologic Research Endeavor (CaPSURE), 305 patients with high-risk pathological features (margin positivity, Gleason score 8-10, or pT3-4) who underwent postoperative RT were examined, either in the adjuvant (≤6 months after RP with undetectable PSA levels, 76 patients) or salvage setting (>6 months after RP or pre-RT PSA level of >0.1 ng/mL, 229 patients). Early (PSA level of ≤1.0 ng/mL, 180 patients) or late salvage RT (PSA level >1.0 ng/mL, 49 patients) was based on post-RP, pre-RT PSA level. Multivariable Cox regression examined associations with all-cause mortality and prostate cancer-specific mortality and/or metastases (PCSMM). RESULTS: After a median of 74 months after RP, 65 men had died (with 37 events of PCSMM). Adjuvant and salvage RT patients had comparable high-risk features. Compared with adjuvant, salvage RT (early or late) had an increased association with all-cause mortality (hazard ratio [HR] 2.7, P = 0.018) and with PCSMM (HR 4.0, P = 0.015). PCSMM-free survival differed by further stratification of timing, with 10-year estimates of 88%, 84%, and 71% for adjuvant, early salvage, and late salvage RT, respectively (P = 0.026). For PCSMM-free survival and OS, compared with adjuvant RT, late salvage RT had statistically significantly increased risk; however, early salvage RT did not. CONCLUSION: This analysis suggests that patients who underwent early salvage RT with PSA levels of <1.0 ng/mL may have comparable metastasis-free survival and OS compared with adjuvant RT; however, late salvage RT with a PSA level of >1.0 ng/mL is associated with worse clinical outcomes.",BJU Int,2015,116,713-20,doi: 10.1111/bju.13043. Epub 2015 May 26,https://www.ncbi.nlm.nih.gov/pubmed/25600860,,negative,0,2015.0
17094781,Comparing results after surgery in patients with clinical unilateral T3a prostate cancer treated with or without neoadjuvant androgen-deprivation therapy.,Hsu CY,"OBJECTIVE: To compare the results in patients with unilateral cT3 prostate cancer treated with or with no neoadjuvant androgen-deprivation therapy (nADT), as nADT might have benefit in cT2 prostate cancer, but for cT3 tumours its use remains controversial, and it is unclear whether it can prevent or delay progression after surgery. PATIENTS AND METHODS: Between 1987 and 2004, 235 patients were assessed as having unilateral cT3 disease by a digital rectal examination; before surgery, 200 patients were not treated with nADT and 35 were. The Kaplan-Meier method was used to calculate survival rates. RESULTS: With no nADT the biochemical progression-free survival (PFS) was 59.5%, the clinical PFS was 95.9%, the cancer-specific survival (CSS) was 98.7%, and overall survival was 95.9% at 5 years. With nADT, the biochemical PFS was 43.4%, clinical PFS was 77.6%, CSS was 88.7%, and overall survival was 79.8% at 5 years. The positive surgical margin rate with no nADT and with nADT was 33.5% and 57.1%, respectively, and the respective mean cancer volume was 6.6 mL and 4.0 mL. CONCLUSION: nADT can decrease tumour size but does not reduce the positive surgical margin rate, nor improve the survival rate in unilateral cT3a disease. Because of side-effects and treatment costs, we do not advise nADT in patients with unilateral cT3a prostate cancer.",BJU Int,2007,99,311-4,10.1111/j.1464-410X.2006.06559.x,https://www.ncbi.nlm.nih.gov/pubmed/17094781,HIGH RISK,positive,1,
31764016,A Limited-Versus-Extensive Staging Strategy for Small Cell Prostate Cancer,Syed S,"INTRODUCTION: Small cell prostate cancer (SCPC) is a rare histologic subtype of prostate cancer, for which the optimal staging strategy remains unclear. METHOD: The Surveillance, Epidemiology, and End Results database was used to analyze the incidence and outcomes of SCPC between the years 2004 through 2016. Limited-stage SCPC (LS-SCPC) was defined as SCPC without any metastasis regardless of local invasion. Extensive stage SCPC (ES-SCPC) was defined as any metastasis to lymph nodes and/or to distant organs. RESULT: A total of 403 SCPC patients were included in the study cohort, accounting for 0.056% of all prostate cancer cases (n=719,655). Of the 358 patients with known metastasis status, 275 (76.8%) patients had ES-SCPC, whereas 83 (23.2%) patients had LS-SCPC. LS-SCPC was associated with better overall survival (17 vs. 9 mo, P<0.001) and disease-specific survival (25 vs. 10 mo, P<0.001) compared with ES-SCPC. All LS-SCPC patients had a similar overall survival regardless of T stage. Similarly, all ES-SCPC patients had similar outcomes regardless of metastasis sites. High prostate-specific antigen (PSA) is paradoxically associated with superior outcome in both localized stage patients (PSA≥4 vs. PSA<4, 19 vs. 10 mo, P=0.002) and extensive stage patients (PSA≥20 vs. PSA<20, 13 vs. 9 mo, P=0.02). Multivariate analysis of treatment showed that chemotherapy was associated with improved survival in ES-SCPC with hazard ratio of 0.52. CONCLUSION: Similar to small cell lung cancer, SCPC can be staged into LS-SCPC or ES-SCPC. The binary staging system correlates well with prognosis.",Am J Clin Oncol,2020,43,87-93,doi: 10.1097/COC.0000000000000631,https://www.ncbi.nlm.nih.gov/pubmed/31764016,,negative,0,2020.0
25578739,Systematic review and meta-analysis of the survival outcomes of first-line treatment options in high-risk prostate cancer,Lei JH,"Prostate cancer (PCa) is the most common non-dermatologic cancer in the western countries in western countries. High-risk PCa accounts for 15% of the diagnosed cases. In this study, we compare the long-term survival outcomes of radical prostatectomy (RP), radiation therapy (RT), brachytherapy (BT), androgen- deprivation therapy (ADT), and watchful waiting (WW) in high-risk prostate cancer (PCa). Overall, RP/(RT plus ADT) gave the best survival outcome in patients with high-risk PCa, whereas ADT/WW had the worst outcome. The overall priority for treatment strategy could be ranked as follows: RP/(RT plus ADT), RT, and ADT/WW. RP had significant better overall survival (OS) than RT or BT, and RP had significant lower cancer-specific mortality (CSM) than RT (0.51 [95% CI 0.30-0.73], P<0.001). ADT improved the cancer-specific survival (CSS) of RP based on a case-controlled study; added ADT to RT failed to challenge the position of RP but could improve the outcome of RT. In conclusions,RP/(RT plus adjuvant ADT) could both be used for the first-line therapy of high-risk PCa. When encountering an individual patient, urologists should consider various factors like tumors themselves, preferences of individuals, and so on.",Sci Rep,2015,12,,doi: 10.1038/srep07713,https://www.ncbi.nlm.nih.gov/pubmed/25578739,,negative,0,2015.0
31411996,Nonsurgical Salvage Local Therapies for Radiorecurrent Prostate Cancer: A Systematic Review and Meta-analysis,Ingrosso G,"CONTEXT: Different nonsurgical therapeutic strategies can be adopted for intraprostatic relapse of prostate cancer after primary radiotherapy, including re-irradiation (with brachytherapy [BT] or external beam radiotherapy [EBRT]), high-intensity focused ultrasound (HIFU), and cryotherapy. The main issues to consider when choosing nonsurgical salvage local therapies are local tumor control and significant genitourinary toxicity. OBJECTIVE: To conduct a systematic review and meta-analysis of the role of nonsurgical salvage modalities in patients with radiorecurrent prostate cancer and associated clinical outcomes and toxicity profiles. EVIDENCE ACQUISITION: We performed a critical review of the Medline, Scopus, and ClinicalKey databases from January 1, 2000 through February 1, 2018 according to the Preferred Reporting Items and Meta-Analyses statement. To assess the overall quality of the literature reviewed, we used a modified Delphi tool for case-series studies. EVIDENCE SYNTHESIS: A total of 64 case-series studies were included, corresponding to a cohort of 5585 patients. The modified Delphi checklist evidenced high methodological quality overall (mean quality score of 80.6%). Biochemical control rates were lowest for patients treated with HIFU (58%, 95% confidence interval [CI] 47-68%) and highest for patients treated with BT (69%, 95% CI 62-76%) and EBRT (69%, 95% CI 53-83%). The lowest prevalence of incontinence was for patients treated with BT (3%, 95% CI 0-6%; I<sup>2</sup>=63.4%) and the highest was among patients treated with HIFU (28%, 95% CI 19-38%; I<sup>2</sup>=89.7%). CONCLUSIONS: Nonsurgical therapeutic options, especially BT, showed good outcomes in terms of biochemical control and tolerability in the local recurrence setting. PATIENT SUMMARY: The current analysis demonstrated that nonsurgical salvage local therapies offer a chance of a curative local approach in radiorecurrent prostate cancer. However, high-quality data from prospective trials are needed to validate long-term outcomes from nonsurgical strategies for the treatment of intraprostatic recurrence after previous radiotherapy.",Eur Urol Oncol,2020,3,183-197,doi: 10.1016/j.euo.2018.12.011. Epub 2019 Jan 24,https://www.ncbi.nlm.nih.gov/pubmed/31411996,,negative,0,2020.0
16278474,Parameters for treatment decisions for salvage radiation therapy,Hayes SB,"Radical prostatectomy (RP) is the most common primary treatment for prostate cancer. About 40% of those with high-risk pathologic features, such as a positive margin or seminal vesicle involvement, will develop biochemical failure at some point in the future. Radiotherapy (RT), with or without concurrent androgen deprivation, has been used liberally in the management of men with a rising prostate-specific antigen (PSA) after RP, based mostly on relatively small retrospective series. Factors such as the prostatectomy Gleason score, seminal vesicle invasion, absolute pre-RT PSA level, and pre-RT PSA doubling time are emerging as important determinants of outcome after RT. These factors should be used as a guide to the options of local therapy alone (RT), local therapy plus systemic therapy (typically androgen deprivation therapy), and systemic therapy alone.",J Clin Oncol,2005,10,,doi: 10.1200/JCO.2005.03.1575,https://www.ncbi.nlm.nih.gov/pubmed/16278474,,negative,0,2005.0
15734203,Long-term outcome of high dose rate brachytherapy in radiotherapy of localised prostate cancer,Aström L,"BACKGROUND AND PURPOSE: High dose rate brachytherapy (HDR-BT) in prostate cancer (PC) is receiving increasing interest. The steep dose gradient gives a possibility to escalate the dose to the prostate. If the alpha/beta ratio is low for PC, hypofractionation will be of advantage. A retrospective analysis of outcome in patients (pts) consecutively treated with combined HDR-BT and conformal external beam radiotherapy (ERT) was performed. MATERIAL AND METHODS: Data from 214 pts treated consecutively from 1988 to 2000 were analysed. The median age was 64 years (50-77). Median follow up was 4 years (12-165 months). Pre-irradiatory endocrine therapy was given to 150 pts (70%). The pts were divided into low-, intermediate- and high (80/87/47 pts) risk groups according to the occurrence of none, one, or more risk factors defined by T-classification, PSA and histopathology. ERT was given with 2 Gy fractions to 50 Gy. HDR-BT consisted of two 10 Gy fractions. RESULTS: Overall 5-year biochemical no evidence of disease (bNED) was 82%, and for the low-, intermediate-, and high-risk group bNED was 92, 88 and 61%, respectively. PSA-relapse was found in 17, local recurrence in 3 and distant metastases in 13 pts. Five pts died of PC. No recurrences were observed after 5 years. Severe late complications were few. Urethral stricture (13 pts) was the most frequent. No severe rectal complications were seen. CONCLUSION: Dose escalation with HDR-BT is safe and effective in radiotherapy of localised PC.",Radiother Oncol,2005,74,157-61,doi: 10.1016/j.radonc.2004.10.014. Epub 2004 Nov 25,https://www.ncbi.nlm.nih.gov/pubmed/15734203,,negative,0,2005.0
16053667,The impact of primary Gleason grade on biochemical outcome following brachytherapy for hormone-naive Gleason score 7 prostate cancer,Merrick GS,"PURPOSE: Although the perception exists that biochemical outcome in patients with a Gleason score of 7 with dominant pattern 4 histology is inferior to that of patients with a Gleason score of 7 with a primary Gleason grade of 3, conflicting conclusions have been reported for radical prostatectomy and brachytherapy. In this study, we evaluate the effect of the dominant histologic pattern in Gleason score 7 prostate cancer on biochemical progression-free survival after brachytherapy. MATERIAL AND METHODS: Between April 1995 and October 2001, 273 consecutive patients underwent permanent interstitial brachytherapy without androgen deprivation therapy for clinical T1c-T3a NxM0 (2002 American Joint Committee on Cancer) prostate cancer. No patient underwent seminal vesicle biopsy or pathological lymph node staging. All patients underwent brachytherapy more than 3 years before analysis. Biochemical progression-free survival was defined by a prostate specific antigen (PSA) cut point < or = 0.4 ng/mL after nadir or by the American Society for Therapeutic Radiology and Oncology (ASTRO) consensus definition. The median follow-up was 4.7 years. Clinical, treatment, and dosimetric parameters evaluated for biochemical progression-free survival included primary Gleason grade; clinical T stage; pretreatment PSA level; risk group; percent positive biopsy results; perineural invasion; patient age; isotope; supplemental external-beam radiation therapy; prostate volume; brachytherapy planning volume; percent of the target volume receiving 100%, 150%, and 200% of the prescribed dose (V100/150/200); minimum percent of the prescribed dose covering 90% of the target volume (D90); tobacco consumption; hypertension; and diabetes. RESULTS: For the entire cohort, the actuarial 8-year biochemical progression-free survival rate was 94.5% and 94.8% using a PSA cut point < or = 0.4 ng/mL after nadir and the ASTRO consensus definition, respectively. For biochemically disease free patients, the median posttreatment PSA level was < 0.1 ng/mL. When the group was stratified by the dominant histologic pattern, no statistical difference in outcome was noted for any of the evaluated parameters. In forward conditional Cox regression analysis, pretreatment PSA level and percent positive biopsy results were statistically significant predictors of biochemical outcome. CONCLUSIONS: In hormone-naive patients with a Gleason score of 7, prostate brachytherapy results in a high probability of 8-year biochemical progression-free survival and is independent of Gleason 3 + 4 versus 4 + 3 histology.",Cancer J,2005,,-,doi: 10.1097/00130404-200505000-00010,https://www.ncbi.nlm.nih.gov/pubmed/16053667,,negative,0,2005.0
23415962,Evolution and outcomes of 3 MHz high intensity focused ultrasound therapy for localized prostate cancer during 15 years.,Thüroff S,"PURPOSE: We describe the long-term cancer control and morbidity of high intensity focused ultrasound with neoadjuvant transurethral resection of the prostate, the risk of metastatic induction by transurethral prostate resection, and the evolution of high intensity focused ultrasound application and technology with time. MATERIALS AND METHODS: A prospective Harlaching high intensity focused ultrasound database was searched for patients with primary localized prostate cancer (T1-2, N0, M0, PSA at first diagnosis less than 50 ng/ml) and followup longer than 15 months. Those patients with previous long-term androgen deprivation therapy, locally advanced prostate cancer or any therapy influencing prostate specific antigen were excluded from study. All patients were treated completely with an Ablatherm® high intensity focused ultrasound device. Evaluation was performed in aggregate, and by stratification according to cohort group, risk group (D'Amico criteria), prostate specific antigen nadir and Gleason score. The Phoenix definition was used for biochemical failure. Statistical analysis was performed using the Kaplan-Meier method, and univariate and multivariate analysis was performed using a Cox model. RESULTS: Of 704 study patients 78.5% had intermediate or high risk disease. Mean followup was 5.3 years (range 1.3 to 14). Cancer specific survival was 99%, metastasis-free survival was 95%, and 10-year salvage treatment-free rates were 98% in low risk, 72% in intermediate risk and 68% in high risk patients. Prostate specific antigen nadir and Gleason score predicted biochemical failure, and side effects were moderate. The high intensity focused ultrasound re-treatment rate has been 15% since 2005. CONCLUSIONS: Long-term followup with high intensity focused ultrasound therapy demonstrated a high overall rate of cancer specific survival and an exceptionally high rate of freedom from salvage therapy requirements in low risk patients. Advances in high intensity focused ultrasound technology and clinical practice as well as the use of neoadjuvant transurethral prostate resection allow the complete treatment of any size prostate without inducing metastasis.",J Urol,2013,190,702-10,10.1016/j.juro.2013.02.010,https://www.ncbi.nlm.nih.gov/pubmed/23415962,LOW RISK,positive,1,
23280183,Population-based 10-year oncologic outcomes after low-dose-rate brachytherapy for low-risk and intermediate-risk prostate cancer.,Morris WJ,"BACKGROUND: The objective of this study was to report the rates of disease-free survival (DFS), cause-specific survival (CSS), and overall survival after low-dose-rate (LDR) prostate brachytherapy (PB). METHODS: Data from 1006 consecutive patients with prostate cancer who received LDR-PB and underwent implantation on or before October 23, 2003 were extracted from a prospective database on November 11, 2011. The selected patients had low-risk (58%) or intermediate-risk (42%) disease according to National Comprehensive Cancer Network criteria. The Phoenix threshold was used to define biochemical relapse. Sixty-five percent of patients received 3 months of neoadjuvant androgen-deprivation therapy (ADT) and 3 months of concomitant ADT. Univariate and multivariate analyses are reported in relation to patient, tumor, and treatment variables. RESULTS: The median follow-up was 7.5 years. By using Fine and Gray competing risks analysis, the 5-year and 10-year actuarial DFS rates were 96.7% (95% confidence interval, 95.2%-97.7%) and 94.1% (95% confidence interval, 92%-95.6%), respectively. When applied to the whole cohort, none of the usual prognostic variables, including dose metrics, were correlated with DFS. However, in both univariate and multivariate models, increasing dose was the only covariate that correlated with improved DFS for the subset of men (N = 348) who did not receive ADT (P = .043). The actuarial 10-year CSS rate was 99.1% (95% confidence interval, 97.3%-99.7%). The overall survival rate was 93.8% at 5 years (95% confidence interval, 92%-95.1%) and 83.5% at 10 years (95% confidence interval, 79.8%-86.6%). Only age at implantation (P = .0001) was correlated with overall survival in multivariate analysis. CONCLUSIONS: In a consecutive cohort of 1006 men with National Comprehensive Cancer Network low-risk and intermediate-risk prostate cancer, the actuarial rate of recurrent disease after LDR-PB was approximately 3% at 5 years and 6% at 10 years.",Cancer,2013,119,1537-46,10.1002/cncr.27911,https://www.ncbi.nlm.nih.gov/pubmed/23280183,INTERMEDIATE RISK,positive,1,
20646861,Long-term follow-up and risk of cancer death after radiation for post-prostatectomy rising prostate-specific antigen,Swanson GP,"PURPOSE: The results of salvage radiation therapy for rising prostate-specific antigen (PSA) levels after radical prostatectomy appear favorable, but the ultimate outcome is uncertain, given the relatively short follow-up in most studies. We report on a group of patients at a median follow-up of 13.9 years after salvage radiation therapy. METHODS AND MATERIALS: From 1990 to 1995, 92 patients were referred postoperatively for radiation for a rising PSA level. PSA level at the time of referral ranged from 0.1 to 30.5 ng/ml (median, 1.5 ng/ml). The median time from surgery to radiation was 2.1 years (range,, 0.3-7.4 years). Radiation was directed to the prostatic fossa only with a median dose of 6,500 cGy (range, 6,000-7,000 cGy). RESULTS: Eighty-five patients experienced a PSA drop after radiation, as predicted by Gleason score and PSA level at the start of radiation. Five- and 10-year biochemical failure free survival (BFFS) was 35% and 26%, respectively, and overall survival was 86% and 67%, respectively. Median survival was 12.0 years, and median BFF was 2.3 years. The presurgery PSA level was not predictive, but the PSA level at the start of radiation predicted a response. Patients with Gleason 8 to 9 cancers had a significantly higher progression rate than those with lower Gleason scores. There were no significant differences in outcomes based on pathology findings (none vs. positive margins vs. positive seminal vesicles). Overall, 22 (24%) patients died directly from prostate cancer, resulting in a 10-year cancer-specific survival rate of 82%. Multivariate analysis risk factors for dying of cancer were Gleason's score (8 to 9) and PSA at the start of radiation therapy (>1.0 ng/ml). CONCLUSIONS: Patients have a good response to salvage radiation therapy. A small but durable subgroup appears to have permanent control. In those for whom therapy fails, radiation delays the need for other salvage therapy, indicating at least a transient benefit to most patients.",Int J Radiat Oncol Biol Phys,2011,1,,doi: 10.1016/j.ijrobp.2010.01.043. Epub 2010 Jun 18,https://www.ncbi.nlm.nih.gov/pubmed/20646861,,negative,0,2010.0
25308767,Particle radiotherapy for prostate cancer,Shioyama Y,"Recent advances in external beam radiotherapy have allowed us to deliver higher doses to the tumors while decreasing doses to the surrounding tissues. Dose escalation using high-precision radiotherapy has improved the treatment outcomes of prostate cancer. Intensity-modulated radiation therapy has been widely used throughout the world as the most advanced form of photon radiotherapy. In contrast, particle radiotherapy has also been under development, and has been used as an effective and non-invasive radiation modality for prostate and other cancers. Among the particles used in such treatments, protons and carbon ions have the physical advantage that the dose can be focused on the tumor with only minimal exposure of the surrounding normal tissues. Furthermore, carbon ions also have radiobiological advantages that include higher killing effects on intrinsic radio-resistant tumors, hypoxic tumor cells and tumor cells in the G0 or S phase. However, the degree of clinical benefit derived from these theoretical advantages in the treatment of prostate cancer has not been adequately determined. The present article reviews the available literature on the use of particle radiotherapy for prostate cancer as well as the literature on the physical and radiobiological properties of this treatment, and discusses the role and the relative merits of particle radiotherapy compared with current photon-based radiotherapy, with a focus on proton beam therapy and carbon ion radiotherapy.",Int J Urol,2015,22,33-9,doi: 10.1111/iju.12640. Epub 2014 Oct 12,https://www.ncbi.nlm.nih.gov/pubmed/25308767,,negative,0,2015.0
22457326,Long-term oncological outcome and risk stratification in men with high-risk prostate cancer treated with radical prostatectomy.,Yamamoto S,"OBJECTIVE: To evaluate the long-term oncological outcome of radical prostatectomy for patients with high-risk prostate cancer. METHODS: Among 378 patients with prostate cancer who underwent radical prostatectomy at our hospital, 189 had high-risk prostate cancer defined as presenting with at least one of the following high-risk factors: prostate-specific antigen >20 ng/ml, clinical T3 and biopsy Gleason score ≥8. RESULTS: The median follow-up was 8.1 years. Of all patients, 106 and 61 had one and two high-risk factors, respectively, and the remaining 22 had all three high-risk factors. Pathological examination of the prostatectomy specimens revealed organ-confined disease, specimen-confined disease and lymph node metastasis in 80 (42%), 102 (54%) and 22 (12%), respectively. The 10-year prostate-specific antigen failure-free and local progression-free survival rates were 48.5 and 87.6%, respectively. The 10-year cancer-specific and overall survival rates were 94.1 and 88.7%, respectively. The 10-year prostate-specific antigen failure-free survivals of patients with one, two and all three high-risk factors were 58.5, 39.9 and 22.7%, respectively (P = 0.0001). Of the 106 patients with one high-risk factor only, the high Gleason score group had the best 10-year prostate-specific antigen failure-free survival (69.1%); in particular, that of patients without Gleason grade 5 was 100% (P= 0.032). CONCLUSIONS: Approximately half of patients with high-risk prostate cancer can be cured by radical prostatectomy without any adjuvant treatment. Radical prostatectomy for high-risk prostate cancer provides good long-term local cancer control and cancer-specific survival. In particular, radical prostatectomy for patients with only one high-risk factor can be considered a valuable therapeutic option as the first treatment.",Jpn J Clin Oncol,2012,42,541-7,10.1093/jjco/hys043,https://www.ncbi.nlm.nih.gov/pubmed/22457326,HIGH RISK,positive,1,
32089359,Radical Prostatectomy or Observation for Clinically Localized Prostate Cancer: Extended Follow-up of the Prostate Cancer Intervention Versus Observation Trial (PIVOT),Wilt TJ,"BACKGROUND: Very long-term mortality in men with early prostate cancer treated with surgery versus observation is uncertain. OBJECTIVE: To determine long-term effects of surgery versus observation on all-cause mortality for men with early prostate cancer. DESIGN, SETTING, AND PARTICIPANTS: This study evaluated long-term follow-up of a randomized trial conducted at the US Department of Veterans Affairs and National Cancer Institute sites. The participants were men (n=731) ≤75yr of age with localized prostate cancer, prostate-specific antigen (PSA) <50ng/ml, life expectancy ≥10yr, and medically fit for surgery. INTERVENTION: Radical prostatectomy versus observation. OUTCOME MEASUREMENTS AND STATISTICAL ANALYSIS: All-cause mortality was assessed in the entire cohort and patient and tumor subgroups. Intention-to-treat analysis was conducted using Kaplan-Meier methods with log-rank tests and Cox proportional hazard models; cumulative mortality incidence, between-group differences, and relative risks were also assessed at predefined time periods. RESULTS AND LIMITATIONS: During 22.1yr (median follow-up for survivors=18.6yr; interquartile range: 16.6-20.0), 515 men died; 246 of 346 men (68%) were assigned to surgery versus 269 of 367 (73%) assigned to observation (hazard ratio 0.84 [95% confidence interval {CI}: 0.70-1.00]; p= 0.044 [absolute risk reduction = 5.7 percentage points, 95% CI: -0.89 to 12%]; relative risk: 0.92 [95% CI: 0.84-1.01]). The restricted mean survival in the surgical group was 13.6 yr (95% CI: 12.9-14.3) versus 12.6 yr (95% CI: 11.8-13.3) in the observation group; a mean of 1 life-year was gained with surgery. Results did not significantly vary by patient or tumor characteristics, although differences were larger favoring surgery among men aged <65 yr, of white race, and having better health status, fewer comorbidities, ≥34% positive prostate biopsy cores, and intermediate-risk disease. Results were not adjusted for multiple comparisons, and we could not assess outcomes other than all-cause mortality. CONCLUSIONS: Surgery was associated with small very long-term reductions in all-cause mortality and increases in years of life gained. Absolute effects did not vary markedly by patient characteristics. Absolute effects and mean survival were much smaller in men with low-risk disease, but were greater in men with intermediate-risk disease although not in men with high-risk disease. PATIENT SUMMARY: In this randomized study, we evaluated death from any cause in men with early prostate cancer treated with either surgery or observation. Overall, surgery may provide small very long-term reductions in death from any cause and increases in years of life gained. Absolute effects were much smaller in men with low-risk disease, but were greater in men with intermediate-risk disease although not in men with high-risk disease. Strategies are needed to identify men needing and benefitting from surgery while reducing ineffective treatment and overtreatment.",Eur Urol,2020,77,713-724,doi: 10.1016/j.eururo.2020.02.009. Epub 2020 Feb 21,https://www.ncbi.nlm.nih.gov/pubmed/32089359,,negative,0,2020.0
21470787,Comparison of high-dose proton radiotherapy and brachytherapy in localized prostate cancer: a case-matched analysis.,Coen JJ,"PURPOSE: To report a case-matched analysis comparing high-dose external-beam radiation (EBRT) for prostate cancer delivered on Proton Radiation Oncology Group (PROG) 95-09, a randomized trial, with permanent prostate brachytherapy over the same era. METHODS: From 1996 to 1999, 196 patients were accrued to the high-dose arm (79.2 Gray equivalent (GyE) using photons and protons) of PROG 95-09 at the Massachusetts General Hospital and Loma Linda University Medical Center. Entry criteria specified T1-2 and prostate-specific antigen ≤ 15 ng/mL. When Gleason score >7 was excluded, 177 men were left for case matching. At Massachusetts General Hospital, 203 similar patients were treated by a single brachytherapist from 1997 to 2002. Minimum follow-up was 3 years. Case matching, based on T stage, Gleason score, prostate-specific antigen, and age resulted in 141 matches (282 patients). Median follow-up was 8.6 and 7.4 years for EBRT and brachytherapy, respectively. The primary endpoint was biochemical failure (BF). RESULTS: Using the Phoenix definition, the 8-year BF rates were 7.7% and 16.1% for EBRT and brachytherapy, respectively (p = 0.42). A stratified analysis was performed by risk group. In the EBRT group, 113 and 28 patients were low and intermediate risk, respectively. In the brachytherapy group, 118 and 23 were. When stratified by risk group, the BF rates were similar by either technique. CONCLUSIONS: High-dose EBRT and brachytherapy result in similar BF rates for men with localized prostate cancer. Comparative quality-of-life and cost-effectiveness studies are warranted.",Int J Radiat Oncol Biol Phys,2012,82,e25-31,10.1016/j.ijrobp.2011.01.039,https://www.ncbi.nlm.nih.gov/pubmed/21470787,LOW RISK,positive,1,
16286122,Prognostic significance of perineural invasion on biochemical progression-free survival after prostate brachytherapy.,Merrick GS,"OBJECTIVES: To evaluate the influence of perineural invasion (PNI) in the biopsy specimen on biochemical progression-free survival in hormone-naive patients with prostate cancer undergoing brachytherapy. METHODS: A total of 512 consecutive hormone-naive patients (173 low risk, 212 intermediate risk, and 127 high risk) underwent brachytherapy for clinical Stage T1b-T2cNxM0 (2002 American Joint Committee on Cancer staging system) prostate cancer. No patient underwent seminal vesicle or pathologic lymph node staging. All patients had undergone brachytherapy at least 3 years before analysis. The median follow-up was 5.3 years. Biochemical progression-free survival was defined by a prostate-specific antigen (PSA) cutpoint of 0.4 ng/mL or less after nadir and by the American Society for Therapeutic Radiology and Oncology consensus definition. PNI was defined as carcinoma tracking along, or around, a nerve within the perineural space. RESULTS: PNI was documented in 133 patients (26.0%). For both biochemical progression-free definitions, 94.0% and 94.9% of patients with and without PNI, respectively, remained free of biochemical progression. The median time to failure in patients with and without PNI was 17.2 and 17.9 months, respectively. For the biochemically disease-free cohort, the median posttreatment PSA level was less than 0.1 ng/mL. On univariate Cox regression analysis, the pretreatment PSA level, percentage of positive biopsies, prostate volume, and Gleason score predicted for biochemical outcome. PNI did not approach statistical significance (P = 0.671). On multivariate analysis, only pretreatment PSA (P < 0.001) and the percentage of positive biopsies (P < 0.001) maintained statistical significance. CONCLUSIONS: In hormone-naive brachytherapy patients implanted with generous periprostatic treatment margins, the presence of PNI in the biopsy specimen did not adversely affect 8-year biochemical progression-free survival.",Urology,2005,66,1048-53,10.1016/j.urology.2005.05.024,https://www.ncbi.nlm.nih.gov/pubmed/16286122,LOW RISK,positive,1,
31721011,Influence of the technique and comorbidities in hypofractionated radiotherapy for prostate cancer,Correa R,"PURPOSE: To analyze the differences in toxicity and biochemical relapse-free survival with hypofractionated radiotherapy with three-dimensional radiotherapy (3D-CRT) or volumetric arc therapy (VMAT) for prostate cancer taking into account comorbidity measured using the Charlson Comorbidity Index (CCI). METHODS: From January 2011 to June 2016, 451 patients with prostate cancer were treated with 60 Gy (20 daily fractions). VMAT or 3D-CRT was used. Distribution by stage: 17% low-risk, 27.2% intermediate-risk; 39.2% high-risk, 16.6% very high-risk. Mean CCI was 3.4. RESULTS: With a median follow up of 51 months, most patients did not experience any degree of acute GI toxicity (80.9%) compared to 19.1%, who experienced some degree, mainly G-I /II. In the multivariate analysis, only technique was associated with acute GI toxicity ≥ G2. Patients treated with VMAT had greater acute GI toxicity compared with those who received 3D-CRT (23.9% vs. 13.5%, p = 0.005). With respect to acute GU toxicity, 72.7% of patients experienced some degree, fundamentally G-I/II. Neither age, CCI, nor androgen deprivation therapy (ADT) were associated with greater toxicity. Overall survival at 2, 5 and 7 years was 97%, 88% and 83% respectively. The only factor with statistical significance was CCI, with a greater number of events in individuals with a CCI ≥ 4 (p < 0.03). CONCLUSIONS: Hypofractionated radiotherapy for prostate cancer is an effective, well-tolerated treatment even for elderly patients with no associated comorbidity. Longer follow up is needed in order to report data on late toxicity.",Clin Transl Oncol,2020,22,311-318,doi: 10.1007/s12094-019-02224-6. Epub 2019 Nov 12,https://www.ncbi.nlm.nih.gov/pubmed/31721011,,negative,0,2020.0
25614253,Ten-year outcomes of I¹²⁵ low-dose-rate brachytherapy for clinically localized prostate cancer: a single-institution experience in Japan,Hayashi N,"PURPOSE: To report 10-year outcomes of patients treated with I(125) low-dose-rate brachytherapy (BT) for clinically localized prostate cancer. METHODS: A group of 1,060 patients with clinically localized prostate cancer treated with I(125) BT between March 2004 and December 2013 at the Yokohama City University Hospital were identified. The records of 743 patients with a minimum of 2 years of follow-up were reviewed. Cohorts were categorized according to National Comprehensive Cancer Network risk classification, and biochemical outcomes plus overall survival were examined. Biochemical failure was defined as nadir prostate-specific antigen (PSA) level + 2 ng/mL. Univariate and multivariate Cox proportional hazards were used to determine predictors of biochemical failure. RESULTS: A total of 743 patients met the criteria with a median follow-up of 54.6 months (range 24-114 months). The median age was 70 years (range 48-83). The 5- and 7-year overall survival rates were 98.8 and 97.6 %, and the 5- and 7-year biochemical failure-free survival rates were 92.6 and 91.0 %, respectively. With regard to distant metastases and survival, the 5- and 7-year metastatic-free survival rates were 98.2 and 95.9 %, respectively. A multivariate analysis revealed that initial PSA (p = 0.005; HR 1.097, 95 % CI 1.028-1.170), age (p = 0.001; HR 0.931, 95 % CI 0.893-0.971), and T stage (T1c vs. T2a) (p = 0.002; HR2.417, 95 % CI 1.319-4.267) were independent predictors of biochemical failure. CONCLUSIONS: I(125) low-dose-rate BT resulted in excellent survival and morbidity outcomes for localized prostate cancer at a single institution. Further studies are needed to obtain long-term outcomes.",World J Urol,2015,33,1519-26,doi: 10.1007/s00345-015-1480-0. Epub 2015 Jan 23,https://www.ncbi.nlm.nih.gov/pubmed/25614253,,negative,0,2015.0
22436516,Long-term outcome for very high-risk prostate cancer treated primarily with a triple modality approach to include permanent interstitial brachytherapy.,Bittner N,"PURPOSE: To evaluate outcome in the most unfavorable subset of high-risk prostate cancer patients treated with a combination of supplemental external beam radiation therapy (EBRT) and brachytherapy. METHODS AND MATERIALS: Very high-risk prostate cancer was defined as follows: any Gleason score 10, Gleason score 8-9 with >50% of the biopsy cores positive for malignancy, Gleason score 8-9 with a prostate-specific antigen (PSA) >20ng/mL, any clinical stage T3, or any PSA >40ng/mL. One hundred thirty-one patients were identified who met the aforementioned criteria. The median followup was 6.6 years. One hundred twenty (91.6%) patients received supplemental EBRT and 100 (76.4%) received androgen deprivation therapy (median duration, 19.5 months; range, 4-36 months). The median postimplant day 0 D(90) (i.e., the minimum percentage of the prescription dose that covers the planning target volume) was 121.9% of prescription dose. Multiple clinical treatment and dosimetric parameters were evaluated for impact on the evaluated survival parameters. RESULTS: The median pretreatment PSA and Gleason score were 11.0ng/mL and 8. One hundred ten (84%) patients had a Gleason score ≥8. At 9 and 12 years, the cause-specific survival, biochemical progression-free survival, and overall survival were 91.0% and 86.5%, 87.3% and 87.3%, and 70.5% and 60.5%, respectively. The most common cause of death was heart disease (22.2%) with deaths from nonprostate cancer (12.7%) and prostate cancer (8.3%) being less likely. CONCLUSIONS: Permanent interstitial brachytherapy usually with supplemental EBRT and androgen deprivation therapy results in excellent biochemical control and cause-specific survival in the most unfavorable subset of high-risk prostate cancer patients. Death from diseases of the heart was more than twice as likely as death from prostate cancer.",Brachytherapy,2012,11,250-5,10.1016/j.brachy.2012.02.002,https://www.ncbi.nlm.nih.gov/pubmed/22436516,HIGH RISK,positive,1,
25944676,Histological outcomes after focal high-intensity focused ultrasound and cryotherapy,Shah TT,"INTRODUCTION: Focal therapy has increasingly become an accepted treatment option for patients with localised prostate cancer. Most follow-up protocols use a mixture of protocol biopsies or ""for cause"" biopsies triggered by a rising PSA. In this paper, we discuss the histological outcomes from these biopsies and their use in guiding subsequent management and trial development. METHODS: We conducted a literature search and reviewed the post-treatment biopsy results from studies on focal HIFU and focal cryotherapy. We subsequently reviewed the results of three recently published consensus statements released discussing many of the issues concerning focal therapy. RESULTS: Research suggests that 1 in 5 of all post-treatment biopsies after focal therapy are positive. However, the majority of these seemed to be from the untreated portion of the gland or met criteria for clinically insignificant disease. The histological outcomes from focal therapy are promising and confirm its effectiveness in the short to medium term. Furthermore re-treatment is possible whilst maintaining a low-side-effect profile. CONCLUSION: Debate is ongoing about the clinical significance of various levels of residual disease after focal therapy and the exact threshold at which to call failure within a patient who has had focal therapy.",World J Urol,2015,33,955-64,doi: 10.1007/s00345-015-1561-0. Epub 2015 May 6,https://www.ncbi.nlm.nih.gov/pubmed/25944676,,negative,0,2015.0
15990187,A phase II study of localized prostate cancer treated to 75.6 Gy with 3D conformal radiotherapy,Nichol A,"BACKGROUND AND PURPOSE: To prospectively evaluate toxicity, biochemical failure-free survival (bFFS) and biopsy-proven local control for prostate cancer patients treated with 75.6 Gy in 42 fractions using 6-field conformal radiotherapy to prostate alone. PATIENTS AND METHODS: From 1997 to 1999, 140 patients with T1-2NxM0, Gleason score<or=8, and PSA<or=20 ng/ml prostate cancer were assessed using Radiation Therapy Oncology Group acute and late toxicity scores. bFFS was determined for 120 patients treated without hormones. Post-treatment prostate biopsies were performed at a median of 3 years and a late toxicity questionnaire was administered at a median of 5 years. RESULTS: Clinically important acute toxicities were gastrointestinal (GI) grade 2: 22% and 3: 0%, and genitourinary (GU) grade 2: 24% and 3: 2%. Late physician-assessed toxicities were GI>or=grade 2: 2%, and GU>or=grade 2: 1%. The 3-year bFFS of patients failure-free before biopsy was 93% (95% CI: 83-100) from a negative biopsy and 22% (95% CI: 0-56) from a positive biopsy (P=0.001). Patients reported significantly more late toxicity than physicians (GI: P=0.003, GU: P<0.001). At 5.0 years median follow-up, cause-specific survival was 98% (95% CI: 96-100), overall survival was 91% (95% CI: 86-97), and bFFS was 55% (95% CI: 45-64). CONCLUSIONS: 75.6 Gy caused modest levels of acute and late toxicity. Three-year biopsies predicted subsequent biochemical outcome.",Radiother Oncol,2005,76,11-7,doi: 10.1016/j.radonc.2005.06.002,https://www.ncbi.nlm.nih.gov/pubmed/15990187,,negative,0,2005.0
25682339,Focal Ablation Targeted to the Index Lesion in Multifocal Localised Prostate Cancer: a Prospective Development Study,Ahmed HU,"BACKGROUND: Although localised prostate cancer is multifocal in most instances, the index lesion might be responsible for disease progression. OBJECTIVE: To determine the early genitourinary functional and cancer control outcomes of index lesion ablation. DESIGN, SETTING, AND PARTICIPANTS: This was a single-centre prospective development study in which 56 men were treated (July 2009-January 2011). The mean age was 63.9 yr (standard deviation 5.8) and median prostate-specific antigen (PSA) was 7.4 ng/ml (interquartile range [IQR] 5.6-9.5). There were seven (12.5%) low-risk, 47 (83.9%) intermediate-risk, and two (3.6%) high-risk cancers. INTERVENTION: Multiparametric magnetic resonance imaging (mpMRI) and prostate biopsies to localise disease, followed by index lesion ablation using high-intensity focused ultrasound. OUTCOME MEASUREMENTS AND STATISTICAL ANALYSIS: Primary outcomes were genitourinary side effects measured using validated questionnaires. Secondary outcomes included absence of clinically significant disease at 12 mo. RESULTS AND LIMITATIONS: The composite of leak-free, pad-free continence, and erections sufficient for penetration decreased from a baseline frequency of 40/56 (71.4%) to 33/56 (58.9%) at 12 mo. Pad-free and leak-free, pad-free continence was preserved in 48/52 (92.3%) and 46/50 (92.0%) patients, respectively. Erections sufficient for intercourse were preserved in 30/39 (76.9%) patients. The median PSA nadir decreased to 2.4 ng/ml (IQR 1.6-4.1). At 12 mo, 42/52 (80.8%) patients had histological absence of clinically significant cancer and 85.7% (48/56) had no measurable prostate cancer (biopsy and/or mpMRI). Two (3.6%) patients had clinically significant disease in untreated areas not detected at baseline. The main study limitation is the short follow-up duration. CONCLUSIONS: Index lesion ablation had low rates of genitourinary side effects and acceptable short-term absence of clinically significant cancer. Comparative effectiveness trials are required to assess cancer control outcomes against radical therapy. PATIENT SUMMARY: In this study we looked at whether it is possible to treat the largest and highest-grade tumour in men who have more than one known prostate tumour. We show that the side effects of targeted ablation were low, with acceptable rates of early cancer control. Larger studies with longer follow-up are needed. TRIAL REGISTRATION: NCT00988130.",Eur Urol,2015,68,927-36,doi: 10.1016/j.eururo.2015.01.030. Epub 2015 Feb 11,https://www.ncbi.nlm.nih.gov/pubmed/25682339,,negative,0,2015.0
22672442,Long-term oncological and continence outcomes after laparoscopic radical prostatectomy: a single-centre experience.,Busch J,"UNLABELLED: Study Type--Therapy (case series) Level of Evidence 4. What's known on the subject? and What does the study add? Over the past decade, minimally invasive laparoscopic radical prostatectomy and more recently robot-assisted laparoscopic prostatectomy have been introduced and have proven equally effective compared with open surgery in terms of mid-term cancer control and complication rates. Because long-term data is lacking, open prostatectomy is still considered the 'gold standard' by some authors, who argue that minimally invasive approaches have to measure up to the excellent long-term results of open surgery. This study represents one of the largest series (1845 patients) of minimally invasive radical prostatectomy with extended follow-up (11.3 years) and detailed data on oncological outcome and postoperative incontinence. It therefore supplies previously lacking information on these details for minimally invasive prostate surgery and provides important information for patient counselling. OBJECTIVE: • To investigate biochemical recurrence (BCR) rates and data on postoperative incontinence in a large laparoscopic radical prostatectomy (LRP) cohort with extended follow-up. MATERIALS AND METHODS: • BCR and independent predictors of BCR were identified using Kaplan-Meier and Cox regression analysis of 1845 patients who underwent LRP from 1999 to 2007. • Urinary incontinence was evaluated by pads per day and stratified as follows: 0-1 pad: no incontinence; 2-3 pads: mild incontinence; and ≥ 3 pads: severe incontinence. RESULTS: • Organ-confined disease, extraprostatic extension, seminal vesicle invasion and lymph node metastasis were present in 71.3%, 20.5%, 6.7% and 3.2% of patients, respectively. The positive surgical margin rate was 29.2%. • Postoperatively, 74.9% of the patients were continent, while 9.2% had mild and 15.9% severe incontinence. • The mean follow-up was 5 years with a maximum follow-up of 11.3 years. • There were 51 overall deaths and six deaths from prostate cancer. The 5-year, 8-year and 10-year BCR-free survival rates were 83.9%, 78.6% and 75.6%, respectively. • On univariate analyses preoperative D'Amico risk classification, pathological tumour stage, postoperative Gleason sum and surgical margin status were predictors of BCR (P < 0.001). • On multivariable analysis, D'Amico classification, Gleason sum (P < 0.001), postoperative tumour stage (P < 0.001), nodal status (P < 0.001) and surgical margin status (P = 0.002) were independent predictors of BCR. CONCLUSIONS: • LRP offers excellent long-term functional and oncological results with a low incidence of BCR for patients with localized disease. • These results could be used for patient counselling before robot-assisted laparascopic prostatectomy (RALP) until long-term follow-up data for RALP is available.",BJU Int,2012,110,E985-90,10.1111/j.1464-410X.2012.11279.x,https://www.ncbi.nlm.nih.gov/pubmed/22672442,LOW RISK,positive,1,
25994643,Robotic radical prostatectomy in high-risk prostate cancer: current perspectives,Canda AE,"Around 20%-30% of patients diagnosed with prostate cancer (PCa) still have high-risk PCa disease (HRPC) that requires aggressive treatment. Treatment of HRPC is controversial, and multimodality therapy combining surgery, radiation therapy, and androgen deprivation therapy have been suggested. There has been a trend toward performing radical prostatectomy (RP) in HRPC and currently, robot-assisted laparoscopic RP (RARP) has become the most common approach. Number of publications related to robotic surgery in HRPC is limited in the literature. Tissue and Tumor characteristics might be different in HRPC patients compared to low-risk group and increased surgical experience for RARP is needed. Due to the current literature, RARP seems to have similar oncologic outcomes including surgical margin positivity, biochemical recurrence and recurrence-free survival rates, additional cancer therapy needs and lymph node (LN) yields with similar complication rates compared to open surgery in HRPC. In addition, decreased blood loss, lower rates of blood transfusion and shorter duration of hospital stay seem to be the advantages of robotic surgery in this particular patient group. RARP in HRPC patients seems to be safe and technically feasible with good intermediate-term oncologic results, acceptable morbidities, excellent short-term surgical and pathological outcomes and satisfactory functional results.",Asian J Androl,2015,,-,doi: 10.4103/1008-682X.153541,https://www.ncbi.nlm.nih.gov/pubmed/25994643,,negative,0,2015.0
20961696,Ten-year outcomes: the clinical utility of single photon emission computed tomography/computed tomography capromab pendetide (Prostascint) in a cohort diagnosed with localized prostate cancer.,Ellis RJ,"PURPOSE: To evaluate the clinical utility of capromab pendetide imaging with single photon emission computed tomography coregistration with computed tomography (SPECT/CT) in primary prostate cancer (CaP) for pretreatment prognostic staging and localization of biologic target volumes (BTV) for individualized image-guided radiotherapy dose escalation (IGRT-DE). METHODS AND MATERIALS: Patients consecutively presenting for primary radiotherapy (February 1997 to December 2002), having a clinical diagnosis of localized CaP, were evaluated for tumor stage using conventional staging and SPECT/CT (N=239). Distant metastatic uptake (mets) were identified by SPECT/CT in 22 (9.2%). None of the suspected mets could be clinically confirmed. Thus, all subjects were followed without alteration in disease management. The SPECT/CT pelvic images defined BTV for IGRT-DE (+150% brachytherapy dose) without (n=150) or with (n=89) external radiation of 45 Gy. The National Comprehensive Cancer Network criteria defined risk groups (RG). The median survivor follow-up was 7 years. Biochemical disease-free survival (bDFS) was reported by clinical nadir +2 ng/mL (CN+2) criteria. Statistical analyses included Kaplan-Meier, multivariate analysis, and Concordance-index models. RESULTS: At 10-year analyses, overall survival was 84.8% and bDFS was 84.6%. With stratification by RG, CN+2 bDFS was 93.5% for the low-RG (n=116), 78.7% for the intermediate-RG (n=94), and 68.8% for the high-RG (n=29), p=0.0002. With stratification by pretreatment SPECT/CT findings, bDFS was 65.5% in patients with suspected mets (n=22) vs. 86.6% in patients with only localized uptake (n=217), p=0.0014. CaP disease-specific survival (DSS) was 97.7% for the cohort. With stratification by SPECT/CT findings, DSS was 86.4% (with suspected mets) vs. 99.0% (localized only), p=0.0001. Using multivariate analysis, the DSS hazard ratio for SPECT/CT findings (mets vs. localized) was 3.58 (p=0.0026). Concordance-index tests, based on all data, by CN+2 bDFS criteria were 0.710 for RG alone and 0.773 for SPECT/CT + RG. CONCLUSIONS: Through long-term outcomes we demonstrate statistically significant bDFS and DSS predictive value for pretreatment capromab pendetide SPECT/CT imaging in primary CaP. Dual clinical utility is demonstrated, using SPECT/CT to define BTV for individualized IGRT-DE.",Int J Radiat Oncol Biol Phys,2011,81,29-34,10.1016/j.ijrobp.2010.05.053,https://www.ncbi.nlm.nih.gov/pubmed/20961696,LOW RISK,positive,1,
32068493,"The Comparative Outcomes of Radical Prostatectomy versus Radiotherapy for Nonmetastatic Prostate Cancer: A Longitudinal, Population-Based Analysis",Oake JD,"PURPOSE: The comparative effectiveness of radical prostatectomy (RP) versus radiation therapy (RT) for prostate cancer remains a largely debated topic. Utilizing a provincial population-based linked data set from an equal-access, universal health care system, we sought to compare outcomes among patients treated with either radiation or prostatectomy for nonmetastatic prostate cancer. MATERIALS AND METHODS: We performed a retrospective cohort study by linking several administrative data sets to identify patients who were diagnosed with prostate cancer between 2004 and 2016 in Manitoba, Canada and who were subsequently treated with either RP or RT. Cox proportional hazard models with inverse probability of treatment weighting were used to compare rates of all-cause mortality, as well as prostate cancer specific mortality (PCSM) between patients who underwent RP vs RT. RESULTS: During the study period, 2,540 patients underwent RP and 1,895 underwent RT for prostate cancer. Unadjusted overall survival was higher for RP vs RT (5-year overall survival 95.52% for RP compared with 84.55% for RT, p <0.0001). In inverse probability of treatment weighting-adjusted Cox regression analysis, compared to patients in the RP groups, patients in the RT group had an increased rate of all-cause mortality (HR 1.93, 95% CI 1.65-2.26, p <0.0001), and PCSM (HR 3.98, 95% CI 2.89-5.49; p <0.0001). CONCLUSIONS: RT was associated with higher all-cause mortality and PCSM rates compared with RP. These findings highlight the importance of comparative effectiveness research to identify treatment disparities and warrant further investigation.",J Urol,2022,208,846-854,doi: 10.1097/JU.0000000000000805. Epub 2020 Feb 18,https://www.ncbi.nlm.nih.gov/pubmed/32068493,,negative,0,2020.0
31942652,Focal high-dose-rate brachytherapy for localized prostate cancer: toxicity and preliminary biochemical results,Prada PJ,"BACKGROUND: This study aimed to evaluate the outcomes and the toxicity of focal high-dose-rate (HDR) brachytherapy in selected localized prostate cancer patients. METHODS: Fifty patients were treated with focal high-dose-rate brachytherapy between March 2013 and November 2017, representing 5% of the cases treated by our group during this period. Only patients with very limited and localized tumors, according to strict criteria, were selected for the procedure. The prescribed dose for the focal volume was 24 Gy. RESULTS: The treated volume corresponded to a mean value of 32% of the total prostatic volume. The mean focal D<sub>90</sub> in our series was 23 Gy (range 16-26 Gy). The mean initial IPSS was 8.2 (range 0-26), at 6 months 7.5 (range 0-23), and at 24 months 6.7 (range 0-18). No acute or late urinary retention was seen. When the ICIQ-SF score was 0 at the end of treatment, it remained nil thereafter at 1 and 2 years for all patients. No intraoperative or perioperative complications occurred. No rectal toxicity was reported after treatment. Of the total patients identified as potent, only three patients had a very slight decrease of the mean IIEF5. The mean initial PSA was 6.9 ng/mL (range 1.9-13.4). At the last follow-up visit, the mean PSA was 3 ng/ml (range 0.48-8.11). CONCLUSION: HDR focal brachytherapy in selected patients with low intermediate-risk prostate cancer could achieve the same satisfactory results in terms of relapse-free survival as conventional whole prostate brachytherapy with less toxicity.",Strahlenther Onkol,2020,196,222-228,doi: 10.1007/s00066-019-01561-3. Epub 2020 Jan 15,https://www.ncbi.nlm.nih.gov/pubmed/31942652,,negative,0,2020.0
20951450,Analysis of second malignancies after modern radiotherapy versus prostatectomy for localized prostate cancer,Huang J,"PURPOSE: To clarify the risk of developing second primary cancers (SPCs) after radiotherapy (RT) versus prostatectomy for localized prostate cancer (PCa) in the modern era. METHODS: The RT cohort consisted of 2120 patients matched on a 1:1 basis with surgical patients according to age and follow-up time. RT techniques consisted of conventional or two-dimensional RT (2DRT, 36%), three-dimensional conformal RT and/or intensity modulated RT (3DCRT/IMRT, 29%), brachytherapy (BT, 16%), and a combination of 2DRT and BT (BT boost, 19%). RESULTS: The overall SPC risk was not significantly different between the matched-pair (HR 1.14, 95% CI 0.94-1.39), but the risk became significant >5years or >10years after RT (HR 1.86, 95% CI 1.36-2.55; HR 4.94, 95% CI 2.18-11.2, respectively). The most significant sites of increased risk were bladder, lymphoproliferative, and sarcoma. Of the different RT techniques, only 2DRT was associated with a significantly higher risk (HR 1.76, 95% CI 1.32-2.35), but not BT boost (HR 0.83, 95% CI 0.50-1.38), 3DCRT/IMRT (HR 0.81, 95% CI 0.55-1.21), or BT (HR 0.53, 95% CI 0.28-1.01). CONCLUSIONS: Radiation-related SPC risk varies depending on the RT technique and may be reduced by using BT, BT boost, or 3DCRT/IMRT.",Radiother Oncol,2011,98,81-6,doi: 10.1016/j.radonc.2010.09.012. Epub 2010 Oct 14,https://www.ncbi.nlm.nih.gov/pubmed/20951450,,negative,0,2010.0
23356910,Fourteen-year oncological and functional outcomes of high-intensity focused ultrasound in localized prostate cancer.,Ganzer R,"UNLABELLED: WHAT'S KNOWN ON THE SUBJECT? AND WHAT DOES THE STUDY ADD?: High-intensity focused ultrasound (HIFU) is an alternative treatment option for localized prostate cancer (PCa), which is applied for over 15 years. There are conflicting recommendations for HIFU among urological societies, which can be explained by the lack of prospective controlled studies, reports on preselected patient populations and limited follow-up providing little information on overall and cancer-specific survival. We report on a large, unselected consecutive patient series of patients who have undergone primary HIFU for clinically localized PCa with the longest follow-up in current literature. Our results improve the understanding of the oncological efficacy, morbidity and side effects of primary HIFU. OBJECTIVE: To assess the safety, functional and oncological long-term outcomes of high-intensity focused ultrasound (HIFU) as a primary treatment option for localized prostate cancer (PCa). PATIENTS AND METHODS: We conducted a retrospective single-centre study on 538 consecutive patients who underwent primary HIFU for clinically localized PCa between November 1997 and September 2009. Factors assessed were: biochemical disease-free survival (BDFS) according to Phoenix criteria (prostate-specific antigen nadir + 2 ng/mL); metastatic-free, overall and PCa-specific survival; salvage treatment; side effects; potency; and continence status. RESULTS: The mean (sd; range) follow-up was 8.1 (2.9; 2.1-14.0) years. The actuarial BDFS rates at 5 and 10 years were 81 and 61%, respectively. The 5-year BDFS rates for low-, intermediate- and high-risk patients were 88, 83 and 48%, while the 10-year BDFS rates were 71, 63 and 32%, respectively. Metastatic disease was reported in 0.4, 5.7 and 15.4% of low-, intermediate- and high-risk patients, respectively. The salvage treatment rate was 18%. Seventy-five (13.9%) patients died. PCa-specific death was registered in 18 (3.3%) patients (0, 3.8 and 11% in the low-, intermediate- and high-risk groups, respectively). Side effects included bladder outlet obstruction (28.3%), Grade I, II and III stress urinary incontinence (13.8, 2.4 and 0.7%, respectively) and recto-urethral fistula (0.7%). Preserved potency was 25.4% (in previously potent patients). CONCLUSIONS: The study demonstrates the efficacy and safety of HIFU for localized PCa. HIFU is a therapeutic option for patients of advanced age, in the low- or intermediate-risk groups, and with a life expectancy of ∼10 years.",BJU Int,2013,112,322-9,10.1111/j.1464-410X.2012.11715.x,https://www.ncbi.nlm.nih.gov/pubmed/23356910,LOW RISK,positive,1,
26499318,Passive proton therapy vs. IMRT planning study with focal boost for prostate cancer,Yeo I,"BACKGROUND: Exploiting biologic imaging, studies have been performed to boost dose to gross intraprostatic tumor volumes (GTV) while reducing dose elsewhere in the prostate. Interest in proton beams has increased due to superior normal-tissue sparing they afford. Our goal was to dosimetrically compare 3D conformal proton boost plans with intensity-modulated radiation therapy (IMRT) plans with respect to target coverage and avoiding organs at risk. METHODS: Treatment planning computer tomography scans of ten patients were selected. For each patient, two hypothetical but realistic GTVs each with a fixed volume were contoured in different anatomical locations of the prostate. IMRT and proton beam plans were created with a prescribed dose of 50.4 Gy to the initial planning target volume (PTV) including the PTV of the seminal vesicles (PSV), 70.2 Gy to the PTV of the prostate (PPS), and 90 Gy to the PTV of the gross tumor volumes (PGTVs). For proton plans, uncertainties of range and patient setup were accounted for; apertures were adjusted until the dose-volume coverage of PTVs matched that of the IMRT plan. For both plans, prescribed PTV doses were made identical to allow for comparing normal-tissue doses. RESULTS: Protons delivered more homogeneous but less conformal doses to PGTVs than IMRT did and comparable doses to PSV and PPS. Volumes of bladder and rectum receiving doses higher than 65 Gy were similar for both plans. However, volumes receiving less than 65 Gy were significantly reduced, i.e., protons reduced integral dose by 45.6 % and 26.5 % for rectum and bladder, respectively. This volume-sparing was also seen in femoral heads and penile bulb. CONCLUSIONS: Protons delivered comparable doses to targets in dose homogeneity and conformity and spared normal tissues from intermediate-to-low doses better than IMRT did. Further improvement of dose sparing and changes in homogeneity and conformity may be achieved by reducing proton range uncertainties and from implementing intensity modulation.",Radiat Oncol,2015,24,,doi: 10.1186/s13014-015-0522-5,https://www.ncbi.nlm.nih.gov/pubmed/26499318,,negative,0,2015.0
22981709,Short-term androgen-deprivation therapy improves prostate cancer-specific mortality in intermediate-risk prostate cancer patients undergoing dose-escalated external beam radiation therapy.,Zumsteg ZS,"PURPOSE: We investigated the benefit of short-term androgen-deprivation therapy (ADT) in patients with intermediate-risk prostate cancer (PC) receiving dose-escalated external beam radiation therapy. METHODS AND MATERIALS: The present retrospective study comprised 710 intermediate-risk PC patients receiving external beam radiation therapy with doses of ≥81 Gy at a single institution from 1992 to 2005, including 357 patients receiving neoadjuvant and concurrent ADT. Prostate-specific antigen recurrence-free survival (PSA-RFS) and distant metastasis (DM) were compared using the Kaplan-Meier method and Cox proportional hazards models. PC-specific mortality (PCSM) was assessed using competing-risks analysis. RESULTS: The median follow-up was 7.9 years. Despite being more likely to have higher PSA levels, Gleason score 4 + 3 = 7, multiple National Comprehensive Cancer Network intermediate-risk factors, and older age (P≤.001 for all comparisons), patients receiving ADT had improved PSA-RFS (hazard ratio [HR], 0.598; 95% confidence interval [CI], 0.435-0.841; P=.003), DM (HR, 0.424; 95% CI, 0.219-0.819; P=.011), and PCSM (HR, 0.380; 95% CI, 0.157-0.921; P=.032) on univariate analysis. Using multivariate analysis, ADT was an even stronger predictor of improved PSA-RFS (adjusted HR [AHR], 0.516; 95% CI, 0.360-0.739; P<.001), DM (AHR, 0.347; 95% CI, 0.176-0.685; P=.002), and PCSM (AHR, 0.297; 95% CI, 0.128-0.685; P=.004). Gleason score 4 + 3 = 7 and ≥50% positive biopsy cores were other independent predictors of PCSM. CONCLUSIONS: Short-term ADT improves PSA-RFS, DM, and PCSM in patients with intermediate-risk PC undergoing dose-escalated external beam radiation therapy.",Int J Radiat Oncol Biol Phys,2013,85,1012-7,10.1016/j.ijrobp.2012.07.2374,https://www.ncbi.nlm.nih.gov/pubmed/22981709,INTERMEDIATE RISK,positive,1,
20835257,The 5-year functional outcomes after radical prostatectomy: a real-life experience in Korea,Hong SK,"We investigated the functional outcomes regarding erectile function and urinary continence up to 5 years following radical prostatectomy (RP) in a cohort of Korean men. We retrospectively analyzed the clinicopathologic data of 85 Korean men who received open uni- or bilateral nerve-sparing RP for clinically localized prostate cancer and were followed up for at least 5 years postoperatively. From medical records, patients' status regarding urinary and erectile function at baseline and postoperative followups after RP was assessed. At 24 and 60 months after RP, proportions of subjects continent (no pads used) were 89.4% and 97.6%, respectively (P = 0.007). Excluding subjects (n = 24) who preoperatively reported having severe erectile dysfunction or lacked relevant informations, proportions of subjects capable of having vaginal intercourse regardless of erectile aid usage were 47.5% and 37.7% at 24 and 60 months from RP, respectively (P = 0.022). Patient's age at surgery (P = 0.047) and salvage radiation therapy (P = 0.026) were observed to be significant predictors of having erections sufficient for intercourse at 60 months from RP in multivariate analysis. Our results showed that while patients' postoperative status regarding urinary continence at 2 years from RP is generally maintained or improved at 5 year point, erectile function was observed to significantly declined from 2 years to 5 years following RP. Such decline in erectile function following RP may be more significant among men who were relatively older at surgery or those who received salvage therapy during postoperative follow-ups.",Asian J Androl,2010,12,835-40,doi: 10.1038/aja.2010.81. Epub 2010 Sep 13,https://www.ncbi.nlm.nih.gov/pubmed/20835257,,negative,0,2010.0
23664646,"Long-term outcome for prostate cancer using pseudo pulse-dosed rate brachytherapy, external beam radiotherapy, and hormones.",Izard MA,"PURPOSE: We report the long-term outcomes of pulse-dose rate (PDR) brachytherapy used in a nonstandard style (pseudo-PDR) with an high-dose rate brachytherapy technique in conjunction with external beam radiotherapy (EBRT) and hormonal manipulation on prostate cancer (PC). METHODS AND MATERIALS: We treated 253 patients with Stage T1-T3 N0M0 PC, between December 1999 and March 2006. All patients received neoadjuvant androgen deprivation for a median 6 months. Treatment consisted of three pulses of pseudo-PDR brachytherapy to a median dose of 18Gy with 50.4Gy in 28 fractions of EBRT. RESULTS: At a median 6 years followup, (range, 1-11 years), 5-year overall survival was 92%, and PC-specific survival was 96%. The 5-year biochemical control (biochemical no evidence of disease) by the Phoenix definition for low-, intermediate-, and high-risk groups was 95%, 90%, and 71%, respectively (p<0.00001). At 6 years, the incidence of Radiotherapy Oncology Group Grade 2 and 3 genitourinary toxicity was 1% and 6%; Radiotherapy Oncology Group Grade 2 and 3 gastrointestinal toxicity was 4% and 0%. Erectile preservation at 3 years was 58%. The Phoenix definition best predicted clinical failure with a high specificity (94%). CONCLUSIONS: Pseudo-PDR brachytherapy plus EBRT with limited neoadjuvant hormonal manipulation is an effective treatment option in localized PC, with minimal and tolerable morbidity and provides excellent control. This technique of a modified PDR-delivery technique appears as effective as high-dose rate therapy.",Brachytherapy,2013,12,608-14,10.1016/j.brachy.2013.04.004,https://www.ncbi.nlm.nih.gov/pubmed/23664646,INTERMEDIATE RISK,positive,1,
24571244,Impact of laparoscopic radical prostatectomy on clinical T3 prostate cancer: experience of a single centre with long-term follow-up,Gözen AS,"OBJECTIVE: To investigate the oncological safety and effectiveness of laparoscopic radical prostatectomy (LRP) for patients with clinical T3 (cT3) prostate cancer compared with patients with cT1 and cT2 prostate cancer. PATIENTS AND METHODS: In all, 2375 consecutive LRPs were evaluated between 1999 and 2013. Of the 1751 patients enrolled with complete follow-up data (>24 months), patients were divided into three groups according to clinical stage of prostate cancer using Tumour-Node-Metastasis (TNM) classification. Group 1 consisted of patients with cT1 stage prostate cancer, group 2 those with cT2, and group 3 those with cT3. Demographic, postoperative, and long-term data of patients were recorded and statistical analyses were performed. RESULTS: The mean (SD) age was 63.6 (6.2) years. The mean (SD) follow-up was 104 (28.4) months. There were 417 patients in group 1, 842 patients in group 2, and 492 patients in group 3. The mean prostate-specific antigen level, biopsy Gleason score, tumour volume, body mass index, and age, were all higher in group 3 (P < 0.001). Nerve-sparing techniques were used more in group 1 than in the other groups (P < 0.001). Extracapsular extension, seminal vesicle invasion, Gleason score, positive surgical margin (PSM), and rate of adjuvant hormone and radiotherapies were highest in group 3. However, urinary continence was similar in all groups. Group 1 contained the most patients with an erection sufficient for intercourse. Group 1 had the best cancer-specific survival rate, whereas overall survival (OS) rates and complications were similar in all groups. CONCLUSION: LRP seems effective and safe for patients with cT3 prostate cancer with similar OS rates as for those with cT1 and cT2; however, additional therapies may have contributed to these rates. LRP can be considered for the treatment of patients with cT3 prostate cancer.",BJU Int,2015,116,102-8,doi: 10.1111/bju.12710. Epub 2015 Mar 27,https://www.ncbi.nlm.nih.gov/pubmed/24571244,,negative,0,2015.0
16086912,20 Gy versus 44 Gy supplemental beam radiation with Pd-103 prostate brachytherapy: preliminary biochemical outcomes from a prospective randomized multi-center trial,Wallner K,"BACKGROUND AND PURPOSE: While favorable results are achieved with combined modality irradiation, there has never been a rigorous study of the need for supplemental beam. The study reported here compares clinical outcomes with substantially different external beam radiation doses. Similar to classic randomized Wilm's tumor studies from the 1980s, the intention of the trial design was to decrementally test the need for beam radiation. PATIENTS AND METHODS: As of June 2000, 165 of a planned 600 patients with 1997 AJC clinical stage T1c-T2a prostatic carcinoma, Gleason grade 7-10 and/or PSA 10-20 ng/ml, were treated on a randomized protocol comparing 44 versus 20 Gy pre-implant supplemental beam radiation, combined with Pd-103, 90 versus 115 Gy, respectively (NIST-1999). Freedom from biochemical failure was defined as a serum PSA</=0.5 ng/ml at last follow-up. Patients were censored at last follow-up if their serum PSA was still decreasing. Patients whose serum PSA nadired at a value >0.5 ng/ml were scored as failures at the time at which their PSA nadired. The follow-up period for non-failing patients ranged from 0.5 to 4.9 years (median: 2.9 years). Accrual of 566 patients was achieved in October 2004. The study was closed at that time because of slowing accrual, due in part to the findings reported here. RESULTS: The overall actuarial freedom from biochemical progression at 3 years is 85%, with 59 patients followed beyond 3 years. A total of 21 patients have developed biochemical failure, 12 treated with 20 Gy and nine treated with 44 Gy. There were no clinically evident local failures. The actuarial biochemical freedom-from-failure rate at 3 years was 83% for 20 Gy patients versus 88% for 44 Gy patients (P=0.64). For 112 patients with a pre-treatment PSA<10 ng/ml, the 3-year freedom from progression was 84% in patients receiving 20 Gy beam radiation versus 94% in those who received 44 Gy beam (P=0.16). For 47 patients with a pre-treatment PSA>10 ng/ml, the 3-year freedom from progression was 82% in patients receiving 20 Gy beam radiation versus 72% in those who received 44 Gy beam (P=0.38). CONCLUSIONS: The randomized data presented here suggests that the likelihood of biochemical cure is similar with standard (44 Gy) or lower dose (20 Gy) supplemental beam radiation. Since the biological effect of 20 Gy external beam radiation is likely to be small, we interpret these preliminary results to suggest that supplemental beam radiation is unnecessary, in the setting of a high degree of prostate coverage by the brachytherapy prescription dose. With closure of this study, we have begun treating intermediate and high risk patients on a prospective randomized comparison of Pd-103 with 20 versus 0 Gy supplemental beam radiation.",Radiother Oncol,2005,75,307-10,doi: 10.1016/j.radonc.2005.03.019,https://www.ncbi.nlm.nih.gov/pubmed/16086912,,negative,0,2005.0
20550722,Early clinical experience of radiotherapy of prostate cancer with volumetric modulated arc therapy,Pesce GA,"BACKGROUND: To report about initial clinical experience in radiation treatment of carcinoma of prostate with volumetric modulated arcs with the RapidArc (RA) technology. METHODS: Forty-five patients with a median age of 72 +/- 3, affected by prostate carcinoma (T1c: 22 patients, T2a-b: 17 patients, T3a-b: 6 patients. N0: 43 patients, N1-Nx: 2 patients, all M0), with initial PSA of 10.0 +/- 3.0 ng/mL, were treated with RapidArc in a feasibility study. All patients were treated with single arc using 6MV photons. Dose prescription ranged between 76 (7 patients) and 78 Gy (38 patients) in 2 Gy/fraction. Plan quality was assessed by means of Dose Volume Histogram (DVH) analysis. Technical parameters of arcs and pre-treatment quality assurance results (Gamma Agreement Index, GAI) are reported to describe delivery features. Early toxicity was scored (according to the Common Terminology Criteria of Adverse Effects scale, CTCAE, scale) at the end of treatment together with biochemical outcome (PSA). RESULTS: From DVH data, target coverage was fulfilling planning objectives: V95% was in average higher than 98% and V107% approximately 0.0% (D2% approximately 104.0% in average). Homogeneity D5%-D95% ranged between 6.2 +/- 1.0% to 6.7 +/- 1.3%. For rectum, all planning objectives were largely met (e.g. V70Gy = 10.7 +/- 5.5% against an objective of < 25%) similarly for bladder (e.g. D2% = 79.4 +/- 1.2 Gy against an objective of 80.0 Gy). Maximum dose to femurs was D2% = 36.7 +/- 5.4 Gy against an objective of 47 Gy. Monitor Units resulted: MU/Gy = 239 +/- 37. Average beam on time was 1.24 +/- 0.0 minutes. Pre-treatment GAI resulted in 98.1 +/- 1.1%. Clinical data were recorded as PSA at 6 weeks after RT, with median values of 0.4 +/- 0.4 ng/mL. Concerning acute toxicity, no patient showed grade 2-3 rectal toxicity; 5/42 (12%) patients experienced grade 2 dysuria; 18/41 (44%) patients preserved complete or partial erectile function. CONCLUSION: RapidArc proved to be a safe, qualitative and advantageous treatment modality for prostate cancer.",Radiat Oncol,2010,16,,doi: 10.1186/1748-717X-5-54,https://www.ncbi.nlm.nih.gov/pubmed/20550722,,negative,0,2010.0
20529139,Quality of life following high-intensity focused ultrasound for the treatment of localized prostate cancer: a prospective study,Shoji S,"OBJECTIVES: To report our health-related quality of life (QOL) and functional outcomes following high-intensity focused ultrasound (HIFU) for localized prostate cancer. METHODS: Data from prostate cancer patients undergoing HIFU at our institution between January 1999 and April 2007 were collected in our prospective database. Standard preoperative and surgical parameters, as well as baseline urinary function, QOL and sexual assessment were included. The Japanese version of the Functional Assessment of Cancer Therapy-general (FACT-G), the FACT-prostate (P) and the International Index of Erectile Function-5 (IIEF-5) were used for the functional assessment. These self-administered questionnaires were collected preoperatively and again at 6, 12 and 24 months postoperatively. RESULTS: A total of 326 patients were included in the analysis. Maximum flow rate and residual urine volume were significantly impaired at 6 months (P = 0.010) after HIFU, even if they returned to baseline values at 12 or 24 months after HIFU. The total FACT-G score significantly improved at 24 months (P = 0.027) after HIFU. At 6, 12 and 24 months after HIFU, 52%, 63% and 78%, respectively, of the patients, not receiving neoadjuvant hormonal therapy, were potent. CONCLUSIONS: In our experience, functional and QOL outcomes after HIFU therapy for localized prostate cancer are better than those after other treatment modalities.",Int J Urol,2010,17,715-9,doi: 10.1111/j.1442-2042.2010.02568.x. Epub 2010 May 31,https://www.ncbi.nlm.nih.gov/pubmed/20529139,,negative,0,2010.0
20124169,Randomized trial comparing conventional-dose with high-dose conformal radiation therapy in early-stage adenocarcinoma of the prostate: long-term results from proton radiation oncology group/american college of radiology 95-09.,Zietman AL,"PURPOSE To test the hypothesis that increasing radiation dose delivered to men with early-stage prostate cancer improves clinical outcomes. PATIENTS AND METHODS Men with T1b-T2b prostate cancer and prostate-specific antigen </= 15 ng/mL were randomly assigned to a total dose of either 70.2 Gray equivalents (GyE; conventional) or 79.2 GyE (high). No patient received androgen suppression therapy with radiation. Local failure (LF), biochemical failure (BF), and overall survival (OS) were outcomes. Results A total of 393 men were randomly assigned, and median follow-up was 8.9 years. Men receiving high-dose radiation therapy were significantly less likely to have LF, with a hazard ratio of 0.57. The 10-year American Society for Therapeutic Radiology and Oncology BF rates were 32.4% for conventional-dose and 16.7% for high-dose radiation therapy (P < .0001). This difference held when only those with low-risk disease (n = 227; 58% of total) were examined: 28.2% for conventional and 7.1% for high dose (P < .0001). There was a strong trend in the same direction for the intermediate-risk patients (n = 144; 37% of total; 42.1% v 30.4%, P = .06). Eleven percent of patients subsequently required androgen deprivation for recurrence after conventional dose compared with 6% after high dose (P = .047). There remains no difference in OS rates between the treatment arms (78.4% v 83.4%; P = .41). Two percent of patients in both arms experienced late grade >/= 3 genitourinary toxicity, and 1% of patients in the high-dose arm experienced late grade >/= 3 GI toxicity. CONCLUSION This randomized controlled trial shows superior long-term cancer control for men with localized prostate cancer receiving high-dose versus conventional-dose radiation. This was achieved without an increase in grade >/= 3 late urinary or rectal morbidity.",J Clin Oncol,2010,28,1106-11,10.1200/JCO.2009.25.8475,https://www.ncbi.nlm.nih.gov/pubmed/20124169,LOW RISK,positive,1,
32367438,Oncologic outcomes of patients with incidental prostate cancer who underwent RARC: a comparison between nerve sparing and non-nerve sparing approach,Chessa F,"BACKGROUND: Incidental Prostate cancer (iPCa) is a relatively common finding during histopathological evaluation of radical cystectomy (RC) specimens. To reduce the high impact of RC on erectile function, several sexual-preserving techniques have been proposed. The aim of this study was to evaluate and compare the oncologic outcomes of patients with iPCa who underwent nerve spring and no-nerve sparing robot-assisted radical cystectomy (RARC). METHODS: The clinicopathologic data of male patients who underwent RARC at our institution between 2006 and 2016 were retrospectively analysed. Patients with iPCa at definitive pathological examinations were stratified in two groups, according to the preservation of the neurovascular bundles (nerve sparing vs no nerve sparing). Significant PCa was defined as any Gleason score ≥ 3 + 4. Biochemical recurrence (BR) was defined as a sustained PSA level > 0.2 ng/mL on two or more consecutive appraisals. BR rate was assessed only in patients with incidental prostate cancer and at least 2 years of follow-up. Differences in categorical and continuous variables were analysed using the chi-squared test and the Mann-Withney U test, respectively. Biochemical recurrence curves were generated using the Kaplan-Meier method and compared with the Log-rank test. RESULTS: Overall, 343 male patients underwent RARC for bladder cancer within the study period. Nerve-sparing surgery was performed in 143 patients (41%), of these 110 had at least 2 years of follow up after surgery. Patients who underwent nerve-sparing surgery were significantly younger (p < 0.001). Clinically significant PCa was found in 24% of patients. No significant differences regarding preoperative PSA value (p = 0.3), PCa pathological stage (p = 0.5), Gleason score (p = 0.3) and positive surgical margin rates (p = 0.3) were found between the two groups. After a median follow-up of 51 months only one patient, in the no-nerve-sparing group had developed a biochemical recurrence (p = 0.4). CONCLUSIONS: In our series most of the iPca detected in RC specimens can be considered as insignificant with a low rate of BR (0.9%). Nerve-sparing RARC is a safe procedure which did not affect oncological outcomes of patients with iPCa.",J Robot Surg,2021,15,105-114,doi: 10.1007/s11701-020-01081-8. Epub 2020 May 4,https://www.ncbi.nlm.nih.gov/pubmed/32367438,,negative,0,2020.0
21783233,Radical prostatectomy for high-risk prostate cancer defined by preoperative criteria: oncologic follow-up in national multicenter study in 813 patients and assessment of easy-to-use prognostic substratification.,Ploussard G,"OBJECTIVE: To estimate the effect of predictive factors for oncologic outcomes after radical prostatectomy (RP) for high-risk prostate cancer (PCa). METHODS: A total of 813 patients underwent RP for high-risk PCa in a national retrospective multi-institutional study. High-risk PCa was defined as follows: prostate-specific antigen (PSA) level>20 ng/mL, Gleason score 8-10, and/or clinical Stage T2c-T4 disease. The preoperative criteria of high-risk PCa were studied in a logistic regression model to assess the correlations with the pathologic findings in the RP specimens. The predictive factors isolated or combined in scores were assessed by Cox multivariate and Kaplan-Meier analyses in predicting PSA failure (recurrence-free survival [RFS]) and overall survival (OS). RESULTS: The median follow-up was 64 months. Organ-confined disease was reported in 36.5%. The 5-year RFS, metastasis-free survival, and OS rate was 74.1%, 96.1%, and 98.6%, respectively. Each preoperative criteria of high-risk PCa was an independent predictor of PSA failure. The PSA failure risk was increased by 1.5- and 2.8-fold in men with 2 and 3 criteria, respectively. The RFS, but not the OS, was significantly different according to the preoperative score (P<.001). The postoperative score was significantly predictive for RFS and OS (P<.001 and P<.035, respectively). The risk of PSA failure was significantly increased with an increasing postoperative score (2-4.6-fold). CONCLUSION: National data support evidence that RP can result in encouraging midterm oncologic outcomes for the management of high-risk PCa. At 5 years after surgery, 75% of patients remain disease free. Our easy-to-use risk stratification might help clinicians to better predict the clinical and PSA outcomes of high-risk patients after surgery.",Urology,2011,78,607-13,10.1016/j.urology.2011.05.021,https://www.ncbi.nlm.nih.gov/pubmed/21783233,HIGH RISK,positive,1,
19111801,"Outcomes for intermediate risk prostate cancer: are there advantages for surgery, external radiation, or brachytherapy?",Klein EA,"The treatment of localized prostate cancer remains controversial because of the lack of conclusive well-controlled or randomized studies comparing outcome of various forms of radiotherapy (RT) to radical prostatectomy (RP). We review recent results from an institutional database and prospective quality of life study comparing cancer-related and quality of live (QOL) outcomes among different treatment modalities for intermediate risk prostate cancer. The results suggest similar short-term survival but domain-specific effects on QOL after treatment with radical prostatectomy, brachytherapy, or external beam radiotherapy.",Urol Oncol,2009,27,67-71,10.1016/j.urolonc.2008.04.001,https://www.ncbi.nlm.nih.gov/pubmed/19111801,INTERMEDIATE RISK,positive,1,
20100637,Management of prostate cancer recurrence after definitive radiation therapy,Boukaram C,"The management of prostate cancer (PC) recurrence after definitive radiation therapy (RT) is shifting and there is no consensus regarding the optimal strategy. The major challenge is determining the anatomical site of relapse. In case of biochemical relapse (BR), androgen deprivation therapy (ADT) is a non-curative option commonly used, while patients with a local PC recurrence could be managed through a curative intent. Based on a Pubmed data search, this manuscript focused on the management of post-RT local PC recurrences. In case of BR (nadir+2 ng/ml), classical imaging work-up is not contributive for PSA levels <10 ng/ml while new imaging investigations (diffusion MRI, 11C-choline PET) are more sensitive to detect local and distant recurrences at lower PSA levels. Positive prostate biopsies are the only method for confirming local recurrence, although this technique presents limitations. Primary PC presentation as well as PSA-related features (interval to failure, PSA kinetic) and patient features (life expectancy, urinary, sexual status) are important to consider. Results of curative salvage options (radical prostatectomy, cryotherapy, brachytherapy and high-intensity focused ultrasound-HIFU) are analyzed and discussed. Each of these therapies appears feasible and has its own set of experience and toxicity profile. Other therapeutic options (photodynamic therapy, ADT, observation) are discussed. Longer follow-up and mature series are needed to evaluate the optimal strategy and prospective trials are warranted. Each clinical situation should be discussed in a multidisciplinary setting. Different options should be explained to the patient and decision should be taken after balancing treatment outcomes with life expectancy.",Cancer Treat Rev,2010,36,91-100,doi: 10.1016/j.ctrv.2009.06.006. Epub 2010 Jan 25,https://www.ncbi.nlm.nih.gov/pubmed/20100637,,negative,0,2010.0
15821486,12-year outcomes following permanent prostate brachytherapy in patients with clinically localized prostate cancer.,Potters L,"PURPOSE: We reviewed the outcomes in men treated with permanent prostate brachytherapy (PPB). MATERIAL AND METHODS: A total of 1,449 consecutive patients with a mean age of 68 years treated with PPB between 1992 and 2000 and mean pretreatment prostate specific antigen (PSA) 10.1 ng/ml were included in this study. Of the patients 55% presented with Gleason 6 tumors and 28% had Gleason 7 disease. A total of 400 patients (27%) were treated with neoadjuvant hormones and 301 (20%) were treated in combination with external radiation plus PPB. Several biochemical freedom from recurrence (BFR) definitions were determined. Statistical analysis consisted of log rank testing, Kaplan-Meier estimates and Cox regression analysis. RESULTS: Median followup was 82 months with 39 patients at risk at for 144 months. Overall and disease specific survival at 12 years was 81% and 93%, respectively. The 12-year BFR was 81%, 78%, 74% and 77% according to the American Society for Therapeutic Radiology and Oncology (ASTRO), ASTRO-Kattan, ASTRO-Last Call and Houston definitions, respectively. The 12-year ASTRO-Kattan BFR using risk stratification was 89%, 78% and 63% in patients at low, intermediate and high risk, respectively (p = 0.0001). Multivariate analysis identified the dose that 90% of the target volume received (p <0.0001), pretreatment PSA (p = 0.001), Gleason score (p = 0.002), the percent positive core biopsies (p = 0.037), clinical stage (p = 0.689), the addition of hormones (p = 0.655) and the addition of external radiation (p = 0.724) for predicting BFR-ASTRO. Five-year disease specific survival was 44% in patients with a PSA doubling time of less than 12 months vs 88% in those with a PSA doubling time of 12 months or greater (p = 0.0001). CONCLUSIONS: PPB offers acceptable 12-year BFR in patients who present with clinically localized prostate cancer. Implant dosimetry continues as an important predictor for BFR, while the addition of adjuvant therapies such as hormones and external radiation are insignificant. In patients who experience biochemical failure it appears that PSA doubling time is an important predictor of survival.",J Urol,2005,173,1562-6,10.1097/01.ju.0000154633.73092.8e,https://www.ncbi.nlm.nih.gov/pubmed/15821486,LOW RISK,positive,1,
20202991,Clinical results of iridium-192 high dose rate brachytherapy with external beam radiotherapy,Nohara T,"OBJECTIVE: Here, we report the clinical results of iridium-192 high dose rate brachytherapy at Kanazawa University Hospital. METHODS: The study population consisted of 166 patients diagnosed with T1c-T3bN0M0 prostate cancer treated with high dose rate brachytherapy and external beam radiotherapy and followed up for 6 months or longer. Treatment consisted of external beam radiotherapy to the prostate at 44 Gy/22 fractions and high dose rate brachytherapy at 18 Gy/3 fractions. RESULTS: Median follow-up interval was 31.5 months (range 6.2-88.7). The overall 5-year biological recurrence-free survival rate was 93.0%. The 5-year biological recurrence-free survival rates for the patients in low-, intermediate- and high-risk groups according to the D'Amico risk classification criteria were 96.1%, 89.0% and 91.6%, respectively. When limited to the group that did not receive adjuvant hormonal therapy, the 5-year biological recurrence-free survival rates for the patients in low-, intermediate- and high-risk groups were 96.0%, 96.3% and 82.9%, respectively. Grade 3 or greater adverse effects were rare. Urethral stricture was observed in only 1.0% of the patients. Eighty percent of patients retained erectile function after high dose rate brachytherapy and reported satisfaction with sexual function. CONCLUSIONS: High dose rate brachytherapy is considered a good form of treatment for localized prostate cancer, although longer follow-up is necessary.",Jpn J Clin Oncol,2010,40,677-83,doi: 10.1093/jjco/hyq016. Epub 2010 Mar 4,https://www.ncbi.nlm.nih.gov/pubmed/20202991,,negative,0,2010.0
16165923,Combined curative radiotherapy including HDR brachytherapy and androgen deprivation in localized prostate cancer: a prospective assessment of acute and late treatment toxicity,Wahlgren T,"Self-reported symptoms including urinary, bowel and sexual side effects were investigated prospectively at multiple assessment points before and after combined radiotherapy of prostate cancer including HDR brachytherapy and neoadjuvant androgen deprivation therapy. Between April 2000 and June 2003, patients with predominantly advanced localized prostate tumours subjected to this treatment were asked before treatment and on follow-up visits to complete a questionnaire covering urinary, bowel and sexual problems. The mainly descriptive analyses included 525 patients, responding to at least one questionnaire before or during the period 2-34 months after radiotherapy. Adding androgen deprivation before radiotherapy significantly worsened sexual function. During radiotherapy, urinary, bowel and sexual problems increased and were reported at higher levels up to 34 months, although there seemed to be a general tendency to less pronounced irritative bowel and urinary tract symptoms over time. No side effects requiring surgery were reported. Classic late irradiation effects such as mucosal bleeding were demonstrated mainly during the second year after therapy, but appear less pronounced in comparison with dose escalated EBRT series. In conclusion, despite the high radiation dose given, the toxicity seemed comparable with that of other series but long term (5-10 years) symptom outcome has to be determined.",Acta Oncol,2005,44,633-43,doi: 10.1080/02841860510029716,https://www.ncbi.nlm.nih.gov/pubmed/16165923,,negative,0,2005.0
19467793,Natural history of clinically staged low- and intermediate-risk prostate cancer treated with monotherapeutic permanent interstitial brachytherapy.,Taira AV,"PURPOSE: To evaluate the natural history of clinically staged low- and intermediate-risk prostate cancer treated with permanent interstitial seed implants as monotherapy. METHODS AND MATERIALS: Between April 1995 and May 2005, 463 patients with clinically localized prostate cancer underwent brachytherapy as the sole definitive treatment. Men who received supplemental external beam radiotherapy or androgen deprivation therapy were excluded. Dosimetric implant quality was determined based on the minimum dose that covered 90% of the target volume and the volume of the prostate gland receiving 100% of the prescribed dose. Multiple parameters were evaluated as predictors of treatment outcomes. RESULTS: The 12-year biochemical progression-free survival (bPFS), cause-specific survival, and overall survival rates for the entire cohort were 97.1%, 99.7%, and 75.4%, respectively. Only pretreatment prostate-specific antigen level, percent positive biopsy cores, and minimum dose that covered 90% of the target volume were significant predictors of biochemical recurrence. The bPFS, cause-specific survival, and overall survival rates were 97.4%, 99.6%, and 76.2%, respectively, for low-risk patients and 96.4%, 100%, and 74.0%, respectively, for intermediate-risk patients. The bPFS rate was 98.8% for low-risk patients with high-quality implants versus 92.1% for those with less adequate implants (p < 0.01), and it was 98.3% for intermediate-risk patients with high-quality implants versus 86.4% for those with less adequate implants (p < 0.01). CONCLUSIONS: High-quality brachytherapy implants as monotherapy can provide excellent outcomes for men with clinically staged low- and intermediate-risk prostate cancer. For these men, a high-quality implant can achieve results comparable to high-quality surgery in the most favorable pathologically staged patient subgroups.",Int J Radiat Oncol Biol Phys,2010,76,349-54,10.1016/j.ijrobp.2009.02.021,https://www.ncbi.nlm.nih.gov/pubmed/19467793,LOW RISK,positive,1,
32416376,Accelerating prostate stereotactic ablative body radiotherapy: Efficacy and toxicity of a randomized phase II study of 11 versus 29 days overall treatment time (PATRIOT),Alayed Y,"BACKGROUND: Prostate stereotactic ablative radiotherapy (SABR) regimens differ in time, dose, and fractionation. We report an update of a multicentre, Canadian randomized phase II study to investigate the impact of overall treatment time on quality of life (QOL), efficacy, and toxicity. METHODS: Men with intermediate risk prostate cancer were randomized to 40 Gy in 5 fractions delivered every other day (EOD) versus once per week (QW). Primary outcome was proportion of patients experiencing a minimally clinically important change (MCIC) in acute bowel QOL using EPIC. Secondary outcomes were toxicity, biochemical failure (BF), other QOL domains, and the rate of salvage therapy. FINDINGS: 152 men from 3 centers were randomized; the median follow-up was 62 months. Results are described for EOD versus QW. Acute bowel and urinary QOL was reported previously. Late changes in QOL were not significantly different between the two arms. There were 1 (1.3%) vs 3 (2.7%) late grade 3 + GI toxicities (p = 0.36) and 5 (6.7%) vs 2 (2.7%) late grade 3 GU toxicities (p = 0.44). Two and 5 patients had BF (5-year failure rate 3.0 vs 7.2%, p = 0.22); 0 and 4 patients received salvage therapy (p = 0.04). 5-Year OS and CSS was 95.8% and 98.6% with no difference between arms (p = 0.49, p = 0.15). 3 patients in the QW arm developed metastases. INTERPRETATION: Although we previously reported that weekly prostate SABR had better bowel and urinary QOL compared to EOD, the updated results show no difference in late toxicity, QOL, BF, or PSA kinetics. Patients should be counseled that QW SABR reduces short-term toxicity compared to QW SABR.",Radiother Oncol,2020,149,8-13,doi: 10.1016/j.radonc.2020.04.039. Epub 2020 Apr 27,https://www.ncbi.nlm.nih.gov/pubmed/32416376,,negative,0,2020.0
26112477,Salvage brachytherapy for locally recurrent prostate cancer after external beam radiotherapy,Yamada Y,"External beam radiotherapy (EBRT) is a standard treatment for prostate cancer. Despite the development of novel radiotherapy techniques such as intensity-modulated conformal radiotherapy, the risk of local recurrence after EBRT has not been obviated. Various local treatment options (including salvage prostatectomy, brachytherapy, cryotherapy, and high-intensity focused ultrasound [HIFU]) have been employed in cases of local recurrence after primary EBRT. Brachytherapy is the first-line treatment for low-risk and selected intermediate-risk prostate tumors. However, few studies have examined the use of brachytherapy to treat post-EBRT recurrent prostate cancer. The purpose of this paper is to analyze the current state of our knowledge about the effects of salvage brachytherapy in patients who develop locally recurrent prostate cancer after primary EBRT. This article also introduces our novel permanent brachytherapy salvage method.",Asian J Androl,2015,,-,doi: 10.4103/1008-682X.151391,https://www.ncbi.nlm.nih.gov/pubmed/26112477,,negative,0,2015.0
16259869,I-125 versus Pd-103 for low-risk prostate cancer: long-term morbidity outcomes from a prospective randomized multicenter controlled trial,Herstein A,"BACKGROUND: We tested the hypothesis that the shorter half-life of Pd-103 versus I-125 results in different late radiation-related morbidities following prostate brachytherapy. METHODS: As of June 14th, 2002, 352 of a planned total of 600 patients with 1997 American Joint Committee on Cancer (AJCC) clinical stage T1c-T2a prostatic carcinoma (Gleason grade 2-6, PSA 4-10 ng/mL) had been randomized to implantation with I-125 (144 Gy, TG-43) or Pd-103 (125 Gy, NIST-99). Treatment-related morbidity was monitored by questionnaires based on standard American Urologic Association (AUA) and Radiation Therapy Oncology Group (RTOG) criteria that were mailed at 1, 3, 6, 12, 18, and 24 months after implant. The use of alpha-blockers to relieve obstructive symptoms was not controlled for but was noted at each follow-up point. All patients reported here had a minimum follow-up of 2 years. Dosimetric parameters analyzed included the V100, which was defined as the percentage of the postimplant prostate volume covered by 100% of the prescription dose. Rectal doses were expressed as the R100, defined as the rectal volume (cc) that received at least 100% of the prescription dose. Statistical comparisons were by Student's unpaired t-test at specified follow-up times. RESULTS: The AUA scores peaked at the 1-month postimplant time point for both isotopes and gradually declined. The difference in AUA scores between patients who received I-125 versus those who received Pd-103 was greatest at 1 and 6 months following implantation. At 1 month, I-125 patients had a mean AUA score of 14.8 (+/-9.5) compared with 18.6 (+/-9.8) for the Pd-103 patients (P = 0.0009). By 6 months, mean AUA scores for the I-125 patients had decreased to 12.0 (+/-9.1) compared with 9.9 (+/-8.7) for the Pd-103 patients (P = 0.04). The use of alpha-blockers was similar between groups at all time points. Radiation proctitis (persistent bleeding) occurred in 29 of 314 patients (9%). There was an overall trend toward more proctitis in I-125 patients (P = 0.21). However, only four of the 163 patients (2%) with an R100 below the recommended 1.0 cc developed bleeding, which did not differ between isotopes (P = 0.49). DISCUSSION: Patients treated with Pd-103 had more intense radiation prostatitis in the first month after implantation, but they recovered from their radiation-related symptoms sooner than I-125 patients, consistent with palladium's shorter half-life. The trend toward more proctitis in the I-125 patient group likely reflects their higher R100 values due to less rapid dose fall-off that can be overcome with judicious treatment planning and implant execution.",Cancer J,2005,,-,doi: 10.1097/00130404-200509000-00005,https://www.ncbi.nlm.nih.gov/pubmed/16259869,,negative,0,2005.0
17698095,Importance of tumor location in patients with high preoperative prostate specific antigen levels (greater than 20 ng/ml) treated with radical prostatectomy.,Magheli A,"PURPOSE: We investigated the effect of tumor location (anterior vs posterior) on pathological characteristics and biochemical-free survival in patients with a preoperative prostate specific antigen level of greater than 20 ng/ml undergoing radical prostatectomy since transition zone tumors are known to present with higher prostate specific antigen levels. MATERIALS AND METHODS: We retrospectively studied the records of 265 patients treated with radical prostatectomy between 1984 and 2005 who had preoperative prostate specific antigen levels greater than 20 ng/ml. Review of pathology reports was performed and tumor location (anterior vs posterior) was defined. Differences in clinicopathological characteristics and prostate specific antigen recurrence rates were examined. RESULTS: Of 265 patients with a preoperative prostate specific antigen level of greater than 20 ng/ml who underwent radical prostatectomy 50 (19%) had anterior tumors and 215 (81%) had posterior tumors. Patients with anterior tumors had lower clinical stage and less seminal vesicle involvement than patients with posterior tumors (p = 0.006 and <0.001, respectively). Although Kaplan-Meier analysis demonstrated significantly higher rates of 5-year biochemical recurrence-free survival for patients with anterior vs posterior tumors (63% vs 40%, p = 0.020), anterior tumor location was not an independent predictor of biochemical recurrence. CONCLUSIONS: Radical prostatectomy is a feasible treatment option in patients with a preoperative prostate specific antigen level of greater than 20 ng/ml. The 5-year biochemical-free survival rate was 47%. Although anterior tumor location was associated with favorable pathological features and improved biochemical-free survival, it was not an independent predictor of biochemical recurrence. Further studies are warranted to identify patients with high preoperative prostate specific antigen levels most likely to have recurrence.",J Urol,2007,178,1311-5,10.1016/j.juro.2007.05.143,https://www.ncbi.nlm.nih.gov/pubmed/17698095,HIGH RISK,positive,1,
32215577,Outcomes of Observation vs Stereotactic Ablative Radiation for Oligometastatic Prostate Cancer: The ORIOLE Phase 2 Randomized Clinical Trial,Phillips R,"IMPORTANCE: Complete metastatic ablation of oligometastatic prostate cancer may provide an alternative to early initiation of androgen deprivation therapy (ADT). OBJECTIVE: To determine if stereotactic ablative radiotherapy (SABR) improves oncologic outcomes in men with oligometastatic prostate cancer. DESIGN, SETTING, AND PARTICIPANTS: The Observation vs Stereotactic Ablative Radiation for Oligometastatic Prostate Cancer (ORIOLE) phase 2 randomized study accrued participants from 3 US radiation treatment facilities affiliated with a university hospital from May 2016 to March 2018 with a data cutoff date of May 20, 2019, for analysis. Of 80 men screened, 54 men with recurrent hormone-sensitive prostate cancer and 1 to 3 metastases detectable by conventional imaging who had not received ADT within 6 months of enrollment or 3 or more years total were randomized. INTERVENTIONS: Patients were randomized in a 2:1 ratio to receive SABR or observation. MAIN OUTCOMES AND MEASURES: The primary outcome was progression at 6 months by prostate-specific antigen level increase, progression detected by conventional imaging, symptomatic progression, ADT initiation for any reason, or death. Predefined secondary outcomes were toxic effects of SABR, local control at 6 months with SABR, progression-free survival, Brief Pain Inventory (Short Form)-measured quality of life, and concordance between conventional imaging and prostate-specific membrane antigen (PSMA)-targeted positron emission tomography in the identification of metastatic disease. RESULTS: In the 54 men randomized, the median (range) age was 68 (61-70) years for patients allocated to SABR and 68 (64-76) years for those allocated to observation. Progression at 6 months occurred in 7 of 36 patients (19%) receiving SABR and 11 of 18 patients (61%) undergoing observation (P = .005). Treatment with SABR improved median progression-free survival (not reached vs 5.8 months; hazard ratio, 0.30; 95% CI, 0.11-0.81; P = .002). Total consolidation of PSMA radiotracer-avid disease decreased the risk of new lesions at 6 months (16% vs 63%; P = .006). No toxic effects of grade 3 or greater were observed. T-cell receptor sequencing identified significant increased clonotypic expansion following SABR and correlation between baseline clonality and progression with SABR only (0.082085 vs 0.026051; P = .03). CONCLUSIONS AND RELEVANCE: Treatment with SABR for oligometastatic prostate cancer improved outcomes and was enhanced by total consolidation of disease identified by PSMA-targeted positron emission tomography. SABR induced a systemic immune response, and baseline immune phenotype and tumor mutation status may predict the benefit from SABR. These results underline the importance of prospective randomized investigation of the oligometastatic state with integrated imaging and biological correlates. TRIAL REGISTRATION: ClinicalTrials.gov Identifier: NCT02680587.",JAMA Oncol,2020,1,,doi: 10.1001/jamaoncol.2020.0147,https://www.ncbi.nlm.nih.gov/pubmed/32215577,,negative,0,2020.0
21166755,Pilot study of salvage laparoscopic prostatectomy for the treatment of recurrent prostate cancer,Ahallal Y,"OBJECTIVE: • To evaluate feasibility, safety and oncological efficacy of salvage laparoscopic radical prostatectomy for pathology-proven biochemical recurrence after primary radiation therapy or cryotherapy for prostate cancer. MATERIALS AND METHODS: • This retrospective pilot study examined 15 patients from 2004 to 2010 with biochemical recurrence after external beam radiation therapy (N= 8), brachytherapy (N= 6) or cryotherapy (N= 1). • Patients were treated with salvage laparoscopic radical prostatectomy (11 conventional, four robotic-assisted) with bilateral pelvic dissection. RESULTS: • Median duration of surgery was 235 min. None of the following occurred: conversion to open surgery, transfusion, urethrovesical stenosis or perioperative or postoperative mortality. One patient presented with a rectal injury, repaired using uninterrupted sutures and a colostomy. One patient had anastomotic leak treated with prolonged Foley catheterization. • Pathological stage was pT2a in three, pT2b in three, pT3a in four, pT3b in three and pT4 in two patients; two patients had nodal metastasis. Within an 8-month median follow-up, 11 patients were disease-free and three had persistent postoperative prostate-specific antigen (PSA) elevation; the remaining patient experienced PSA recurrence after 21 months. • Seven patients achieved continence (no pads) by 8.4 months (median), one patient manifested severe incontinence corrected by implanting an artificial sphincter, and seven patients with a 12.6-month mean follow-up continued to need one or two pads per day. • Erectile dysfunction was present in five patients before surgery and in 14 patients after surgery. CONCLUSION: • Salvage laparoscopic radical prostatectomy seems to offer a safe therapeutic alternative for patients failing primary radiation or cryotherapy. However, larger studies with longer-term data are required.",BJU Int,2011,108,724-8,doi: 10.1111/j.1464-410X.2010.09924.x. Epub 2010 Dec 16,https://www.ncbi.nlm.nih.gov/pubmed/21166755,,negative,0,2010.0
30937571,"Tumor characteristics, oncological and functional outcomes after radical prostatectomy in very young men ≤ 45 years of age",Tilki D,"PURPOSE: Age is an important prognostic factor for functional and oncological outcomes after radical prostatectomy (RP). Considering the long life-expectancy of young patients (≤ 45 years), it remains important to examine their outcomes. METHODS: Of 16.049 patients who underwent RP between 01/2006 and 12/2014 at the Martini-Klinik Prostate Cancer Center, 119 (0.7%) were ≤ 45. Known prognosticators were compared according to patient age at RP (categorical as ≤ 45, > 45 and ≤ 65, > 65 years). Kaplan-Meier plots and Cox-regressions analyzed oncological outcomes [biochemical recurrence (BCR)-free survival and metastasis-free survival (MFS)]. Logistic regressions were used for functional outcome. Urinary continence (UC) was defined as the use of 0 or 1 safety pad/day and potency as an IIEF-5 score of ≥ 18. RESULTS: Compared to their older counterparts, patients ≤ 45 years had more favorable tumor characteristics. Of all patients aged ≤ 45 years, 89% underwent bilateral and 9.3% unilateral nerve-sparing procedure. Five year BCR-free survival and MFS were 80.2% and 98.7% for patients ≤ 45 years, 72.8% and 95.0% for patients > 45 and ≤ 65 years and 70.5% and 94.9% for patients > 65 years. For the same groups, 1-year UC-rates were 97.4%, 89.4%, and 84.7% while 1.3%, 8.2%, and 11.6% used 1-2 pads/24 h. At 1-year, 75.6%, 58.6%, and 45.3% of preoperatively potent patients who underwent bilateral nerve-sparing were considered potent. Younger age was an independent predictor of favorable functional outcome also in multivariable analysis. CONCLUSIONS: Patients aged ≤ 45 years had more favorable tumor characteristics and oncological outcomes. Moreover, younger patients should be counseled about the excellent postoperative continence and potency rates.",World J Urol,2020,38,95-101,doi: 10.1007/s00345-019-02740-8. Epub 2019 Apr 2,https://www.ncbi.nlm.nih.gov/pubmed/30937571,,negative,0,2020.0
25339310,Radical prostatectomy versus external beam radiotherapy for localized prostate cancer: Comparison of treatment outcomes,Kim YJ,"PURPOSE: We retrospectively compared the treatment outcomes of localized prostate cancer between radical prostatectomy (RP) and external beam radiotherapy (EBRT). MATERIALS AND METHODS: We retrospectively analyzed 738 patients with localized prostate cancer who underwent either RP (n = 549) or EBRT (n = 189) with curative intent at our institution between March 2001 and December 2011. Biochemical failure was defined as a prostate-specific antigen (PSA)  level of ≥ 0.2 ng/ml in the RP group and the nadir of + ≥ 2 ng/ml in the EBRT group. RESULTS: The median (range) follow-up duration was 48.8 months (0.7-133.2 months) and 48.7 months (1.0-134.8 months) and the median age was 66 years (45-89 years) and 71 years (51-84 years; p < 0.001) in the RP and EBRT groups, respectively. Overall, 21, 42, and 36 % of patients in the RP group, and 15, 27, and 58 % of patients in the EBRT group were classified as low, intermediate, and high risk, respectively (p < 0.001). Androgen-deprivation therapy was more common in the EBRT group (59 vs. 27 %, respectively; p < 0.001). The 8-year biochemical failure-free survival rates were 44 and 72 % (p < 0.001) and the disease-specific survival rates were 98 % and 97 % (p = 0.543) in the RP and EBRT groups, respectively. CONCLUSIONS: Although the EBRT group included more high-risk patients than did the RP group, the outcomes of EBRT were not inferior to those of RP. Our data suggest that EBRT is a viable alternative to RP for treating localized prostate cancer.",Strahlenther Onkol,2015,191,321-9,doi: 10.1007/s00066-014-0765-3. Epub 2014 Oct 23,https://www.ncbi.nlm.nih.gov/pubmed/25339310,,negative,0,2015.0
16289906,"A phase II study of external beam radiotherapy combined with permanent source brachytherapy for intermediate-risk, clinically localized adenocarcinoma of the prostate: preliminary results of RTOG P-0019",Lee WR,"PURPOSE: To estimate the rate of acute and late Grade 3-5 genitourinary and gastrointestinal toxicity after treatment with external beam radiotherapy and permanent source brachytherapy in a multi-institutional, cooperative group setting. METHODS AND MATERIALS: All patients were treated with external beam radiotherapy (45 Gy in 25 fractions), followed 2-6 weeks later by an interstitial implant using 125I to deliver an additional 108 Gy. Late genitourinary toxicity was graded according to the Common Toxicity Criteria Version 2.0, and the Radiation Therapy Oncology Group/European Organization for Research and Treatment of Cancer late radiation morbidity scoring system was used for all other toxicity. RESULTS: A total of 138 patients from 28 institutions were entered on this study. Acute toxicity information was available in 131 patients, and 127 patients were analyzable for late toxicity. Acute Grade 3 toxicity was documented in 10 of 131 patients (7.6%). No Grade 4 or 5 acute toxicity has been observed. The 18-month month estimate of late Grade 3 genitourinary and gastrointestinal toxicity was 3.3% (95% confidence interval, 0.1-6.5). No late Grade 4 or 5 toxicity has been observed. CONCLUSIONS: The acute and late morbidity observed in this multi-institutional, cooperative group study is consistent with previous reports from single institutions with significant prostate brachytherapy experience.",Int J Radiat Oncol Biol Phys,2006,1,,doi: 10.1016/j.ijrobp.2005.09.002. Epub 2005 Nov 14,https://www.ncbi.nlm.nih.gov/pubmed/16289906,,negative,0,2005.0
23462420,Retrospective evaluation reveals that long-term androgen deprivation therapy improves cause-specific and overall survival in the setting of dose-escalated radiation for high-risk prostate cancer.,Feng FY,"PURPOSE: To evaluate the role of androgen deprivation therapy (ADT) and duration for high-risk prostate cancer patients treated with dose-escalated radiation therapy (RT). METHODS AND MATERIALS: A retrospective analysis of high-risk prostate cancer patients treated with dose-escalated RT (minimum 75 Gy) with or without ADT was performed. The relationship between ADT use and duration with biochemical failure (BF), metastatic failure (MF), prostate cancer-specific mortality (PCSM), non-prostate cancer death (NPCD), and overall survival (OS) was assessed as a function of pretreatment characteristics, comorbid medical illness, and treatment using Fine and Gray's cumulative incidence methodology. RESULTS: The median follow-up time was 64 months. In men with National Comprehensive Cancer Network defined high-risk prostate cancer treated with dose-escalated RT, on univariate analysis, both metastasis (P<.0001; hazard ratio 0.34; 95% confidence interval 0.18-0.67; cumulative incidence at 60 months 13% vs 35%) and PCSM (P=.015; hazard ratio 0.41; 95% confidence interval 0.2-1.0; cumulative incidence at 60 months 6% vs 11%) were improved with the use of ADT. On multivariate analysis for all high-risk patients, Gleason score was the strongest negative prognostic factor, and long-term ADT (LTAD) improved MF (P=.002), PCSM (P=.034), and OS (P=.001). In men with prostate cancer and Gleason scores 8 to 10, on multivariate analysis after adjustment for other risk features, there was a duration-dependent improvement in BF, metastasis, PCSM, and OS, all favoring LTAD in comparison with STAD or RT alone. CONCLUSION: For men with high-risk prostate cancer treated with dose-escalated EBRT, this retrospective study suggests that the combination of LTAD and RT provided a significant improvement in clinical outcome, which was especially true for those with Gleason scores of 8 to 10.",Int J Radiat Oncol Biol Phys,2013,86,64-71,10.1016/j.ijrobp.2012.11.024,https://www.ncbi.nlm.nih.gov/pubmed/23462420,HIGH RISK,positive,1,
19775833,Dosimetric comparison of high-dose-rate brachytherapy and intensity-modulated radiation therapy as a boost to the prostate,Hermesse J,"PURPOSE: We compared the dose conformity of two radiation modalities: high-dose-rate brachytherapy (HDR BT) and intensity-modulated radiation therapy (IMRT) to deliver a boost to the prostate after external beam radiotherapy (EBRT). METHODS AND MATERIALS: Ten successive patients with prostate adenocarcinoma treated with a single 10-Gy HDR BT boost after EBRT were investigated. Four theoretical IMRT plans were computed: (a) 32.85 Gy IMRT and (b) 26 Gy IMRT with CTV-PTV expansions, doses corresponding to the equivalent dose in 2-Gy fractions (EQD2) of one 10-Gy fraction calculated with a prostate alpha/beta ratio of respectively 1.5 and 3 Gy; and (c) 32.85 Gy IMRT and (d) 26 Gy IMRT without CTV-PTV expansions. The dose-volume histogram values converted in EQD2 with an alpha/beta ratio of 3 Gy for the organs at risk were compared. RESULTS: The HDR BT plan delivered higher mean doses to the PTV compared with IMRT plans. In all, 33% of the rectal volume received a mean dose of 5.32 +/- 0.65 Gy and 20% of bladder volume received 4.61 +/- 1.24 Gy with HDR BT. In comparison, doses delivered with IMRT were respectively 13.4 +/- 1.49 Gy and 10.81 +/- 4 Gy, even if only 26 Gy was prescribed to the PTV with no CTV-PTV expansion (p < 0.0001). The hot spots inside the urethra were greater with HDR BT but acceptable. CONCLUSIONS: Use of HDR BT produced a more conformal plan for the boost to the prostate than IMRT even without CTV-PTV expansions.",Int J Radiat Oncol Biol Phys,2010,1,,doi: 10.1016/j.ijrobp.2009.05.046,https://www.ncbi.nlm.nih.gov/pubmed/19775833,,negative,0,2010.0
22326573,"Outcomes following iodine-125 brachytherapy in patients with Gleason 7, intermediate risk prostate cancer: a population-based cohort study.",Herbert C,"BACKGROUND AND PURPOSE: To evaluate outcome in patients with Gleason 7 prostate cancer treated with iodine-125 brachytherapy at the British Columbia Cancer Agency. MATERIALS AND METHODS: Between 20th July 1998 and 7th February 2006, 1500 patients underwent I-125 prostate brachytherapy without supplemental external beam radiation therapy. Of these, 439 had Gleason 7 disease; 362 had Gleason 3+4 and 77 had 4+3 disease. Generally, patients received 6 months of androgen suppression. We compared biochemical no evidence of disease (bNED) between patients with Gleason ≤ 6 and Gleason 7 and between Gleason 3+4 and 4+3 using the Phoenix definition of biochemical recurrence. RESULTS: Median follow-up was 60 months. Estimated 5 year bNED was 97% for patients with Gleason score ≤ 6 and 94% for patients with Gleason 7 disease (p=0.037). Estimated bNED was 95% and 94% for 3+4 and 4+3, respectively (p=0.791). There was no difference in bNED between implants achieving D90 ≥ versus<the median value (150.5 Gy) or ≥ versus<140 Gy. CONCLUSIONS: I-125 brachytherapy with 6 months of ADT demonstrates excellent bNED rates in Gleason 7 disease. We found no evidence of a difference between patients with Gleason 3+4 versus 4+3 disease.",Radiother Oncol,2012,103,228-32,10.1016/j.radonc.2012.01.006,https://www.ncbi.nlm.nih.gov/pubmed/22326573,INTERMEDIATE RISK,positive,1,
32075389,Long-Term Clinical Results of IGRT in Prostate Cancer Treatment,Doležel M,"BACKGROUND: The combination of intensity modulated radiation therapy (IMRT) and image guided radiotherapy (IGRT) plays a significant role in sparing normal tissue during prostate cancer treatment. We report the clinical outcomes of 260 patients treated with high-dose IGRT as well as the toxicity of high-dose IGRT in these patients. MATERIALS AND METHODS: From September 2008 to February 2012, 260 men with clinically localized prostate cancer underwent radical radiotherapy. Two hundred patients were treated with IMRT (78 Gy in 39 fractions) to the prostate and base of seminal vesicles using an adaptive protocol combining cone-beam computed tomography (CBCT) and kilovoltage image matching with individualized safety margin calculation. Sixty patients underwent treatment with the same prescribed dose using RapidArc with a reduced safety margin of 6 mm and daily online matching using CBCT. Late toxicity was scored prospectively according to the RTOG/FC-LENT scale. RESULTS: Eighteen patients (6.9%) experienced acute grade 2 gastrointestinal toxicity. There was no acute grade 3 or 4 gastrointestinal toxicity. Thirty-nine patients (15%) experienced acute grade 2 genitourinary toxicity and 6 patients (2.3%) had grade 3 gerourinary toxicity. Genitourinary toxicity grade 4 was observed in 5 (1.9%) patients, due to installation of a urinary catheter. At a median follow up of 84.2 months, the estimated 7-year cumulative incidences of grade 2 gastrointestinal and genitourinary toxicity were 4.4 and 7.1% respectively. The estimated 7-year prostate specific antigen relapse free survival was 97.1% for low-risk disease, 83.6% for intermediate-risk disease and 75% for high-risk patients. CONCLUSION: The use of IMRT in combination with IGRT results in a low rate of late toxicity. The authors declare they have no potential conflicts of interest concerning drugs, products, or services used in the study. The Editorial Board declares that the manuscript met the ICMJE recommendation for biomedical papers. Submitted: 8. 9. 2019 Accepted: 25. 10. 2019.",Klin Onkol,2020,33,49-54,doi: 10.14735/amko202049,https://www.ncbi.nlm.nih.gov/pubmed/32075389,,negative,0,2020.0
22386416,Ten-year follow-up of neoadjuvant therapy with goserelin acetate and flutamide before radical prostatectomy for clinical T3 and T4 prostate cancer: update on Southwest Oncology Group Study 9109.,Berglund RK,"OBJECTIVE: To update the results with 10-year data of a phase II prospective trial of neoadjuvant hormonal therapy with goserelin acetate and flutamide followed by radical prostatectomy for locally advanced prostate cancer (SWOG 9109). The optimal management for clinical stage T3 and T4 N0,M0 prostate cancer is uncertain. MATERIALS AND METHODS: Sixty-two patients with clinical stage T3 and T4 N0,M0 prostate cancer were enrolled. Cases were classified by stage T3 vs T4 and by volume of disease (bulky >4 cm and nonbulky ≤ 4 cm). RESULTS: Fifty-five of 61 eligible patients completed the trial with radical prostatectomy after neoadjuvant androgen deprivation therapy (ADT). The median preoperative prostate-specific antigen value was 19.8 ng/mL, and 67% of patients had a Gleason score of ≥ 7. Among 41 patients last known to be alive, median follow-up is 10.6 years (range 5.1-12.6). In all, 38 patients have had disease progression (30/55, 55%) or died without progression (8/55, 15%) for a 10-year progression-free survival (PFS) estimate of 40% (95% CI 27-53). Median PFS was 7.5 years, and median survival has not been reached. The 10-year overall survival (OS) estimate is 68% (95% CI 56-80). CONCLUSIONS: In this small, prospective phase II study, neoadjuvant hormonal therapy with goserelin acetate and flutamide followed by radical prostatectomy achieves long-term PFS and OS comparable with alternative treatments. This approach is feasible and may be an alternative to a strategy of combined radiation and ADT.",Urology,2012,79,633-7,10.1016/j.urology.2011.11.019,https://www.ncbi.nlm.nih.gov/pubmed/22386416,HIGH RISK,positive,1,
31199504,Fractionated stereotactic body radiotherapy for up to five prostate cancer oligometastases: Interim outcomes of a prospective clinical trial,Bowden P,"Stereotactic body radiotherapy (SBRT) can delay escalation to systemic treatment in men with oligometastatic prostate cancer (PCa). However, large, prospective studies are still required to evaluate the efficacy of this approach in different patient groups. This is the interim analysis of a prospective, single institution study of men relapsing with up to five synchronous lesions following definitive local treatment for primary PCa. Our aim was to determine the proportion of patients not requiring treatment escalation following SBRT. In total, 199 patients were enrolled to receive fractionated SBRT (50 Gray in 10 fractions) to each visible lesion. Fourteen patients were castration resistant at enrolment. The proportion of patients not requiring treatment escalation 2 years following SBRT was 51.7% (95% CI: 44.1-59.3%). The median length of treatment escalation-free survival over the entire follow-up period was 27.1 months (95% CI; 21.8-29.4 months). Prior androgen deprivation therapy (ADT) predicted a significantly lower rate of freedom from treatment escalation at 2 years compared to no prior ADT (odds ratio = 0.21, 95% CI: 0.08-0.54, p = 0.001). There was no difference in the efficacy of SBRT when treating 4-5 vs. 1-3 initial lesions. A prostate-specific antigen (PSA) decline was induced in 75% of patients, with PSA readings falling to an undetectable level in six patients. No late grade three toxicities were observed. These interim results suggest that SBRT can be used to treat up to five synchronous PCa oligometastases to delay treatment escalation.",Int J Cancer,2020,1,,doi: 10.1002/ijc.32509. Epub 2019 Jun 28,https://www.ncbi.nlm.nih.gov/pubmed/31199504,,negative,0,2020.0
22893254,The addition of low-dose-rate brachytherapy and androgen-deprivation therapy decreases biochemical failure and prostate cancer death compared with dose-escalated external-beam radiation therapy for high-risk prostate cancer.,Shilkrut M,"BACKGROUND: The objective of this study was to determine whether the addition of low-dose-rate brachytherapy or androgen-deprivation therapy (ADT) improves clinical outcome in patients with high-risk prostate cancer (HiRPCa) who received dose-escalated radiotherapy (RT). METHODS: Between 1995 and 2010, 958 patients with HiRPCa were treated at Schiffler Cancer Center (n = 484) or at the University of Michigan (n = 474) by receiving either dose-escalated external-beam RT (EBRT) (n = 510; minimum prescription dose, 75 grays [Gy]; median dose, 78 Gy) or combined-modality RT (CMRT) consisting of (103) Pd implants (n = 369) or (125) I implants (n = 79) both with pelvic irradiation (median prescription dose, 45 Gy). The cumulative incidences of biochemical failure (BF) and prostate cancer-specific mortality (PCSM) were estimated by using the Kaplan-Meier method and Fine and Gray regression analysis. RESULTS: The median follow-up was 63.2 months (interquartile range, 35.4-99.0 months), and 250 patients were followed for >8 years. Compared with CMRT, patients who received EBRT had higher prostate-specific antigen levels, higher tumor classification, lower Gleason sum, and more frequent receipt of ADT for a longer duration. The 8-year incidence BF and PCSM among patients who received EBRT was 40% (standard error, 38%-44%) and 13% (standard error, 11%-15%) compared with 14% (standard error, 12%-16%; P < .0001) and 7% (standard error 6%-9%; P = .003) among patients who received CMRT. On multivariate analysis, the hazard ratios (HRs) for BF and PCSM were 0.35 (95% confidence interval [CI], 0.23-0.52; P < .0001) and 0.41 (95% CI, 0.23-0.75; P < .003), favoring CMRT. Increasing duration of ADT predicted decreased BF (P = .04) and PCSM (P = .001), which was greatest with long-term ADT (BF: HR, 0.33; P < .0001; 95% CI, 0.21-0.52; PCSM: HR, 0.30; P = .001; 95% CI, 0.15-0.6) even in the subgroup that received CMRT. CONCLUSIONS: In this retrospective comparison, both low-dose-rate brachytherapy boost and ADT were associated with decreased risks of BF and PCSM compared with EBRT.",Cancer,2013,119,681-90,10.1002/cncr.27784,https://www.ncbi.nlm.nih.gov/pubmed/22893254,HIGH RISK,positive,1,
19695789,Dose-escalated radiotherapy for high-risk prostate cancer: outcomes in modern era with short-term androgen deprivation therapy,Liauw SL,"PURPOSE: Randomized data have supported the use of long-term androgen deprivation therapy (ADT) combined with radiotherapy (RT) for men with high-risk prostate cancer. The present study reviewed the outcomes of intermediate- and high-risk men treated with RT and short-term ADT. MATERIALS AND METHODS: A total of 184 men with any single risk factor of prostate-specific antigen >or=10 ng/mL, clinical Stage T2b or greater, or Gleason score >or=7 were treated with primary external beam RT for nonmetastatic adenocarcinoma of the prostate. The median radiation dose was 74 Gy; 55% were treated with intensity-modulated RT. All patients received ADT for 1 to 6 months (median, 4), consisting of a gonadotropin-releasing hormone analog. Univariate and multivariable analyses were performed for risk factors, including T stage, Gleason score, radiation dose, and prostate-specific antigen level. RESULTS: With a median follow-up of 51 months, the 4-year freedom from biochemical failure (FFBF) using the nadir plus 2 ng/mL definition was 83% for all patients. Clinical Stage T3 disease was the only variable tested associated with FFBF on univariate (4-year FFBF rate, 46% vs. 87% for Stage T1-T2c disease; p = .0303) and multivariable analysis (hazard ratio, 3.9; p = .0016). On a subset analysis of high-risk patients (National Comprehensive Cancer Network criteria), those with clinical Stage T3 disease (4-year FFBF rate, 46% vs. 80%; p = .0303) and a radiation dose <74 Gy (4-year FFBF rate, 64% vs. 80%) had a poorer outcome on univariate analysis. However, clinical Stage T3 disease and radiation dose were not significant on multivariable analysis, although a statistical multivariable trend was seen for both (p = .0650 and p = .0597, respectively). CONCLUSION: Short-term ADT and RT might be acceptable for men with intermediate- and high-risk prostate cancer, especially for clinically localized disease treated with doses of >or=74 Gy.",Int J Radiat Oncol Biol Phys,2010,1,,doi: 10.1016/j.ijrobp.2009.04.074. Epub 2009 Aug 19,https://www.ncbi.nlm.nih.gov/pubmed/19695789,,negative,0,2010.0
16216365,192Ir or 125I prostate brachytherapy as a boost to external beam radiotherapy in locally advanced prostatic cancer: a dosimetric point of view,Nickers P,"PURPOSE: This work aims at comparing the dosimetric possibilities of 125I or 192Ir prostate brachytherapy (Bt) as a boost to external beam radiotherapy in the treatment of locally advanced adenocarcinoma. METHODS AND MATERIALS: From 1/1997 to 12/2002, 260 patients were treated. Until 12/2001 a low dose rate (LDR) treatment with 192Ir wires was used, later replaced by a high dose rate (HDR) delivered with an 192Ir stepping source technology. For the present work, we selected 40 patients including the last 20 treated, respectively, by LDR and HDR. The planning CT Scans of all these 40 patients were transferred into the 3D Prowess system for 125I permanent implants design according to the Seattle method. The reference data for dosimetric comparisons were the V100 and the prescribed dose for 192Ir as well as the dose delivered with 125I techniques to the 192Ir V100. We compared V100-150 data as well as doses to the organs at risks (OR) and cold spots (CS). RESULTS: The V100 is 85.3+/-8% for 192Ir LDR and 96+/-2% for HDR techniques (P < 0.0001). In comparison with 125I, the 192Ir LDR mode induces higher hyperdosage volumes inside the CTV but also more CS, while maximal doses to urethra and rectum are, respectively, 17 and 39% less with 125I (P < 0.0001). In comparison with the 192Ir HDR mode, 125I Bt induces higher hyperdosage volumes and slightly more CS deliberately planned around the bladder neck. If delivered doses to urethra are identical, those to the 20% anterior part of the rectum are 33% less with 125I (P < 0,0001). The 125I Bt technique was only possible in 24 out of the 40 patients studied due to pelvic bone arch interference. CONCLUSIONS: At the present time, there is no evident dosimetric superiority of one Bt method when all the criteria are taken into account. However, improving Bt techniques to implant any prostatic size could found the superiority of the 125I or permanent implants. 125I indeed allows large hyperdosage volumes inside the CTV in comparison with 192Ir HDR techniques while lowering doses to OR and minimizing CS.",Radiother Oncol,2006,78,47-52,doi: 10.1016/j.radonc.2005.09.002. Epub 2005 Oct 10,https://www.ncbi.nlm.nih.gov/pubmed/16216365,,negative,0,2005.0
31612318,Postoperative biochemical recurrence of pathologically localized high-grade prostate cancer in adjuvant treatment-naïve patients,Heo JE,"PURPOSE: To evaluate biochemical recurrence (BCR) risk in men with localized prostate cancer (PC) of pathological Gleason score (pGS) 8-10. Although such patients have low BCR-free survival (BCRFS) following radical prostatectomy (RP), they are not recommended for adjuvant radiation therapy (ART) as per current guidelines. METHODS: Among an adjuvant treatment-naïve cohort between 1995 and 2015, 1272 men were identified and categorized into group 1 [pGS7 (3 + 4) and pT3; n = 654], group 2 [pGS7 (4 + 3) and pT3; n = 408], and group 3 (pGS 8-10 and pT2; n = 210). The BCR risk of group 3 was compared with that of groups 1 and 2 who are the candidates for ART. RESULTS: At a median follow-up of 60 months (interquartile range: 39-86), 432 men experienced BCR. BCRFS was lower in group 3 than in groups 1 and 2 (p < 0.001 and p = 0.021, respectively). In multivariate analysis, this association persisted and surgical margin (SM) was found to be a significant BCR predictor. Although statistically not significant, BCRFS was lower in group 3 with positive SM (PSM) than in group 2 with PSM (p = 0.101). BCRFS was significantly worse in group 3 with negative SM (NSM) than in group 1 with PSM (p = 0.038), while it was better in group 2 with PSM (p = 0.297). CONCLUSION: Localized high-grade PC with PSM showed lower BCRFS and that with NSM showed better BCRFS without statistical significance than locally advanced GS 7 PC with PSM that are eligible for ART.",J Cancer Res Clin Oncol,2020,146,221-227,doi: 10.1007/s00432-019-03049-0. Epub 2019 Oct 14,https://www.ncbi.nlm.nih.gov/pubmed/31612318,,negative,0,2020.0
10758314,"Comparison of biochemical disease-free survival of patients with localized carcinoma of the prostate undergoing radical prostatectomy, transperineal ultrasound-guided radioactive seed implantation, or definitive external beam irradiation.",Stokes SH,"PURPOSE: This retrospective study compares the long-term biochemical disease-free survival for patients undergoing radical prostatectomy, transperineal ultrasound-guided (125)Iodine implantation, or external beam irradiation alone in a tertiary referral community-based hospital. METHODS AND MATERIALS: Five hundred forty patients were available for evaluation, which included: external beam, 132; (125)I, 186; and radical prostatectomy, 222. For the 318 patients referred to the Department of Radiation Oncology, those with T3 disease underwent external beam irradiation while patients with T1 or T2 underwent (125) 0.2 ng/mL or if they had three consecutive increases in their PSA or an increase in their postoperative PSA warranting intervention with androgen ablation or external beam irradiation to the pelvis. RESULTS: Patients were stratified by pretreatment risk groups predicting for post-treatment PSA recurrence. Patients were considered to be at a low or intermediate risk for recurrence if their clinical stage was T1c, T2a, T2b, pretreatment PSA level was </= 20 or their biopsy. Gleason score was </= 6, Patients were considered to be at high risk for failure if they were clinically stage T2c, T3, PSA at diagnosis > 20, or Gleason score was >/= 7. For 132 patients undergoing external beam irradiation, 28 of 37 low or intermediate risk obtained a 1 year nadir PSA of < 1 (76%) while 40% of high risk patients obtained nadir < 1. Of 186 patients undergoing (125)I, 112 of 147 low or intermediate risk (76%) obtained a nadir PSA < 1. Twenty of 39 (51%) high risk obtained a nadir PSA < 1. Of the 222 patients undergoing prostatectomy, 83 of 88 (94%) low or intermediate risk had undetectable levels of PSA at 1 year. One hundred seventeen of 134 (86%) were high risk and had undetectable levels of PSA at 1 year. The biochemical disease-free survival for patients with low or intermediate risk at 5 years is approximately 70% with no significant difference between those patients treated with radical prostatectomy, external beam, or (125)I. For those patients with high risk factors for recurrence, there is no significant difference between ultrasound-guided implant or external beam, but there is a significant improvement in biochemical disease-free survival with radical prostatectomy. CONCLUSION: For patients with low or intermediate risk disease, external beam, ultrasound-guided (125)I, or a radical prostatectomy give comparable long-term biochemical disease-free survival. For patients with high risk disease, a radical prostatectomy provides a significantly improved biochemical disease-free survival. Our current protocols utilize androgen ablation in combination with conformal three-dimensional external beam irradiation or androgen ablation in conjunction with external beam irradiation and (103)Pd seed implantation for patients at high risk for extra capsular disease. It is too early to determine if this combination therapy will give results comparable to radical prostatectomy. For patients who obtain a 1 year nadir PSA of < 1, the biochemical disease-free survival is durable with little risk of subsequent recurrence.",Int J Radiat Oncol Biol Phys,2000,47,129-36,10.1016/s0360-3016(99)00526-x,https://www.ncbi.nlm.nih.gov/pubmed/10758314,HIGH RISK,positive,1,
25413406,Permanent prostate brachytherapy using high V150,Serrano NA,"PURPOSE: Prostate brachytherapy sometimes requires the volume receiving >150% of the prescribed dose (V150) to be >50% to obtain satisfactory coverage. There has been concern expressed that high V150 may be associated with higher rates of urinary retention and morbidity. METHODS AND MATERIALS: We reviewed 207 consecutive cases of prostate brachytherapy treated with palladium 103 ((103)Pd; n = 140) or iodine 125 ((125)I; n = 67). Prescribed doses for (103)Pd monotherapy and boost were 124 and 90 Gy, respectively; for (125)I, the corresponding doses were 160 and 120 Gy. Patients were evaluated at baseline, 1 month, 3 months, and every 6 months thereafter. RESULTS: Median follow-up at the time of analysis was 18 months. For (103)Pd, the mean intraoperative volume and V150 were 30.3 cm(3) and 72%, respectively; corresponding values for (125)I were 38.3 cm(3) and 59%, respectively. Two of the patients treated with iodine and 9 treated with palladium experienced acute urinary retention, which was not statistically significant (P = .48). The rectal V100 for (103)Pd was significantly less than that for (125)I (P < .001). The mean baseline, 1-month, and 12-month American Urologic Association (AUA) scores for (103)Pd were 8.5, 19.7, and 8.2, respectively; for (125)I, the values were 7.4, 17.1, and 13.4, respectively. At 12 months, the AUA scores returned to baseline in the (103)Pd-treated patients, whereas scores in (125)I-treated patients remained elevated (P = .005). High V150 did not appear to cause undue risk of urinary retention or morbidity based on logistic regression analysis of patients treated with monotherapy performed with either isotope. CONCLUSIONS: The risk of urinary retention was low, despite high V150 values for both isotopes. In patients treated with brachytherapy alone, no significant increase in urinary morbidity was seen in relation to V150. AUA scores returned to baseline in (103)Pd-treated patients at 1 year, whereas (125)I-treated patients demonstrated continued elevation.",Pract Radiat Oncol,2015,,-,doi: 10.1016/j.prro.2014.06.008. Epub 2014 Aug 7,https://www.ncbi.nlm.nih.gov/pubmed/25413406,,negative,0,2015.0
21070079,Stereotactic body radiotherapy as boost for organ-confined prostate cancer,Katz AJ,"Stereotactic body radiotherapy (SBRT) boost following external beam radiation therapy (EBRT) for advanced localized prostate cancer may reduce toxicity while escalating the dose. We present preliminary biochemical control and urinary, rectal and sexual toxicities for 73 patients treated with SBRT as a boost to EBRT. Forty-one intermediate- and 32 high-risk localized prostate cancer patients received 45 Gy EBRT with SBRT boost. Twenty-eight patients (38.3%) received a total SBRT boost dose of 18 Gy (3 fractions of 6 Gy), 28 patients (38.3%) received 19.5 Gy (3 fractions of 6.5 Gy), and 17 patients (23.2%) received 21 Gy (3 fractions of 7 Gy). Toxicity was assessed using the Radiation Therapy Oncology Group urinary and rectal toxicity scale. Biochemical failure was assessed using the Phoenix definition. The median follow-up was 33 months (range, 22 - 43 months). Less than 7% Grade II and no higher grade acute toxicities occurred. To date, one Grade III and no Grade IV late toxicities occurred. For the 97% of patients with 24 months minimum follow-up, 71.8% achieved a PSA nadir threshold of 0.5 ng/mL. Three intermediate-risk and seven high-risk biochemical failures occurred; one high-risk patient died of his cancer. Three-year actuarial biochemical control rates were 89.5% and 77.7% for intermediate- and high-risk patients, respectively. SBRT boost for prostate cancer treatment is safe and feasible with minimal acute toxicity. At 33 months late toxicity and biochemical control are promising. Long-term durability of these findings remains to be established.",Technol Cancer Res Treat,2010,9,575-82,doi: 10.1177/153303461000900605,https://www.ncbi.nlm.nih.gov/pubmed/21070079,,negative,0,2010.0
20646858,Monotherapeutic high-dose-rate brachytherapy for prostate cancer: five-year results of an extreme hypofractionation regimen with 54 Gy in nine fractions.,Yoshioka Y,"PURPOSE: To evaluate an extreme hypofractionation regimen with 54 Gy in nine fractions provided by high-dose-rate (HDR) brachytherapy as monotherapy for prostate cancer by reporting 5-year clinical results. METHODS AND MATERIALS: Between 1996 and 2005, 112 patients with localized prostate cancer were treated with HDR brachytherapy without external beam radiotherapy. Of the 112 patients, 15 were considered low risk, 29 intermediate risk, and 68 as high risk. The prescribed dose was uniformly 54 Gy in nine fractions within 5 days. Of the 112 patients, 94 also received hormonal therapy. The median follow-up time was 5.4 years. RESULTS: All the patients safely completed the treatment regimen. The 5-year prostate-specific antigen (PSA) failure-free, local control, disease-free survival, and overall survival rate was 83%, 97%, 87%, and 96%, respectively. The 5-year PSA failure-free rate for low-, intermediate-, and high-risk patients was 85% (95% confidence interval, 66-100%), 93% (95% confidence interval, 83-100%), and 79% (95% confidence interval, 69-89%), respectively. The significant prognostic factors for PSA failure were the initial PSA level (p = .029) and younger age (p = .019). The maximal toxicities observed were Grade 3 using the Common Terminology Criteria for Adverse Events, version 3.0, for both acute and late toxicity (6 and 3 patients had acute and late Grade 3 toxicity, respectively). Late Grade 2 toxicity was observed in 13 patients. CONCLUSION: Monotherapeutic HDR brachytherapy with an extreme hypofractionation regimen of 54 Gy in nine fractions associated with hormonal therapy was feasible, and its toxicity was acceptable. The interim tumor control rate at a median 5.4 years was promising, even for patients with locally advanced disease. This dose-fractionation scheme might be referred to by other terms, such as stereotactic body radiotherapy. Studies with longer follow-up periods and from multiple institutions are needed to confirm the efficacy of this novel approach.",Int J Radiat Oncol Biol Phys,2011,80,469-75,10.1016/j.ijrobp.2010.02.013,https://www.ncbi.nlm.nih.gov/pubmed/20646858,HIGH RISK,positive,1,
14575824,Ten-year biochemical relapse-free survival after external beam radiation and brachytherapy for localized prostate cancer: the Seattle experience.,Sylvester JE,"PURPOSE: The role of external beam radiation therapy in addition to brachytherapy continues to be scrutinized for long term control of PSA levels after prostate cancer diagnosis. METHODS AND MATERIALS: We report 10-year biochemical relapse-free survival (BRFS) on 232 patients presenting with localized prostate cancer and consecutively treated with iodine(125) (I(125)) or palladium(103) (Pd(103)) brachytherapy and neoadjuvant external beam radiation therapy. Multivariate regression analysis was used to create a pretreatment clinical prognostic risk model using a modified ASTRO consensus definition (two consecutive rises in serum PSA) as the outcome. Gleason scoring was performed by pathologists at a small community hospital. Derived risk categories are the following: low = PSA <or=10 ng/mL, Gleason sum score <7, and stage <T2c; intermediate = PSA >10 ng/mL or Gleason Score >or=7 or stage >or=T2c (1 intermediate risk factor); and high = 2 or more intermediate risk factors. Time to PSA failure (local, distant, or biochemical) was calculated and compared using Kaplan-Meier plots. RESULTS: Ten-year BRFS for the entire treatment group was 70%. Biochemical control rates by risk cohort analysis (95% confidence interval): low risk, 85% (83.3-90.7%); intermediate risk, 77% (73.0-84.5%); and high risk, 45% (45.4-57.2%). Using a risk grouping proposed by the Mt. Sinai group, the BRFS was: low risk, 84%; intermediate risk, 93%; and high risk, 57%. Grouping by the risk classification used by D'Amico, the BRFS was: low risk, 86%; intermediate risk, 90%; and high risk, 48%. CONCLUSIONS: I(125) or Pd(103) brachytherapy, as a boost combined with EBRT, continues to result in high rates of biochemical control at 10 years. Different risk group classification schemes lead to different BRFS results.",Int J Radiat Oncol Biol Phys,2003,57,944-52,10.1016/s0360-3016(03)00739-9,https://www.ncbi.nlm.nih.gov/pubmed/14575824,HIGH RISK,positive,1,
16169683,Hypofractionated intensity-modulated radiotherapy (70 gy at 2.5 Gy per fraction) for localized prostate cancer: long-term outcomes,Kupelian PA,"PURPOSE: To analyze the long-term relapse-free survival and toxicity rates in patients treated with hypofractionated intensity-modulated radiotherapy. METHODS AND MATERIALS: The study sample includes the first 100 consecutive localized prostate cancer patients treated to 70.0 Gy at 2.5 Gy per fraction. The median follow-up was 66 months (range, 3 to 75 months). Biochemical failure was the study endpoint, using both the ASTRO definition (A-bRFS) and the alternate ""nadir + 2 ng/mL"" definition (N-bRFS). RTOG scores were used to assess toxicity. RESULTS: The 5-year A-bRFS and N-bRFS rates were 85% (95%CI, 78-93%) and 88% (95%CI, 82-95%) for all cases, respectively. For low, intermediate and high-risk disease, the 5-year A-bRFS rates were 97%, 88%, and 70%. The corresponding 5-year N-bRFS rates were 97%, 93%, and 75%, respectively. The acute rectal toxicity scores were 0 in 20, 1 in 61, and 2 in 19 patients. The acute urinary toxicity scores were 0 in 9, 1 in 76, and 2 in 15 patients. The late rectal toxicity scores were 0 in 71, 1 in 19, 2 in 7, and 3 in 3 patients. The actuarial late Grade 3 rectal toxicity rate at 5 years was 3%. A number of the toxicities observed either resolved spontaneously or were corrected. At last follow-up, the rate of combined Grades 2 and 3 late rectal toxicity at 5 years was only 5%. The late urinary toxicity scores were 0 in 75, 1 in 13, 2 in 11, and 3 in 1 patients. The actuarial late Grade 3 urinary toxicity rate at 5 years was 1%. CONCLUSION: With a median follow-up of 66 months, the long-term results after high-dose hypofractionation are excellent. Late toxicity, urinary and rectal, has been limited. High-dose hypofractionation is an alternative dose escalation method in the treatment of localized prostate cancer.",Int J Radiat Oncol Biol Phys,2005,1,,doi: 10.1016/j.ijrobp.2005.05.054. Epub 2005 Sep 19,https://www.ncbi.nlm.nih.gov/pubmed/16169683,,negative,0,2005.0
26713323,"Erectile function following brachytherapy, external beam radiotherapy, or radical prostatectomy in prostate cancer patients",Putora PM,"BACKGROUND AND PURPOSE: For localized prostate cancer, treatment options include external beam radiotherapy (EBRT), radical prostatectomy (RP), and brachytherapy (BT). Erectile dysfunction (ED) is a common side-effect. Our aim was to evaluate penile erectile function (EF) before and after BT, EBRT, or RP using a validated self-administered quality-of-life survey from a prospective registry. MATERIAL AND METHODS: Analysis included 478 patients undergoing RP (n = 252), EBRT (n = 91), and BT (n = 135) with at least 1 year of follow-up and EF documented using IIEF-5 scores at baseline, 6 weeks, 6 months, 1 year, and annually thereafter. RESULTS: Differences among treatments were most pronounced among patients with no or mild initial ED (IIEF-5 ≥ 17). Overall, corrected for baseline EF and age, BT was associated with higher IIEF-5 scores than RP (+ 7.8 IIEF-5 score) or EBRT (+ 3.1 IIEF-5 score). EBRT was associated with better IIEF-5 scores than RP (+ 4.7 IIEF-5 score). In patients undergoing EBRT or RP with bilateral nerve sparing (NS), recovery of EF was observed and during follow-up, the differences to BT were not statistically significant. Overall age had a negative impact on EF preservation (corrected for baseline IIEF). CONCLUSION: In our series, EF was adversely affected by each treatment modality. Considered overall, BT provided the best EF preservation in comparison to EBRT or RP.",Strahlenther Onkol,2016,192,182-9,doi: 10.1007/s00066-015-0928-x. Epub 2015 Dec 28,https://www.ncbi.nlm.nih.gov/pubmed/26713323,,negative,0,2015.0
20171805,PSA decrease during combined-modality radiotherapy predicts for treatment outcome,Kubicek GJ,"PURPOSE: Prostate-specific antigen (PSA) is the well-used marker in the diagnosis, prognosis, and follow-up for prostate cancer patients. Although reports have focused on the importance of pretreatment PSA levels, doubling time, and posttreatment nadirs, there is little information on the value of PSA during the course of radiotherapy. METHODS AND MATERIALS: Retrospective review of PSA values obtained midway through a course of radiotherapy treatment for prostate cancer. Patients had a PSA (midPSA) measured after a course of external beam radiation (EBRT) before planned transperineal low-dose-rate brachytherapy implant (LDR). RESULTS: A total of 717 patients were analyzed with a median follow-up of 5.8 years, all censored patients had a minimum follow-up of 2 years. A total of 277 patients had low-risk disease, 267 patients had intermediate risk, and 173 patients had high-risk disease. Androgen blockade was used in 512 patients. A total of 653 patients had a midPSA decrease after EBRT, the median decrease was 6.2 ng/mL. Patients who had a midPSA decrease ≥25% compared with pretreatment PSA had improved overall survival of 10.0 vs. 7.4 years (p < 0.0004) and improved disease-free survival of 9.8 vs. 7.3 years (p < 0.01). When stratified by use of androgen blockade, midPSA remained significant for both androgen and non-androgen patients. CONCLUSIONS: PSA response after EBRT before brachytherapy predicts for long-term outcome; this may allow for risk stratification and intervention with higher LDR doses to improve outcomes.",Int J Radiat Oncol Biol Phys,2010,1,,doi: 10.1016/j.ijrobp.2009.08.064. Epub 2010 Feb 18,https://www.ncbi.nlm.nih.gov/pubmed/20171805,,negative,0,2010.0
23084481,Postoperative radiotherapy after radical prostatectomy for high-risk prostate cancer: long-term results of a randomised controlled trial (EORTC trial 22911).,Bolla M,"BACKGROUND: We report the long-term results of a trial of immediate postoperative irradiation versus a wait-and-see policy in patients with prostate cancer extending beyond the prostate, to confirm whether previously reported progression-free survival was sustained. METHODS: This randomised, phase 3, controlled trial recruited patients aged 75 years or younger with untreated cT0-3 prostate cancer (WHO performance status 0 or 1) from 37 institutions across Europe. Eligible patients were randomly assigned centrally (1:1) to postoperative irradiation (60 Gy of conventional irradiation to the surgical bed for 6 weeks) or to a wait-and-see policy until biochemical progression (increase in prostate-specific antigen >0·2 μg/L confirmed twice at least 2 weeks apart). We analysed the primary endpoint, biochemical progression-free survival, by intention to treat (two-sided test for difference at α=0.05, adjusted for one interim analysis) and did exploratory analyses of heterogeneity of effect. This trial is registered with ClinicalTrials.gov, number NCT00002511. FINDINGS: 1005 patients were randomly assigned to a wait-and-see policy (n=503) or postoperative irradiation (n=502) and were followed up for a median of 10·6 years (range 2 months to 16·6 years). Postoperative irradiation significantly improved biochemical progression-free survival compared with the wait-and-see policy (198 [39·4%] of 502 patients in postoperative irradiation group vs 311 [61·8%] of 503 patients in wait-and-see group had biochemical or clinical progression or died; HR 0·49 [95% CI 0·41-0·59]; p<0·0001). Late adverse effects (any type of any grade) were more frequent in the postoperative irradiation group than in the wait-and-see group (10 year cumulative incidence 70·8% [66·6-75·0] vs 59·7% [55·3-64·1]; p=0.001). INTERPRETATION: Results at median follow-up of 10·6 years show that conventional postoperative irradiation significantly improves biochemical progression-free survival and local control compared with a wait-and-see policy, supporting results at 5 year follow-up; however, improvements in clinical progression-free survival were not maintained. Exploratory analyses suggest that postoperative irradiation might improve clinical progression-free survival in patients younger than 70 years and in those with positive surgical margins, but could have a detrimental effect in patients aged 70 years or older. FUNDING: Ligue Nationale contre le Cancer (Comité de l'Isère, Grenoble, France) and the European Organisation for Research and Treatment of Cancer (EORTC) Charitable Trust.",Lancet,2012,380,2018-27,10.1016/S0140-6736(12)61253-7,https://www.ncbi.nlm.nih.gov/pubmed/23084481,HIGH RISK,positive,1,
20215039,Loose seeds versus stranded seeds in I-125 prostate brachytherapy: differences in clinical outcome,Hinnen KA,"PURPOSE: To assess clinical outcome in terms of biochemical No evidence of disease (bNED) for patients with stranded seed implants versus loose seed implants in prostate brachytherapy. METHODS: From December 2000 until October 2006, we treated 896 T< or =2C Nx/0 Mx/0, prostate cancer patients with either stranded seed (n=538) or loose seed (n=358) I-125 implants. A total of 211 patients received a 6 months course of anti-androgen therapy, before treatment, for prostate volume reduction to <50 cc. Patients with very small and large gland volumes or a history of transurethral prostate resection, were preferably treated with stranded seeds, otherwise selection was arbitrary. RESULTS: The 5-year bNED rates (95% Confidence Interval) for stranded seed patients and loose seed patients were respectively 86% (82-90) and 90% (85-95), the total 5-year bNED rate was 87% (85-90). When adjusted for possible confounding factors in a Cox-regression analysis, type of seed was significantly associated with biochemical failure with a 43% risk reduction (hazard ratio: 0.57; 95% CI: 0.34-0.97) for loose seeds versus stranded seeds. CONCLUSIONS: These results suggest that seed-type affects clinical outcome in prostate brachytherapy, with better bNED for patients with loose seed implants.",Radiother Oncol,2010,96,30-3,doi: 10.1016/j.radonc.2010.02.012. Epub 2010 Mar 8,https://www.ncbi.nlm.nih.gov/pubmed/20215039,,negative,0,2010.0
31863617,Salvage radical prostatectomy following focal therapy: functional and oncological outcomes,Herrera-Caceres JO,"OBJECTIVES: To report the oncological and functional outcomes of salvage radical prostatectomy (sRP) after focal therapy (FT). PATIENTS AND METHODS: A retrospective review of all patients who underwent sRP after FT was performed. Clinical and pathological outcomes focussed on surgical complications, oncological, and functional outcomes. RESULTS: In all, 34 patients were identified. The median (interquartile range [IQR]) age was 61 (8.25) years. FT modalities included high-intensity focussed ultrasound (19 patients), laser ablation (13), focal brachytherapy (one) and cryotherapy (one). The median (IQR) time from FT to recurrence was 10.9 (17.6) months. There were no rectal or ureteric injuries. Two (5.9%) patients had iatrogenic cystotomies and four (11.8%) developed bladder neck contractures. The mean (sd) hospital stay was 2.5 (2.1) days. The T-stage was pT2 in 14 (41.2%) patients, pT3a in 16 (47.1%), and pT3b in four (11.8%). In all, 13 (38%) patients had positive surgical margins (PSMs). Six (17.6%) patients received adjuvant radiotherapy (RT). At a mean follow-up of 4.3 years, seven (20.6%) patients developed biochemical recurrence (BCR), and of these, six (17.6%) patients required salvage RT. PSMs were associated with worse BCR-free survival (hazard ratio 6.624, 95% confidence interval 2.243-19.563; P < 0.001). The median (IQR) preoperative International Prostate Symptom Score and International Index of Erectile Function score was 7 (4.5-9.5) and 23.5 (15.75-25) respectively, while in the final follow-up the median (IQR) values were 7 (3.5-11) and 6 (5-12.25), respectively (P = 0.088 and P < 0.001). At last follow-up, 31 (91.2%) patients were continent, two (5.9%) had moderate (>1 pad/day) incontinence, and one (2.9%) required an artificial urinary sphincter. CONCLUSIONS: sRP should be considered as an option for patients who have persistent clinically significant prostate cancer or recurrence after FT. PSMs should be recognised as a risk for recurrent disease after sRP.",BJU Int,2020,125,525-530,doi: 10.1111/bju.14976. Epub 2020 Jan 9,https://www.ncbi.nlm.nih.gov/pubmed/31863617,,negative,0,2020.0
32399639,Efficacy of repeated PSMA PET-directed radiotherapy for oligorecurrent prostate cancer after initial curative therapy,Henkenberens C,"PURPOSE: To assess the outcome of prostate cancer (PCa) patients diagnosed with oligorecurrent disease and treated with a first and a second PSMA (prostate-specific membrane antigen ligand) PET(positron-emission tomography)-directed radiotherapy (RT). PATIENTS AND METHODS: Thirty-two patients with oligorecurrent relapse after curative therapy received a first PSMA PET-directed RT of all metastases. After biochemical progression, all patients received a second PSMA PET-directed RT of all metastases. The main outcome parameters were biochemical progression-free survival (bPFS) and androgen deprivation therapy-free survival (ADT-FS). The intervals of BPFS were analyzed separately as follows: the interval from the last day of PSMA PET-directed RT to the first biochemical progression was defined as bPFS_1 and the interval from second PSMA PET-directed RT to further biochemical progression was defined as bPFS_2. RESULTS: The median follow-up duration was 39.5 months (18-60). One out of 32 (3.1%) patients died after 47 months of progressive metastatic prostate cancer (mPCa). All patients showed biochemical responses after the first PSMA PET-directed RT and the median prostate-specific antigen (PSA) level before RT was 1.70 ng/mL (0.2-3.8), which decreased significantly to a median PSA nadir level of 0.39 ng/mL (range <0.07-3.8; p = 0.004). The median PSA level at biochemical progression after the first PSMA PET-directed RT was 2.9 ng/mL (range 0.12-12.80; p = 0.24). Furthermore, the PSA level after the second PSMA PET-directed RT at the last follow-up (0.52 ng/mL, range <0.07-154.0) was not significantly different (p = 0.36) from the median PSA level (1.70 ng/mL, range 0.2-3.8) before the first PSMA PET-directed RT. The median bPFS_1 was 16.0 months after the first PSMA PET-directed RT (95% CI 11.9-19.2) and the median bPFS_2 was significantly shorter at 8.0 months (95% CI 6.3-17.7) after the second PSMA PET-directed RT (p = 0.03; 95% CI 1.9-8.3). Multivariate analysis revealed no significant parameter for bPFS_1, whereas extrapelvic disease was the only significant parameter (p = 0.02, OR 2.3; 95% CI 0.81-4.19) in multivariate analysis for bPFS_2. The median ADT-FS was 31.0 months (95% CI 20.1-41.8) and multivariate analysis showed that patients with bone metastases, compared to patients with only lymph node metastases at first PSMA PET-directed RT, had a significantly higher chance (p = 0.007, OR 4.51; 95% CI 1.8-13.47) of needing ADT at the last follow-up visit. CONCLUSION: If patients are followed up closely, including PSMA PET scans, a second PSMA PET-directed RT represents a viable treatment option for well-informed and well-selected patients.",Strahlenther Onkol,2020,196,1006-1017,doi: 10.1007/s00066-020-01629-5. Epub 2020 May 12,https://www.ncbi.nlm.nih.gov/pubmed/32399639,,negative,0,2020.0
23871661,"Comparison of dose-escalated, image-guided radiotherapy vs. dose-escalated, high-dose-rate brachytherapy boost in a modern cohort of intermediate-risk prostate cancer patients.",Marina O,"PURPOSE: We compared outcomes in intermediate-risk prostate cancer patients treated with dose-escalated adaptive image-guided radiation therapy (IGRT) or dose-escalated high-dose-rate brachytherapy boost (HDR-B). METHODS AND MATERIALS: Patients with intermediate-risk prostate cancer by National Comprehensive Cancer Network criteria were treated with either CT-based off-line adaptive IGRT (n = 734) or HDR-B (n = 282). IGRT was delivered with 3D-conformal or intensity-modulated radiation therapy with a median dose of 77.4 Gy. For HDR-B, the whole pelvis received a median 46 Gy, and the prostate 2 implants of 9.5 Gy (n = 71), 10.5 Gy (n = 155), or 11.5 Gy (n = 56). RESULTS: Median followup was 3.7 years for IGRT and 8.0 years for HDR-B (p < 0.001). Eight-year biochemical control was 86% for IGRT and 91% for HDR-B (p = 0.22), disease-free survival 67% for IGRT and 79% for HDR-B (p = 0.006), and overall survival 75% for IGRT and 86% for HDR-B (p = 0.009). Cause-specific survival (8-year, 100% vs. 99%), freedom from distant metastases (98% vs. 97%), and freedom from local recurrence (98% vs. 98%) did not differ (p > 0.50 each). A worse prognosis group was defined by percent positive prostate biopsy cores >50%, perineural invasion, or stage T2b-c, encompassing 260 (35%) IGRT and 171 (61%) HDR-B patients. These patients evidenced a 5-year biochemical control of 96% for HDR-B and 87% for IGRT (p = 0.002). CONCLUSIONS: Dose-escalated IGRT and HDR-B both yield excellent clinical outcomes for patients with intermediate-risk prostate cancer. Improved biochemical control with HDR-B for patients with worse pretreatment characteristics suggests that a subgroup of intermediate-risk prostate cancer patients may benefit from dual-modality treatment.",Brachytherapy,2014,13,59-67,10.1016/j.brachy.2013.05.004,https://www.ncbi.nlm.nih.gov/pubmed/23871661,INTERMEDIATE RISK,positive,1,
25736733,High-dose-rate brachytherapy as a monotherapy for prostate cancer--Single-institution results of the extreme fractionation regimen,Kukiełka AM,"PURPOSE: We report a single-institution retrospective analysis of the outcomes, disease control, and toxicity of high-dose-rate (HDR) brachytherapy used as the only treatment modality (monotherapy) for localized prostate cancer. METHODS: Between 2006 and 2012, 77 patients with diagnosed prostate cancer were treated with HDR brachytherapy as a monotherapy. The prescribed dose was 45 Gy in three separate implants 21 days apart, with single fraction per implant. Of the 77 patients, 67 (87%) received hormonal therapy. Prostate-specific antigen failure was defined according to Phoenix consensus, as nadir + 2 ng/mL. Toxicity was scored according to Common Terminology Criteria for Adverse Events, version 4.03. RESULTS: The median followup time was 57 months (4.75 years). The 5-year actuarial overall survival was 98.7%, biochemical control 96.7%, local control 96.9%, and metastasis-free survival 98.4%. Younger age at the beginning of brachytherapy predicted the onset of bounce phenomenon. There were no Grade 3 or higher acute toxicities detected, and Grade 2 genitourinary acute toxicity developed in 19 patients (24.6%). There were no Grade 2 gastrointestinal complications. No Grade 4 or 5 late toxicity was detected. There were also no Grade 3 gastrointestinal toxicities detected. One patient (1.3%) underwent transurethral resection of the prostate because of Grade 3 urethral stenosis and urinary retention. A total of 26 patients (33.8%) developed Grade 2 late toxicity. CONCLUSIONS: HDR brachytherapy as monotherapy for localized prostate cancer was feasible, effective, and had acceptable toxicity profile.",Brachytherapy,2015,,-,doi: 10.1016/j.brachy.2015.01.004. Epub 2015 Feb 28,https://www.ncbi.nlm.nih.gov/pubmed/25736733,,negative,0,2015.0
19913249,Robotic assisted laparoscopic salvage prostatectomy for radiation resistant prostate cancer,Eandi JA,"PURPOSE: We report on outcomes of robotic assisted laparoscopic radical prostatectomy as salvage local therapy for radiation resistant prostate cancer. MATERIALS AND METHODS: We retrospectively reviewed the charts of all patients who underwent robotic assisted laparoscopic radical prostatectomy for biopsy proven prostate cancer after primary radiation treatment. Patient characteristics, intraoperative and perioperative data, and oncological and functional outcomes were assessed. RESULTS: A total of 18 patients were identified with a median followup of 18 months (range 4.5 to 40). Primary treatment was brachytherapy in 8 patients and external beam radiation in 8, while 2 underwent proton beam therapy. Median age at salvage robotic assisted laparoscopic radical prostatectomy was 67 years (range 53 to 76). Median preoperative prostate specific antigen was 6.8 ng/ml (range 1 to 28.9) and median time to surgery after primary treatment with radiation was 79 months (range 7 to 146). Median operative parameters for estimated blood loss, surgery length and hospital stay were 150 ml, 2.6 hours and 2 days, respectively. No patient required conversion to open surgery or a blood transfusion, or experienced a rectal injury. Perioperative complications occurred in 7 patients (39%) of which the most common was urine leak identified by postoperative cystogram. Five patients (28%) had a positive surgical margin. Although some patients had limited followup, 6 (33%) were continent and 67% were free of biochemical progression. CONCLUSIONS: Robotic assisted laparoscopic radical prostatectomy can be performed safely as salvage local therapy after failed radiation therapy. Outcomes are comparable to those of large series of open salvage prostatectomy.",J Urol,2010,183,133-7,doi: 10.1016/j.juro.2009.08.134,https://www.ncbi.nlm.nih.gov/pubmed/19913249,,negative,0,2010.0
25733275,"Complications after radical prostatectomy or radiotherapy for prostate cancer: results of a population-based, propensity score-matched analysis",Wallis CJ,"OBJECTIVE: To assess rates of treatment-related complications after radical prostatectomy or radiotherapy monotherapy, using propensity score matching to account for baseline differences between these patient populations. METHODS: On the basis of a population-based study of men undergoing surgery or radiotherapy for prostate cancer in Ontario between 2002 and 2009, we undertook a propensity score-matched analysis including age, comorbidity, and year of treatment to assess treatment-related complication end points. These included hospital admission; urologic, rectal, or anal procedures; open surgeries; and secondary malignancies. RESULTS: From the original cohort of 32,465 patients, 15,870 (48.9%) had surgery and 16,595 (51.1%) had radiation. Propensity score matching produced 8797 pairs (17,594 patients). Among these, when compared with patients treated with surgery, those treated with radiation experienced fewer admissions to hospital (hazard ratio [HR], 0.85; 95% confidence interval [CI], 0.78-0.92) and urologic procedures (HR, 0.50; 95% CI, 0.46-0.53) at year 1 but higher rates at year 3 (HR, 5.65; 95% CI, 4.61-6.91 and HR, 1.86; 95% CI, 1.62-2.13, respectively) and year 5. Although there was no significant difference in open surgeries at year 1, patients undergoing radiotherapy were at higher risk by year 3 (HR, 2.06; 95% CI, 1.23-3.47) and this rose by year 5. Over the study period, patients undergoing radiotherapy experienced more rectal-anal procedures (HR, 2.64; 95% CI, 2.37-2.95) and were diagnosed with more secondary malignancies (HR, 2.44; 95% CI, 1.16-5.14). Direct matching produced similar results. CONCLUSION: From a propensity score-matched analysis, we found that patients undergoing radiation therapy for prostate cancer had higher rates of long-term complications in all 5 categories studied than patients undergoing surgery.",Urology,2015,85,621-7,doi: 10.1016/j.urology.2014.11.037,https://www.ncbi.nlm.nih.gov/pubmed/25733275,,negative,0,2015.0
20224263,Outcome of adjuvant radiotherapy after radical prostatectomy for prostate cancer patients,Suzuki K,"AIM: To examine the outcome and risk factors of biochemical failure (BCF) in Japanese prostate cancer (PCa) patients treated with adjuvant radiotherapy (RT) after radical prostatectomy (RP). PATIENTS AND METHOD: In this study we enrolled 83 Japanese patients having clinically organ-confined PCa without neoadjuvant treatments who received conventional RT (60 Gy) after RP. All patients had extracapsular extension (ECE) and/or positive surgical margin (PSM) of the RP specimens, but no lymph node metastasis. The disease-specific, clinical failure-free, and BCF-free survivals were analyzed. Furthermore, the risk factors affecting the BCF-free survival were examined in detail. RESULTS: The 5-year disease-specific, clinical failure-free, and BCF-free survival rates were 100, 99, and 87%, respectively. The clinicopathological factors associated with BCF were seminal vesicle invasion (SVI) (p = 0.024), perineural invasion (PNI) (p = 0.03), and pre-RT prostate-specific antigen (PSA) (p = 0.014). In the patients with PSM (n = 59), the entire surgical margin-positive patients had a significantly higher risk of BCF than the focal surgical margin-positive patients (p = 0.015). Multivariate analysis showed that SVI and pre-RT PSA were independent prognostic factors of BCF (p = 0.0142, p = 0.0225, respectively). 22% of our patients had only low-grade adverse effects. CONCLUSION: The outcome of adjuvant RT after RP in the Japanese patients with ECE and/or PSM was excellent, and the adverse effects were mild and tolerable. However, the patients with SVI, PNI, entire surgical margin-positive specimens, or high pre-RT PSA had poor biochemical control by only adjuvant RT after RP.",Urol Int,2010,84,382-7,doi: 10.1159/000296288. Epub 2010 Mar 13,https://www.ncbi.nlm.nih.gov/pubmed/20224263,,negative,0,2010.0
31866092,"Salvage Radiotherapy Versus Hormone Therapy for Prostate-specific Antigen Failure After Radical Prostatectomy: A Randomised, Multicentre, Open-label, Phase 3 Trial (JCOG0401)(†)",Yokomizo A,"BACKGROUND: No standard therapy has been established for localised prostate cancer patients with prostate-specific antigen (PSA) failure after radical prostatectomy (RP). OBJECTIVE: To determine whether radiotherapy ± hormone therapy is superior to hormone therapy alone in such patients. DESIGN, SETTING, AND PARTICIPANTS: This study is a multicentre, randomised, open-label, phase 3 trial. Patients with localised prostate cancer whose PSA concentrations had decreased to <0.1 ng/ml after RP, and then increased to 0.4-1.0 ng/ml, were randomised to the salvage hormone therapy (SHT) group (80 mg bicalutamide [BCL] followed by luteinising hormone-releasing hormone agonist in case of BCL failure) or the salvage radiation therapy (SRT) ± SHT group (64.8 Gy of SRT followed by the same regimen as in the SHT group in case of SRT failure). From May 2004 to May 2011, 210 patients (105 in each arm) were registered, with the median follow-up being 5.5 yr. OUTCOME MEASUREMENTS AND STATISTICAL ANALYSIS: The primary endpoint was time to treatment failure (TTF) of BCL. RESULTS AND LIMITATIONS: TTF of BCL was significantly longer in the SRT ± SHT group (8.6 yr) than in the SHT group (5.6 yr; hazard ratio 0.56, 90% confidence interval [0.40-0.77]; one-sided p =  0.001). Thirty-two of 102 patients (31%) in the SRT ± SHT group did not have SRT treatment failure. However, clinical relapse-free survival and overall survival did not differ between the arms. The most frequent grade 3-4 adverse event was erectile dysfunction (83 patients [80%] in the SHT group vs. 76 [74%] in the SRT ± SHT group). Limitations include the short follow-up periods and surrogate endpoint setting to allow definitive conclusions. CONCLUSIONS: Initial SRT prolongs TTF of BCL in patients with post-RP PSA failure, indicating that SRT ± SHT is more beneficial than SHT alone. PATIENT SUMMARY: Patients who have prostate-specific antigen failure after radical prostatectomy benefit from salvage radiation therapy prior to salvage hormone therapy.",Eur Urol,2020,77,689-698,doi: 10.1016/j.eururo.2019.11.023. Epub 2019 Dec 19,https://www.ncbi.nlm.nih.gov/pubmed/31866092,,negative,0,2020.0
15795905,Marriage and ethnicity predict treatment in localized prostate carcinoma,Denberg TD,"BACKGROUND: Primary treatment for early-stage prostate carcinoma includes expectant management or, for curative intent, radical prostatectomy or radiotherapy. Treatment recommendations are generally guided by clinical factors such as Gleason grade, prostate-specific antigen level, comorbid illnesses, and patient age. Sociocultural factors may also have influences on patient and urologist treatment choices. METHODS: The authors used bivariate and multinomial logistic regression to identify medical and sociodemographic predictors of prostatectomy (compared with radiotherapy) and curative therapy (compared with expectant management) in a cohort of 27,920 non-Latino white, black, and Latino men without comorbidities in the latest linked Surveillance, Epidemiology and End Results-Medicare dataset (years 1995-1999). Predictors included tumor stage, patient age, marital status, race/ethnicity, and socioeconomic status. RESULTS: Younger age and higher tumor grade were robust predictors of curative treatment compared with expectant management and of prostatectomy compared with radiotherapy. Sociodemographic factors had an additive role in treatment choice. Marriage predicted curative treatment compared with expectant management (adjusted risk ratio [RR] = 1.28 [1.25-1.30]) and prostatectomy compared with radiotherapy (adjusted RR = 1.24 [1.20-1.28]). Although blacks and Latinos were just as likely as whites to receive curative treatment, blacks were significantly less likely, whereas Latinos were more likely, to receive prostatectomy compared with radiotherapy (adjusted RRs = 0.77 [0.72-83]) and 1.24 [1.18-1.30], respectively). CONCLUSIONS: Marriage was positively associated with curative treatment in general, and with prostatectomy specifically. Blacks received prostatectomy less often than whites, although they did not receive less curative treatment overall. Latinos received prostatectomy more often than whites. Clinicians should recognize the importance of cultural and social forces as well as biomedical factors in decisions regarding the treatment of patients with early-stage prostate carcinoma.",Cancer,2005,1,,doi: 10.1002/cncr.20982,https://www.ncbi.nlm.nih.gov/pubmed/15795905,,negative,0,2005.0
21665379,Redefining high-risk prostate cancer based on distant metastases and mortality after high-dose radiotherapy with androgen deprivation therapy.,Tendulkar RD,"PURPOSE: Modern outcomes of high-dose external beam radiotherapy (EBRT) with androgen deprivation therapy (ADT) for high-risk (HR) prostate cancer are not well described. METHODS AND MATERIALS: We identified 585 patients who met HR criteria by 2010 National Comprehensive Cancer Network guidelines, who were treated with EBRT consisting of ≥74 Gy from 1996 to 2008 at Cleveland Clinic, of whom 95% received ADT. We analyzed biochemical relapse-free survival (bRFS), distant metastases-free survival (DMFS), and prostate cancer-specific mortality (PCSM). RESULTS: The median EBRT dose was 78 Gy, and median ADT duration was 6 months. At 10 years, the bRFS was 50.2%, the DMFS was 71.6%, and the PCSM was 14.4%. On multivariate analysis, significant predictors of bRFS were biopsy Gleason score (bGS) of 8 to 10, stage T3, and prostate-specific antigen (PSA) concentration; predictors of DMFS were bGS of 8 to 10 and stage T3; the only predictor of PCSM was bGS of 8 to 10. The duration of ADT was not predictive of any endpoint. We identified an unfavorable high-risk (UHR) group of stage T1-T2 tumors consisting of bGS of 8 with PSA of >10 ng/ml or bGS of 9 to 10 with any PSA level; the remaining clinically localized cancers comprised the favorable high-risk (FHR) group. Comparing FHR, UHR, and stage T3 groups, the DMFS rates were 81.4%, 57.8%, and 59.1% (p < 0.0001), and the PCSM rates were 7.5%, 28.4%, and 20.6% at 10 years, respectively (p = 0.006). CONCLUSION: A bGS of 8 to 10 is the strongest predictor of bRFS, DMFS, and PCSM after high-dose EBRT with ADT. The duration of ADT did not correlate with outcome. Future studies should account for the heterogeneity in HR prostate cancer.",Int J Radiat Oncol Biol Phys,2012,82,1397-404,10.1016/j.ijrobp.2011.04.042,https://www.ncbi.nlm.nih.gov/pubmed/21665379,HIGH RISK,positive,1,
26341039,Individualization of Adjuvant Therapy After Radical Prostatectomy for Clinically Localized Prostate Cancer: Current Status and Future Directions,Mitchell DL,"Radiation therapy indications in the postprostatectomy setting are evolving. Several retrospective series have identified a number of ""high-risk"" pathologic features associated with an elevated risk of disease recurrence after radical prostatectomy. More recently, several randomized phase III trials demonstrated superior biochemical relapse-free survival for adjuvant radiation therapy after prostatectomy for patients with these high-risk pathologic features, including positive margin status, extraprostatic extension, and/or seminal vesicle invasion. These series further suggested improvement in distant metastasis control and overall survival after 15 years. However, not all patients with high-risk features experience disease recurrence after surgery alone, and some subsets of patients experience suboptimal disease control and survival despite immediate postoperative radiotherapy. Furthermore, some patients without high-risk features will develop recurrence. The present review discusses the current data and potential future directions to improve individualization of therapy after prostatectomy.",Clin Genitourin Cancer,2016,14,12-21,doi: 10.1016/j.clgc.2015.07.022. Epub 2015 Aug 6,https://www.ncbi.nlm.nih.gov/pubmed/26341039,,negative,0,2015.0
20449749,Long-term outcomes of salvage radiotherapy for PSA-recurrent prostate cancer: validation of the Stephenson nomogram,Hugen CM,"PURPOSE: Approximately one-third of patients who undergo radical prostatectomy for clinically localized prostate cancer will ultimately develop a biochemical recurrence. We report our long-term outcomes of salvage radiotherapy (SRT), and in so doing, validate a recently published prognostic nomogram. METHODS: A retrospective chart review was performed of all patients treated with SRT following radical prostatectomy for biochemical PSA recurrence at our institution between 1992 and 2003. We calculated the probability of 6-year biochemical progression-free survival following SRT and performed a goodness-of-fit test to ascertain whether the previously published nomogram correctly predicted our observations. RESULTS: During the study period, 96 patients were treated with SRT. At a median follow-up of 71 months, 44 (46%) had a durable PSA-free response. There was no significant difference between the observed progression-free survival and that predicted by the Stephenson nomogram (P = 0.7). Multivariate logistic regression analysis determined that PSA value at the initiation of SRT (P = 0.02) and pathologic Gleason Score (P = 0.04) were significantly associated with the probability of recurrence. CONCLUSIONS: During the study period, nearly half of patients treated with SRT for PSA recurrence following radical prostatectomy had a durable treatment response. We found the predictive nomogram developed by Stephenson, et al. to be valid when tested on our independent cohort of patients.",World J Urol,2010,28,741-4,doi: 10.1007/s00345-010-0559-x. Epub 2010 May 7,https://www.ncbi.nlm.nih.gov/pubmed/20449749,,negative,0,2010.0
17162020,High dose rate brachytherapy as a boost for the treatment of localized prostate cancer.,Phan TP,"PURPOSE: We report the outcome and toxicities of high dose rate brachytherapy as a boost for localized prostate cancer. MATERIALS AND METHODS: Between 1996 and 2003, 309 patients with prostate carcinoma were treated with external beam radiation therapy and high dose rate brachytherapy. Furthermore, 36% of the patients received neoadjuvant/concurrent or adjuvant androgen deprivation therapy. Patients were stratified into 3 groups. Group 1 of 67 patients had Gleason score 6 or less, pretreatment prostate specific antigen 10 ng/ml or less and clinical stage T2a or less. Group 2 of 109 patients had Gleason score 7 or greater, pretreatment prostate specific antigen greater than 10 ng/ml and clinical stage T2b or greater. Group 3 of 133 patients had 2 or more of these higher risk factors. RESULTS: At a median followup of 59 months the 5-year biochemical control rate, as defined by the American Society for Therapeutic Radiation and Oncology, was 86%, cause specific survival was 98% and overall survival was 91%. Biochemical control in stratified groups 1 to 3 was 98%, 90% and 78%, respectively. On univariate analysis risk group, pretreatment prostate specific antigen and Gleason score were significant predictors of biochemical control. However, on multivariate analysis only risk group and pretreatment prostate specific antigen were significant. Using the Common Toxicity Criteria scale there were 2 cases of grade 3 acute urinary toxicity. Regarding late side effects 4% of patients had grade 3 genitourinary toxicity and 1 had a grade 4 rectal complication. CONCLUSIONS: External beam radiation therapy and high dose rate brachytherapy for prostate cancer resulted in excellent biochemical control, cause specific survival and overall survival with minimal severe acute or late complications.",J Urol,2007,177,123-7; discussion 127,10.1016/j.juro.2006.08.109,https://www.ncbi.nlm.nih.gov/pubmed/17162020,INTERMEDIATE RISK,positive,1,
32063492,Phase II Trial of Enzalutamide and Androgen Deprivation Therapy with Salvage Radiation in Men with High-risk Prostate-specific Antigen Recurrent Prostate Cancer: The STREAM Trial,Bitting RL,"BACKGROUND: Salvage external beam radiotherapy (RT) with androgen deprivation therapy (ADT) improves survival over RT in men with prostate cancer (PC) and rising prostate-specific antigen (PSA) levels after radical prostatectomy (RP). OBJECTIVE: To investigate the safety and efficacy of enzalutamide concurrent with salvage RT and ADT. DESIGN, SETTING, AND PARTICIPANTS: This was a three-center prospective phase 2 single-arm trial (NCT02057939) of men with Gleason 7-10 PC and PSA recurrence within 4 yr of RP ranging from 0.2 to 4.0 ng/dl, no prior hormonal therapy, and no radiographic evidence of metastases. We enrolled 38 men; 37 completed therapy and were evaluable with testosterone recovery at 2 yr. INTERVENTION: Six months of ADT with 160 mg/d enzalutamide and 66 Gy RT to the prostate bed. OUTCOME MEASUREMENTS AND STATISTICAL ANALYSIS: The primary endpoint was improved 2-yr progression-free survival (PFS) over historical controls. Secondary objectives included 3-yr PFS, safety, and patient-reported quality of life (QOL). RESULTS AND LIMITATIONS: The primary endpoint of 2-yr PFS was 65% (95% confidence interval [CI]: 47, 78) versus 51% (95% CI: 33, 67) in a trial of men with similar eligibility treated with salvage RT and adjuvant docetaxel. The 3-yr PFS was 53%. Eleven (29%) men experienced G3 toxicities, and there were no G4-5 or unexpected toxicities. QOL data suggest modest worsening of bowel, bladder, and hormonal symptoms at 3 mo, with recovery by 24 mo in most men. CONCLUSIONS: Salvage RT with enzalutamide and ADT following RP for men with PSA recurrent high-risk PC is safe and demonstrates encouraging efficacy, warranting prospective controlled phase 3 trials of ADT with or without potent androgen receptor inhibition in this curative-intent setting. PATIENT SUMMARY: Addition of 6 mo of oral daily enzalutamide to standard salvage radiation and hormone therapy is safe and may improve prostate cancer remission rates at 2 and 3 yr.",Eur Urol Oncol,2021,4,948-954,doi: 10.1016/j.euo.2020.01.005. Epub 2020 Feb 13,https://www.ncbi.nlm.nih.gov/pubmed/32063492,,negative,0,2020.0
24222312,High-dose-rate brachytherapy and hypofractionated external beam radiotherapy combined with long-term hormonal therapy for high-risk and very high-risk prostate cancer: outcomes after 5-year follow-up.,Ishiyama H,"The purpose of this study was to report the outcomes of high-dose-rate (HDR) brachytherapy and hypofractionated external beam radiotherapy (EBRT) combined with long-term androgen deprivation therapy (ADT) for National Comprehensive Cancer Network (NCCN) criteria-defined high-risk (HR) and very high-risk (VHR) prostate cancer. Data from 178 HR (n = 96, 54%) and VHR (n = 82, 46%) prostate cancer patients who underwent (192)Ir-HDR brachytherapy and hypofractionated EBRT with long-term ADT between 2003 and 2008 were retrospectively analyzed. The mean dose to 90% of the planning target volume was 6.3 Gy/fraction of HDR brachytherapy. After five fractions of HDR treatment, EBRT with 10 fractions of 3 Gy was administered. All patients initially underwent ≥ 6 months of neoadjuvant ADT, and adjuvant ADT was continued for 36 months after EBRT. The median follow-up was 61 months (range, 25-94 months) from the start of radiotherapy. The 5-year biochemical non-evidence of disease, freedom from clinical failure and overall survival rates were 90.6% (HR, 97.8%; VHR, 81.9%), 95.2% (HR, 97.7%; VHR, 92.1%), and 96.9% (HR, 100%; VHR, 93.3%), respectively. The highest Radiation Therapy Oncology Group-defined late genitourinary toxicities were Grade 2 in 7.3% of patients and Grade 3 in 9.6%. The highest late gastrointestinal toxicities were Grade 2 in 2.8% of patients and Grade 3 in 0%. Although the 5-year outcome of this tri-modality approach seems favorable, further follow-up is necessary to validate clinical and survival advantages of this intensive approach compared with the standard EBRT approach.",J Radiat Res,2014,55,509-17,10.1093/jrr/rrt128,https://www.ncbi.nlm.nih.gov/pubmed/24222312,HIGH RISK,positive,1,
20303100,"Quality of life after open or robotic prostatectomy, cryoablation or brachytherapy for localized prostate cancer",Malcolm JB,"PURPOSE: Health related quality of life concerns factor prominently in prostate cancer management. We describe health related quality of life impact and recovery profiles of 4 commonly used operative treatments for localized prostate cancer. MATERIALS AND METHODS: Beginning in February 2000 all patients treated with open radical prostatectomy, robot assisted laparoscopic prostatectomy, brachytherapy or cryotherapy were asked to complete the UCLA-PCI questionnaire before treatment, and at 3, 6, 12, 18, 24, 30 and 36 months after treatment. Outcomes were compared across treatment types with statistical analysis using univariate and multivariate models. RESULTS: A total of 785 patients treated between February 2000 and December 2008 were included in the analysis with a mean followup of 24 months. All health related quality of life domains were adversely affected by all treatments and recovery profiles varied significantly by treatment type. Overall urinary function and bother outcomes scored significantly higher after brachytherapy and cryotherapy compared to open radical prostatectomy and robotic assisted laparoscopic radical prostatectomy. Brachytherapy and cryotherapy had a 3-fold higher rate of return to baseline urinary function compared to open radical prostatectomy and robotic assisted laparoscopic radical prostatectomy. Sexual function and bother scores were highest after brachytherapy, with a 5-fold higher rate of return to baseline function compared to cryotherapy, open radical prostatectomy and robotic assisted laparoscopic radical prostatectomy. All 4 treatments were associated with relatively transient and less pronounced impact on bowel function and bother. CONCLUSIONS: In a study of sequential health related quality of life assessments brachytherapy and cryotherapy were associated with higher urinary function and bother scores compared to open radical prostatectomy and da Vinci prostatectomy. Brachytherapy was associated with higher sexual function and bother scores compared to open radical prostatectomy, robotic assisted laparoscopic radical prostatectomy and cryotherapy.",J Urol,2010,183,1822-8,doi: 10.1016/j.juro.2009.12.102. Epub 2010 Mar 29,https://www.ncbi.nlm.nih.gov/pubmed/20303100,,negative,0,2010.0
20338476,Permanent prostate brachytherapy in prostate glands <20 cm(3),Mayadev J,"PURPOSE: To investigate the dosimetry, treatment-related morbidity, and biochemical outcomes for brachytherapy in patients with prostate glands <20 cm(3). METHODS AND MATERIALS: From November 1996 to October 2006, 104 patients with prostate glands <20 cm(3) underwent brachytherapy. Multiple prostate, urethral, and rectal dosimetric parameters were evaluated. Treatment-related urinary and rectal morbidity were assessed from patient questionnaires. Cause-specific survival, biochemical progression-free survival, and overall survival were recorded. RESULTS: The median patient age, follow up, and pre-treatment ultrasound volume was 64 years, 5.0 years and 17.6cm(3), respectively. Median day 0 dosimetry was significant for the following: V100 98.5%, D90 126.1% and R100 <0.5% of prescription dose. The mean urethral and maximum urethral doses were 119.6% and 133.8% of prescription. The median time to International Prostate Symptom Score resolution was 4 months. There were no RTOG grade III or IV rectal complications. The cause-specific survival, biochemical progression-free survival, and overall survival rates were 100%, 92.5%, and 77.8% at 9 years. For biochemically disease-free patients, the median most recent postbrachytherapy PSA value was 0.02 ng/mL. CONCLUSION: Our results demonstrate that brachytherapy for small prostate glands is highly effective, with an acceptable morbidity profile, excellent postimplant dosimetry, acceptable treatment-related morbidity, and favorable biochemical outcomes.",Int J Radiat Oncol Biol Phys,2010,76,1450-5,doi: 10.1016/j.ijrobp.2009.04.014,https://www.ncbi.nlm.nih.gov/pubmed/20338476,,negative,0,2010.0
25819287,Is high dose rate brachytherapy reliable and effective treatment for prostate cancer patients? A review of the literature,De Bari B,"The intrinsic physical and radiobiological characteristics of High Dose Rate Brachytherapy (HDR-BT) are well suited to the treatment of prostate cancer. HDR-BT was initially used as a boost to external beam brachytherapy, but has subsequently been employed as the sole treatment, which is termed HDR monotherapy. This review summarizes the clinical outcomes and toxicity results of the principal studies and discusses the radiobiological basis supporting its use.",Crit Rev Oncol Hematol,2015,94,360-70,doi: 10.1016/j.critrevonc.2015.02.003. Epub 2015 Feb 17,https://www.ncbi.nlm.nih.gov/pubmed/25819287,,negative,0,2015.0
32211942,PSMA-positive nodal recurrence in prostate cancer : Salvage radiotherapy is superior to salvage lymph node dissection in retrospective analysis,Schmidt-Hegemann NS,"PURPOSE: This analysis compares salvage lymph node dissection (SLND) to salvage lymph node radiotherapy (SLNRT) of <sup>68</sup>Ga-PSMA PET-positive nodal recurrences after radical prostatectomy (RPE). METHODS: A total of 67 SLNRT and 33 SLND consecutive patients with pelvic and/or para-aortic nodal recurrences after RPE were retrospectively analyzed. Biochemical recurrence-free survival rates (bRFS; PSA <0.2 ng/mL) were calculated according to Kaplan-Meier and survival curves were compared using the log rank test. For multivariable analysis, binary logistic regression analysis was performed (p < 0.05). RESULTS: Median follow-up was 17 months (range, 6-53 months) in SLND patients and 31 months (range, 3-56 months) in SLNRT patients (p = 0.027). SLNRT patients had significantly more tumours of pT3 and pT4 category (82% vs. 67%; p = 0.006), pathologically involved lymph nodes (45% vs. 27%; p = 0.001) and positive surgical margins (54% vs. 12%; p = 0.001) at time of RPE than SLND patients. PSA persistence after RPE was significantly more frequently observed in the SLNRT cohort (73% vs. 27%; p = 0.001). There was no significant difference in the distribution of PET-positive lymph nodes. Median PSA before SLND was higher than before SLNRT (3.07 ng/ml vs. 1.3 ng/ml; p = 0.393). The 2‑year bRFS was significantly higher in the SLNRT vs. the SLND cohort (92% vs. 30%; p = 0.001) with lower rates of distant metastases (21% vs. 52%; p = 0.002) and secondary treatments (5% vs. 39%; p = 0.011) irrespective of ongoing androgen deprivation therapy at last contact. In multivariable analysis, SLNRT was significantly associated with prolonged bRFS (regression coefficient 1.436, hazard ratio 4.204, 95% CI 1.789-9.878; p = 0.001). CONCLUSION: Based on this retrospective study SLNRT might be the preferred treatment option for patients with nodal recurrence after previous RPE.",Strahlenther Onkol,2020,196,637-646,doi: 10.1007/s00066-020-01605-z. Epub 2020 Mar 24,https://www.ncbi.nlm.nih.gov/pubmed/32211942,,negative,0,2020.0
19168203,Population-based study of biochemical and survival outcomes after permanent 125I brachytherapy for low- and intermediate-risk prostate cancer.,Morris WJ,"OBJECTIVES: To analyze the biochemical and survival outcomes after permanent low-dose-rate prostate brachytherapy in a large, consecutive, population-based cohort of patients. METHODS: A total of 1006 consecutive implants were performed from July 20, 1998 to October 23, 2003 for men with low-risk and ""low-tier"" intermediate-risk prostate cancer. The prescribed minimal peripheral dose was 144 Gy, using 0.33 mCi (125)I sources and a preplan technique with a strong posterior-peripheral dose bias. Most patients (65%) had received 6 months of androgen deprivation therapy. Supplemental external beam radiotherapy was not used. The prognostic features, dose metrics, and follow-up data were prospectively collected. Kaplan-Meier and Cox regression analyses were used to assess the factors associated with freedom from biochemical recurrence and survival. RESULTS: The median patient age at treatment was 66 years. The median follow-up was 54 months for biochemical outcomes and 66 months for survival. The actuarial freedom from biochemical recurrence rate was 95.6% +/- 1.6% at 5 years and 94.0% +/- 2.2% at 7 years. On multivariate analysis, the pretreatment prostate-specific antigen level (P = .03) and androgen deprivation therapy use (P = .04) were predictive of the freedom from biochemical recurrence. The actuarial rates of distant metastasis and disease-specific death at 5 years were both <1%. The overall survival rate at 5 years was 95.2% +/- 1.4% and was 93.4% +/- 1.8% at 7 years. On multivariate analysis, only age was predictive of overall survival (P = .011). CONCLUSIONS: When consistently planned and delivered, low-dose-rate brachytherapy, without supplemental external beam radiotherapy or intraoperative planning, can produce cancer-specific outcomes for men with low- and ""low-tier"" intermediate-risk prostate cancer at least equal to that produced by dose-escalated external beam radiotherapy or surgical prostatectomy.",Urology,2009,73,860-5; discussion 865-7,10.1016/j.urology.2008.07.064,https://www.ncbi.nlm.nih.gov/pubmed/19168203,LOW RISK,positive,1,
26159555,Elective pelvic versus prostate bed-only salvage radiotherapy following radical prostatectomy: A propensity score-matched analysis,Song C,"PURPOSE: To compare the impact of elective whole pelvic radiotherapy (WPRT) versus prostate bed-only radiotherapy (PBRT) on biochemical relapse-free survival (bRFS) in prostate cancer patients treated with salvage radiotherapy following radical prostatectomy (RP). PATIENTS AND METHODS: In our database, 163 lymph node-negative prostate cancer patients who had undergone salvage radiotherapy (SRT) for biochemical relapse after RP between September 2004 and April 2012 were identified. PBRT was administered to 134 patients (the PBRT group), while the remaining 29 patients (the WPRT group) received WPRT. RESULTS: Median follow-up was 57 months (range 18-122 months). In the propensity score-matched cohort, the 4-year bRFS of the WPRT group was significantly higher compared to the PBRT group (63.1 vs. 43.4%, p = 0.034). Subgroup analysis showed that the bRFS of patients who had two or more risk factors (seminal vesicle invasion, Roach score for lymph node invasion ≥ 45%, and number of harvested lymph nodes ≤ 5) and were treated with WPRT was significantly improved compared to those who received PBRT (hazard ratio, HR 0.33; 95% confidence interval, CI 0.13-0.83; p = 0.018). CONCLUSION: Elective WPRT for SRT may improve bRFS in patients with unfavorable risk factors. These results need to be confirmed by a prospective randomized trial.",Strahlenther Onkol,2015,191,801-9,doi: 10.1007/s00066-015-0872-9. Epub 2015 Jul 10,https://www.ncbi.nlm.nih.gov/pubmed/26159555,,negative,0,2015.0
