pmid,title,author,abstract,journal,year,volume,pages,doi,url,risk_category,dataset,label,year_group
25466361,The clinical significance of persistent cancer cells on prostate biopsy after high-dose-rate brachytherapy boost for intermediate-risk prostate cancer.,D'Alimonte L,"PURPOSE: To evaluate the association between post-treatment biopsy results and the probability of biochemical disease-free survival (bDFS). METHODS AND MATERIALS: Two sequential prospective clinical trials were undertaken in men with intermediate-risk prostate cancer (T1-T2 with either Gleason score 7 and prostate-specific antigen [PSA] level lower than 20 ng/mL or Gleason score 6 and PSA level of 10-20 ng/mL). All patients had high-dose-rate brachytherapy (two fractions of 10Gy separated by 1 week or a single 15-Gy fraction) followed by external beam radiotherapy. Both study groups were followed prospectively with regular PSA readings and prostate biopsy at 2 years. Biopsies were reported as: positive=malignant cells with no or only partial radiation effect, negative=no malignant cells seen, and indeterminate=malignant cells with marked radiation effect. Biochemical failure was defined using the nadir+2 ng/mL definition and estimated using the Kaplan-Meier curves. Fisher exact test was performed to investigate any relationships between high-dose-rate treatment and biopsy results. RESULTS: A total of 181 patients were included in this analysis. The median followup for all patients was 6.2 years (range, 0.3-10.5). Post-treatment biopsy was performed in 111 patients of which 82 (74%) were negative, 17 (15%) indeterminate, and 12 (11%) malignant. The 5-year bDFS was 97.5%, 93.8%, and 83.3% for those with benign, indeterminate, and malignant biopsies, respectively (p=0.4398). Median PSA nadir was 0.08 ng/mL (range, 0.01-3.63), with no difference in PSA change over time by treatment (p=0.9953) or biopsy result (p=0.4398) CONCLUSIONS: Routine biopsy at 2 years was not able to reliably predict which patients would ultimately fail as even those with a positive biopsy had a long-term bDFS higher than 80%.",Brachytherapy,2015,14,309-14,10.1016/j.brachy.2014.10.003,https://www.ncbi.nlm.nih.gov/pubmed/25466361,,positive,1,
16289906,"A phase II study of external beam radiotherapy combined with permanent source brachytherapy for intermediate-risk, clinically localized adenocarcinoma of the prostate: preliminary results of RTOG P-0019",Lee WR,"PURPOSE: To estimate the rate of acute and late Grade 3-5 genitourinary and gastrointestinal toxicity after treatment with external beam radiotherapy and permanent source brachytherapy in a multi-institutional, cooperative group setting. METHODS AND MATERIALS: All patients were treated with external beam radiotherapy (45 Gy in 25 fractions), followed 2-6 weeks later by an interstitial implant using 125I to deliver an additional 108 Gy. Late genitourinary toxicity was graded according to the Common Toxicity Criteria Version 2.0, and the Radiation Therapy Oncology Group/European Organization for Research and Treatment of Cancer late radiation morbidity scoring system was used for all other toxicity. RESULTS: A total of 138 patients from 28 institutions were entered on this study. Acute toxicity information was available in 131 patients, and 127 patients were analyzable for late toxicity. Acute Grade 3 toxicity was documented in 10 of 131 patients (7.6%). No Grade 4 or 5 acute toxicity has been observed. The 18-month month estimate of late Grade 3 genitourinary and gastrointestinal toxicity was 3.3% (95% confidence interval, 0.1-6.5). No late Grade 4 or 5 toxicity has been observed. CONCLUSIONS: The acute and late morbidity observed in this multi-institutional, cooperative group study is consistent with previous reports from single institutions with significant prostate brachytherapy experience.",Int J Radiat Oncol Biol Phys,2006,1,,doi: 10.1016/j.ijrobp.2005.09.002. Epub 2005 Nov 14,https://www.ncbi.nlm.nih.gov/pubmed/16289906,,negative,0,2005.0
27458572,Predicting Biochemical Disease-Free Survival after Prostate Stereotactic Body Radiotherapy: Risk-Stratification and Patterns of Failure.,Katz A,"BACKGROUND AND PURPOSE: To determine appropriate risk-stratification factors for prostate cancer patients undergoing stereotactic body radiotherapy (SBRT). MATERIALS AND METHODS: Between 2006 and 2010, 515 patients with organ-confined prostate cancer were treated with a regimen of five-fraction SBRT to dose of 35-36.25 Gy. By NCCN criteria, 324 patients were low risk, 153 were intermediate risk, and 38 were high risk. Patients were defined as unfavorable intermediate risk if Gleason 4 + 3 = 7 or >1 intermediate-risk factors (cT2b, c, PSA 10-20, Gleason 3 + 4 = 7). Cox regression analysis was used to determine risk factors significantly associated biochemical failure, and patterns of failure analyzed. RESULTS: With median follow-up of 84 months, the 8-year disease-free survival was 93.6, 84.3, and 65.0% for low, intermediate, and high-risk group patients, respectively. Based on the above definition, 106 favorable intermediate-risk patients had excellent outcomes, with no significant difference compared to low-risk patients (7-year DFS 95.2 vs. 93.2%, respectively). The 47 unfavorable intermediate-risk patients had worse outcomes, similar to high-risk patients (7-year DFS 68.2 vs. 65.0%, respectively). Gleason score was the only significant factor associated with biochemical failure on multivariate analysis (p = 0.0003). CONCLUSION: Patients with favorable intermediate-risk disease have excellent outcomes, comparable to low-risk patients. Patients with unfavorable intermediate-risk disease have significantly worse outcomes after SBRT, and should be considered for clinical trials or treatment intensification.",Front Oncol,2016,6,168,10.3389/fonc.2016.00168,https://www.ncbi.nlm.nih.gov/pubmed/27458572,,positive,1,
20215039,Loose seeds versus stranded seeds in I-125 prostate brachytherapy: differences in clinical outcome.,Hinnen KA,"PURPOSE: To assess clinical outcome in terms of biochemical No evidence of disease (bNED) for patients with stranded seed implants versus loose seed implants in prostate brachytherapy. METHODS: From December 2000 until October 2006, we treated 896 T< or =2C Nx/0 Mx/0, prostate cancer patients with either stranded seed (n=538) or loose seed (n=358) I-125 implants. A total of 211 patients received a 6 months course of anti-androgen therapy, before treatment, for prostate volume reduction to <50 cc. Patients with very small and large gland volumes or a history of transurethral prostate resection, were preferably treated with stranded seeds, otherwise selection was arbitrary. RESULTS: The 5-year bNED rates (95% Confidence Interval) for stranded seed patients and loose seed patients were respectively 86% (82-90) and 90% (85-95), the total 5-year bNED rate was 87% (85-90). When adjusted for possible confounding factors in a Cox-regression analysis, type of seed was significantly associated with biochemical failure with a 43% risk reduction (hazard ratio: 0.57; 95% CI: 0.34-0.97) for loose seeds versus stranded seeds. CONCLUSIONS: These results suggest that seed-type affects clinical outcome in prostate brachytherapy, with better bNED for patients with loose seed implants.",Radiother Oncol,2010,96,30-3,10.1016/j.radonc.2010.02.012,https://www.ncbi.nlm.nih.gov/pubmed/20215039,,positive,1,
21119084,Active surveillance compared with initial treatment for men with low-risk prostate cancer: a decision analysis,Hayes JH,"CONTEXT: In the United States, 192,000 men were diagnosed as having prostate cancer in 2009, the majority with low-risk, clinically localized disease. Treatment of these cancers is associated with substantial morbidity. Active surveillance is an alternative to initial treatment, but long-term outcomes and effect on quality of life have not been well characterized. OBJECTIVE: To examine the quality-of-life benefits and risks of active surveillance compared with initial treatment for men with low-risk, clinically localized prostate cancer. DESIGN AND SETTING: Decision analysis using a simulation model was performed: men were treated at diagnosis with brachytherapy, intensity-modulated radiation therapy (IMRT), or radical prostatectomy or followed up by active surveillance (a strategy of close monitoring of newly diagnosed patients with serial prostate-specific antigen measurements, digital rectal examinations, and biopsies, with treatment at disease progression or patient choice). Probabilities and utilities were derived from previous studies and literature review. In the base case, the relative risk of prostate cancer-specific death for initial treatment vs active surveillance was assumed to be 0.83. Men incurred short- and long-term adverse effects of treatment. PATIENTS: Hypothetical cohorts of 65-year-old men newly diagnosed as having clinically localized, low-risk prostate cancer (prostate-specific antigen level <10 ng/mL, stage ≤T2a disease, and Gleason score ≤6). MAIN OUTCOME MEASURE: Quality-adjusted life expectancy (QALE). RESULTS: Active surveillance was associated with the greatest QALE (11.07 quality-adjusted life-years [QALYs]), followed by brachytherapy (10.57 QALYs), IMRT (10.51 QALYs), and radical prostatectomy (10.23 QALYs). Active surveillance remained associated with the highest QALE even if the relative risk of prostate cancer-specific death for initial treatment vs active surveillance was as low as 0.6. However, the QALE gains and the optimal strategy were highly dependent on individual preferences for living under active surveillance and for having been treated. CONCLUSIONS: Under a wide range of assumptions, for a 65-year-old man, active surveillance is a reasonable approach to low-risk prostate cancer based on QALE compared with initial treatment. However, individual preferences play a central role in the decision whether to treat or to pursue active surveillance.",JAMA,2010,1,,doi: 10.1001/jama.2010.1720,https://www.ncbi.nlm.nih.gov/pubmed/21119084,,negative,0,2010.0
24101042,Randomized trial of hypofractionated external-beam radiotherapy for prostate cancer.,Pollack A,"PURPOSE: To determine if escalated radiation dose using hypofractionation significantly reduces biochemical and/or clinical disease failure (BCDF) in men treated primarily for prostate cancer. PATIENTS AND METHODS: Between June 2002 and May 2006, men with favorable- to high-risk prostate cancer were randomly allocated to receive 76 Gy in 38 fractions at 2.0 Gy per fraction (conventional fractionation intensity-modulated radiation therapy [CIMRT]) versus 70.2 Gy in 26 fractions at 2.7 Gy per fraction (hypofractionated IMRT [HIMRT]); the latter was estimated to be equivalent to 84.4 Gy in 2.0 Gy fractions. High-risk patients received long-term androgen deprivation therapy (ADT), and some intermediate-risk patients received short-term ADT. The primary end point was the cumulative incidence of BCDF. Secondarily, toxicity was assessed. RESULTS: There were 303 assessable patients with a median follow-up of 68.4 months. No significant differences were seen between the treatment arms in terms of the distribution of patients by clinicopathologic or treatment-related (ADT use and length) factors. The 5-year rates of BCDF were 21.4% (95% CI, 14.8% to 28.7%) for CIMRT and 23.3% (95% CI, 16.4% to 31.0%) for HIMRT (P = .745). There were no statistically significant differences in late toxicity between the arms; however, in subgroup analysis, patients with compromised urinary function before enrollment had significantly worse urinary function after HIMRT. CONCLUSION: The hypofractionation regimen did not result in a significant reduction in BCDF; however, it is delivered in 2.5 fewer weeks. Men with compromised urinary function before treatment may not be ideal candidates for this approach.",J Clin Oncol,2013,31,3860-8,10.1200/JCO.2013.51.1972,https://www.ncbi.nlm.nih.gov/pubmed/24101042,INTERMEDIATE RISK,positive,1,
14511029,Outcome after radical prostatectomy with a pretreatment prostate biopsy Gleason score of >/=8.,Manoharan M,"OBJECTIVE: To determine the outcome and predictors of recurrence in patients with a pretreatment prostate biopsy Gleason score (GS) of >/= 8 and treated with radical prostatectomy (RP). PATIENTS AND METHODS: We retrospectively reviewed 1048 consecutive patients who underwent RP by one surgeon (M.S.S.); patients who had a pretreatment biopsy GS of >/= 8 were identified. Information was recorded on patient age, initial prostate specific antigen (PSA) level, clinical stage, biopsy GS, pathology GS, extraprostatic extension (EPE), tumour volume, surgical margin status, seminal vesicle invasion (SVI), and lymph node involvement. The results were assessed statistically using the Kaplan-Meier method, univariate log-rank tests and multivariate analysis using Cox's proportional hazards regression. RESULTS: In all, 123 patients met the initial selection criteria; 44 were excluded from further analyses (five salvage RP, 23 < 1 year follow-up and 16 adjuvant treatment). Thus 79 patients were included in the uni- and multivariate analyses; 25 (31%) patients had a GS of </= 7 in the RP specimen and 54 (69%) remained at GS >/= 8. The mean follow-up was 55 months, the age of the patients 63 years and the mean (sd) initial PSA level 13 (12) ng/mL. The overall biochemical failure rate was 38% (41% if the final GS was >/= 8 and 32% if it was </= 7). For those with a GS of >/= 8 in the RP specimen, 20% (11/54) were organ-confined; two patients (2.5%) in this group developed local recurrence. If the final GS was </= 7, 52% (13/25) were organ-confined. In the univariate analysis, significant risk factors for recurrence were PSA >/= 20 ng/mL, EPE, SVI, a positive surgical margin and tumour volume. Cox's proportional regression indicated that a PSA of >/= 20 ng/mL (hazard ratio 7.9, 95% confidence interval 2.6-24.2, P < 0.001), the presence of EPE (4.2, 1.6-10.9, P = 0.004) and a positive surgical margin (3.8, 1.5-9.7, P = 0.005) were significant independent predictors in a multivariate analysis. CONCLUSION: RP is a reasonable treatment option for patients with a prostate biopsy GS of >/=8 and clinical stage T1-2. These patients have a high chance of remaining disease-free if their PSA level is </= 20 ng/mL. Patients with a pretreatment biopsy GS of >/= 8 should be counselled about the potential differences between the biopsy and the RP specimen GS.",BJU Int,2003,92,539-44,10.1046/j.1464-410x.2003.04419.x,https://www.ncbi.nlm.nih.gov/pubmed/14511029,,positive,1,
26276528,"Patient-reported quality of life after stereotactic body radiotherapy (SBRT), intensity modulated radiotherapy (IMRT), and brachytherapy",Evans JR,"BACKGROUND AND PURPOSE: Stereotactic body radiotherapy (SBRT) is being used for prostate cancer, but concerns persist about toxicity compared to other radiotherapy options. MATERIALS AND METHODS: We conducted a multi-institutional pooled cohort analysis of patient-reported quality of life (QOL) [EPIC-26] before and after intensity-modulated radiotherapy (IMRT), brachytherapy, or SBRT for localized prostate cancer. Data were analyzed by mean domain score, minimal clinically detectable difference (MCD) in domain score, and multivariate analyses to determine factors associated with domain scores at 2-years. RESULTS: Data were analyzed from 803 patients at baseline and 645 at 2-years. Mean declines at 2-years across all patients were -1.9, -4.8, -4.9, and -13.3 points for urinary obstructive, urinary incontinence, bowel, and sexual symptom domains, respectively, corresponding to MCD in 29%, 20%, and 28% of patients. On multivariate analysis (vs. IMRT), brachytherapy had worse urinary irritation at 2-years (-6.8 points, p<0.0001) but no differences in other domains (p>0.15). QOL after SBRT was similar for urinary (p>0.5) and sexual domains (p=0.57), but was associated with better bowel score (+6.7 points, p<0.0002). CONCLUSIONS: QOL 2-years after brachytherapy, IMRT, or SBRT is very good and largely similar, with small differences in urinary and bowel QOL that are likely minimized by modern techniques.",Radiother Oncol,2015,116,179-84,doi: 10.1016/j.radonc.2015.07.016. Epub 2015 Aug 11,https://www.ncbi.nlm.nih.gov/pubmed/26276528,,negative,0,2015.0
32249178,Cesium-131 prostate brachytherapy: A single institutional long-term experience.,Benoit RM,"AIMS: To report on the PSA outcomes in men undergoing prostate seed implant (PSI) with Cesium-131 at a single institution. MATERIALS AND METHODS: All patients who underwent prostate brachytherapy with Cesium-131 (<sup>131</sup>Cs) at our institution and had the potential for at least 24 months of follow up were included in this study. Results are reported for the by NCCN risk group (low, low/high-intermediate, and high), as well as by treatment received (monotherapy, combination external beam radiation + PSI, or trimodal therapy with androgen deprivation). The Phoenix definition (absolute nadir plus 2 ng/mL) was used to define biochemical freedom from disease (BFD). RESULTS: Eight hundred and six men have undergone prostate brachytherapy with Cesium-131 at our institution, and 669 men were included in analysis. Median follow up was 60.0 months (range: 0-144 months). According to NCCN risk categories, 29.9% were low-, 55.6% intermediate-, and 14.5% high-risk. Using the Phoenix criteria, 5/10-year BFD was 97.1/95.3% for patients in the low-risk category, 94.0/90.1% for patients in the intermediate-risk category, and 86.2/56.6% for patients in the high-risk category. PSA ≤0.2 ng/dL at 4 years was predictive of 10 year biochemical control: 96.3% vs 70.4%, p < 0.001. CONCLUSIONS: The present study demonstrates that prostate brachytherapy with <sup>131</sup>Cs achieves excellent long-term biochemical control.",Brachytherapy,2020,19,298-304,10.1016/j.brachy.2020.02.006,https://www.ncbi.nlm.nih.gov/pubmed/32249178,,positive,1,
26072289,Radiation dose escalation or longer androgen suppression for locally advanced prostate cancer? Data from the TROG 03.04 RADAR trial,Denham JW,"BACKGROUND: The relative effects of radiation dose escalation (RDE) and androgen suppression (AS) duration on local prostatic progression (LP) remain unclear. METHODS: We addressed this in the TROG 03.04 RADAR trial by incorporating a RDE programme by stratification at randomisation. Men were allocated 6 or 18 months AS±18 months zoledronate (Z). The main endpoint was a composite of clinically diagnosed LP or PSA progression with a PSA doubling time ⩾6 months. Fine and Gray competing risk modelling with adjustment for site clustering produced cumulative incidence estimates at 6.5 years for each RDE group. RESULTS: Composite LP declined coherently in the 66, 70 and 74 Gy external beam dosing groups and was lowest in the high dose rate brachytherapy boost (HDRB) group. At 6.5 years, adjusted cumulative incidences were 22%, 15%, 13% and 7% respectively. Compared to 6 months AS, 18 months AS also significantly reduced LP (p<0.001). Post-radiation urethral strictures were documented in 45 subjects and increased incrementally in the dosing groups. Crude incidences were 0.8%, 0.9%, 3.8% and 12.7% respectively. CONCLUSION: RDE and increasing AS independently reduce LP and increase urethral strictures. The risks and benefits to the individual must be balanced when selecting radiation dose and AS duration.",Radiother Oncol,2015,115,301-7,doi: 10.1016/j.radonc.2015.05.016. Epub 2015 Jun 10,https://www.ncbi.nlm.nih.gov/pubmed/26072289,,negative,0,2015.0
26181727,Dose-Escalated Irradiation and Overall Survival in Men With Nonmetastatic Prostate Cancer,Kalbasi A,"IMPORTANCE: In 5 published randomized clinical trials, dose-escalated external-beam radiation therapy (EBRT) for prostate cancer resulted in improved biochemical and local control. However, scarce evidence addresses whether dose escalation improves overall survival. OBJECTIVE: To examine the association between dose-escalated EBRT and overall survival among men with nonmetastatic prostate cancer. DESIGN, SETTING, AND PARTICIPANTS: We conducted a retrospective, nonrandomized comparative effectiveness study of dose-escalated vs standard-dose EBRT for prostate cancer diagnosed from 2004 to 2006 using the National Cancer Database (NCDB), which includes data from patients treated at Commission on Cancer-accredited community, academic, and comprehensive cancer facilities. Three cohorts were evaluated: men with low-risk (n = 12,229), intermediate-risk (n = 16,714), or high-risk (n = 13,538) prostate cancer. EXPOSURES: We categorized patients in each risk cohort into 2 treatment groups: standard-dose (from 68.4 Gy to <75.6 Gy) or dose-escalated (≥75.6 Gy to 90 Gy) EBRT (1 Gy = 100 rad). MAIN OUTCOMES AND MEASURES: We compared overall survival between treatment groups in each analytic cohort using Cox proportional hazard models with an inverse probability weighted propensity score (IPW-PS) approach. In secondary analyses, we evaluated dose response for survival. RESULTS: Dose-escalated EBRT was associated with improved survival in the intermediate-risk (IPW-PS adjusted hazard ratio [HR], 0.84; 95% CI, 0.80-0.88; P < .001) and high-risk groups (HR, 0.82; 95% CI, 0.78-0.85; P < .001) but not the low-risk group (HR, 0.98; 95% CI, 0.92-1.05; P = .54). For every incremental increase of about 2 Gy in dose, there was a 7.8% (95% CI, 5.4%-10.2%; P < .001) and 6.3% (95% CI, 3.3%-9.1%; P < .001) reduction in the hazard of death for intermediate- and high-risk patients, respectively. CONCLUSIONS AND RELEVANCE: Dose-escalated EBRT is associated with improved overall survival in men with intermediate- and high-risk prostate cancer but not low-risk prostate cancer. These results add to the evidence questioning aggressive local treatment strategies in men with low-risk prostate cancer but supporting such treatment in men with greater disease severity.",JAMA Oncol,2015,1,897-906,doi: 10.1001/jamaoncol.2015.2316,https://www.ncbi.nlm.nih.gov/pubmed/26181727,,negative,0,2015.0
20605342,Long-term outcome for clinically localized prostate cancer treated with permanent interstitial brachytherapy.,Taira AV,"PURPOSE: To present the largest series of prostate cancer brachytherapy patients treated with modern brachytherapy techniques and postimplant day 0 dosimetric evaluation. METHODS AND MATERIALS: Between April 1995 and July 2006, 1,656 consecutive patients were treated with permanent interstitial brachytherapy. Risk group stratification was carried out according to the Mt. Sinai guidelines. Median follow-up was 7.0 years. The median day 0 minimum dose covering at least 90% of the target volume was 118.8% of the prescription dose. Cause of death was determined for each deceased patient. Multiple clinical, treatment, and dosimetric parameters were evaluated for impact on the evaluated survival parameters. RESULTS: At 12 years, biochemical progression-free survival (bPFS), cause-specific survival (CSS), and overall survival (OS) for the entire cohort was 95.6%, 98.2%, and 72.6%, respectively. For low-, intermediate-, and high-risk patients, bPFS was 98.6%, 96.5%, and 90.5%; CSS was 99.8%, 99.3%, and 95.2%; and OS was 77.5%, 71.1%, and 69.2%, respectively. For biochemically controlled patients, the median posttreatment prostate-specific antigen (PSA) concentration was 0.02 ng/ml. bPFS was most closely related to percent positive biopsy specimens and risk group, while Gleason score was the strongest predictor of CSS. OS was best predicted by patient age, hypertension, diabetes, and tobacco use. At 12 years, biochemical failure and cause-specific mortality were 1.8% and 0.2%, 5.1% and 2.1%, and 10.4% and 7.1% for Gleason scores 5 to 6 and 7 and ≥8, respectively. CONCLUSIONS: Excellent long-term outcomes are achievable with high-quality brachytherapy for low-, intermediate-, and high-risk patients. These results compare favorably to alternative treatment modalities including radical prostatectomy.",Int J Radiat Oncol Biol Phys,2011,79,1336-42,10.1016/j.ijrobp.2010.01.005,https://www.ncbi.nlm.nih.gov/pubmed/20605342,HIGH RISK,positive,1,
15887028,70 Gy or more: which dose for which prostate cancer?,Ganswindt U,"INTRODUCTION: Radical prostatectomy and radiotherapy are currently accepted treatment modalities for localized prostate cancer. Regarding radiotherapy, current evidence suggests that favorable treatment outcome critically depends on adequate radiation doses. However, the exact role of dose in relation to the individual risk profile is complex. In order to evaluate available data on radiation dose response relationships, in prostate cancer, a thorough and critical literature analysis was performed. MATERIAL AND METHODS: Studies on dose response relationships from randomized trials, dose escalation trials, retrospective subgroup analyses and pooled data were identified by Pubmed and ISI web of sciences searches and were critically reviewed. RESULTS AND CONCLUSION: All available data suggest a clear dose response relationship for radiotherapy for localized prostate cancer. In low risk cases, most studies suggest that doses of 70-72 Gy are adequate. Dose escalations up to 78-80 Gy seem to be beneficial for intermediate risk patients. Due to confounding variables, the dose response curves for high-risk patients are less steep. The integration of dose escalation into a more comprehensive treatment protocol is difficult, since trials on the relative impact of either hormonal ablation or inclusion of adjuvant nodal regions on dose escalation are missing.",J Cancer Res Clin Oncol,2005,131,407-19,doi: 10.1007/s00432-005-0681-0. Epub 2005 May 11,https://www.ncbi.nlm.nih.gov/pubmed/15887028,,negative,0,2005.0
23798338,Long-term outcomes for men with high-risk prostate cancer treated definitively with external beam radiotherapy with or without androgen deprivation.,Nguyen QN,"BACKGROUND: Men with high-risk prostate cancer are often thought to have very poor outcomes in terms of disease control and survival even after definitive treatment. However, results after external beam radiotherapy have improved significantly through dose escalation and the use of androgen deprivation therapy (ADT). This report describes long-term findings after low-dose (< 75.6 Gy) or high-dose (≥ 75.6 Gy) external beam radiation, with or without ADT. METHODS: This analysis included 741 men with high-risk prostate cancer (clinical classification ≥ T3, Gleason score ≥ 8, or prostate-specific antigen level ≥ 20 ng/mL) treated with external beam radiotherapy at a single tertiary institution from 1987 through 2004. The radiation dose ranged from 60 to 79.3 Gy (median, 70 Gy); 295 men had received ADT for ≥ 2 years, and the median follow-up time was 8.3 years. RESULTS: The 5- and 10-year actuarial overall survival rates were significantly better for men treated with the higher radiation dose (no ADT plus ≥ 75.6 Gy, 87.3% and 72.0%, respectively; and ADT plus ≥ 75.6 Gy, 92.3% and 72%, respectively) (P = .0035). The corresponding 5- and 10-year biochemical failure-free survival rates were significantly better for patients treated with both ADT and higher radiation dose (82% and 77%, P < .0001). At 5 years, men who had not received ADT and had received radiation dose < 75.6 Gy had higher clinical local failure rates than those given ADT and radiation dose ≥ 75.6 Gy (24.2% versus 0%, P < .0001). The 10-year symptomatic local failure rate was only 2% for all patients. CONCLUSIONS: Contrary to lingering historical perceptions, treatment of high-risk prostate cancer with modern, high-dose, external beam radiotherapy and ADT can produce better biochemical, clinical, and survival outcomes over those from previous eras. Specifically, symptomatic local failure is uncommon, and few men die of prostate cancer even 10 or more years after treatment.",Cancer,2013,119,3265-71,10.1002/cncr.28213,https://www.ncbi.nlm.nih.gov/pubmed/23798338,HIGH RISK,positive,1,
22245303,Long-term outcomes of open radical retropubic prostatectomy for clinically localized prostate cancer in the prostate-specific antigen era.,Dorin RP,"OBJECTIVE: To determine long-term oncological outcomes and complication rates for patients with clinically organ confined prostate adenocarcinoma (PCa) treated with open radical retropubic prostatectomy and pelvic lymph node dissection (RRP/PLND) in the prostate-specific antigen (PSA) era. METHODS: Outcomes data were obtained from a prospectively maintained prostate cancer database. Patients with cT1/cT2 PCa undergoing RRP/PLND without neoadjuvant therapy between July 1988 and June 2008 were included. Kaplan-Meier and Cox proportional regression models were used to evaluate factors influencing biochemical recurrence, clinical recurrence, and overall survival (OS). RESULTS: A total of 2487 patients met inclusion criteria, and median follow-up was 7.2 years (range 1-21 years). Of the patients, 49.7% were low risk, 33.2% intermediate risk, and 16.1% high risk by D'Amico criteria, and 6% were LN+. The 10-year biochemical recurrence-free survival (BCRFS) for low-, intermediate-, and high-risk patients was 92%, 83%, and 76%, respectively (P < .001), and 10 year OS was 91%, 83%, and 74%, respectively (P < .001). BCRFS at 10 years was 76% and 88% for patients with positive and negative margins, respectively (P < .001). Of the 2487 patients, 11% developed BCR, and 3.7% experienced CR, with 9 local recurrences. The overall complication rate was 2.3%, and the cancer specific mortality rate was 2%. CONCLUSION: D'Amico risk group, margin status, and LN status are significantly correlated with outcomes in patients undergoing RRP/PLND for clinically localized PCa. Local recurrence and death from prostate cancer are rare in patients undergoing open RRP/PLND for clinically organ confined disease in the PSA era.",Urology,2012,79,626-31,10.1016/j.urology.2011.09.051,https://www.ncbi.nlm.nih.gov/pubmed/22245303,,positive,1,
16099293,Postoperative radiotherapy after radical prostatectomy: a randomised controlled trial (EORTC trial 22911),Bolla M,"BACKGROUND: Local failure after prostatectomy can arise in patients with cancer extending beyond the capsule. We did a randomised controlled trial to compare radical prostatectomy followed by immediate external irradiation with prostatectomy alone for patients with positive surgical margin or pT3 prostate cancer. METHODS: After undergoing radical retropubic prostatectomy, 503 patients were randomly assigned to a wait-and-see policy, and 502 to immediate postoperative radiotherapy (60 Gy conventional irradiation delivered over 6 weeks). Eligible patients had pN0M0 tumours and one or more pathological risk factors: capsule perforation, positive surgical margins, invasion of seminal vesicles. Our revised primary endpoint was biochemical progression-free survival. Analysis was by intention to treat. FINDINGS: The median age was 65 years (IQR 61-69). After a median follow-up of 5 years, biochemical progression-free survival was significantly improved in the irradiated group (74.0%, 98% CI 68.7-79.3 vs 52.6%, 46.6-58.5; p<0.0001). Clinical progression-free survival was also significantly improved (p=0.0009). The cumulative rate of locoregional failure was significantly lower in the irradiated group (p<0.0001). Grade 2 or 3 late effects were significantly more frequent in the postoperative irradiation group (p=0.0005), but severe toxic toxicity (grade 3 or higher) were rare, with a 5-year rate of 2.6% in the wait-and-see group and 4.2% in the postoperative irradiation group (p=0.0726). INTERPRETATION: Immediate external irradiation after radical prostatectomy improves biochemical progression-free survival and local control in patients with positive surgical margins or pT3 prostate cancer who are at high risk of progression. Further follow-up is needed to assess the effect on overall survival.",Lancet,2005,13,-19,doi: 10.1016/S0140-6736(05)67101-2,https://www.ncbi.nlm.nih.gov/pubmed/16099293,,negative,0,2005.0
28279064,Cancer-Specific Mortality Among Korean Men with Localized or Locally Advanced Prostate Cancer Treated with Radical Prostatectomy Versus Radiotherapy: A Multi-Center Study Using Propensity Scoring and Competing Risk Regression Analyses.,Koo KC,"PURPOSE: Studies comparing radical prostatectomy (RP) outcomes with those of radiotherapy with or without androgen deprivation therapy (RT±ADT) for prostate cancer (PCa) have yielded conflicting results. Therefore, we used propensity score-matched analysis and competing risk regression analysis to compare cancer-specific mortality (CSM) and other-cause mortality (OCM) between these two treatments. MATERIALS AND METHODS: The multi-center, Severance Urological Oncology Group registry was utilized to identify 3,028 patients with clinically localized or locally advanced PCa treated by RP (n=2,521) or RT±ADT (n=507) between 2000 and 2016. RT±ADT cases (n=339) were matched with an equal number of RP cases by propensity scoring based on age, preoperative prostate-specific antigen, clinical tumor stage, biopsy Gleason score, and Charlson Comorbidity Index (CCI). CSM and OCM were co-primary endpoints. RESULTS: Median follow-up was 65.0 months. Five-year overall survival rates for patients treated with RP and RT±ADT were 94.7% and 92.0%, respectively (p=0.105). Cumulative incidence estimates revealed comparable CSM rates following both treatments within all National Comprehensive Cancer Network risk groups. Gleason score ≥ 8 was associated with higher risk of CSM (p=0.009). OCM rates were comparable between both groups in the low- and intermediate-risk categories (p=0.354 and p=0.643, respectively). For high-risk patients, RT±ADT resulted in higher OCM rates than RP (p=0.011). Predictors of OCM were age ≥ 75 years (p=0.002) and CCI ≥ 2 (p < 0.001). CONCLUSION: RP and RT±ADT provide comparable CSM outcomes in patients with localized or locally advanced PCa. The risk of OCM may be higher for older high-risk patients with significant comorbidities.",Cancer Res Treat,2018,50,129-137,10.4143/crt.2017.004,https://www.ncbi.nlm.nih.gov/pubmed/28279064,,positive,1,
32418156,Salvage radiotherapy in patients affected by oligorecurrent pelvic nodal prostate cancer,Ingrosso G,"PURPOSE: Metastasis-directed therapy (MDT) is an investigational treatment option in patients with oligorecurrent prostate cancer (PCa). The aim of this retrospective study is to report oncologic outcome and toxicity of elective nodal radiotherapy (ENRT) in PCa patients affected by pelvic nodal oligorecurrence. METHODS: 41 consecutive patients were treated with salvage radiotherapy. At biochemical recurrence after primary treatment, oligorecurrent disease was detected by positron emission tomography (PET) in 94% of the patients. Image-guided intensity modulated radiation therapy (IMRT) was delivered using tomotherapy. 83% of the patients received androgen deprivation therapy (ADT) in combination with ENRT. Survival analysis was performed with Kaplan-Meier method, log-rank test was used to analyze associations between survival end-points and clinical parameters. Multivariate analysis was performed using Cox proportional hazards regression models. Toxicity was registered according to Common Terminology Criteria for Adverse Events (CTCAE) v4.0. RESULTS: The median at follow-up was 33.6 months. At 3 years, overall survival (OS), cancer-specific survival (CSS), and biochemical progression-free survival (b-PFS) were 89%, 92%, and 53%, respectively. At univariate analysis, all survival end-points were correlated with the number of positive pelvic lymph nodes at oligorecurrence (≤ 3 vs > 3). Biochemical-PFS was correlated with PSA (p = 0.034) and PSA doubling time (p = 0.004) at oligorecurrence. At multivariate analysis, no independent variable was statistically significant. No patient experienced grade ≥ 2 late toxicity after radiotherapy. CONCLUSIONS: The number of metastatic lymph nodes and PSA doubling time seems to be important prognostic factors in the pelvic oligorecurrent setting. Salvage radiotherapy combined with short-course ADT might be a valid treatment strategy.",Clin Transl Oncol,2020,22,2236-2243,doi: 10.1007/s12094-020-02364-0. Epub 2020 May 16,https://www.ncbi.nlm.nih.gov/pubmed/32418156,,negative,0,2020.0
15850918,High-dose regions versus likelihood of cure after prostate brachytherapy,Wallner K,"PURPOSE: To analyze the effect of high-dose regions on biochemical cancer control rates after prostate brachytherapy. METHODS AND MATERIALS: Patients with 1997 American Joint Committee on Cancer clinical Stage T1c-T2a prostate carcinoma (Gleason grade 5-6, prostate-specific antigen level 4-10 ng/mL) were randomized to implantation with 125I (144 Gy) vs. 103Pd (125 Gy, National Institute of Standards and Technology 1999). Isotope implantation was performed by standard techniques, using a modified peripheral loading pattern. Of the 313 patients entered in the protocol, 270 were included in this analysis. The 125I source strength ranged from 0.4 to 0.89 mCi (median, 0.55 mCi), and the 103Pd source strength ranged from 1.3 to 1.6 mCi (median, 1.5 mCi). CT was performed within 4 h after implantation. The dosimetric parameters analyzed included the percentage of the postimplant prostate volume covered by the 100%, 150%, 200%, and 300% prescription dose (V100, V150, V200, and V300, respectively). The median time to the last follow-up for patients without failure was 2.7 years. Freedom from biochemical failure was defined as a serum prostate-specific antigen level of < or =0.5 ng/mL at last follow-up. Patients were censored at last follow-up if their serum prostate-specific antigen level was still decreasing. RESULTS: The mean V100, V150, V200, and V300 value was 90% (+/-8%), 63% (+/-14), 35% (+/-13%), and 14% (+/-7%), respectively. Patients with a V100 of > or =90% had a 3-year freedom from biochemical failure rate of 96% vs. 87% for those with a V100 of <90% (p=0.0029). Overall, patients with more high-dose regions had a greater chance of biochemical control. However, when only patients with a V100 of > or =90% were analyzed, no relationship was found between higher dose regions and the likelihood of cancer control. This lack of effect on biochemical control was apparent for both isotopes. CONCLUSION: High-dose regions do not appear to affect cancer control rates, as long as >90% of the prostate volume is covered by the prescription dose.",Int J Radiat Oncol Biol Phys,2005,1,,doi: 10.1016/j.ijrobp.2004.09.021,https://www.ncbi.nlm.nih.gov/pubmed/15850918,,negative,0,2005.0
23103235,25-Year disease-free survival rate after irradiation for prostate cancer calculated with the prostate specific antigen definition of recurrence used for radical prostatectomy.,Critz FA,"PURPOSE: We addressed whether there is durable control of prostate cancer, defined as a prostate specific antigen cutoff of less than 0.2 ng/ml, greater than 20 years after irradiation for this disease. We also evaluated late recurrence, defined as recurrence after 10-year followup. MATERIALS AND METHODS: A total of 3,546 consecutive hormone naïve men were treated with a (125)I prostate implant (retropubic and later transperineal), followed by external beam irradiation, from 1984 to 2000. Recurrence was defined as a prostate specific antigen increase of greater than 0.20 ng/ml or a prostate specific antigen nadir of greater than 0.20 ng/ml. Median followup was 11 years (range 3 months to 26 years). RESULTS: In all men 10, 15, 20 and 25-year disease-free survival rates were 75%, 73%, 73% and 73%, respectively. Longest time to recurrence was at the 15.5-year followup. In 313 men with recurrence who were treated 16 to 25 years ago 5% of recurrences were late. In men implanted by the transperineal method since 1995 the 15-year disease-free survival rate was 79%. CONCLUSIONS: With this irradiation program cancer control, defined using the recurrence definition for radical prostatectomy, was durable with no further recurrence between 15.5 and 25 years of followup. This study also suggests that at least 15 years of followup are necessary to fully evaluate any prostate cancer treatment. Furthermore, if prostate specific antigen is less than 0.20 ng/ml 15 years after treatment, later recurrence should be unlikely.",J Urol,2013,189,878-83,10.1016/j.juro.2012.10.061,https://www.ncbi.nlm.nih.gov/pubmed/23103235,LOW RISK,positive,1,
26797541,Outcomes Associated With 3 Treatment Schedules of High-Dose-Rate Brachytherapy Monotherapy for Favorable-Risk Prostate Cancer,Jawad MS,"PURPOSE: We report the outcomes associated with 3 high-dose-rate (HDR) brachytherapy regimens used as monotherapy for favorable-risk prostate cancer. METHODS AND MATERIALS: Four hundred ninety-four patients with stage ≤T2b prostate cancer, Gleason score ≤7, and prostate-specific antigen levels ≤15 ng/mL underwent HDR brachytherapy as monotherapy. Of those, 319 received 38 Gy in 4 fractions, 79 received 24 Gy in 2 fractions, and 96 received 27 Gy in 2 fractions. Acute and chronic genitourinary (GU) and gastrointestinal (GI) toxicities were defined as side effects occurring ≤6 and >6 months, respectively, after radiation therapy (RT) and were graded according to the Common Terminology Criteria for Adverse Events version 3.0. The time to toxicity was calculated from the date of RT completion. Variables were analyzed with χ(2) test. P values <.05 were considered significant. RESULTS: The median overall follow-up time was 4 years (range, 5.5, 3.5, and 2.5 years for 38 Gy, 24 Gy, and 27 Gy, respectively, P<.001). Acute and chronic grade ≥2 GU and GI toxicity profiles were similar among groups. Acceptable rates of grade 2 GU toxicities were seen with overall acute/chronic frequency/urgency, dysuria, retention, incontinence, and hematuria rates of 14%/20%, 6%/7%, 7%/4%, 1.5%/2%, and 1.5%/7%, respectively. Minimal grade 3 and no grade 4 or 5 toxicities were seen. Grade 1, 2, and 3 chronic urethral stricture rates were 0.3%, 2%, and 1%, respectively. All GI toxicities were similar between groups, with overall rates of acute/chronic grade 2 diarrhea, rectal pain/tenesmus, rectal bleeding, and proctitis of 1%/1%, <1%/0.5%, 0%/2%, and <1%/1%, respectively. No grade 3, 4, or 5 toxicities were seen. All comparisons were similar for hormone-naïve patients. The median time to maximal GU/GI toxicity was similar between groups, ranging from 1 to 1.6 to 0.9 to 1.2 years, respectively. There were no differences in clinical outcomes between the 3 groups at 5 years. CONCLUSIONS: The acute and chronic toxicity profiles associated with these 3 HDR brachytherapy schedules were similar and were well tolerated. Acceptable grade 2, minimal grade 3, and no grade 4 or 5 toxicities were seen. This, combined with the fact that the clinical outcomes were similar, leads to the conclusion that all 3 regimens may be acceptable options for the management of low-risk to intermediate-risk prostate cancer.",Int J Radiat Oncol Biol Phys,2016,15,,doi: 10.1016/j.ijrobp.2015.10.011. Epub 2015 Nov 10,https://www.ncbi.nlm.nih.gov/pubmed/26797541,,negative,0,2015.0
16160131,Comparison of conventional-dose vs high-dose conformal radiation therapy in clinically localized adenocarcinoma of the prostate: a randomized controlled trial.,Zietman AL,"CONTEXT: Clinically localized prostate cancer is very prevalent among US men, but recurrence after treatment with conventional radiation therapy is common. OBJECTIVE: To evaluate the hypothesis that increasing the radiation dose delivered to men with clinically localized prostate cancer improves disease outcome. DESIGN, SETTING, AND PATIENTS: Randomized controlled trial of 393 patients with stage T1b through T2b prostate cancer and prostate-specific antigen (PSA) levels less than 15 ng/mL randomized between January 1996 and December 1999 and treated at 2 US academic institutions. Median age was 67 years and median PSA level was 6.3 ng/mL. Median follow-up was 5.5 (range, 1.2-8.2) years. INTERVENTION: Patients were randomized to receive external beam radiation to a total dose of either 70.2 Gy (conventional dose) or 79.2 Gy (high dose). This was delivered using a combination of conformal photon and proton beams. MAIN OUTCOME MEASURE: Increasing PSA level (ie, biochemical failure) 5 years after treatment. RESULTS: The proportions of men free from biochemical failure at 5 years were 78.8% [corrected] (95% confidence interval, 73.1%-84.6%) [corrected] for conventional-dose and 91.3% [corrected] (95% confidence interval, 87.2%-95.4%) [corrected] for high-dose therapy (P<.001), a 59% [corrected] reduction in the risk of failure. The advantage to high-dose therapy was statistically significant [corrected] in both the low-risk subgroup [corrected] (risk reduction, 84% [P<.001]) [corrected] There has been no significant difference in overall survival rates between the treatment groups. Only 1% of patients receiving conventional-dose and 2% receiving high-dose radiation experienced acute urinary or rectal morbidity of Radiation Therapy Oncology Group (RTOG) grade 3 or greater. So far, only 2% and 1%, respectively, have experienced late morbidity of RTOG grade 3 or greater. CONCLUSIONS: Men with clinically localized prostate cancer have a lower risk of biochemical failure if they receive high-dose rather than conventional-dose conformal radiation. This advantage was achieved without any associated increase in RTOG grade 3 acute or late urinary or rectal morbidity.",JAMA,2005,294,1233-9,10.1001/jama.294.10.1233,https://www.ncbi.nlm.nih.gov/pubmed/16160131,LOW RISK,positive,1,
28739700,Long-term Oncologic Outcomes of Robotic-assisted Radical Prostatectomy by a Single Surgeon.,Hung SC,"AIM: The aim of the study was to evaluate the long-term oncology outcomes of prostate cancer patients receiving robotic-assisted radical prostatectomy (RARP). PATIENTS AND METHODS: We retrospectively evaluated 111 patients with clinically-localized prostate cancer receiving RARP with a mean follow-up of 103.43 months. RESULTS: The 5-year BCRFS and 8-year BCRFS among low-, intermediate-, and high-risk patients were 95.5% vs. 77.1% vs. 53.7% and 95.5% vs. 61.2% vs. 48.1% (p=0.000). The median time to BCR in these three groups was 122.5, 98.0, and 79.2 months. Regarding postoperative factors, positive lymph node (HR=3.748, 95% CI=1.407-9.984), pathology Gleason score (HR=1.507, 95%CI=1.010-2.248), and postoperative nadir PSA <0.003 ng/ml (HR=0.058, 95%CI=0.020-0.166) were independent risk factors for BCR. CONCLUSION: D'Amico risk classification was effective at predicting biochemical recurrence in patients receiving RARP. Furthermore, postoperative risk factors such as metastatic lymph node, pathology Gleason score, and nadir PSA <0.003 ng/ml were independent predictors of biochemical recurrence.",Anticancer Res,2017,37,4157-4164,10.21873/anticanres.11803,https://www.ncbi.nlm.nih.gov/pubmed/28739700,,positive,1,
16111581,Outcome of salvage radiotherapy for biochemical failure after radical prostatectomy with or without hormonal therapy,Cheung R,"BACKGROUND: This study analyzed the outcome of salvage radiotherapy for biochemical failure after radical prostatectomy (RP). By comparing the outcomes for patients who received RT alone and for those who received combined RT and hormonal therapy, we assessed the potential benefits of hormonal therapy. PATIENTS AND METHODS: This cohort was comprised of 101 patients who received salvage RT between 1990 and 2001 for biochemical failure after RP. Fifty-nine of these patients also received hormone. Margin status (positive vs. negative), extracapsular extension (yes vs. no), seminal vesicle involvement (yes vs. no), pathologic stage, Gleason score, pre-RP PSA, post-RP PSA, pre-RT PSA, hormonal use, radiotherapy dose and technique, RP at M. D. Anderson Cancer Center, and time from RP to salvage RT were analyzed. Statistically significant variables were used to construct prognostic groups. RESULTS: Independent prognostic factors for the RT-alone group were margin status and pre-RT PSA. RP at M. D. Anderson Cancer Center was marginally significant (p = 0.06) in multivariate analysis. Pre-RT PSA was the only significant prognostic factor for the combined-therapy group. We used a combination of margin status and pre-RT PSA to construct a prognostic model for response to the salvage treatment based on the RT group. We identified the favorable group as those patients with positive margin and pre-RT PSA < or = 0.5 ng/mL vs. the unfavorable group as otherwise. This stratification separates patients into clinically meaningful groups. The 5-year PSA control probabilities for the favorable vs. the unfavorable group were 83.7% vs. 61.7% with radiotherapy alone (p = 0.03). Androgen ablation seemed to be most beneficial in the unfavorable group. CONCLUSION: After prostatectomy, favorable-group patients may fare well with salvage radiotherapy alone. These patients may be spared the toxicity of androgen ablation. The other patients may benefit most from a combined approach with hormonal treatment. We further suggest that salvage radiotherapy should be given early when the PSA is still low.",Int J Radiat Oncol Biol Phys,2005,1,,doi: 10.1016/j.ijrobp.2005.01.020,https://www.ncbi.nlm.nih.gov/pubmed/16111581,,negative,0,2005.0
26278988,Hypofractionated radiation therapy for prostate cancer: The McGill University Health Center experience.,Barbosa Neto O,"PURPOSE: In 2002, at the McGill University Health Centre, we began a program of hypofractionated radiotherapy for patients with low risk prostate cancer as an alternative to conventionally fractionated radiotherapy. MATERIAL AND METHODS: Our initial hypofractionation regimen was 66 Gy given in 22 fractions, prescribed to the isocenter, delivered with 3D-conformal radiotherapy plan. The clinical target volume was the prostate gland and the planning target volume consisted of the clinical target volume plus a 7-mm margin in all directions. Hormonal therapy was not given to any patient. RESULTS: The long-term results for this group of patients confirmed the feasibility, good tolerance and excellent disease control of the regimen with the extra-benefit of being convenient to both patients and the health system by shortening treatment duration. The outcomes of this approach stimulated us to use hypofractionation in patients with intermediate-risk. Analysis of 100 intermediate-risk patients receiving our hypofractionated radiotherapy regimen (no hormones) shows, at median follow-up of 75 months, 8-year biochemical recurrence free and cancer specific survival rates of 90% and 95%, respectively, with acceptable toxicity. DISCUSSION: Our technique changed from 3D to intensity modulated radiotherapy with the dose adjusted to 60 Gy in 20 fractions. Lastly, we have expanded the program to high-risk patients where IMRT treatments are given to the pelvic nodes (44 Gy in 20 fractions) with a simultaneous integrated boost delivery to the prostate (60 Gy in the same 20 fractions). Our long-term results have shown that moderate hypofractionated radiotherapy for prostate cancer is safe and provides good tumor control comparable to high-dose conventionally fractionated radiotherapy. This hypofractionated regimen has been routinely used in our institution.",Cancer Radiother,2015,19,431-6,10.1016/j.canrad.2015.05.015,https://www.ncbi.nlm.nih.gov/pubmed/26278988,,positive,1,
30735336,Prostate brachytherapy with iodine-125 seeds: analysis of a single institutional cohort.,Leite ETT,"OBJECTIVES: Brachytherapy (BT) with iodine-125 seeds placement is a consolidated treatment for prostate cancer. The objective of this study was to assess the clinical outcomes in patients with prostate cancer who underwent low-dose-rate (LDR) -BT alone in a single Brazilian institution. MATERIALS AND METHODS: Patients treated with iodine-125 BT were retrospectively assessed after at least 5 years of follow-up. Patients who received combination therapy (External beam radiation therapy-EBRT and BT) and salvage BT were not included. RESULTS: 406 men were included in the study (65.5% low-risk, 30% intermediate-risk, and 4.5% high-risk patients). After a median follow-up of 87.5 months, 61 (15.0%) patients developed biochemical recurrence. The actuarial biochemical failure-free survival (BFFS) at 5 and 10 years were 90.6% and 82.2%, respectively. A PSA nadir ≥ 1 ng / mL was associated with a higher risk of biochemical failure (HR = 5.81; 95% CI: 3.39 to 9.94; p ≤ 0.001). The actuarial metastasis-free survival (MFS) at 5 and 10 years were 98.3% and 94%, respectively. The actuarial overall survival (OS) at 5 and 10 years were 96.2% and 85.1%, respectively. Acute and late grade 2 and 3 gastrointestinal toxicities were observed in 5.6%, 0.5%, 4.6% and 0.5% of cases, respectively. For genitourinary the observed acute and late grade 2 and 3 toxicities rates were 57.3%, 3.6%, 28% and 3.1%, respectively. No grade 4 and 5 were observed. CONCLUSIONS: BT was effective as a definitive treatment modality for prostate cancer, and its endpoints and toxicities were comparable to those of the main series in the literature.",Int Braz J Urol,2019,45,288-298,10.1590/S1677-5538.IBJU.2018.0142,https://www.ncbi.nlm.nih.gov/pubmed/30735336,,positive,1,
30835628,The Ratio of the Number of Biopsy Specimens to Prostate Volume (Biopsy Density) Greater Than 1.5 Improves the Prostate Cancer Detection Rate in Men Undergoing Transperineal Biopsy of the Prostate.,Stone NN,"PURPOSE: We sought to determine the minimum number of transperineal prostate mapping biopsies needed to optimize the prostate cancer detection rate. MATERIALS AND METHODS: A total of 436 men underwent transperineal prostate mapping biopsy at 2 institutions. Biopsy density was calculated as the ratio of the total number of specimens retrieved (mean 59.4) to prostate volume (mean 44.9 cc). Associations of biopsy density with prostate specific antigen, prostate specific antigen density, cancer diagnosis and the Gleason score were tested by ANOVA and the chi-square test. Regression analysis was done to determine factors associated with a positive transperineal prostate mapping biopsy and Gleason score 7 or higher cancer. RESULTS: Transperineal prostate mapping biopsy was positive in 299 of 436 men (68.6%). The mean number of positive cores was 7.1 (range 1 to 41) and mean biopsy density was 1.46 (range 0.39 to 3.67). The mean number of cores in positive vs negative transperineal prostate mapping biopsies was 1.61 vs 1.14 (p <0.001). Biopsy density cut points of 0.5 or less, greater than 0.5 to 1.0, greater than 1.0 to 1.5 and greater than 1.5 were associated with positive biopsy in 25%, 37.4%, 70.7% and 84.9% of patients (p <0.001). Dichotomizing biopsy density to 1.5 or less vs greater than 1.5 resulted in a positive biopsy rate of 56.4% vs 84.9% (OR 1.5, 95% CI 1.3-1.7, p <0.001). More Gleason score 6 cancers were diagnosed with higher biopsy density (94 of 158 or 59.5% vs 62 of 141 or 44.9%, p = 0.007). However, the number of positive cores with Gleason score 6 was greater in men with higher biopsy density at 4.9 vs 3.6 (p = 0.036). Prostate specific antigen (p = 0.053) and biopsy density (p = 0.012) were significant on regression analysis for positive transperineal prostate mapping biopsy and Gleason score 7+ disease. CONCLUSIONS: Biopsy density greater than 1.5 increases the diagnosis of prostate cancer by 1.5 times, detects higher volume Gleason score 6 disease and should be considered the optimal sampling approach when performing transperineal prostate mapping biopsy.",J Urol,2019,202,264-271,10.1097/JU.0000000000000204,https://www.ncbi.nlm.nih.gov/pubmed/30835628,,positive,1,
15758704,Laparoscopic radical prostatectomy,Trabulsi EJ,"PURPOSE: After the pioneering period when only few teams were performing the procedure, the laparoscopic approach to radical prostatectomy has become widespread with several technical variations. A comprehensive review of the published literature on laparoscopic radical prostatectomy was performed to determine the current state of the art of this surgical innovation in terms of perioperative parameters, functional results and cancer control. MATERIALS AND METHODS: English language, peer reviewed articles published before June 2004 concerning laparoscopic radical prostatectomy were found by MEDLINE query. All articles were analyzed and none were a priori excluded. Conclusions were drawn from series of 50 or more patients. RESULTS: Laparoscopic radical prostatectomy is being performed at multiple centers worldwide using various surgical approaches and technologies. Analysis of perioperative parameters, including surgical blood loss, operative time, complications and convalescence, demonstrated low morbidity and showed a clear trend toward improvement with increased experience. The reported positive surgical margin rates were lower in more recent series. As measured by prostate specific antigen recurrence and disease-free intervals, oncological results and cancer control rates are difficult to ascertain in the immature series published to date. Functional results in terms of postoperative urinary and sexual function appear encouraging. CONCLUSIONS: Overall the current operative, oncological and functional results of laparoscopic radical prostatectomy appear to approximate those of open radical retropubic prostatectomy. These results justify the considerable interest of the urological community in laparoscopy, as evidenced by its widespread application. Nevertheless, longer followup and more mature data are needed definitively to establish laparoscopic radical prostatectomy as an alternative to the retropubic approach.",J Urol,2005,173,1072-9,doi: 10.1097/01.ju.0000154970.63147.90,https://www.ncbi.nlm.nih.gov/pubmed/15758704,,negative,0,2005.0
25127123,Permanent prostate brachytherapy with or without supplemental external beam radiotherapy as practiced in Japan: outcomes of 1300 patients.,Yorozu A,"PURPOSE: To report outcomes for men treated with iodine-125 ((125)I) prostate brachytherapy (BT) at a single institution in Japan. METHODS AND MATERIALS: Between 2003 and 2009, 1313 patients (median age, 68 years) with clinically localized prostate cancer were treated with (125)I BT. Median prostate-specific antigen level was 7.6 ng/mL (range, 1.1-43.3). T-stage was T1c in 60%, T2 in 39%, and T3 in 1% of patients. The Gleason score was <7, 7, and >7 in 49%, 45%, and 6% of patients, respectively. Neoadjuvant androgen deprivation therapy was used in 40% of patients and combined external beam radiotherapy of 45 Gy in 48% of patients. Postimplant dosimetry was performed after 30 days after implantation, with total doses converted to the biologically effective dose. Survival functions were calculated by the Kaplan-Meier method and Cox hazard model. RESULTS: Median followup was 67 months (range, 6-126). The 7-year biochemical freedom from failure for low-, intermediate-, and selected high-risk prostate cancers were 98%, 93%, and 81%, respectively (p < 0.001). Multivariate analysis identified the Gleason score, initial prostate-specific antigen level, positive biopsy rate, dose, and neoadjuvant androgen deprivation therapy as predictors for biochemical freedom from failure. The 7-year actuarial developing Grade 3+ genitourinary and gastrointestinal toxicity was 2% and 0.3%, respectively. Forty-four percent patients with normal baseline potency retained normal erectile function at 5 years. CONCLUSIONS: (125)I prostate BT is a highly effective treatment option for low-, intermediate-, and selected high-risk prostate cancers. Side effects were tolerable. An adequate dose may be required to achieve successful biochemical control.",Brachytherapy,2015,14,111-7,10.1016/j.brachy.2014.06.008,https://www.ncbi.nlm.nih.gov/pubmed/25127123,,positive,1,
32089359,Radical Prostatectomy or Observation for Clinically Localized Prostate Cancer: Extended Follow-up of the Prostate Cancer Intervention Versus Observation Trial (PIVOT),Wilt TJ,"BACKGROUND: Very long-term mortality in men with early prostate cancer treated with surgery versus observation is uncertain. OBJECTIVE: To determine long-term effects of surgery versus observation on all-cause mortality for men with early prostate cancer. DESIGN, SETTING, AND PARTICIPANTS: This study evaluated long-term follow-up of a randomized trial conducted at the US Department of Veterans Affairs and National Cancer Institute sites. The participants were men (n=731) ≤75yr of age with localized prostate cancer, prostate-specific antigen (PSA) <50ng/ml, life expectancy ≥10yr, and medically fit for surgery. INTERVENTION: Radical prostatectomy versus observation. OUTCOME MEASUREMENTS AND STATISTICAL ANALYSIS: All-cause mortality was assessed in the entire cohort and patient and tumor subgroups. Intention-to-treat analysis was conducted using Kaplan-Meier methods with log-rank tests and Cox proportional hazard models; cumulative mortality incidence, between-group differences, and relative risks were also assessed at predefined time periods. RESULTS AND LIMITATIONS: During 22.1yr (median follow-up for survivors=18.6yr; interquartile range: 16.6-20.0), 515 men died; 246 of 346 men (68%) were assigned to surgery versus 269 of 367 (73%) assigned to observation (hazard ratio 0.84 [95% confidence interval {CI}: 0.70-1.00]; p= 0.044 [absolute risk reduction = 5.7 percentage points, 95% CI: -0.89 to 12%]; relative risk: 0.92 [95% CI: 0.84-1.01]). The restricted mean survival in the surgical group was 13.6 yr (95% CI: 12.9-14.3) versus 12.6 yr (95% CI: 11.8-13.3) in the observation group; a mean of 1 life-year was gained with surgery. Results did not significantly vary by patient or tumor characteristics, although differences were larger favoring surgery among men aged <65 yr, of white race, and having better health status, fewer comorbidities, ≥34% positive prostate biopsy cores, and intermediate-risk disease. Results were not adjusted for multiple comparisons, and we could not assess outcomes other than all-cause mortality. CONCLUSIONS: Surgery was associated with small very long-term reductions in all-cause mortality and increases in years of life gained. Absolute effects did not vary markedly by patient characteristics. Absolute effects and mean survival were much smaller in men with low-risk disease, but were greater in men with intermediate-risk disease although not in men with high-risk disease. PATIENT SUMMARY: In this randomized study, we evaluated death from any cause in men with early prostate cancer treated with either surgery or observation. Overall, surgery may provide small very long-term reductions in death from any cause and increases in years of life gained. Absolute effects were much smaller in men with low-risk disease, but were greater in men with intermediate-risk disease although not in men with high-risk disease. Strategies are needed to identify men needing and benefitting from surgery while reducing ineffective treatment and overtreatment.",Eur Urol,2020,77,713-724,doi: 10.1016/j.eururo.2020.02.009. Epub 2020 Feb 21,https://www.ncbi.nlm.nih.gov/pubmed/32089359,,negative,0,2020.0
32442822,A biochemical definition of cure after brachytherapy for prostate cancer,Crook JM,"BACKGROUND AND PURPOSE: To identify a PSA threshold value at an intermediate follow-up time after low dose rate (LDR) prostate brachytherapy associated with cure, defined as long-term (10-15 year) freedom from prostate cancer. MATERIALS AND METHODS: Data from 7 institutions for 14,220 patients with localized prostate cancer treated with LDR brachytherapy, either alone (8552) or with external beam radiotherapy (n = 1175), androgen deprivation (n = 3165), or both (n = 1328), were analyzed. Risk distribution was 42.4% favorable, 49.2% intermediate, and 8.4% high-risk. Patients with clinical failure before 3.5 years were excluded. Kaplan-Meier analysis was used with clinical failure (local, distant, regional or biochemical triggering salvage) as an endpoint for each of four PSA categories: PSA ≤ 0.2, >0.2 to ≤0.5, >0.5 to ≤1.0, and >1.0 ng/mL. PSA levels at 4 years (±6 months) in 8746 patients without clinical failure were correlated with disease status at 10-15 years. RESULTS: For the 77.1% of patients with 4-year PSA ≤ 0.2, the freedom-from-recurrence (FFR) rates were 98.7% (95% CI 98.3-99.0) at 10 years and 96.1% (95% CI 94.8-97.2) at 15 years. Three independent validation cohorts confirmed 97-99% 10-year FFR rates with 4-year PSA ≤ 0.2. Successive PSA categories were associated with diminished disease-free rates at 10 and 15 years. PSA category was strongly associated with treatment success (p < 0.0005). CONCLUSIONS: Since 98.7% of patients with PSA ≤ 0.2 ng/mL at 4 years after LDR prostate brachytherapy were disease-free beyond 10 years, we suggest adopting this biochemical definition of cure for patients with ≥4 years' follow-up after LDR brachytherapy.",Radiother Oncol,2020,149,64-69,doi: 10.1016/j.radonc.2020.04.038. Epub 2020 Apr 27,https://www.ncbi.nlm.nih.gov/pubmed/32442822,,negative,0,2020.0
23669165,Whole-gland ablation of localized prostate cancer with high-intensity focused ultrasound: oncologic outcomes and morbidity in 1002 patients.,Crouzet S,"BACKGROUND: High-intensity focused ultrasound (HIFU) is a nonsurgical therapy for selected patients with localized prostate cancer (PCa). OBJECTIVE: The long-term oncologic and morbidity outcomes of primary HIFU therapy for localized PCa were evaluated in a prospective, single-arm, single-institution cohort study. DESIGN, SETTING, AND PARTICIPANTS: Participants were patients treated with HIFU for localized PCa from 1997 to 2009. Excluded were patients with local recurrence following radiotherapy. A second HIFU session was systematically performed in patients with biopsy-proven local recurrence. INTERVENTION: Whole-gland prostate ablation with transrectal HIFU. OUTCOME MEASUREMENTS AND STATISTICAL ANALYSIS: Incontinence was assessed using the Ingelman-Sundberg score, and potency was assessed using the five-item version of the International Index of Erectile Function (IIEF-5) scores. Primary outcomes were survival rates (biochemical-free, cancer-specific, metastasis-free, and overall survival). Secondary outcomes were morbidity rates. Median follow-up was 6.4 yr (range: 0.2-13.9). The Kaplan-Meier method was used to determine survival estimates, and multivariate analysis was used to determine predictive factors of biochemical progression. RESULTS AND LIMITATIONS: A total of 1002 patients were included. The median nadir prostate-specific antigen (PSA) was 0.14 ng/ml, with 63% of patients reaching a nadir PSA ≤0.3 ng/ml. Sixty percent of patients received one HIFU session, 38% received two sessions, and 2% received three sessions. The 8-yr biochemical-free survival rates (Phoenix definition) were 76%, 63%, and 57% for low-, intermediate-, and high-risk patients, respectively (p < 0.001). At 10 yr, the PCa-specific survival rate and metastasis-free survival rate (MFSR) were 97% and 94%, respectively. Salvage therapies included external-beam radiation therapy (EBRT) (13.8%), EBRT plus androgen-deprivation therapy (ADT) (9.7%), and ADT alone (12.1%). Severe incontinence and bladder outlet obstruction decreased with refinement in the technology, from 6.4% and 34.9% to 3.1% and 5.9%, respectively. Limitations included the fact that the study was a single-arm study without a comparison group, technological improvements, changes in surgical protocol during the study, and the use of ADT to downsize the prostate in 39% of patients. CONCLUSIONS: HIFU is a potentially effective treatment of localized PCa, with a low PCa-specific mortality rate and a high MFSR at 10 yr as well as acceptable morbidity.",Eur Urol,2014,65,907-14,10.1016/j.eururo.2013.04.039,https://www.ncbi.nlm.nih.gov/pubmed/23669165,LOW RISK,positive,1,
26648528,Intensity-modulated salvage radiotherapy with simultaneous integrated boost for local recurrence of prostate carcinoma: a pilot study on the place of PET-choline for guiding target volume delineation,Wahart A,"OBJECTIVE: The aim of this study was to report the first cases of salvage radiotherapy (RT) using the intensity-modulated radiotherapy (IMRT) with simultaneous integrated boost (SIB) targeted on choline positron emission tomography (PET) uptake in a local recurrent prostate cancer, after a radical prostatectomy. METHODS: Four patients received salvage irradiation for biochemical relapse that occurred after the initial radical prostatectomy. The relapse occurred from 10 months to 6 years with PSA levels ranging from 2.35 to 4.86 ng ml(-1). For each patient, an (18)F-choline PET-CT showed a focal choline uptake in prostatic fossa, with standardized uptake value calculated on the basis of predicted lean body mass (SUL) max of 3.3-6.8. No involved lymph node or distant metastases were diagnosed. IMRT doses were of 62.7 Gy (1.9 Gy/fraction, 33 fractions), with a SIB of 69.3 Gy (2.1 Gy/fraction, 33 fractions) to a PET-guided target volume. RESULTS: Acute toxicities were limited. We observed no gastrointestinal toxicity ≥grade 2 and only one grade 2 genitourinary toxicity. At 1-month follow-up evaluation, no complication and a decrease in PSA level (6.8-43.8% of the pre-therapeutic level) were reported. After 4 months, a decrease in PSA level was obtained for all the patients, ranging from 30% to 70%. At a median follow-up of 15 months, PSA level was controlled for all the patients, but one of them experienced a distant lymph node recurrence. CONCLUSION: Salvage irradiation to the prostate bed with SIB guided by PET-CT is feasible, with biological efficacy and no major acute toxicity. ADVANCES IN KNOWLEDGE: IMRT with PET-oriented SIB for salvage treatment of prostate cancer is possible, without major acute toxicity.",Br J Radiol,2016,89,20150579,doi: 10.1259/bjr.20150579. Epub 2015 Dec 9,https://www.ncbi.nlm.nih.gov/pubmed/26648528,,negative,0,2015.0
18222596,Long-term outcome following three-dimensional conformal/intensity-modulated external-beam radiotherapy for clinical stage T3 prostate cancer.,Zelefsky MJ,"OBJECTIVE: To report the long-term tumor control and survival outcomes after conformal external-beam radiotherapy for patients with clinical stage T3 prostate cancer. METHODS: Between 1988 and 2000, 296 patients with clinical stage T3 prostate cancer were treated with three-dimensional conformal radiotherapy and intensity-modulated radiotherapy. Of these, 130 patients (44%) had stage T3a (extracapsular extension without seminal vesicle involvement [SVI]) and 166 patients (56%) had stage T3b disease (SVI). Prior to radiotherapy, 189 patients (43%) were treated with short-course androgen-deprivation therapy (ADT). The median follow-up time was 8 yr. RESULTS: The 5- and 10-yr prostate-specific antigen (PSA) relapse-free survival (PRFS) outcomes for stage T3a tumors were 69% and 44%, respectively. The corresponding PRFS outcomes for T3b tumors were 49% and 32% (p=0.005). Despite the presence of locally advanced disease, the 5- and 10-yr local progression-free survival (LPFS) outcomes for all patients were 87% and 83%. Among patients who received > or =8100 cGy and ADT, the 5- and 10-yr local control rates were 96% and 88%. The 5- and 10-yr distant metastases-free survival (DMFS) outcomes for stage T3a tumors were 85% and 73%. The corresponding DMFS outcomes for T3b tumors were 49% and 32% (p=0.005). Multivariate analysis demonstrated that ADT conferred a 7-fold risk reduction for local failure. Pretreatment PSA levels and the presence of SVI on clinical staging were important predictors of distant metastases. CONCLUSIONS: Conformal radiotherapy for T3 prostate cancer is associated with excellent tumor control and survival outcomes. These results are at least comparable to reported outcomes from surgical series for T3 disease and substantiate the role of radiotherapy as the standard management option for locally advanced stage prostate cancer.",Eur Urol,2008,53,1172-9,10.1016/j.eururo.2007.12.030,https://www.ncbi.nlm.nih.gov/pubmed/18222596,HIGH RISK,positive,1,
24401540,Combined brachytherapy and external beam radiotherapy without adjuvant androgen deprivation therapy for high-risk prostate cancer.,Ohashi T,"BACKGROUND: To report the outcomes of patients treated with combined iodine-125 (I-125) brachytherapy and external beam radiotherapy (EBRT) for high-risk prostate cancer. METHODS: Between 2003 and 2009, I-125 permanent prostate brachytherapy plus EBRT was performed for 206 patients with high-risk prostate cancer. High-risk patients had prostate-specific antigen ≥ 20 ng/mL, and/or Gleason score ≥ 8, and/or Stage ≥ T3. One hundred and one patients (49.0%) received neoadjuvant androgen deprivation therapy (ADT) but none were given adjuvant ADT. Biochemical failure-free survival (BFFS) was determined using the Phoenix definition. RESULTS: The 5-year actuarial BFFS rate was 84.8%. The 5-year cause-specific survival and overall survival rates were 98.7% and 97.6%, respectively. There were 8 deaths (3.9%), of which 2 were due to prostate cancer. On multivariate analysis, positive biopsy core rates and the number of high-risk factors were independent predictors of BFFS. The 5-year BFFS rates for patients in the positive biopsy core rate <50% and ≥ 50% groups were 89.3% and 78.2%, respectively (p = 0.03). The 5-year BFFS rate for patients with the any single high-risk factor was 86.1%, compared with 73.6% for those with any 2 or all 3 high-risk factors (p = 0.03). Neoadjuvant ADT did not impact the 5-year BFFS. CONCLUSIONS: At a median follow-up of 60 months, high-risk prostate cancer patients undergoing combined I-125 brachytherapy and EBRT without adjuvant ADT have a high probability of achieving 5-year BFFS.",Radiat Oncol,2014,9,13,10.1186/1748-717X-9-13,https://www.ncbi.nlm.nih.gov/pubmed/24401540,,positive,1,
27084658,"Five-Year Biochemical Results, Toxicity, and Patient-Reported Quality of Life After Delivery of Dose-Escalated Image Guided Proton Therapy for Prostate Cancer.",Bryant C,"PURPOSE: To report clinical outcomes in patients treated with image guided proton therapy (PT) for localized prostate cancer. METHODS AND MATERIALS: The medical records of 1327 men were reviewed. Each man was enrolled on an outcomes tracking study. Dual enrollment on a prospective clinical trial was allowed. Each patient was treated for localized prostate cancer with PT at our institution between 2006 and 2010. Ninety-eight percent of patients received 78 Gy (radiobiological equivalent [RBE]) or higher; 18% received androgen deprivation therapy (ADT). The 5-year freedom from biochemical progression (FFBP), distant metastasis-free survival, and cause-specific survival rates are reported for each risk group. Data on patient-reported quality of life and high-grade toxicities were prospectively collected and reported. A multivariate analysis was performed to identify clinical predictors of biochemical failure and urologic toxicity. RESULTS: The median follow-up time was 5.5 years. The 5-year FFBP rates were 99%, 94%, and 74% in low-risk, intermediate-risk, and high-risk patients, respectively. The actuarial 5-year rates of late grade 3+ Common Terminology Criteria for Adverse Events, version 4.0, gastrointestinal (GI) and genitourinary (GU) toxicity were 0.6% and 2.9%, respectively. Multivariate analysis showed a significant correlation between grade 3+ GU toxicity and pretreatment prostate reductive procedures (P<.0001), prostate volume (P=.0085), pretreatment α-blockers (P=.0067), diabetes (P=.0195), and dose-volume histogram parameters (P=.0208). The median International Prostate Symptom Scores pretreatment scores and scores at 5 years after treatment were 7 and 7, respectively. The mean Expanded Prostate Cancer Index Composite (EPIC) scores significantly declined for sexual summary for patients not receiving ADT (from 67 to 53) between baseline and 5 years. CONCLUSIONS: Image guided PT provided excellent biochemical control rates for patients with localized prostate cancer. The actuarial rates of high-grade toxicity were low after PT. From pretreatment to 5 years of follow-up, a significant decline was found only in mean EPIC sexual summary scores. Prospective clinical studies are needed to determine the comparative effectiveness of PT and other radiation treatment strategies.",Int J Radiat Oncol Biol Phys,2016,95,422-434,10.1016/j.ijrobp.2016.02.038,https://www.ncbi.nlm.nih.gov/pubmed/27084658,,positive,1,
25964638,Use of Postprostatectomy Radiation Therapy at an NCI-Designated Comprehensive Cancer Center,Martin JM,"PURPOSE: Characterize use of postprostatectomy radiation (PPRT) for patients with prostate cancer at an NCI-designated comprehensive cancer center. METHODS: We queried our prospective prostate cancer database for patients treated with 60 to 68 Gy of radiation therapy (RT) to the prostate bed after prostatectomy from 2003 to 2011. Prostatectomy cases were obtained from billing records. Patients with an intact prostate treated with definitive RT served as a control for the change in volume of patients with prostate cancer treated in the department. Chi-square analysis assessed differences between adjuvant and salvage RT cohorts. Spearman correlation assessed yearly trends in prostate-specific antigen (PSA) level at the time of referral for RT. Linear regression models tested trends for number of PPRT cases, prostatectomies, and patients with intact prostate receiving radiation across years. RESULTS: PPRT was used to treat 475 men at Fox Chase Cancer Center from 2003 to 2011 (83 adjuvant and 392 salvage). Over time, an increased proportion of patients receiving RT to the prostate were treated with PPRT. No increase was seen in the proportion of patients treated with adjuvant RT compared with salvage RT (P=.5). Patients receiving adjuvant RT were younger, had higher pathologic Gleason score, pathologic T stage, and rates of positive margins than those receiving salvage RT. Pre-RT PSA values were inversely correlated with year (P=.005). The number of patients referred for salvage RT with a PSA of 0.5 ng/mL or less increased significantly from 7.9% in 2003 to 26.6% in 2011 (P=.002). CONCLUSIONS: A larger proportion of patients treated with RT for localized prostate cancer are now receiving PPRT. No increase was seen in the proportion of patients treated with adjuvant RT. Over time, patients with lower PSAs were referred for salvage RT.",J Natl Compr Canc Netw,2015,13,525-30,doi: 10.6004/jnccn.2015.0072,https://www.ncbi.nlm.nih.gov/pubmed/25964638,,negative,0,2015.0
10394406,Conformal proton beam therapy of prostate cancer--update on the Loma Linda University medical center experience.,Rossi CJ,"BACKGROUND: The ability to eradicate localized prostate cancer is dependent upon the radiation dose which can be delivered to the prostate. This dose is often limited by the tolerance of normal organs (rectum, bladder). Conformal beam therapy takes advantage of the unique depth dose characteristics of heavy charged particles (the Bragg Peak) to escalate the radiation dose delivered to the prostate while minimizing treatment-related toxicity. METHOD: 643 patients with localized prostate cancer were treated with protons alone or a combination of protons and photons. All treatment was planned on a 3-D planning system and all received doses between 74-75 CGE (Cobalt Gray Equivalent) at 1.8-2.0 CGE/day. Patients were evaluated for toxicity and response to treatment. RESULTS: Five-year actuarial clinical and biochemical disease-free survival rates for the entire group are 89 and 79% respectively. A statistically significant difference in biochemical disease-free survival was seen between patients in the ""early"" (T1b-2b, PSA < 15) and ""advanced"" (T1b-2b, PSA > 15 or T2c-T4, PSA < 50) subgroups (89% vs. 68% at 4.5 years, p < 0.001). A PSA nadir of less than 0.51 ng/ml predicted for the highest chance of freedom from biochemical recurrence. Minimal radiation proctitis was seen in 21% of patients; toxicity of greater severity was seen in less than 1%. CONCLUSIONS: Conformal proton beams therapy produced high rates of response and minimal toxicity. A phase III dose escalation trial is in progress to help define the optimum radiation dose for the treatment of early stage prostate cancer.",Strahlenther Onkol,1999,175 Suppl 2,82-4,10.1007/BF03038897,https://www.ncbi.nlm.nih.gov/pubmed/10394406,LOW RISK,positive,1,
20619958,Multicentric oncologic outcomes of high-intensity focused ultrasound for localized prostate cancer in 803 patients,Crouzet S,"BACKGROUND: High-intensity focused ultrasound (HIFU) is an emerging treatment for select patients with localized prostate cancer (PCa). OBJECTIVES: To report the oncologic outcome of HIFU as a primary care option for localized prostate cancer from a multicenter database. DESIGN, SETTING, AND PARTICIPANTS: Patients with localized PCa treated with curative intent and presenting at least a 2-yr follow-up from February 1993 were considered in this study. Previously irradiated patients were excluded from this analysis. In case of any residual or recurrent PCa, patients were systematically offered a second session. Kaplan-Meier analysis was performed to determine disease-free survival rates (DFSR). MEASUREMENTS: Prostate-specific antigen (PSA), clinical stage, and pathologic results were measured pre- and post-HIFU. RESULTS AND LIMITATIONS: A total of 803 patients from six urologic departments met the inclusion criteria. Stratification according to d'Amico's risk group was low, intermediate, and high in 40.2%, 46.3%, and 13.5% of patients, respectively. Mean follow-up was 42+/-33 mo. Mean PSA nadir was 1.0+/-2.8 ng/ml with 54.3% reaching a nadir of < or =0.3 ng/ml. Control biopsies were negative in 85% of cases. The overall and cancer-specific survival rates at 8 yr were 89% and 99%, respectively. The metastasis-free survival rate at 8 yr was 97%. Initial PSA value and Gleason score value significantly influence the DFSR. The 5- and 7-yr biochemical-free survival rates (Phoenix criteria) were 83-75%, 72-63%, and 68-62% (p=0.03) and the additional treatment-free survival rates were 84-79%, 68-61%, and 52-54% (p<0.001) for low-, intermediate-, and high-risk patients, respectively. PSA nadir was a major predictive factor for HIFU success: negative biopsies, stable PSA, and no additional therapy. CONCLUSIONS: Local control and DFSR achieved with HIFU were similar to those expected with conformal external-beam radiation therapy (EBRT). The excellent cancer-specific survival rate is also explained by the possibility to repeat HIFU and use salvage EBRT.",Eur Urol,2010,58,559-66,doi: 10.1016/j.eururo.2010.06.037. Epub 2010 Jul 3,https://www.ncbi.nlm.nih.gov/pubmed/20619958,,negative,0,2010.0
25687401,A review of rectal toxicity following permanent low dose-rate prostate brachytherapy and the potential value of biodegradable rectal spacers,Schutzer ME,"Permanent radioactive seed implantation provides highly effective treatment for prostate cancer that typically includes multidisciplinary collaboration between urologists and radiation oncologists. Low dose-rate (LDR) prostate brachytherapy offers excellent tumor control rates and has equivalent rates of rectal toxicity when compared with external beam radiotherapy. Owing to its proximity to the anterior rectal wall, a small portion of the rectum is often exposed to high doses of ionizing radiation from this procedure. Although rare, some patients develop transfusion-dependent rectal bleeding, ulcers or fistulas. These complications occasionally require permanent colostomy and thus can significantly impact a patient's quality of life. Aside from proper technique, a promising strategy has emerged that can help avoid these complications. By injecting biodegradable materials behind Denonviller's fascia, brachytherpists can increase the distance between the rectum and the radioactive sources to significantly decrease the rectal dose. This review summarizes the progress in this area and its applicability for use in combination with permanent LDR brachytherapy.",Prostate Cancer Prostatic Dis,2015,18,96-103,doi: 10.1038/pcan.2015.4. Epub 2015 Feb 17,https://www.ncbi.nlm.nih.gov/pubmed/25687401,,negative,0,2015.0
32169590,A Prospective Multi-Institutional Phase I/II Trial of Step-Wise Dose-per-Fraction Escalation in Low and Intermediate Risk Prostate Cancer.,Ritter MA,"PURPOSE: This phase I/II, multi-institutional trial explored the tolerance and efficacy of stepwise increasing hypofractionation (HPFX) radiation therapy regimens for fraction sizes up to 4.3 Gy in localized prostate cancer. METHODS AND MATERIALS: Three escalating dose-per-fraction schedules were designed to yield similar predicted tumor control while maintaining equivalent predicted late toxicity. HPFX levels I, II, and III were carried out sequentially and delivered schedules of 64.7 Gy/22 fx/2.94 Gy, 58.08 Gy/16 fx/3.63 Gy, and 51.6 Gy/12 fx/4.3 Gy, respectively with next level escalations contingent upon acceptable gastrointestinal (GI) toxicity. The primary endpoints were biochemical control and toxicity. RESULTS: A total of 347 patients were recruited by 5 institutions with 101, 111, and 135 patients treated on HPFX levels I, II, and III with median follow-ups of 100, 85.5, and 61.7 months, respectively (83.2 months combined). The National Comprehensive Cancer Network low- or intermediate-risk group distribution was 46% and 54%, respectively. Sixteen percent of patients, primarily intermediate risk, received 6 months of androgen deprivation therapy. The 8-year nadir + 2 actuarial biochemical control rates for HPFX levels I, II, and III were 91.1% ± 3.0%, 92.7% ± 2.7%, and 88.5% ± 4.6%, respectively (Kaplan-Meier log rank, 0.903). Among clinical covariates, only Gleason score reached near significance in multivariate analysis (P = .054). Twenty-six patients failed biochemically (crude incidence of 7.5%), and there were 5 cause-specific deaths. GI and genitourinary toxicities were acceptable and similar across the 3 HPFX levels. The combined actuarial cumulative incidence of grade 2+ GI and genitourinary toxicities at 7 years were 16.3% ± 2.1% and 22.1% ± 2.4%, respectively. CONCLUSIONS: HPFX employing fraction sizes extending into the 3.6 to 4.3 Gy/fraction range can be delivered with excellent oncologic outcomes. Such schedules, positioned between moderate and ultra-HPFX, may provide additional options for patients wishing to avoid prolonged treatment schedules associated with conventionally fractionated radiation therapy for prostate cancer.",Pract Radiat Oncol,2020,10,345-353,10.1016/j.prro.2020.02.013,https://www.ncbi.nlm.nih.gov/pubmed/32169590,,positive,1,
21493015,Gleason pattern 5 is the greatest risk factor for clinical failure and death from prostate cancer after dose-escalated radiation therapy and hormonal ablation.,Sabolch A,"PURPOSE: The division of Gleason score (GS) into three categories (2-6, 7, 8-10) may not fully use its prognostic power, as revealed by recent reports demonstrating the presence of Gleason Pattern 5 (GP5) as a strong predictor for biochemical recurrence. Therefore, we analyzed the clinical outcomes in patients treated with dose-escalated radiation therapy (RT) based on the presence or absence of GP5. METHODS AND MATERIALS: Outcomes were analyzed for 718 men treated for localized prostate cancer with external-beam RT to a minimum planning target volume dose of at least 75 Gy. We assessed the impact of GP5 and that of pretreatment- and treatment-related factors on freedom from biochemical failure, freedom from metastasis (FFM), cause-specific survival (CSS), and overall survival (OS). RESULTS: At biopsy, 89% of patients had no GP5, and 11% (76/718) had GP5. There were no differences in age, comorbid illness, T stage, prostate-specific antigen, or the use or duration of androgen deprivation therapy between GS8 without GP5 and GS8-10 with GP5. The presence of GP5 predicted lower FFM (p < 0.002; hazard ratio [HR] 3.4 [1.7-7.1]); CSS (p < 0.0001; HR 12.9 [5.4-31]); and OS (p < 0.0001; HR 3.6 [2.0-6.5]) in comparison with GS8 (without GP5). The 8-year FFM, CSS, and OS were 89%, 98%, and 57%, respectively, for those with Gleason 8 prostate cancer without GP5 in comparison with 61%, 55%, and 31%, respectively, for those with GP5. In addition, both FFM and CSS were strongly influenced by androgen deprivation therapy given concurrently with RT. On multivariate analysis, GP5 was the strongest prognostic factor for all clinical endpoints, including OS. CONCLUSION: The presence of GP5 predicts for worse clinical behavior, which therefore needs to be accounted for by risk stratification schemes. Further intensification of local and/or systemic therapy may be appropriate for such patients.",Int J Radiat Oncol Biol Phys,2011,81,e351-60,10.1016/j.ijrobp.2011.01.063,https://www.ncbi.nlm.nih.gov/pubmed/21493015,LOW RISK,positive,1,
20815417,CyberKnife radiosurgery for prostate cancer,Katz AJ,"Treatment of prostate cancer with SBRT is an area of significant controversy for many in the radiation oncology community despite radiobiologic data that strongly suggest the prostate would be an excellent SBRT target. Recently, new data have emerged that show promising outcomes with minimal toxicity for CyberKnife SBRT of prostate cancer. In the following we present the motivating factors for prostate cancer SBRT followed by a critical evaluation of the current literature and discussion of the future of prostate cancer treatment with SBRT.",Technol Cancer Res Treat,2010,9,463-72,doi: 10.1177/153303461000900504,https://www.ncbi.nlm.nih.gov/pubmed/20815417,,negative,0,2010.0
29171166,Outcomes of Asian patients with localized prostate cancer treated with combined intensity modulated radiation therapy (IMRT) and high dose rate (HDR) brachytherapy: A single institution experience.,Ng IWS,"AIM: External beam radiotherapy (EBRT) followed by high dose rate (HDR) brachytherapy boost has demonstrated minimal toxicities and improved disease control rate compared with EBRT alone in observational and randomized studies with predominantly Caucasian patients. This study aims to report the outcomes of patients treated with this approach in our predominantly Asian population. METHODS: Medical records for patients with localized prostate cancer who received combined EBRT delivered via intensity modulated radiotherapy (IMRT) technique followed by HDR brachytherapy boost were retrospectively reviewed. Outcomes evaluated included 5-year biochemical recurrence-free survival (per Phoenix definition), overall survival and treatment toxicities. RESULTS: From June 2009 to March 2015, 75 patients were treated with IMRT followed by HDR brachytherapy boost. Twenty patients (27%) had intermediate risk, 55 (74%) had high-risk disease. Median follow up was 64 months. All patients received IMRT to a median dose of 45 Gy to the pelvis followed by HDR brachytherapy boost. Sixty, 10 and 5 patients received boost of 21 Gy in two fractions, 19 Gy in two fractions and 15 Gy in a single fraction, respectively. All patients met the planning criteria adapted from RTOG 0815. The 5-year prostate-specific antigen (PSA) control was 85.2% (80.3% and 100% for high-risk and intermediate-risk group, respectively). Cancer-specific survival and overall survival are 97.3% and 92.0%, respectively. Eleven (15%) patients developed biochemical failure, six of which had distant metastasis. Three (4%) developed grade 3 genitourinary toxicity (urethral stricture and/or cystitis) and none developed grade 3 radiation proctitis. CONCLUSION: Our outcomes are comparable to internationally published data and demonstrate reproducibility of this approach in our population.",Asia Pac J Clin Oncol,2018,14,e386-e391,10.1111/ajco.12819,https://www.ncbi.nlm.nih.gov/pubmed/29171166,,positive,1,
14529768,Biochemical outcomes after prostate brachytherapy with 5-year minimal follow-up: importance of patient selection and implant quality.,Kollmeier MA,"PURPOSE: A prostate brachytherapy program was initiated in 1990, when comparatively little was known of the relative importance of disease- and treatment-related factors on outcome. Patients treated during the first 6 years of the program were analyzed to determine the value of patient selection and implant quality on biochemical control. METHODS AND MATERIALS: We treated 243 patients with clinically localized prostate cancer with radioactive seed implantation and underwent 1-month CT-based dosimetric analysis. Follow-up ranged from 61 to 135 months (median 75). The Gleason score was < or =6 in 78% (n = 189), 7 in 14% (n = 35), and 8-10 in 8% (n = 19). The initial prostate-specific antigen (PSA) level was < or =10 ng/mL in 61% (n = 149), 10.1-20 ng/mL in 26% (n = 63), and >20 ng/mL in 13% (n = 31). The disease stage was T2a or less in 49% (n = 120), and Stage T2b-T2c in 51% (n = 123). A real-time ultrasound-guided technique was used with (125)I (n = 138) and (103)Pd (n = 105) isotopes. No patient underwent external beam radiotherapy as part of their primary treatment. Of the 243 patients, 60% also received hormonal ablation for at least 3 months before and 2-3 months after seed implantation. All patients included underwent a 1-month CT-based dosimetric analysis. The implant dose was defined as the dose delivered to 90% of the prostate volume on postimplant dosimetry (D(90)). On the basis of prior dose-response analyses, patients were retrospectively grouped into optimal D(90) ((125)I > or =140 Gy Task Group 43 or (103)Pd >/=100 Gy) and suboptimal D(90) ( (125)I <140 Gy or (103)Pd <100 Gy) dose groups. Biochemical failure was defined using the American Society for Therapeutic Radiology Oncology definition. RESULTS: Disease-related factors, including initial PSA level, Gleason score, and stage, were significant predictors of biochemical failure. The actuarial 8-year freedom from biochemical failure (bFFF) rate was 80% for those with a PSA level < or =10 ng/mL, 86% for PSA 10.1-20 ng/mL, and 45% for PSA >20 ng/mL (p = 0.0019). Patients with a Gleason score of < or =6 had an 8-year bFFF rate of 81% vs. 67% for those with Gleason score 7 and 53% for those with Gleason score 8-10 (p = 0.0003). Patients with Stage T2a or less had an 8-year bFFF rate of 85% compared with 69% for those with Stage T2b-T2c (p = 0.013). The 8-year bFFF rate was 88% for low-risk patients (Stage T2a or less, Gleason score < or =6, and initial PSA level < or =10 ng/mL; n = 75), 81% for moderate-risk patients (Stage T2b or Gleason score 7 or initial PSA level >10.1-20 ng/mL; n = 70), and 65% for high-risk patients (two or more moderate-risk features or Gleason score > or =8 or initial PSA level >20 ng/mL; n = 98; p = 0.0009). Patients with optimal dose implants (n = 145) had an 8-year bFFF rate of 82% compared with 68% for those with suboptimal dose implants (n = 98; p = 0.007). Hormonal therapy did not significantly affect biochemical failure (p = 0.27). In multivariate analysis, the statistically significant variables included initial PSA level (p <0.0001), Gleason score (p = 0.024), and dose group (p = 0.046). Because our current practice limits implantation alone to low-risk patients, an analysis of this subgroup was undertaken to validate the importance of dose. In the optimal dose group, low-risk patients had an 8-year bFFF rate of 94% vs. 75% for the low-risk patients in the suboptimal dose group (p = 0.02). CONCLUSION: With minimal follow-up of 5 years, these data continue to support the use of implantation alone in low-risk prostate cancer patients and demonstrate the importance of implant quality (dose) in achieving optimal outcomes. Low-risk patients who receive an optimal dose implant have a 94% bFFF rate at 8 years.",Int J Radiat Oncol Biol Phys,2003,57,645-53,10.1016/s0360-3016(03)00627-8,https://www.ncbi.nlm.nih.gov/pubmed/14529768,HIGH RISK,positive,1,
17765406,Long-term results of the M. D. Anderson randomized dose-escalation trial for prostate cancer.,Kuban DA,"PURPOSE: To report the long-term results of a randomized radiotherapy dose escalation trial for prostate cancer. METHODS AND MATERIALS: From 1993 to 1998, a total of 301 patients with stage T1b to T3 prostate cancer were accrued to a randomized external beam dose escalation trial using 70 Gy versus 78 Gy. The median follow-up is now 8.7 years. Kaplan-Meier analysis was used to compute rates of prostate-specific antigen (PSA) failure (nadir + 2), clinical failure, distant metastasis, disease-specific, and overall survival as well as complication rates at 8 years post-treatment. RESULTS: For all patients, freedom from biochemical or clinical failure (FFF) was superior for the 78-Gy arm, 78%, as compared with 59% for the 70-Gy arm (p = 0.004, and an even greater benefit was seen in patients with initial PSA >10 ng/ml (78% vs. 39%, p = 0.001). The clinical failure rate was significantly reduced in the 78-Gy arm as well (7% vs. 15%, p = 0.014). Twice as many patients either died of prostate cancer or are currently alive with cancer in the 70-Gy arm. Gastrointestinal toxicity of grade 2 or greater occurred twice as often in the high dose patients (26% vs. 13%), although genitourinary toxicity of grade 2 or greater was less (13% vs. 8%) and not statistically significantly different. Dose-volume histogram analysis showed that the complication rate could be significantly decreased by reducing the amount of treated rectum. CONCLUSIONS: Modest escalation in radiotherapy dose improved freedom from biochemical and clinical progression with the largest benefit in prostate cancer patients with PSA >10 ng/ml.",Int J Radiat Oncol Biol Phys,2008,70,67-74,10.1016/j.ijrobp.2007.06.054,https://www.ncbi.nlm.nih.gov/pubmed/17765406,HIGH RISK,positive,1,
21104184,Salvage robotic assisted laparoscopic radical prostatectomy: indications and outcomes,Williams SB,"OBJECTIVES: Salvage robotic assisted laparoscopic radical prostatectomy (SRALP) has now become a feasible alternative to open prostatectomy in experienced hands. Herein we review the urologic literature for the indications and outcomes of SRALP. METHODS: A comprehensive review of the peer reviewed literature was performed for reported cases of salvage robotic and open prostatectomy, with emphasis being on comparing oncologic outcomes. RESULTS: Salvage prostatectomy, whether open or robotic, is a viable alternative for treatment of recurrent, localized, non-metastatic prostate cancer after failed primary radiotherapy. Although few reports of salvage robotic prostatectomy have been published with limited long-term follow-up, initial oncologic results seem at least comparable to the salvage open prostatectomy series. SRALP should be performed by centers with a dedicated and well experienced robotic urologic oncology program. CONCLUSIONS: SRALP is a feasible surgical treatment option for patients with recurrence after primary radiotherapy with preliminary oncologic outcomes comparable to the open approach. Further long-term follow-up is needed to validate these results.",World J Urol,2013,31,431-4,doi: 10.1007/s00345-010-0619-2. Epub 2010 Nov 21,https://www.ncbi.nlm.nih.gov/pubmed/21104184,,negative,0,2010.0
16813890,Long-term outcome following radical prostatectomy in men with clinical stage T3 prostate cancer.,Carver BS,"PURPOSE: We evaluated patients at our institution who underwent radical prostatectomy for clinical stage T3 prostate cancer to determine their long-term clinical outcomes. MATERIALS AND METHODS: We reviewed our prospective surgical database and identified 176 men who underwent radical retropubic prostatectomy for clinical stage T3 prostate cancer from 1983 to 2003. Clinical and pathological data were reviewed and evaluated in a Cox proportional hazards model to determine preoperative predictors of biochemical recurrence. Clinical progression following biochemical recurrence was evaluated and clinical failure was defined as the development of clinical metastases or progression to hormone refractory prostate cancer. RESULTS: Of the 176 patients with cT3 prostate cancer 64 (36%) received neoadjuvant hormonal therapy. At a mean followup of 6.4 years 84 (48%) patients had disease recurrence with a median time to biochemical recurrence of 4.6 years. The actuarial 10-year probability of freedom from recurrence was 44%. On multivariate analysis biopsy Gleason score, pretreatment serum prostate specific antigen and year of surgery were independent predictors of biochemical recurrence. Neoadjuvant hormonal therapy was not a significant predictor of biochemical recurrence. Following biochemical recurrence clinical failure developed in 30 of 84 (36%) men with a median time of 11 years. Overall the 5, 10 and 15-year probabilities of death from prostate cancer were 6%, 15% and 24%, respectively. CONCLUSIONS: More than half (52%) of our patients remained free of disease recurrence following radical prostatectomy. In our series neoadjuvant hormonal therapy offered no advantage with respect to disease recurrence. Radical prostatectomy remains an integral component in the treatment of select patients with clinical stage T3 prostate cancer.",J Urol,2006,176,564-8,10.1016/j.juro.2006.03.093,https://www.ncbi.nlm.nih.gov/pubmed/16813890,HIGH RISK,positive,1,
29225057,Comparison of Pathological and Oncologic Outcomes of Favorable Risk Gleason Score 3 + 4 and Low Risk Gleason Score 6 Prostate Cancer: Considerations for Active Surveillance.,Gearman DJ,"PURPOSE: Recent NCCN<sup>®</sup> (National Comprehensive Cancer Network®) Guidelines® show that patients with biopsy Gleason score 3 + 4/Grade Group 2 but otherwise favorable features are active surveillance candidates. However, little is known about the long-term outcomes compared to that in men in the low risk Gleason score 6/Grade Group 1 group. We sought to clarify the risk of adverse features and oncologic outcomes in surgically treated, favorable Grade Group 2 vs 1 cases. MATERIALS AND METHODS: We queried our prospectively maintained radical prostatectomy database for all 8,095 patients with biopsy Grade Group 1 or 2 prostate cancer who otherwise fulfilled the NCCN low risk definition of prostate specific antigen less than 10 ng/ml and cT2a or less, and who underwent radical prostatectomy from 1987 to 2014. Multivariable logistic regression and Kaplan-Meier methods were used to compare pathological and oncologic outcomes. RESULTS: Organ confined disease was present in 93.9% and 82.6% of Grade Group 1 and favorable intermediate risk Grade Group 2 cases while seminal vesicle invasion was noted in 1.7% and 4.7%, and nodal disease was noted in 0.3% and 1.8%, respectively (all p <0.0001). On multivariable logistic regression biopsy proven Grade Group 2 disease was associated with a threefold greater risk of nonorgan confined disease (OR 3.1, 95% CI 1.7-5.7, p <0.001). The incidence of late treatment (more than 90 days from surgery) in Grade Group 1 vs 2 was 3.1% vs 8.5% for hormonal therapy and 6.0% vs 12.2% for radiation (p <0.001). In the Grade Group 1 vs 2 cohorts the 10-year biochemical recurrence-free survival rate was 88.9% vs 81.2% and the 10-year systemic progression-free survival rate was 99% vs 96.5% (each p <0.001). CONCLUSIONS: Men at favorable risk with Grade Group 2 disease who are considering active surveillance should be informed of the risks of harboring adverse pathological features which impact secondary therapies and an increased risk of cancer progression.",J Urol,2018,199,1188-1195,10.1016/j.juro.2017.11.116,https://www.ncbi.nlm.nih.gov/pubmed/29225057,,positive,1,
24571244,Impact of laparoscopic radical prostatectomy on clinical T3 prostate cancer: experience of a single centre with long-term follow-up,Gözen AS,"OBJECTIVE: To investigate the oncological safety and effectiveness of laparoscopic radical prostatectomy (LRP) for patients with clinical T3 (cT3) prostate cancer compared with patients with cT1 and cT2 prostate cancer. PATIENTS AND METHODS: In all, 2375 consecutive LRPs were evaluated between 1999 and 2013. Of the 1751 patients enrolled with complete follow-up data (>24 months), patients were divided into three groups according to clinical stage of prostate cancer using Tumour-Node-Metastasis (TNM) classification. Group 1 consisted of patients with cT1 stage prostate cancer, group 2 those with cT2, and group 3 those with cT3. Demographic, postoperative, and long-term data of patients were recorded and statistical analyses were performed. RESULTS: The mean (SD) age was 63.6 (6.2) years. The mean (SD) follow-up was 104 (28.4) months. There were 417 patients in group 1, 842 patients in group 2, and 492 patients in group 3. The mean prostate-specific antigen level, biopsy Gleason score, tumour volume, body mass index, and age, were all higher in group 3 (P < 0.001). Nerve-sparing techniques were used more in group 1 than in the other groups (P < 0.001). Extracapsular extension, seminal vesicle invasion, Gleason score, positive surgical margin (PSM), and rate of adjuvant hormone and radiotherapies were highest in group 3. However, urinary continence was similar in all groups. Group 1 contained the most patients with an erection sufficient for intercourse. Group 1 had the best cancer-specific survival rate, whereas overall survival (OS) rates and complications were similar in all groups. CONCLUSION: LRP seems effective and safe for patients with cT3 prostate cancer with similar OS rates as for those with cT1 and cT2; however, additional therapies may have contributed to these rates. LRP can be considered for the treatment of patients with cT3 prostate cancer.",BJU Int,2015,116,102-8,doi: 10.1111/bju.12710. Epub 2015 Mar 27,https://www.ncbi.nlm.nih.gov/pubmed/24571244,,negative,0,2015.0
17162020,High dose rate brachytherapy as a boost for the treatment of localized prostate cancer.,Phan TP,"PURPOSE: We report the outcome and toxicities of high dose rate brachytherapy as a boost for localized prostate cancer. MATERIALS AND METHODS: Between 1996 and 2003, 309 patients with prostate carcinoma were treated with external beam radiation therapy and high dose rate brachytherapy. Furthermore, 36% of the patients received neoadjuvant/concurrent or adjuvant androgen deprivation therapy. Patients were stratified into 3 groups. Group 1 of 67 patients had Gleason score 6 or less, pretreatment prostate specific antigen 10 ng/ml or less and clinical stage T2a or less. Group 2 of 109 patients had Gleason score 7 or greater, pretreatment prostate specific antigen greater than 10 ng/ml and clinical stage T2b or greater. Group 3 of 133 patients had 2 or more of these higher risk factors. RESULTS: At a median followup of 59 months the 5-year biochemical control rate, as defined by the American Society for Therapeutic Radiation and Oncology, was 86%, cause specific survival was 98% and overall survival was 91%. Biochemical control in stratified groups 1 to 3 was 98%, 90% and 78%, respectively. On univariate analysis risk group, pretreatment prostate specific antigen and Gleason score were significant predictors of biochemical control. However, on multivariate analysis only risk group and pretreatment prostate specific antigen were significant. Using the Common Toxicity Criteria scale there were 2 cases of grade 3 acute urinary toxicity. Regarding late side effects 4% of patients had grade 3 genitourinary toxicity and 1 had a grade 4 rectal complication. CONCLUSIONS: External beam radiation therapy and high dose rate brachytherapy for prostate cancer resulted in excellent biochemical control, cause specific survival and overall survival with minimal severe acute or late complications.",J Urol,2007,177,123-7; discussion 127,10.1016/j.juro.2006.08.109,https://www.ncbi.nlm.nih.gov/pubmed/17162020,INTERMEDIATE RISK,positive,1,
27219522,PMH 9907: Long-term outcomes of a randomized phase 3 study of short-term bicalutamide hormone therapy and dose-escalated external-beam radiation therapy for localized prostate cancer.,McPartlin AJ,"BACKGROUND: The role of hormone therapy (HT) with dose-escalated external-beam radiotherapy (DE-EBRT) in the treatment of intermediate-risk prostate cancer (IRPC) remains controversial. The authors report the long-term outcome of a phase 3 study of DE-EBRT with or without HT for patients with localized prostate cancer (LPC). METHODS: From 1999 to 2006, 252 of an intended 338 patients with LPC were randomized to receive DE-EBRT with or without 5 months of neoadjuvant and concurrent bicalutamide 150 mg once daily. The study was closed early because of contemporary concerns surrounding bicalutamide. The primary outcome was biochemical failure (BF) incidence, and the secondary endpoints were overall survival (OS), local control (LC), and quality of life. The BF and OS rates were estimated using the cumulative incidence function and Kaplan-Meier methods and were compared using the Gray test and the log-rank test. RESULTS: Eleven patients were excluded from analysis. Characteristics were well balanced in each treatment arm. Ninety-five percent of patients had IRPC. The prescribed dose increased from 75.6 grays (Gy) in 42 fractions to 78 Gy in 39 fractions over the period. At a median follow-up of 9.1 years, 98 BFs occurred, with no significant effect of HT versus no HT on the BF rate (40% vs 47%; P = .32), the OS rate (82% vs 86%; P = .37), the LC rate (52% vs 48 %; P = .32) or quality of life, in the patients who completed the questionnaires. Dose escalation to 75.6 Gy versus >75.6 Gy reduced the BF rate by 26% (P = .004). CONCLUSIONS: For patients who predominantly have IRPC, the addition of HT to DE-EBRT did not significantly affect BF, OS, or LC. Bicalutamide appeared to be well tolerated. The conclusions from the study are limited by incomplete recruitment. Cancer 2016;122:2595-603. © 2016 American Cancer Society.",Cancer,2016,122,2595-603,10.1002/cncr.30093,https://www.ncbi.nlm.nih.gov/pubmed/27219522,,positive,1,
30245170,Selection of patients who would not require long-term prostate-specific antigen monitoring after low-dose-rate brachytherapy.,Niwa N,"PURPOSE: To identify patients at extremely low risk of biochemical recurrence (BCR) of prostate cancer after low-dose-rate brachytherapy (LDR-BT) to determine when prostate-specific antigen (PSA) monitoring can be stopped. METHODS AND MATERIALS: We retrospectively reviewed clinicopathologic data of patients with prostate cancer who underwent LDR-BT between 2003 and 2011. Of 1569 patients reviewed, 689 (43.9%) received combination external beam radiotherapy, and 970 (61.8%) had neoadjuvant hormonal therapy. We stratified patients according to risk factors identified by multivariate analysis and assessed the factors for an association with BCR (defined as ≥2 ng/mL higher than the nadir). RESULTS: The median followup was 96 months. Of 1531 patients who were BCR-free at 3 years after treatment, 76 subsequently developed BCR; of 1500 who were BCR-free at 5 years, 45 eventually had BCR. On multivariate analysis, independent risk factors for BCR were the National Comprehensive Cancer Network risk group at diagnosis and PSA levels at 3 or 5 years after radiotherapy. In the low-risk group, no patient with a PSA level ≤0.2 ng/mL at 3 years after radiotherapy subsequently developed BCR. In the intermediate-risk group, no patients with a PSA level ≤0.2 ng/mL at 5 years subsequently developed BCR. CONCLUSIONS: The National Comprehensive Cancer Network risk group at diagnosis and PSA values at 3 and 5 years after LDR-BT are independently associated with a risk of later BCR. Using these two factors may help to select patients for whom PSA monitoring could be stopped because they have an extremely low risk of later BCR.",Brachytherapy,2018,17,899-905,10.1016/j.brachy.2018.08.018,https://www.ncbi.nlm.nih.gov/pubmed/30245170,,positive,1,
16165923,Combined curative radiotherapy including HDR brachytherapy and androgen deprivation in localized prostate cancer: a prospective assessment of acute and late treatment toxicity,Wahlgren T,"Self-reported symptoms including urinary, bowel and sexual side effects were investigated prospectively at multiple assessment points before and after combined radiotherapy of prostate cancer including HDR brachytherapy and neoadjuvant androgen deprivation therapy. Between April 2000 and June 2003, patients with predominantly advanced localized prostate tumours subjected to this treatment were asked before treatment and on follow-up visits to complete a questionnaire covering urinary, bowel and sexual problems. The mainly descriptive analyses included 525 patients, responding to at least one questionnaire before or during the period 2-34 months after radiotherapy. Adding androgen deprivation before radiotherapy significantly worsened sexual function. During radiotherapy, urinary, bowel and sexual problems increased and were reported at higher levels up to 34 months, although there seemed to be a general tendency to less pronounced irritative bowel and urinary tract symptoms over time. No side effects requiring surgery were reported. Classic late irradiation effects such as mucosal bleeding were demonstrated mainly during the second year after therapy, but appear less pronounced in comparison with dose escalated EBRT series. In conclusion, despite the high radiation dose given, the toxicity seemed comparable with that of other series but long term (5-10 years) symptom outcome has to be determined.",Acta Oncol,2005,44,633-43,doi: 10.1080/02841860510029716,https://www.ncbi.nlm.nih.gov/pubmed/16165923,,negative,0,2005.0
31695139,Prostate cancer characteristics and cancer-specific mortality of Native American patients,Deuker M,"BACKGROUND: Historical epidemiological data indicate that Native American patients may have worse prostate cancer (PCa) characteristics than Caucasian patients (CAP). To test for cancer-specific mortality (CSM) differences among Native American vs. CAP, the most contemporary version of the SEER database (Surveillance, Epidemiology, and End Results database [2004-2016]) was used. METHODS: Descriptives and time trend analyses focused on a combined cohort of 357,289 Caucasian and Native American PCa patients of all stages. After 1:4 propensity-score (PS) matching for stage, grade, and other patient characteristics, cumulative incidence plots, and competing-risks-regression-models (CRR) were used, with further stratification according to non-metastatic (T<sub>any</sub>N<sub>0</sub>M<sub>0</sub>) vs. metastatic (T<sub>any</sub>N<sub>1</sub> and/or M<sub>1</sub>) stages. RESULTS: Native American patients accounted for 1804 (0.5%) of the study cohort. Native American patients had higher PSA (8 ng/ml vs. 6.3 ng/ml), higher rate of D'Amico high-risk PCa (30.8 vs. 24.8%), higher rate of T3/T4-PCa (5.5 vs. 3.7%), higher rate of N1 stage (4.5 vs. 2.8%), and higher rate of M1 stage (7.5 vs. 3.9%, all p < 0.001) than CAP. In T<sub>any</sub>N<sub>0</sub>M<sub>0</sub> patients after PS-matching, 10-year CSM was 5.7 vs. 6.2% in Native American vs. CAP. In T<sub>any</sub>N<sub>1</sub> and/or M<sub>1</sub> patients, 10-year CSM was 64.3 vs. 63.3% in Native American vs. CAP, (both p = 0.8). In CRR, Native American race did not represent an independent predictor of CSM. CONCLUSIONS: Native American patients have more unfavorable stage and grade at presentation. However, after adjustment for these characteristics, CSM in Native American patients is not higher than in CAP. In consequence, PCa prognosis does not differ between Native American and Caucasian race. Therefore, efforts should be made to diagnose PCa in Native Americans at an earlier and more favorable stage like in CAP.",Prostate Cancer Prostatic Dis,2020,23,277-285,doi: 10.1038/s41391-019-0184-8. Epub 2019 Nov 6,https://www.ncbi.nlm.nih.gov/pubmed/31695139,,negative,0,2020.0
27506334,Impact of androgen-deprivation therapy on the outcome of dose-escalation prostate cancer radiotherapy without elective pelvic irradiation.,Hou WH,"The benefit of androgen-deprivation therapy (ADT) in combination with dose-escalated radiotherapy (DERT) for localized prostate cancer has not been determined in randomized studies. In this study, the benefit of ADT was assessed in patients uniformly treated with dose-escalated intensity-modulated radiation therapy (IMRT) to the prostate and seminal vesicles but not pelvis. In all, 419 patients with localized prostate adenocarcinoma underwent definitive IMRT (cumulative dose 78 Gy), with 32.6%, 33.1%, 32.1%, and 2.1% having T1 through T4 disease, respectively, and 51.2% having high-risk disease. ADT was given to 76.1% of patients. With a median follow-up of 60 months, 5-year biochemical failure-free, disease-free, and overall survival rates were 87%, 86%, and 87%, respectively. T stage was an independent predictor of all three rates. Five-year pelvic nodal recurrence rate was 2.9%. ADT improved biochemical failure-free and disease-free survival but not overall survival. ADT showed benefit in high-risk disease but not intermediate-risk disease. Late gastrointestinal and genitourinary toxicities ≥ grade 2 occurred in 11.0% and 6.7%, respectively. In conclusion, DERT with 78 Gy yields good disease control and low rate of pelvic nodal recurrence. ADT improves disease-free survival in patients with high-risk but not intermediate-risk disease.",Asian J Androl,2017,19,596-601,10.4103/1008-682X.183569,https://www.ncbi.nlm.nih.gov/pubmed/27506334,,positive,1,
23822986,Salvage radiation therapy improves metastasis-free survival for clinically aggressive and indolent prostate cancer recurrences after radical prostatectomy,Jackson WC,"OBJECTIVES: To describe 5- and 10-year rates of metastasis-free survival (MFS) stratified by Gleason score (GS) and prostate-specific antigen doubling time (PSADT) for patients receiving salvage radiation therapy (SRT) after biochemical recurrence (BR) postradical prostatectomy (RP). METHODS: A total of 236 patients who underwent SRT without receiving concomitant androgen deprivation therapy at a single institution after BR post-RP were retrospectively reviewed. The Kaplan-Meier methods and log-rank analysis were used to determine the MFS rates. RESULTS: Median follow-up post-SRT was 7.1 years. As of last follow-up, 59 men (25%) had developed metastasis. On univariate analysis, both GS and PSADT predicted MFS (P<0.001). Five- and 10-year rates of MFS were calculated for patients with GS 2 to 6, 7, and 8 to 10 and for patients with PSADT < 3, 3 to 9, 9 to 15, and >15 months, who received no additional salvage therapy until the development of metastases. The 5- and 10-year MFS for GS 8 to 10 were 62% and 50%, respectively, compared with 94% at both 5 and 10 years for GS 2 to 6. The 5- and 10-year MFS for PSADT < 3 months were 70% and 61%, respectively, compared with 100% and 90% at 5 and 10 years, respectively, for PSADT >15 months. CONCLUSIONS: After BR post-RP, SRT results in low 5- and 10-year rates of metastasis after initial BR. Importantly, a substantial proportion of patients with high-risk disease (GS 8 to 10 or PSADT < 3 mo) are free from metastasis at these same time points. Therefore, SRT should not be withheld from patients based solely on the presence of adverse disease risk factors.",Am J Clin Oncol,2015,38,367-72,doi: 10.1097/COC.0b013e31829e17db,https://www.ncbi.nlm.nih.gov/pubmed/23822986,,negative,0,2015.0
15756656,Postprostatectomy adjuvant versus salvage radiotherapy: a complication-adjusted number-needed-to-treat analysis,Jani AB,"BACKGROUND: Radiotherapy (RT) has been used with success after radical retropubic prostatectomy (RRP), both in the adjuvant and salvage settings. The purpose of the current investigation was to systematically compare adjuvant versus salvage RT in a manner that incorporates both treatment efficacy and complications. METHODS: A literature review was performed of reports of post-RRP salvage and adjuvant RT, and 12 trials comprising 1060 patients met the appropriate inclusion criteria. The biochemical failure-free survival in each study/arm was tabulated, and these values were entered into a model to compute an unadjusted number-needed-to treat (NNT). RT complications were then considered, accounting for differences in toxicity incidences in the salvage versus adjuvant setting, to compute complication-adjusted NNTs. In all the trials, the signs and magnitudes of the NNTs obtained were used to compare adjuvant with salvage RT. RESULTS: The absolute NNT analysis showed an advantage of adjuvant compared with salvage RT. After adjustment for RT complications, however, the advantage shifted to salvage RT. This transition point from superiority of adjuvant RT to superiority of salvage RT was sensitive to the estimated incidence and severity of RT side effects. CONCLUSIONS: Adjuvant post-RRP RT was advantageous in comparison to salvage RT if the side effects of RT were estimated to be negligible. However, with moderate incidence/severity of RT side effects, salvage RT was advantageous. The findings herein must be tested in a prospective study in which both health-related quality of life and cancer control are documented in patients receiving adjuvant versus salvage post-RRP RT. Further work is needed to better estimate parameters entered into the model to determine the precise transition point between adjuvant and salvage RT with modern RT techniques.",Cancer,2005,1,,doi: 10.1002/cncr.20949,https://www.ncbi.nlm.nih.gov/pubmed/15756656,,negative,0,2005.0
15681602,Randomized controlled trial to evaluate radiotherapy +/- endocrine therapy versus endocrine therapy alone for PSA failure after radical prostatectomy: Japan Clinical Oncology Group Study JCOG 0401,Yokomizo A,"A randomized controlled trial has started in Japan to evaluate radiotherapy and endocrine therapy for prostate-specific antigen (PSA) failure after radical prostatectomy. Patients who have PSA failure after radical prostatectomy for localized prostate cancer (T1-2N0M0) are randomized into treatment groups of either radiotherapy +/- endocrine therapy or endocrine therapy alone. The Urologic Oncology Study Group (UOSG) in the Japan Clinical Oncology Group (JCOG) composed of 36 specialized institutions will recruit 200 patients. The primary end-point is time to treatment failure (TTF) of bicalutamide, and secondary end-points are TTF of protocol treatment, progression-free survival, overall survival, adverse events and quality of life (QOL). The Clinical Trial Review Committee of the JCOG approved the protocol on April 13, 2004, and the study was activated on May 17, 2004.",Jpn J Clin Oncol,2005,35,34-6,doi: 10.1093/jjco/hyi007,https://www.ncbi.nlm.nih.gov/pubmed/15681602,,negative,0,2005.0
33279855,Androgen deprivation therapy and radiotherapy in intermediate-risk prostate cancer: A randomised phase III trial.,Nabid A,"BACKGROUND: The role of androgen deprivation therapy (ADT) in combination with radiotherapy (RT) in intermediate-risk prostate cancer (IRPC) remains controversial, particularly in patients receiving dose-escalated RT (DERT). We compared outcomes between patients with IRPC treated with ADT and two different doses of RT vs. RT alone. METHODS: From December 2000 to September 2010, 600 patients with IRPC were randomised to a three-arm trial consisting of 6 months of ADT plus RT 70 Gy (ADT + RT70) vs. ADT plus a DERT of 76 Gy (ADT + DERT76) vs. DERT of 76 Gy alone (DERT76). Primary end-point was biochemical failure (BF), and secondary end-points were overall survival (OS) and toxicity. RT toxicity was assessed by Radiation Therapy Oncology Group/European Organisation for Research and Treatment of Cancer criteria. FINDINGS: With a median follow-up of 11.3 years (interquartile range: 10.9-11.7), patients receiving DERT76 alone, compared with patients receiving ADT + RT70 and ADT + DERT76, had higher rates of BF (32%, 18% and 14%, respectively, p < 0.001), higher rates of prostate cancer progression (12%, 4.5% and 3.3%, respectively, p = 0.001) and more deaths due to prostate cancer (6.5%, 3.0% and 1.5%, respectively, p = 0.03) with no significant difference seen between ADT + RT70 and ADT + DERT76. There was no significant difference in OS between the 3 arms. A higher dose of RT (76 Gy) increased late gastrointestinal (GI) toxicity grade ≥ II compared with lower dose (70 Gy) (16% vs 5.3%, p < 0.001) with no statistical difference for late genitourinary toxicity. INTERPRETATION: In IRPC, the addition of 6 months of ADT to RT70 or DERT76 significantly improves BF and appears to decrease the risk of death from prostate cancer compared with DERT76 alone with no difference in OS. In the setting of IRPC, ADT plus RT 70 Gy yields effective disease control with a better GI toxicity profile. Clinicaltrials.gov#NCT00223145.",Eur J Cancer,2021,143,64-74,10.1016/j.ejca.2020.10.023,https://www.ncbi.nlm.nih.gov/pubmed/33279855,,positive,1,
26489923,Treatment outcomes with permanent brachytherapy in high-risk prostate cancer patients stratified into prognostic categories.,Bittner N,"PURPOSE: To determine whether a previously reported substratification system can be extrapolated to patients with high-risk prostate cancer treated with permanent interstitial brachytherapy. METHODS AND MATERIALS: Four hundred six National Comprehensive Cancer Network patients with high-risk prostate cancer treated with permanent prostate brachytherapy with or without supplemental external beam radiotherapy were stratified into good (prostate-specific antigen >20 or Gleason score ≥8 or ≥T3), intermediate (prostate-specific antigen >20 and ≥T3), and poor (Gleason score ≥8 with ≥1 additional high-risk feature) prognostic cohorts. Because of only 1 patient with intermediate high-risk disease, the analysis was performed on patients in the good and poor cohorts. Biochemical failure (BF), prostate cancer-specific mortality (PCSM), distant metastasis, and overall mortality were assessed as function of prognostic group. Multiple parameters were evaluated for impact on outcome. RESULTS: With a median followup time of 7.9 years, 10- and 14-year rates of BF and PCSM for the entire cohort were 7.8% and 3.7%, respectively. The BF rate was significantly greater in the poor prognostic category (16.8% vs. 7.8%, p = 0.041). The poor prognostic category was the strongest predictor of BF in univariate and multivariate analyses. No statistically significant differences in PCSM, distant metastasis, or overall mortality were identified between the good and poor prognostic categories. CONCLUSIONS: Patients with high-risk prostate cancer treated with a brachytherapy approach have excellent long-term biochemical control and cancer-specific survival. The poor prognostic high-risk category had a higher rate of BF compared with the good prognostic category without a higher rate of PCSM or distant metastasis.",Brachytherapy,2015,14,766-72,10.1016/j.brachy.2015.09.003,https://www.ncbi.nlm.nih.gov/pubmed/26489923,,positive,1,
16234081,Outcomes of radical prostatectomy in thai men with prostate cancer,Leewansangtong S,"OBJECTIVE: Radical prostatectomy remains the standard treatment for early prostate cancer. Few data in the literature are from South East Asia. This study was conducted to evaluate the outcome of radical prostatectomy in Thai men. METHODS: A total of 151 patients with prostate cancer underwent radical prostatectomy at Siriraj Hospital, Bangkok, between 1994 and 2003. Clinical staging, preoperative prostate-specific antigen (PSA) and Gleason score were evaluated with pathological stage and margin status. Follow-up PSA monitoring and survival were analysed. RESULTS: Of 121 patients with clinical localized disease, 79 (65.3%), 40 (33.1%) and two (1.6%) had localized, locally advanced and metastatic disease, respectively, on pathology. The chance of localized disease with a preoperative PSA of 10 ng/mL or less, more than 10-50 ng/mL and more than 50 ng/mL was 75.5%, 50% and 12.5%, respectively (all p < 0.001). The chance of localized disease with a Gleason score of 2-4, 5-7 and 8-10 was 85%, 55.1% and 20.8%, respectively (all p < 0.02). Mean follow-up was 30 months. Among 140 evaluable patients, 51 (36.4%) had adjuvant therapy and 136 (97.1%) had undetectable PSA without clinical progression. The cumulative PSA progression-free survival among patients with pathological T1N0, T2N0 and T3N0 disease was 0.83 at 82 months, 0.48 at 85 months and 0.31 at 57 months, respectively. CONCLUSION: Radical prostatectomy in Thai men shows excellent results. The trend is the same as in Western series. The chance of organ-confined disease and free margin was high in patients with clinical T2 or less, PSA less than 10 ng/mL and low Gleason score. PSA progression-free survival was high in patients with organ-confined disease.",Asian J Surg,2005,28,286-90,doi: 10.1016/S1015-9584(09)60362-6,https://www.ncbi.nlm.nih.gov/pubmed/16234081,,negative,0,2005.0
32211942,PSMA-positive nodal recurrence in prostate cancer : Salvage radiotherapy is superior to salvage lymph node dissection in retrospective analysis,Schmidt-Hegemann NS,"PURPOSE: This analysis compares salvage lymph node dissection (SLND) to salvage lymph node radiotherapy (SLNRT) of <sup>68</sup>Ga-PSMA PET-positive nodal recurrences after radical prostatectomy (RPE). METHODS: A total of 67 SLNRT and 33 SLND consecutive patients with pelvic and/or para-aortic nodal recurrences after RPE were retrospectively analyzed. Biochemical recurrence-free survival rates (bRFS; PSA <0.2 ng/mL) were calculated according to Kaplan-Meier and survival curves were compared using the log rank test. For multivariable analysis, binary logistic regression analysis was performed (p < 0.05). RESULTS: Median follow-up was 17 months (range, 6-53 months) in SLND patients and 31 months (range, 3-56 months) in SLNRT patients (p = 0.027). SLNRT patients had significantly more tumours of pT3 and pT4 category (82% vs. 67%; p = 0.006), pathologically involved lymph nodes (45% vs. 27%; p = 0.001) and positive surgical margins (54% vs. 12%; p = 0.001) at time of RPE than SLND patients. PSA persistence after RPE was significantly more frequently observed in the SLNRT cohort (73% vs. 27%; p = 0.001). There was no significant difference in the distribution of PET-positive lymph nodes. Median PSA before SLND was higher than before SLNRT (3.07 ng/ml vs. 1.3 ng/ml; p = 0.393). The 2‑year bRFS was significantly higher in the SLNRT vs. the SLND cohort (92% vs. 30%; p = 0.001) with lower rates of distant metastases (21% vs. 52%; p = 0.002) and secondary treatments (5% vs. 39%; p = 0.011) irrespective of ongoing androgen deprivation therapy at last contact. In multivariable analysis, SLNRT was significantly associated with prolonged bRFS (regression coefficient 1.436, hazard ratio 4.204, 95% CI 1.789-9.878; p = 0.001). CONCLUSION: Based on this retrospective study SLNRT might be the preferred treatment option for patients with nodal recurrence after previous RPE.",Strahlenther Onkol,2020,196,637-646,doi: 10.1007/s00066-020-01605-z. Epub 2020 Mar 24,https://www.ncbi.nlm.nih.gov/pubmed/32211942,,negative,0,2020.0
23356910,Fourteen-year oncological and functional outcomes of high-intensity focused ultrasound in localized prostate cancer.,Ganzer R,"UNLABELLED: WHAT'S KNOWN ON THE SUBJECT? AND WHAT DOES THE STUDY ADD?: High-intensity focused ultrasound (HIFU) is an alternative treatment option for localized prostate cancer (PCa), which is applied for over 15 years. There are conflicting recommendations for HIFU among urological societies, which can be explained by the lack of prospective controlled studies, reports on preselected patient populations and limited follow-up providing little information on overall and cancer-specific survival. We report on a large, unselected consecutive patient series of patients who have undergone primary HIFU for clinically localized PCa with the longest follow-up in current literature. Our results improve the understanding of the oncological efficacy, morbidity and side effects of primary HIFU. OBJECTIVE: To assess the safety, functional and oncological long-term outcomes of high-intensity focused ultrasound (HIFU) as a primary treatment option for localized prostate cancer (PCa). PATIENTS AND METHODS: We conducted a retrospective single-centre study on 538 consecutive patients who underwent primary HIFU for clinically localized PCa between November 1997 and September 2009. Factors assessed were: biochemical disease-free survival (BDFS) according to Phoenix criteria (prostate-specific antigen nadir + 2 ng/mL); metastatic-free, overall and PCa-specific survival; salvage treatment; side effects; potency; and continence status. RESULTS: The mean (sd; range) follow-up was 8.1 (2.9; 2.1-14.0) years. The actuarial BDFS rates at 5 and 10 years were 81 and 61%, respectively. The 5-year BDFS rates for low-, intermediate- and high-risk patients were 88, 83 and 48%, while the 10-year BDFS rates were 71, 63 and 32%, respectively. Metastatic disease was reported in 0.4, 5.7 and 15.4% of low-, intermediate- and high-risk patients, respectively. The salvage treatment rate was 18%. Seventy-five (13.9%) patients died. PCa-specific death was registered in 18 (3.3%) patients (0, 3.8 and 11% in the low-, intermediate- and high-risk groups, respectively). Side effects included bladder outlet obstruction (28.3%), Grade I, II and III stress urinary incontinence (13.8, 2.4 and 0.7%, respectively) and recto-urethral fistula (0.7%). Preserved potency was 25.4% (in previously potent patients). CONCLUSIONS: The study demonstrates the efficacy and safety of HIFU for localized PCa. HIFU is a therapeutic option for patients of advanced age, in the low- or intermediate-risk groups, and with a life expectancy of ∼10 years.",BJU Int,2013,112,322-9,10.1111/j.1464-410X.2012.11715.x,https://www.ncbi.nlm.nih.gov/pubmed/23356910,LOW RISK,positive,1,
16309852,Disease-specific survival following the brachytherapy management of prostate cancer,Stock RG,"PURPOSE: To determine disease-specific survival (DSS) and associated predictive factors after prostate brachytherapy. METHODS AND MATERIALS: A total of 1561 patients underwent brachytherapy for prostate cancer from 1990 to 2004 (median follow-up, 3.8 years). Treatment included brachytherapy alone (n = 634), brachytherapy and hormonal therapy (n = 420), and implant and external beam therapy (n = 507). RESULTS: The DSS and overall survival rates at 10 years were 96% and 74%, respectively. Gleason score significantly impacted DSS, with 10-year rates of 98%, 91%, and 92% for scores of < or = 6, 7, and > or = 8, respectively (p < 0.0001). Multivariate analysis revealed that PSA status after treatment had the most significant effect on DSS. Ten-year DSS rates were 100%, 52%, and 98%, respectively for patients without PSA failure (n = 1430), failure with a doubling time (DT) < or = 10 months (n = 64), and failure with a DT > 10 months (n = 67), respectively (p < 0.0001). In patients with PSA failure, DSS rates were 30%, 67%, and 98%, for those with DT < or = 6 months, > 6-10 months, and > 10 months, respectively (p < 0.0001). CONCLUSIONS: The 10-year DSS rate supports the efficacy of brachytherapy. Patients dying with disease within 10 years after treatment harbor inherently aggressive cancer with high Gleason scores and short DT.",Int J Radiat Oncol Biol Phys,2006,1,,doi: 10.1016/j.ijrobp.2005.09.005. Epub 2005 Nov 23,https://www.ncbi.nlm.nih.gov/pubmed/16309852,,negative,0,2005.0
29229325,"Prospective Phase 2 Trial of Permanent Seed Implantation Prostate Brachytherapy for Intermediate-Risk Localized Prostate Cancer: Efficacy, Toxicity, and Quality of Life Outcomes.",Frank SJ,"PURPOSE: To report the efficacy, physician-reported toxicity, and patient-reported outcomes of men with intermediate-risk prostate cancer after brachytherapy in a prospective phase 2 trial. METHODS AND MATERIALS: This prospective phase 2 trial involved 300 patients with previously untreated prostate cancer treated from 2006 through 2013. Eligible patients had ≤cT2b (T3 excluded according to magnetic resonance imaging), Gleason score (GS) 6 with prostate-specific antigen (PSA) level 10-15 ng/mL, or GS 7 with PSA <10 ng/mL, and were treated with prostate brachytherapy (without hormonal therapy). RESULTS: Median patient age was 64.9 years; 3.7% had GS 6, 78.7% had GS 7 (3+4), and 17.7% had GS 7 (4+3). Median follow-up time was 5.1 years. Median PSA at 5 years was 0.01 ng/mL (range, 0-6.0 ng/mL). Ten biochemical failures occurred, for a 5-year freedom from biochemical failure rate of 97.3% (95% confidence interval [CI], 95.1-99.5), and 16 patients died, only 1 from prostate cancer, for 5-year rates of overall and biochemical progression-free survival of 94.9% (95% CI, 92.1-97.9) and 92.7% (95% CI, 89.3-96.2%). Four patients had late grade 3 genitourinary toxicity, and 2 patients had late grade 3 rectal toxicity; no grade 4 or 5 toxicity was observed. Rates of ""moderate or big problems"" at 4 years were 7.4% for urinary (vs 0.4% at baseline), 2.9% bowel (vs 0.4%), and 29.7% sexual function (vs 19.7%). Most men were ""satisfied or extremely satisfied"" (91% at 2 years after treatment and 93% at 4 years). CONCLUSIONS: Brachytherapy monotherapy is safe and effective and leads to good quality of life for some men with localized intermediate-risk prostate cancer.",Int J Radiat Oncol Biol Phys,2018,100,374-382,10.1016/j.ijrobp.2017.09.050,https://www.ncbi.nlm.nih.gov/pubmed/29229325,,positive,1,
20100637,Management of prostate cancer recurrence after definitive radiation therapy,Boukaram C,"The management of prostate cancer (PC) recurrence after definitive radiation therapy (RT) is shifting and there is no consensus regarding the optimal strategy. The major challenge is determining the anatomical site of relapse. In case of biochemical relapse (BR), androgen deprivation therapy (ADT) is a non-curative option commonly used, while patients with a local PC recurrence could be managed through a curative intent. Based on a Pubmed data search, this manuscript focused on the management of post-RT local PC recurrences. In case of BR (nadir+2 ng/ml), classical imaging work-up is not contributive for PSA levels <10 ng/ml while new imaging investigations (diffusion MRI, 11C-choline PET) are more sensitive to detect local and distant recurrences at lower PSA levels. Positive prostate biopsies are the only method for confirming local recurrence, although this technique presents limitations. Primary PC presentation as well as PSA-related features (interval to failure, PSA kinetic) and patient features (life expectancy, urinary, sexual status) are important to consider. Results of curative salvage options (radical prostatectomy, cryotherapy, brachytherapy and high-intensity focused ultrasound-HIFU) are analyzed and discussed. Each of these therapies appears feasible and has its own set of experience and toxicity profile. Other therapeutic options (photodynamic therapy, ADT, observation) are discussed. Longer follow-up and mature series are needed to evaluate the optimal strategy and prospective trials are warranted. Each clinical situation should be discussed in a multidisciplinary setting. Different options should be explained to the patient and decision should be taken after balancing treatment outcomes with life expectancy.",Cancer Treat Rev,2010,36,91-100,doi: 10.1016/j.ctrv.2009.06.006. Epub 2010 Jan 25,https://www.ncbi.nlm.nih.gov/pubmed/20100637,,negative,0,2010.0
20449749,Long-term outcomes of salvage radiotherapy for PSA-recurrent prostate cancer: validation of the Stephenson nomogram,Hugen CM,"PURPOSE: Approximately one-third of patients who undergo radical prostatectomy for clinically localized prostate cancer will ultimately develop a biochemical recurrence. We report our long-term outcomes of salvage radiotherapy (SRT), and in so doing, validate a recently published prognostic nomogram. METHODS: A retrospective chart review was performed of all patients treated with SRT following radical prostatectomy for biochemical PSA recurrence at our institution between 1992 and 2003. We calculated the probability of 6-year biochemical progression-free survival following SRT and performed a goodness-of-fit test to ascertain whether the previously published nomogram correctly predicted our observations. RESULTS: During the study period, 96 patients were treated with SRT. At a median follow-up of 71 months, 44 (46%) had a durable PSA-free response. There was no significant difference between the observed progression-free survival and that predicted by the Stephenson nomogram (P = 0.7). Multivariate logistic regression analysis determined that PSA value at the initiation of SRT (P = 0.02) and pathologic Gleason Score (P = 0.04) were significantly associated with the probability of recurrence. CONCLUSIONS: During the study period, nearly half of patients treated with SRT for PSA recurrence following radical prostatectomy had a durable treatment response. We found the predictive nomogram developed by Stephenson, et al. to be valid when tested on our independent cohort of patients.",World J Urol,2010,28,741-4,doi: 10.1007/s00345-010-0559-x. Epub 2010 May 7,https://www.ncbi.nlm.nih.gov/pubmed/20449749,,negative,0,2010.0
29102738,Manual vs. automated implantation of seeds in prostate brachytherapy: Oncologic results from a single-center study.,Thomas L,"PURPOSE: The objective of this study was to study survival and tolerance of prostate cancer patients treated with <sup>125</sup>I permanent interstitial brachytherapy by automated vs. manual implantation of seeds. METHODS AND MATERIALS: Between 2002 and 2010, 349 selected patients were treated with <sup>125</sup>I brachytherapy by the same team: from 2002 to April 2005, 65 patients with linked seeds and then 284 patients treated using Nucletron First System automated implantation. We analyzed biochemical recurrence-free survival (bRFS) rates and toxicities (univariate and multivariate analyses). RESULTS: Two hundred seventy-seven (79.4%) and 69 patients (19.8%) with low- and intermediate-risk disease were treated, respectively (median follow-up: 64 months). The 5-year bRFS rate was 93.1% (95% confidence interval 89.3-95.6) for the entire cohort. The 5-year bRFS rates were 93.4% and 91.7% for patients with low- and intermediate-risk disease, respectively (p = 0.42). In univariate and multivariate analyses, there was no statistically significant difference in the 5-year bRFS rate depending on the implantation technique (93.1% vs. 91.8%, respectively, for automated and linked seeds; p = 0.53). In univariate analysis, only D<sub>90</sub> prostate (dose delivered to 90% of the prostate) <140 Gy (p = 0.01), lack of prostate-specific antigen bounce (p = 0.008), and nadir prostate-specific antigen >0.11 (p = 0.01) were predictive factors for bRFS. We observed Grade 3 urethritis in 7 patients (2%), urinary incontinence in 2 patients (0.7%), and Grade 4 proctitis in 2 patients (0.7%). CONCLUSIONS: In this large single-center series, brachytherapy for selected localized prostate cancer achieved excellent rates of biochemical control at 5 years (93.1%) with an acceptable toxicity profile, irrespective of the implantation technique used.",Brachytherapy,2018,17,214-220,10.1016/j.brachy.2017.09.013,https://www.ncbi.nlm.nih.gov/pubmed/29102738,,positive,1,
22330999,Long-term results of an RTOG Phase II trial (00-19) of external-beam radiation therapy combined with permanent source brachytherapy for intermediate-risk clinically localized adenocarcinoma of the prostate.,Lawton CA,"PURPOSE: External-beam radiation therapy combined with low-doserate permanent brachytherapy are commonly used to treat men with localized prostate cancer. This Phase II trial was performed to document late gastrointestinal or genitourinary toxicity as well as biochemical control for this treatment in a multi-institutional cooperative group setting. This report defines the long-term results of this trial. METHODS AND MATERIALS: All eligible patients received external-beam radiation (45 Gy in 25 fractions) followed 2-6 weeks later by a permanent iodine 125 implant of 108 Gy. Late toxicity was defined by the Radiation Therapy Oncology Group/European Organization for Research and Treatment of Cancer late radiation morbidity scoring scheme. Biochemical control was defined by the American Society for Therapeutic Radiology and Oncology (ASTRO) Consensus definition and the ASTRO Phoenix definition. RESULTS: One hundred thirty-eight patients were enrolled from 20 institutions, and 131 were eligible. Median follow-up (living patients) was 8.2 years (range, 2.7-9.3 years). The 8-year estimate of late grade >3 genitourinary and/or gastrointestinal toxicity was 15%. The most common grade >3 toxicities were urinary frequency, dysuria, and proctitis. There were two grade 4 toxicities, both bladder necrosis, and no grade 5 toxicities. In addition, 42% of patients complained of grade 3 impotence (no erections) at 8 years. The 8-year estimate of biochemical failure was 18% and 21% by the Phoenix and ASTRO consensus definitions, respectively. CONCLUSION: Biochemical control for this treatment seems durable with 8 years of follow-up and is similar to high-dose external beam radiation alone or brachytherapy alone. Late toxicity in this multi-institutional trial is higher than reports from similar cohorts of patients treated with high-dose external-beam radiation alone or permanent low-doserate brachytherapy alone, perhaps suggesting further attention to strategies that limit doses to normal structures or to unimodal radiotherapy techniques.",Int J Radiat Oncol Biol Phys,2012,82,e795-801,10.1016/j.ijrobp.2011.11.040,https://www.ncbi.nlm.nih.gov/pubmed/22330999,INTERMEDIATE RISK,positive,1,
18448268,Primary causes of death after permanent prostate brachytherapy.,Bittner N,"PURPOSE: To evaluate the primary causes of death in low-risk (low-risk), intermediate-risk (intermediate-risk), and high-risk (high-risk) patients undergoing permanent prostate brachytherapy with or without supplemental therapies. METHODS AND MATERIALS: From April 1995 through November 2004, a total of 1,354 consecutive patients underwent prostate brachytherapy. All patients underwent brachytherapy >3 years before analysis. Of the patients, 532 (39.3%) received androgen deprivation therapy and 703 (51.9%) received supplemental radiation therapy. The median follow-up was 5.4 years. Multiple parameters were evaluated as predictors of cause-specific, biochemical progression-free, and overall survival. RESULTS: The 10-year cause-specific survival was 97.0% (99.7%, 99.0%, and 90.1% for low-risk, intermediate-risk, and high-risk patients). Overall survival was 76.7% (82.5%, 78.3%, and 67.6% for low-, intermediate-, and high-risk patients, respectively). The cumulative death rate for cardiovascular disease was 11.5% (8.7%, 9.3%, and 19.8% for low-, intermediate-, and high-risk patients). The death rate from second malignancies (nonprostate cancer) was 7.2% and was not substantially different when stratified by risk group. Death from all other causes was 6.5% for the entire cohort but 1.3%, 5.0%, and 10.8% for low-, intermediate-, and high-risk patients. In multivariate analysis, death from prostate cancer was best predicted by Gleason score and risk group, whereas death from cardiovascular disease, nonprostate cancer, and all other causes were most closely related to patient age and tobacco use. CONCLUSIONS: Although cardiovascular mortality was the predominant cause of death, prostate cancer was responsible for approximately 10% of all deaths. In particular, overall survival was poorest in the high-risk group. Although high-risk patients were most likely to die of prostate cancer, the divergence in overall survival between high-risk and lower-risk patients primarily resulted from an excess of cardiovascular deaths. Changes in lifestyle to improve cardiovascular health may improve overall survival in patients with clinically localized prostate cancer.",Int J Radiat Oncol Biol Phys,2008,72,433-40,10.1016/j.ijrobp.2008.02.013,https://www.ncbi.nlm.nih.gov/pubmed/18448268,LOW RISK,positive,1,
16194714,Laparoscopic radical prostatectomy: conventional and robotic,Menon M,"By 2015, prostate cancer will become the most commonly diagnosed cancer in men. Radical prostatectomy reduces disease-specific mortality in patients with localized prostate cancer; however, the invasiveness of surgery and its resultant side effects cause many men to seek other treatments. In 2000, laparoscopic radical prostatectomy emerged as a minimally invasive alternative to open surgery; it has been refined recently by the addition of robotic technology. To examine the outcomes of robotic radical prostatectomy and compare them with those from open and conventional laparoscopic radical prostatectomy, we prospectively collected baseline demographic data on all patients undergoing surgery for prostate cancer over a 4-year period at our center. Urinary function and sexual function were evaluated using standardized criteria as well as a questionnaire preoperatively and at 1, 3, 6, 12, and 18 months after their procedure. Operative and postoperative outcomes were compared using values for open radical prostatectomy as the reference standard. A total of 100 men underwent open radical prostatectomy with conventional laparoscopic radical prostatectomy (n = 50) and robotic radical prostatectomy (n = 500). The odds ratios for operative times, blood loss, postoperative pain, complications, and median times to urinary continence and resumption of sexual activity all were lower for robotic than for open or laparoscopic radical prostatectomy. It appears safe to conclude that conventional laparoscopic radical prostatectomy is a reasonable alternative to open radical prostatectomy in the surgical treatment of patients with clinically localized prostate cancer. The incorporation of robotics may result in even better surgical outcomes than conventional laparoscopy. However, the surgical robot is expensive; few centers have access to the technology and even fewer have expertise in the technique. For robotic radical prostatectomy to become the standard of care for the treatment of localized prostate cancer will require economies of cost, dissemination of surgical expertise, and data from randomized trials.",Urology,2005,66,101-4,doi: 10.1016/j.urology.2005.06.008,https://www.ncbi.nlm.nih.gov/pubmed/16194714,,negative,0,2005.0
26033633,Impact of obesity on outcomes after definitive dose-escalated intensity-modulated radiotherapy for localized prostate cancer,Wang LS,"BACKGROUND: Previous publications have demonstrated conflicting results regarding body mass index (BMI) and prostate cancer (CaP) outcomes after definitive radiotherapy (RT) before the dose escalation era. The goal of the current study was to determine whether increasing BMI was associated with outcomes in men with localized CaP who were treated with dose-escalated RT. METHODS: The authors identified patients with localized (T1b-T4N0M0) CaP who were treated with definitive intensity-modulated RT and image-guided RT from 2001 through 2010. BMI was analyzed as a continuous variable. Adjusting for confounders, multivariable competing risk and Cox proportional hazards regression models were used to assess the association between BMI and the risk of biochemical failure (BF), distant metastases (DM), cause-specific mortality (CSM), and overall mortality. RESULTS: Of the 1442 patients identified, approximately 20% had a BMI <25 kg/m(2) , 48% had a BMI of 25 to 29.9 kg/m(2) , 23% had a BMI of 30 to 34.9 kg/m(2) , 6% had a BMI of 35 to 39.9 kg/m(2) , and 4% had a BMI of ≥40 kg/m(2) . The median follow-up was 47.6 months (range, 1-145 months), with a median age of 68 years (range, 36-89 years). The median dose was 78 grays (range, 76-80 grays) and 30% of patients received androgen deprivation therapy. Increasing BMI was found to be inversely associated with age (P<.001) and pretreatment prostate-specific antigen level (P = .018). On multivariable analysis, increasing BMI was associated with an increased risk of BF (hazard ratio [HR], 1.03; 95% confidence interval [95% CI], 1.00-1.07 [P = .042]), DM (HR, 1.07; 95% CI, 1.02-1.11 [P = .004]), CSM (HR, 1.15; 95% CI, 1.07-1.23 [P<.001]), and overall mortality (HR, 1.05; 95% CI, 1.02-1.08 [P = .004]). CONCLUSIONS: For patients with CaP receiving dose-escalated intensity-modulated RT with daily image-guidance, increasing BMI appears to be associated with an increased risk of BF, DM, CSM, and overall mortality.",Cancer,2015,1,,doi: 10.1002/cncr.29472. Epub 2015 May 29,https://www.ncbi.nlm.nih.gov/pubmed/26033633,,negative,0,2015.0
15990187,A phase II study of localized prostate cancer treated to 75.6 Gy with 3D conformal radiotherapy,Nichol A,"BACKGROUND AND PURPOSE: To prospectively evaluate toxicity, biochemical failure-free survival (bFFS) and biopsy-proven local control for prostate cancer patients treated with 75.6 Gy in 42 fractions using 6-field conformal radiotherapy to prostate alone. PATIENTS AND METHODS: From 1997 to 1999, 140 patients with T1-2NxM0, Gleason score<or=8, and PSA<or=20 ng/ml prostate cancer were assessed using Radiation Therapy Oncology Group acute and late toxicity scores. bFFS was determined for 120 patients treated without hormones. Post-treatment prostate biopsies were performed at a median of 3 years and a late toxicity questionnaire was administered at a median of 5 years. RESULTS: Clinically important acute toxicities were gastrointestinal (GI) grade 2: 22% and 3: 0%, and genitourinary (GU) grade 2: 24% and 3: 2%. Late physician-assessed toxicities were GI>or=grade 2: 2%, and GU>or=grade 2: 1%. The 3-year bFFS of patients failure-free before biopsy was 93% (95% CI: 83-100) from a negative biopsy and 22% (95% CI: 0-56) from a positive biopsy (P=0.001). Patients reported significantly more late toxicity than physicians (GI: P=0.003, GU: P<0.001). At 5.0 years median follow-up, cause-specific survival was 98% (95% CI: 96-100), overall survival was 91% (95% CI: 86-97), and bFFS was 55% (95% CI: 45-64). CONCLUSIONS: 75.6 Gy caused modest levels of acute and late toxicity. Three-year biopsies predicted subsequent biochemical outcome.",Radiother Oncol,2005,76,11-7,doi: 10.1016/j.radonc.2005.06.002,https://www.ncbi.nlm.nih.gov/pubmed/15990187,,negative,0,2005.0
26960506,Outcome of radical prostatectomy as primary treatment for high-risk prostate cancer patients.,Kulkarni JN,"CONTEXT: Recently, there has been considerable interest in the role of radical prostatectomy (RP) in men with high-risk prostate cancer. AIMS: The objective of our study is to report the outcome of upfront RP in our patients with high-risk prostate cancer (Stage ≥ cT2c, a pre-operative serum prostate specific antigen >20 ng/ml or a biopsy Gleason score [GS] 8-10). SUBJECTS AND METHODS: From 1996 to 2010, 208 patients of prostate cancer (high risk category D'Amico's criteria) underwent open RP with bilateral pelvic lymphadenectomy. STATISTICAL ANALYSIS USED: The data was statistically analyzed using Kaplan Meier method and log rank test to calculate progression free, metastasis free survival (MFS) and cancer specific survival (CSS). Furthermore multivariate analysis (MVA) was carried out using SPSS 14 software. (IBM company). RESULTS: At 7 and 10 years, prostate cancer-specific survival (PCSS) was found to be 79.7% and 65%, respectively, biochemical recurrence free survival (BRFS) was 42.4% and 36.7%, respectively and the MFS was 71.1% and 64.4% respectively. High GS was highly predictable of PCSS, BRFS and MFS. Node positivity was the single poor risk factor on MVA whereas biopsy GS, pStage (P = 0.016) and seminal vesicle invasion (P = 0.045) had statistical significance in predicting the MFS. CONCLUSIONS: RP provides accurate pathologic staging of patients with high risk prostate cancer, allows better stratification of patients for further adjuvant therapy and either as an initial approach or part of a multimodal regimen, can provide durable local control and provides excellent CSS.",Indian J Cancer,2015,52,646-52,10.4103/0019-509X.178446,https://www.ncbi.nlm.nih.gov/pubmed/26960506,,positive,1,
15718316,Randomized trial comparing iridium implant plus external-beam radiation therapy with external-beam radiation therapy alone in node-negative locally advanced cancer of the prostate,Sathya JR,"PURPOSE: To determine if iridium implant (IM) and external-beam radiation therapy (EBRT) is better than standard EBRT in locally advanced prostate cancer. METHODS: Patients with T2 and T3 prostate cancer with no evidence of metastatic disease were randomly assigned to EBRT of 66 Gy in 33 fractions during 6.5 weeks or to IM of 35 Gy delivered to the prostate during 48 hours plus EBRT of 40 Gy in 20 fractions during 4 weeks. The primary outcome consisted of biochemical or clinical failure (BCF). BCF was defined by biochemical failure, clinical failure, or death as a result of prostate cancer. Secondary outcomes included 2-year postradiation biopsy positivity, toxicity, and survival. RESULTS: Between 1992 and 1997, 51 patients were randomly assigned to receive IM plus EBRT, and 53 patients were randomly assigned to receive EBRT alone. The median follow-up was 8.2 years. In the IM plus EBRT arm, 17 patients (29%) experienced BCF compared with 33 patients (61%) in the EBRT arm (hazard ratio, 0.42; P = .0024). Eighty-seven patients (84%) had a postradiation biopsy; 10 (24%) of 42 in the IM plus EBRT arm had biopsy positivity compared with 23 (51%) of 45 in the EBRT arm (odds ratio, 0.30; P = .015). Overall survival was 94% in the IM plus EBRT arm versus 92% in the EBRT arm. CONCLUSION: The combination of IM plus EBRT was superior to EBRT alone for BCF and postradiation biopsy. This trial provides evidence that higher doses of radiation delivered in a shorter duration result in better local as well as biochemical control in locally advanced prostrate cancer.",J Clin Oncol,2005,20,,doi: 10.1200/JCO.2005.06.154,https://www.ncbi.nlm.nih.gov/pubmed/15718316,,negative,0,2005.0
20362348,"Outcomes from Gleason 7, intermediate risk, localized prostate cancer treated with Iodine-125 monotherapy over 10 years.",Munro NP,"BACKGROUND AND PURPOSE: The effect of predominating Gleason grade (3+4 versus 4+3) in Gleason sum score (GS) 7 prostate cancer (PCa) on brachytherapy outcomes is unclear. The 10 year experience of permanent brachytherapy monotherapy at a single UK centre for GS 7, intermediate risk (Memorial Sloan-Kettering model), PSA < or = 10 ng/ml, localised PCa is reported. MATERIALS AND METHODS: Between 1995 and 2004, the outcomes of 187 patients with GS 7 PCa (PSA < or = 10 ng/ml) were analysed from a cohort of 1298 men treated with permanent Iodine-125 prostate brachytherapy, including PSA relapse-free survival (PSA-RFS). RESULTS: Median follow-up was 5.0 years (range 2.0-10.1 years). One patient has died of PCa. At 10 years, PSA-RFS was 82.4%/78% (ASTRO consensus and nadir +2 definitions). For GS 3+4, 5 year PSA-RFS was 86.7%/87.9% and for GS 4+3: 85.2%/96.6% respectively, with no significant difference between groups. Five year PSA-RFS (ASTRO) of 92.6% was seen for D(90) > or = 140 Gy (50% total), compared with 77.0% below 140 Gy (p=0.08). CONCLUSIONS: Iodine-125 brachytherapy monotherapy achieved good rates of medium term biochemical control in GS 7, intermediate risk localised PCa patients. There was a trend to improved outcomes in men with a D90 in excess of 140 Gy.",Radiother Oncol,2010,96,34-7,10.1016/j.radonc.2010.03.004,https://www.ncbi.nlm.nih.gov/pubmed/20362348,INTERMEDIATE RISK,positive,1,
20303100,"Quality of life after open or robotic prostatectomy, cryoablation or brachytherapy for localized prostate cancer",Malcolm JB,"PURPOSE: Health related quality of life concerns factor prominently in prostate cancer management. We describe health related quality of life impact and recovery profiles of 4 commonly used operative treatments for localized prostate cancer. MATERIALS AND METHODS: Beginning in February 2000 all patients treated with open radical prostatectomy, robot assisted laparoscopic prostatectomy, brachytherapy or cryotherapy were asked to complete the UCLA-PCI questionnaire before treatment, and at 3, 6, 12, 18, 24, 30 and 36 months after treatment. Outcomes were compared across treatment types with statistical analysis using univariate and multivariate models. RESULTS: A total of 785 patients treated between February 2000 and December 2008 were included in the analysis with a mean followup of 24 months. All health related quality of life domains were adversely affected by all treatments and recovery profiles varied significantly by treatment type. Overall urinary function and bother outcomes scored significantly higher after brachytherapy and cryotherapy compared to open radical prostatectomy and robotic assisted laparoscopic radical prostatectomy. Brachytherapy and cryotherapy had a 3-fold higher rate of return to baseline urinary function compared to open radical prostatectomy and robotic assisted laparoscopic radical prostatectomy. Sexual function and bother scores were highest after brachytherapy, with a 5-fold higher rate of return to baseline function compared to cryotherapy, open radical prostatectomy and robotic assisted laparoscopic radical prostatectomy. All 4 treatments were associated with relatively transient and less pronounced impact on bowel function and bother. CONCLUSIONS: In a study of sequential health related quality of life assessments brachytherapy and cryotherapy were associated with higher urinary function and bother scores compared to open radical prostatectomy and da Vinci prostatectomy. Brachytherapy was associated with higher sexual function and bother scores compared to open radical prostatectomy, robotic assisted laparoscopic radical prostatectomy and cryotherapy.",J Urol,2010,183,1822-8,doi: 10.1016/j.juro.2009.12.102. Epub 2010 Mar 29,https://www.ncbi.nlm.nih.gov/pubmed/20303100,,negative,0,2010.0
33085712,68Ga-PSMA-PET/CT-based radiosurgery and stereotactic body radiotherapy for oligometastatic prostate cancer,Kalinauskaite G,"BACKGROUND: Androgen deprivation therapy (ADT) remains the standard therapy for patients with oligometastatic prostate cancer (OMPC). Prostate-specific membrane antigen positron emission tomography/computed tomography (PSMA-PET/CT)-based stereotactic body radiotherapy (SBRT) is emerging as an alternative option to postpone starting ADT and its associated side effects including the development of drug resistance. The aim of this study was to determine progression free-survival (PFS) and treatment failure free-survival (TFFS) after PSMA-PET/CT-based SBRT in OMPC patients. The efficacy and safety of single fraction radiosurgery (SFRS) and ADT delay were investigated. METHODS: Patients with ≤5 metastases from OMPC, with/without ADT treated with PSMA-PET/CT-based SBRT were retrospectively analyzed. PFS and TFFS were primary endpoints. Secondary endpoints were local control (LC), overall survival (OS) and ADT-free survival (ADTFS). RESULTS: Fifty patients with a total of 75 metastases detected by PSMA-PET/CT were analyzed. At the time of SBRT, 70% of patients were castration-sensitive. Overall, 80% of metastases were treated with SFRS (median dose 20 Gy, range: 16-25). After median follow-up of 34 months (range: 5-70) median PFS and TFFS were 12 months (range: 2-63) and 14 months (range: 2-70), respectively. Thirty-two (64%) patients had repeat oligometastatic disease. Twenty-four (48%) patients with progression underwent second SBRT course. Two-year LC after SFRS was 96%. Grade 1 and 2 toxicity occurred in 3 (6%) and 1 (2%) patients, respectively. ADTFS and OS rates at 2-years were 60.5% and 100%, respectively. In multivariate analysis, TFFS significantly improved in patients with time to first metastasis (TTM) >36 months (p = 0.01) and PSA before SBRT ≤1 ng/ml (p = 0.03). CONCLUSION: For patients with OMPC, SBRT might be used as an alternative to ADT. This way, the start/escalation of palliative ADT and its side effects can be deferred. Metastases treated with PSMA-PET/CT-based SFRS reached excellent LC with minimal toxicity. Low PSA levels and longer TTM predict elongated TFFS.",PLoS One,2020,21,,doi: 10.1371/journal.pone.0240892. eCollection 2020,https://www.ncbi.nlm.nih.gov/pubmed/33085712,,negative,0,2020.0
26238951,High-Dose-Rate Brachytherapy as Monotherapy for Intermediate- and High-Risk Prostate Cancer: Clinical Results for a Median 8-Year Follow-Up.,Yoshioka Y,"PURPOSE: To present mature results of high-dose-rate brachytherapy (HDR-BT) as monotherapy for intermediate- and high-risk prostate cancer. METHODS AND MATERIALS: From 1995 through 2012, 190 patients, 79 with intermediate-risk and 111 with high-risk prostate cancer, were treated with HDR-BT alone using 48 Gy/8 fractions, 54 Gy/9 fractions, or 45.5 Gy/7 fractions over 4 to 5 days. Neoadjuvant with or without adjuvant androgen deprivation therapy was administered to 139 patients, 35 intermediate- and 104 high-risk. RESULTS: Median follow-up time was 92 months (range, 10-227 months), with a minimum of 2 years for surviving patients. Respective rates of cause-specific survival, overall survival, metastasis-free survival, and biochemical no evidence of disease for the intermediate-risk patients were 100%, 100%, 96%, and 93% at 5 years, and 100%, 96%, 91%, and 91% at 8 years. Corresponding rates for the high-risk patients were 97%, 93%, 84%, and 81% at 5 years, and 93%, 81%, 74%, and 77% at 8 years. The cumulative incidence of late grade 2 to 3 genitourinary toxicity was 5% at 5 years and 10% at 8 years, and that of late grade 3 was 0 at 5 years and 1% at 8 years. The cumulative incidence of late grade 2-3 gastrointestinal toxicity was 4% at 5 years and 6% at 8 years, and that of late grade 3 was 0 at 5 years and 2% at 8 years. No grade 4 or 5 toxicity was detected. CONCLUSIONS: Our single-institution study with a median 8-year follow-up showed that HDR-BT as monotherapy was safe and effective for patients with intermediate- and high-risk prostate cancer.",Int J Radiat Oncol Biol Phys,2016,94,675-82,10.1016/j.ijrobp.2015.05.044,https://www.ncbi.nlm.nih.gov/pubmed/26238951,,positive,1,
27965117,High-dose-rate brachytherapy monotherapy without androgen deprivation therapy for intermediate-risk prostate cancer.,Patel S,"PURPOSE: Outcomes using high-dose-rate (HDR) brachytherapy monotherapy (without androgen deprivation therapy or external beam radiation therapy) for National Comprehensive Cancer Network-defined intermediate-risk (IR) patients are limited. We report our long-term data using HDR monotherapy for this patient population. METHODS AND MATERIALS: One-hundred ninety IR prostate cancer patients were treated 1996-2013 with HDR monotherapy. Biochemical prostate-specific antigen (PSA) failure was per the Phoenix definition. Acute and late genitourinary and gastrointestinal toxicities were graded according to Common Toxicity Criteria of Adverse Events, version 4. Kaplan-Meier (KM) biochemical progression-free survival (BPFS), cause-specific survival, and overall survival rates were calculated. Univariate analyses were performed to determine relationships with BPFS. The median patient age was 66 years (43-90), and the median initial PSA was 7.4 ng/mL. The Gleason score was ≤6 in 26%, 3 + 4 in 62%, and 4 + 3 in 12%. The median treatment BED<sub>1.5</sub> was 254 Gy; 83% of patients were treated with a dose of 7.25 Gy × six fractions delivered in two separate implants. RESULTS: With a median follow-up of 6.2 years, KM BPFS at 5/8 years was 97%/90%, cause-specific survival at 8 years was 100%, and overall survival at 5/8 years was 93%/88%. Late genitourinary toxicities were 36.3% Grade 1, 18.9% Grade 2, and 3.7% Grade 3. Late gastrointestinal toxicities were 6.3% Grade 1, 1.1% Grade 2, and no Grade ≥3. Of the patients with no sexual dysfunction before treatment, 68% maintained potency. Age, initial PSA, T stage, Gleason score, prostate volume, and percent positive cores did not correlate with BPFS. Stratifying by favorable vs. unfavorable IR groups did not affect BPFS. CONCLUSIONS: HDR brachytherapy monotherapy represents a safe and highly effective treatment for IR prostate cancer patients with long-term follow-up.",Brachytherapy,2017,16,299-305,10.1016/j.brachy.2016.11.002,https://www.ncbi.nlm.nih.gov/pubmed/27965117,,positive,1,
26713323,"Erectile function following brachytherapy, external beam radiotherapy, or radical prostatectomy in prostate cancer patients",Putora PM,"BACKGROUND AND PURPOSE: For localized prostate cancer, treatment options include external beam radiotherapy (EBRT), radical prostatectomy (RP), and brachytherapy (BT). Erectile dysfunction (ED) is a common side-effect. Our aim was to evaluate penile erectile function (EF) before and after BT, EBRT, or RP using a validated self-administered quality-of-life survey from a prospective registry. MATERIAL AND METHODS: Analysis included 478 patients undergoing RP (n = 252), EBRT (n = 91), and BT (n = 135) with at least 1 year of follow-up and EF documented using IIEF-5 scores at baseline, 6 weeks, 6 months, 1 year, and annually thereafter. RESULTS: Differences among treatments were most pronounced among patients with no or mild initial ED (IIEF-5 ≥ 17). Overall, corrected for baseline EF and age, BT was associated with higher IIEF-5 scores than RP (+ 7.8 IIEF-5 score) or EBRT (+ 3.1 IIEF-5 score). EBRT was associated with better IIEF-5 scores than RP (+ 4.7 IIEF-5 score). In patients undergoing EBRT or RP with bilateral nerve sparing (NS), recovery of EF was observed and during follow-up, the differences to BT were not statistically significant. Overall age had a negative impact on EF preservation (corrected for baseline IIEF). CONCLUSION: In our series, EF was adversely affected by each treatment modality. Considered overall, BT provided the best EF preservation in comparison to EBRT or RP.",Strahlenther Onkol,2016,192,182-9,doi: 10.1007/s00066-015-0928-x. Epub 2015 Dec 28,https://www.ncbi.nlm.nih.gov/pubmed/26713323,,negative,0,2015.0
25958817,Expectant management for men with early stage prostate cancer,Filson CP,"Since the dissemination of prostate-specific antigen screening, most men with prostate cancer are now diagnosed with localized, low-risk prostate cancer that is unlikely to be lethal. Nevertheless, nearly all of these men undergo primary treatment with surgery or radiation, placing them at risk for longstanding side effects, including erectile dysfunction and impaired urinary function. Active surveillance and other observational strategies (ie, expectant management) have produced excellent long-term disease-specific survival and minimal morbidity for men with prostate cancer. Despite this, expectant management remains underused for men with localized prostate cancer. In this review, various approaches to the expectant management of men with prostate cancer are summarized, including watchful waiting and active surveillance strategies. Contemporary cancer-specific and health care quality-of-life outcomes are described for each of these approaches. Finally, contemporary patterns of use, potential disparities in care, and ongoing research and controversies surrounding expectant management of men with localized prostate cancer are discussed.",CA Cancer J Clin,2015,,-,doi: 10.3322/caac.21278. Epub 2015 May 8,https://www.ncbi.nlm.nih.gov/pubmed/25958817,,negative,0,2015.0
27257412,Prostate-specific antigen nadir after high-dose-rate brachytherapy predicts long-term survival outcomes in high-risk prostate cancer.,Tsumura H,"PURPOSE: To evaluate the prognostic value of prostate-specific antigen nadir (nPSA) after high-dose-rate (HDR) brachytherapy in clinically non-metastatic high-risk prostate cancer patients. MATERIAL AND METHODS: Data from 216 patients with high-risk or locally advanced prostate cancer who underwent HDR brachytherapy and external beam radiation therapy with long-term androgen deprivation therapy (ADT) between 2003 and 2008 were analyzed. The median prostate-specific antigen (PSA) level at diagnosis was 24 ng/ml (range: 3-338 ng/ml). The clinical stage was T1c-2a in 55 cases (26%), T2b-2c in 48 (22%), T3a in 75 (35%), and T3b-4 in 38 (17%). The mean dose to 90% of the planning target volume was 6.3 Gy/fraction of HDR brachytherapy. After 5 fractions, external beam radiation therapy with 10 fractions of 3 Gy was administered. All patients initially underwent neoadjuvant ADT for at least 6 months, and adjuvant ADT was continued for 36 months. The median follow-up was 7 years from the start of radiotherapy. RESULTS: The 7-year PSA relapse-free rate among patients with a post-radiotherapy nPSA level of ≤ 0.02 ng/ml was 94%, compared with 23% for patients with higher nPSA values (HR = 28.57; 95% CI: 12.04-66.66; p < 0.001). Multivariate analysis revealed that the nPSA value after radiotherapy was a significant independent predictor of biochemical failure, whereas pretreatment predictive values for worse biochemical control including higher level of initial PSA, Gleason score ≥ 8, positive biopsy core rate ≥ 67%, and T3b-T4, failed to reach independent predictor status. The 7-year cancer-specific survival rate among patients with a post-radiotherapy nPSA level of ≤ 0.02 ng/ml was 99%, compared with 82% for patients with higher nPSA values (HR = 32.25; 95% CI: 3.401-333.3; p = 0.002). CONCLUSIONS: A post-radiotherapy nPSA value of ≤ 0.02 ng/ml was associated with better long-term biochemical tumor control even if patients had pretreatment predictive values for worse control.",J Contemp Brachytherapy,2016,8,95-103,10.5114/jcb.2016.59686,https://www.ncbi.nlm.nih.gov/pubmed/27257412,,positive,1,
32063492,Phase II Trial of Enzalutamide and Androgen Deprivation Therapy with Salvage Radiation in Men with High-risk Prostate-specific Antigen Recurrent Prostate Cancer: The STREAM Trial,Bitting RL,"BACKGROUND: Salvage external beam radiotherapy (RT) with androgen deprivation therapy (ADT) improves survival over RT in men with prostate cancer (PC) and rising prostate-specific antigen (PSA) levels after radical prostatectomy (RP). OBJECTIVE: To investigate the safety and efficacy of enzalutamide concurrent with salvage RT and ADT. DESIGN, SETTING, AND PARTICIPANTS: This was a three-center prospective phase 2 single-arm trial (NCT02057939) of men with Gleason 7-10 PC and PSA recurrence within 4 yr of RP ranging from 0.2 to 4.0 ng/dl, no prior hormonal therapy, and no radiographic evidence of metastases. We enrolled 38 men; 37 completed therapy and were evaluable with testosterone recovery at 2 yr. INTERVENTION: Six months of ADT with 160 mg/d enzalutamide and 66 Gy RT to the prostate bed. OUTCOME MEASUREMENTS AND STATISTICAL ANALYSIS: The primary endpoint was improved 2-yr progression-free survival (PFS) over historical controls. Secondary objectives included 3-yr PFS, safety, and patient-reported quality of life (QOL). RESULTS AND LIMITATIONS: The primary endpoint of 2-yr PFS was 65% (95% confidence interval [CI]: 47, 78) versus 51% (95% CI: 33, 67) in a trial of men with similar eligibility treated with salvage RT and adjuvant docetaxel. The 3-yr PFS was 53%. Eleven (29%) men experienced G3 toxicities, and there were no G4-5 or unexpected toxicities. QOL data suggest modest worsening of bowel, bladder, and hormonal symptoms at 3 mo, with recovery by 24 mo in most men. CONCLUSIONS: Salvage RT with enzalutamide and ADT following RP for men with PSA recurrent high-risk PC is safe and demonstrates encouraging efficacy, warranting prospective controlled phase 3 trials of ADT with or without potent androgen receptor inhibition in this curative-intent setting. PATIENT SUMMARY: Addition of 6 mo of oral daily enzalutamide to standard salvage radiation and hormone therapy is safe and may improve prostate cancer remission rates at 2 and 3 yr.",Eur Urol Oncol,2021,4,948-954,doi: 10.1016/j.euo.2020.01.005. Epub 2020 Feb 13,https://www.ncbi.nlm.nih.gov/pubmed/32063492,,negative,0,2020.0
25998747,Influence of pathological factors on oncological outcomes after robot-assisted radical prostatectomy for localized prostate cancer: Results of a prospective study,Kozal S,"PURPOSE: To assess the prognostic significance of lymphovascular invasion (LVI), maximum tumor diameter (MTD), high-grade prostatic intraepithelial neoplasia, perineural invasion, and length of positive surgical margins after robot-assisted radical prostatectomy (RARP). METHODS: A single-institution prospective analysis of all patients who underwent RARP for localized prostate cancer was performed between January 2005 and June 2013. The primary end point was biochemical recurrence-free survival (BRFS). BRFS was estimated using the Kaplan-Meier method and compared to that from the log-rank test. Cox׳s proportional hazards regression univariate and multivariate analyses were performed to define the prognostic factors. RESULTS: Overall, 742 men were included. After a median follow-up of 31.4 months, biochemical recurrence occurred in 80 patients (10.8%). BRFS was 93%, 87%, and 80.7% at 1, 3, and 5 years, respectively. Progression to local recurrence occurred in 49 patients (6.6%). During the follow-up period, 3 patients experienced progression to metastatic disease and were treated with hormonotherapy. No patient died of disease during the study period. In multivariate analyses, Gleason score was the strongest predictor of BRFS (hazard ratio [HR] = 3.4; P<0.001). There were 3 other predictive factors of BRFS were LVI (HR = 7.64; P = 0.005), MTD (HR = 4.04; P =0.009), and margin length ≥ 3 mm (HR = 1.25; P = 0.04). CONCLUSION: In the era of serum prostate-specific antigen testing maturity in conjunction with a single approach to extirpation of the prostate gland by RARP, LVI, MTD, and positive surgical margins ≥ 3 mm are prognostic factors associated with BRFS after RARP. Consideration could be given to incorporate them in the pathology report of the radical prostatectomy specimens and they could assist physicians in clinical decision making.",Urol Oncol,2015,33,330,doi: 10.1016/j.urolonc.2015.03.020. Epub 2015 May 18,https://www.ncbi.nlm.nih.gov/pubmed/25998747,,negative,0,2015.0
15774239,High dose rate (HDR) brachytherapy with conformal radiation therapy for localized prostate cancer,Deger S,"OBJECTIVES: To evaluate the outcome of high dose rate (HDR) brachytherapy with iridium 192 (Ir(192)) and 3D conformal external beam radiotherapy in patients with localized prostate cancer. METHODS: A total of 442 patients with localized prostate cancer underwent combined radiotherapy with interstitial brachytherapy with Ir(192) and 3D conformal external beam radiotherapy between December 1992 and March 2001. Patients underwent laparoscopic pelvic lymph node dissection to exclude patients with lymphatic involvement. Iridium 192 was delivered twice with a one-week interval in afterloading technique. 247 patients (56%) had clinical T3 disease and 128 patients (29%) had an initial PSA of more than 20 ng/ml. Progression was defined as biochemical failure according to ASTRO criteria. Patients were divided according to pretreatment variables that independently affected prostate-specific antigen (PSA) relapse-free survival in three risk groups. Low risk was defined as cT1c-cT2 and G1-G2 and PSA<10 ng/ml (n=94). Intermediate risk included patients with cT1c-cT2 and G1-G2 and PSA between 10 and 20 ng/ml (n=53). High risk group patients were cT3 or G3 or PSA>20 ng/ml (n=295). RESULTS: Median follow-up was 5 years. Late grade 3-4 complications according to RTOG/EORTC criteria occurred in 50 patients (11%). The initial PSA value decreased from median 11.8 ng/ml to 0.98 ng/ml 12 months after treatment, to 0.3 ng/ml after 60 months and to 0.1 ng/ml 10 years after therapy. 53% of the patients (n=235) reached a PSA nadir of 0.5 ng/ml. 66 patients (15%) had a local recurrence, 54 (12%) developed systemic disease and 12 (3%) had both local and systemic failure. The progression free survival rate was 65% at 5-year follow-up. Five-year progression free survival was 81% in the low risk group, 65% in the intermediate risk group and 59% in the high risk group. Five-year overall survival was 87% and 5-year disease specific survival 94%. Initial PSA value, risk group and age were significantly related to progression free survival. CONCLUSIONS: Combined HDR brachytherapy with Iridium 192 is an alternative treatment option for patients with localized prostate cancer. Initial PSA value, risk group, and age are important prognostic factors for progression free survival.",Eur Urol,2005,47,441-8,doi: 10.1016/j.eururo.2004.11.014. Epub 2005 Jan 18,https://www.ncbi.nlm.nih.gov/pubmed/15774239,,negative,0,2005.0
16169683,Hypofractionated intensity-modulated radiotherapy (70 gy at 2.5 Gy per fraction) for localized prostate cancer: long-term outcomes,Kupelian PA,"PURPOSE: To analyze the long-term relapse-free survival and toxicity rates in patients treated with hypofractionated intensity-modulated radiotherapy. METHODS AND MATERIALS: The study sample includes the first 100 consecutive localized prostate cancer patients treated to 70.0 Gy at 2.5 Gy per fraction. The median follow-up was 66 months (range, 3 to 75 months). Biochemical failure was the study endpoint, using both the ASTRO definition (A-bRFS) and the alternate ""nadir + 2 ng/mL"" definition (N-bRFS). RTOG scores were used to assess toxicity. RESULTS: The 5-year A-bRFS and N-bRFS rates were 85% (95%CI, 78-93%) and 88% (95%CI, 82-95%) for all cases, respectively. For low, intermediate and high-risk disease, the 5-year A-bRFS rates were 97%, 88%, and 70%. The corresponding 5-year N-bRFS rates were 97%, 93%, and 75%, respectively. The acute rectal toxicity scores were 0 in 20, 1 in 61, and 2 in 19 patients. The acute urinary toxicity scores were 0 in 9, 1 in 76, and 2 in 15 patients. The late rectal toxicity scores were 0 in 71, 1 in 19, 2 in 7, and 3 in 3 patients. The actuarial late Grade 3 rectal toxicity rate at 5 years was 3%. A number of the toxicities observed either resolved spontaneously or were corrected. At last follow-up, the rate of combined Grades 2 and 3 late rectal toxicity at 5 years was only 5%. The late urinary toxicity scores were 0 in 75, 1 in 13, 2 in 11, and 3 in 1 patients. The actuarial late Grade 3 urinary toxicity rate at 5 years was 1%. CONCLUSION: With a median follow-up of 66 months, the long-term results after high-dose hypofractionation are excellent. Late toxicity, urinary and rectal, has been limited. High-dose hypofractionation is an alternative dose escalation method in the treatment of localized prostate cancer.",Int J Radiat Oncol Biol Phys,2005,1,,doi: 10.1016/j.ijrobp.2005.05.054. Epub 2005 Sep 19,https://www.ncbi.nlm.nih.gov/pubmed/16169683,,negative,0,2005.0
29496280,Two decades of high dose rate brachytherapy with external beam radiotherapy for prostate cancer.,Åström L,"BACKGROUND: High-dose-rate brachytherapy (HDR-BT) has optimal prerequisites in radiotherapy of prostate cancer (PC) with a conformal dose distribution and high doses per fraction giving a biological dose escalation. We report the outcome after HDR-BT and external beam radiotherapy (EBRT) after 20 years of experience. MATERIAL AND METHODS: The study includes 623 patients, median age of 66 years, treated from 1995 to 2008 and a median follow up of 11 years (range 2-266 months). Androgen deprivation therapy was given to 429 patients (69%). The HDR-BT was given with two 10 Gy fractions and the EBRT with 2 Gy fractions to 50 Gy. RESULTS: The 10-year PC-specific survival was 100%, 92%, 91%, and 75% for low-, intermediate-, high- and very high-risk patients respectively, and the 10-year probability of PSA relapse was 0%, 21%, 33%, and 65% respectively. The 10-year actuarial prevalence for ≥grade 2 GU- and GI-toxicities were 28% and 12% respectively and for ≥grade 3, 4% and 1% respectively. Urethral stricture was the most frequent GU complication with a 10-year actuarial incidence of 10%. Treatment without dose constraints for the urethra conferred a higher incidence 18%, compared to 5% after 2003 (p < 0.001). Sixteen patients experienced grade 4 GU toxicity, of which 13 were treated before 2003. No grade 4 rectal toxicity was seen. CONCLUSION: The combination of EBRT and HDR-BT with adequate dose constraints to risk organs provides satisfactory long-term tumour control even in high-risk patients. GI toxicity stabilised but GU toxicity progressed during the 10-year follow up.",Radiother Oncol,2018,127,81-87,10.1016/j.radonc.2017.12.025,https://www.ncbi.nlm.nih.gov/pubmed/29496280,,positive,1,
20598436,Salvage radiotherapy after high-intensity focussed ultrasound for recurrent localised prostate cancer,Riviere J,"BACKGROUND: Radiotherapy is a treatment option in the case of local failure following treatment for localised prostate cancer with high-intensity focussed ultrasound (HIFU). OBJECTIVE: Our aim was to evaluate tolerance and oncologic control with salvage radiotherapy (SRT) after HIFU failure and to identify predictive factors of success. DESIGN, SETTING, AND PARTICIPANTS: From March 1995 to March 2008, all patients who presented with histologically proven persistent local disease following HIFU and were treated with curative intent SRT (with or without hormonal treatment) were included in this single-centre retrospective study. INTERVENTION: Patients underwent conformal radiotherapy. The median dose of conformal treatment was 72 Gy (65-78 Gy). MEASUREMENTS: The primary outcome measure was progression-free survival (PFS) defined as no biochemical relapse (three consecutive rises in prostate-specific antigen [PSA] with a velocity >0.4 ng/ml per year or PSA >1.5 ng/ml) and no additional treatment. Predictive factors of failure were examined in univariate and multivariate analyses. Adverse events in terms of urinary and digestive toxicity, urine incontinence, and erectile dysfunction (ED) were reported. RESULTS AND LIMITATIONS: The median (range) and mean (standard deviation) follow-up of the 100 patients analysed was 33 mo (5-164 mo) and 37.2 mo (23.6 mo), respectively. Eighty-three patients received SRT alone, and 17 received SRT and androgen-deprivation therapy. For the 83 patients treated with exclusive radiation therapy, PFS was 72.5% at 5 yr and 93%, 67%, and 55% for the low-, intermediate-, and high-risk groups, respectively. In the univariate analysis, PSA level prior to SRT, risk status, PSA nadir after SRT, PSA nadir after SRT >0.2 ng/ml, and time to achieve this nadir were all predictive of failure. In the multivariate analysis, PSA nadir post-SRT with a threshold at 0.2 ng/ml and time to achieve this nadir were the significant predictive factors of failure. Gastrointestinal toxicity was low; urinary toxicity grade < or =2 was 34.5%. Four were grade 3 (4.7%), one was grade 4 (1.2%), and one was grade 5 (1.2%). The incidence of severe ED (International Index of Erectile Dysfunction-5 score 5-10) was 14% pre-HIFU, and 51.9% and 82.3% pre- and post-SRT, respectively. Because our study was retrospective, results have to be interpreted cautiously. CONCLUSIONS: SRT provides satisfactory oncologic control after HIFU failure with little (or mild) additional toxicity. These results warrant further investigation.",Eur Urol,2010,58,567-73,doi: 10.1016/j.eururo.2010.06.003. Epub 2010 Jun 11,https://www.ncbi.nlm.nih.gov/pubmed/20598436,,negative,0,2010.0
24209381,Intensity-modulated radiotherapy versus radical prostatectomy in patients with localized prostate cancer: long-term follow-up.,Merino T,"BACKGROUND: The objective of this work was to assess the overall survival, cause-specific survival and biochemical failure-free survival of a contemporary cohort of patients with localized prostate cancer (PCa) treated with intensity-modulated radiation therapy (IMRT) or radical prostatectomy (RP). METHODS: We did a retrospective cohort study of our institution's registry of patients undergoing either IMRT or RP between January 1999 and March 2010, and assessed Prostate Specific Antigen (PSA), age at diagnosis, Gleason score, and digital rectal examination. Two groups were separated according to RP or IMRT treatment and these groups were in turn divided into risk groups according to the D'Amico classification. Overall survival (OS), cause-specific survival (CSS), mortality from other causes (MOC), and biochemical disease-free survival (BDFS) were assessed. RESULTS: Twelve-hundred patients were included: 993 in the RP group and 207 in the IMRT group.The IMRT group had older age, PSA at diagnosis and a significantly higher percentage of cancer on the needle biopsy (p <0.001). Of the 207 patients who underwent IMRT, 54% presented comorbidities. Median follow-up was 91.7 months for the RP group and 76 months for the IMRT group. The OS at 5 and 7 was 96.2, and 93.7 for the RP group respectively and 88.4, and 83.1 for the IMRT group respectively (p <0.001). There were no significant differences in the CSS in relation to treatment received among the low- and high-risk groups, while in the intermediate-risk group, patients who underwent to RP had a higher CSS than patients who underwent IMRT (99.6% vs 94.1%, p=0.003). The IMRT group had a significantly better BDFS than the RP group (86.4% vs. 74.3%, respectively, p=0.016). CONCLUSIONS: Patients treated with RP were significantly younger and had a better prognosis than patients treated using IMRT, and according to our results, RP had better outcomes in terms of OS while IMRT had greater MOC. Treatment modality did not affect the CSS.",BMC Cancer,2013,13,530,10.1186/1471-2407-13-530,https://www.ncbi.nlm.nih.gov/pubmed/24209381,,positive,1,
20690197,"Comparative risk-adjusted mortality outcomes after primary surgery, radiotherapy, or androgen-deprivation therapy for localized prostate cancer",Cooperberg MR,"BACKGROUND: Because no adequate randomized trials have compared active treatment modalities for localized prostate cancer, the authors analyzed risk-adjusted, cancer-specific mortality outcomes among men who underwent radical prostatectomy, men who received external-beam radiation therapy, and men who received primary androgen-deprivation therapy. METHODS: The Cancer of the Prostate Strategic Urologic Research Endeavor (CaPSURE) registry comprises men from 40 urologic practice sites who are followed prospectively under uniform protocols, regardless of treatment. In the current study, 7538 men with localized disease were analyzed. Prostate cancer risk was assessed using the Kattan preoperative nomogram and the Cancer of the Prostate Risk Assessment (CAPRA) score, both well validated instruments that are calculated from clinical data at the time of diagnosis. A parametric survival model was constructed to compare outcomes across treatments adjusting for risk and age. RESULTS: In total, 266 men died of prostate cancer during follow-up. Adjusting for age and risk, the hazard ratio for cancer-specific mortality relative to prostatectomy was 2.21 (95% confidence interval [CI], 1.50-3.24) for radiation therapy and 3.22 (95% CI, 2.16-4.81) for androgen deprivation. Absolute differences between prostatectomy and radiation therapy were small for men at low risk but increased substantially for men at intermediate and high risk. These results were robust to a variety of different analytic techniques, including competing risks regression analysis, adjustment by CAPRA score rather than Kattan score, and examination of overall survival as the endpoint. CONCLUSIONS: Prostatectomy for localized prostate cancer was associated with a significant and substantial reduction in mortality relative to radiation therapy and androgen-deprivation monotherapy. Although this was not a randomized study, given the multiple adjustments and sensitivity analyses, it is unlikely that unmeasured confounding would account for the large observed differences in survival.",Cancer,2010,15,,doi: 10.1002/cncr.25456,https://www.ncbi.nlm.nih.gov/pubmed/20690197,,negative,0,2010.0
20951450,Analysis of second malignancies after modern radiotherapy versus prostatectomy for localized prostate cancer,Huang J,"PURPOSE: To clarify the risk of developing second primary cancers (SPCs) after radiotherapy (RT) versus prostatectomy for localized prostate cancer (PCa) in the modern era. METHODS: The RT cohort consisted of 2120 patients matched on a 1:1 basis with surgical patients according to age and follow-up time. RT techniques consisted of conventional or two-dimensional RT (2DRT, 36%), three-dimensional conformal RT and/or intensity modulated RT (3DCRT/IMRT, 29%), brachytherapy (BT, 16%), and a combination of 2DRT and BT (BT boost, 19%). RESULTS: The overall SPC risk was not significantly different between the matched-pair (HR 1.14, 95% CI 0.94-1.39), but the risk became significant >5years or >10years after RT (HR 1.86, 95% CI 1.36-2.55; HR 4.94, 95% CI 2.18-11.2, respectively). The most significant sites of increased risk were bladder, lymphoproliferative, and sarcoma. Of the different RT techniques, only 2DRT was associated with a significantly higher risk (HR 1.76, 95% CI 1.32-2.35), but not BT boost (HR 0.83, 95% CI 0.50-1.38), 3DCRT/IMRT (HR 0.81, 95% CI 0.55-1.21), or BT (HR 0.53, 95% CI 0.28-1.01). CONCLUSIONS: Radiation-related SPC risk varies depending on the RT technique and may be reduced by using BT, BT boost, or 3DCRT/IMRT.",Radiother Oncol,2011,98,81-6,doi: 10.1016/j.radonc.2010.09.012. Epub 2010 Oct 14,https://www.ncbi.nlm.nih.gov/pubmed/20951450,,negative,0,2010.0
26443877,High-Dose-Rate Monotherapy for Localized Prostate Cancer: 10-Year Results.,Hauswald H,"PURPOSE: High-dose-rate (HDR) brachytherapy was originally used with external beam radiation therapy (EBRT) to increase the dose to the prostate without injuring the bladder or rectum. Numerous studies have reported HDR brachytherapy is safe and effective. We adapted it for use without EBRT for cases not requiring lymph node treatment. PATIENTS AND METHODS: We entered the patient demographics, disease characteristics, and treatment parameters into a prospective registry and serially added follow-up data for 448 men with low-risk (n=288) and intermediate-risk (n=160) prostate cancer treated from 1996 to 2009. Their median age was 64 years (range 42-90). The median prostate-specific antigen (PSA) level was 6.0 ng/mL (range 0.2-18.2). The Gleason score was ≤6 in 76% and 7 in 24%. The median dose was 43.5 Gy in 6 fractions. The clinical and biochemical disease control and survival rates were calculated. Adverse events were graded according to the Common Toxicity Criteria of Adverse Events. RESULTS: The median follow-up period was 6.5 years (range 0.3-15.3). The actuarial 6- and 10-year PSA progression-free survival was 98.6% (95% confidence interval [CI] 96.9%-99.4%) and 97.8% (95% CI 95.5%-98.9%). Overall survival at 10 years was 76.7% (95% CI 69.9%-82.2%). The local control, distant metastasis-free survival, and cause-specific survival were 99.7% (95% CI 97.9%-99.9%), 98.9% (95% CI 96.3%-99.7%), and 99.1% (95% CI 95.8%-99.8%). T stage, initial PSA level, Gleason score, National Comprehensive Cancer Network risk group, patient age, and androgen deprivation therapy did not significantly correlate with disease control or survival. No late grade 3 to 4 rectal toxicities developed. Late grade 3 to 4 genitourinary toxicity occurred in 4.9% (grade 3 in 4.7%). CONCLUSIONS: HDR monotherapy is a safe and highly effective treatment of low- and intermediate-risk prostate cancer.",Int J Radiat Oncol Biol Phys,2016,94,667-74,10.1016/j.ijrobp.2015.07.2290,https://www.ncbi.nlm.nih.gov/pubmed/26443877,,positive,1,
25582682,Permanent seed brachytherapy for clinically localized prostate cancer: long-term outcomes in a 700 patient cohort.,Martinez E,"PURPOSE: Few large European studies have evaluated long-term outcomes for permanent prostate brachytherapy (PPB) as monotherapy for clinically localized prostate cancer. The objective of the present study was to evaluate long-term survival in this patient profile. METHODS AND MATERIALS: Retrospective study of 700 patients who underwent transperineal ultrasound-guided iodine-125 PPB (145 Gy) between January 2000 and July 2012. Median age was 64.8 years (range, 35-79). Most patients (638 of 700; 91%) had low-risk disease (D'Amico criteria). Eighty-five patients (12%) received hormonal treatment. Overall survival, cause-specific survival, and biochemical relapse-free survival were calculated and estimated using actuarial and Kaplan-Meier methods. Differences between groups were assessed using the log-rank test. RESULTS: Median followup was 63 months (range, 6-164). At 5- and 10-year followup, respectively, overall survival was 94% (95% confidence interval [CI], 92-96) and 84% (95% CI, 78-90); cause-specific survival was 100% and 97% (95% CI, 95-99); and biochemical relapse-free survival was 95% (95% CI, 93-97) and 85% (95% CI, 79-91). CONCLUSIONS: The long-term results presented in this report confirm previous studies and provide additional support for the use of PPB in patients with favorable-risk prostate cancer. Seed brachytherapy provides excellent long-term results in this patient profile.",Brachytherapy,2015,14,166-72,10.1016/j.brachy.2014.11.015,https://www.ncbi.nlm.nih.gov/pubmed/25582682,,positive,1,
31863617,Salvage radical prostatectomy following focal therapy: functional and oncological outcomes,Herrera-Caceres JO,"OBJECTIVES: To report the oncological and functional outcomes of salvage radical prostatectomy (sRP) after focal therapy (FT). PATIENTS AND METHODS: A retrospective review of all patients who underwent sRP after FT was performed. Clinical and pathological outcomes focussed on surgical complications, oncological, and functional outcomes. RESULTS: In all, 34 patients were identified. The median (interquartile range [IQR]) age was 61 (8.25) years. FT modalities included high-intensity focussed ultrasound (19 patients), laser ablation (13), focal brachytherapy (one) and cryotherapy (one). The median (IQR) time from FT to recurrence was 10.9 (17.6) months. There were no rectal or ureteric injuries. Two (5.9%) patients had iatrogenic cystotomies and four (11.8%) developed bladder neck contractures. The mean (sd) hospital stay was 2.5 (2.1) days. The T-stage was pT2 in 14 (41.2%) patients, pT3a in 16 (47.1%), and pT3b in four (11.8%). In all, 13 (38%) patients had positive surgical margins (PSMs). Six (17.6%) patients received adjuvant radiotherapy (RT). At a mean follow-up of 4.3 years, seven (20.6%) patients developed biochemical recurrence (BCR), and of these, six (17.6%) patients required salvage RT. PSMs were associated with worse BCR-free survival (hazard ratio 6.624, 95% confidence interval 2.243-19.563; P < 0.001). The median (IQR) preoperative International Prostate Symptom Score and International Index of Erectile Function score was 7 (4.5-9.5) and 23.5 (15.75-25) respectively, while in the final follow-up the median (IQR) values were 7 (3.5-11) and 6 (5-12.25), respectively (P = 0.088 and P < 0.001). At last follow-up, 31 (91.2%) patients were continent, two (5.9%) had moderate (>1 pad/day) incontinence, and one (2.9%) required an artificial urinary sphincter. CONCLUSIONS: sRP should be considered as an option for patients who have persistent clinically significant prostate cancer or recurrence after FT. PSMs should be recognised as a risk for recurrent disease after sRP.",BJU Int,2020,125,525-530,doi: 10.1111/bju.14976. Epub 2020 Jan 9,https://www.ncbi.nlm.nih.gov/pubmed/31863617,,negative,0,2020.0
31721315,Focal salvage low-dose-rate brachytherapy for recurrent prostate cancer based on magnetic resonance imaging/transrectal ultrasound fusion biopsy technique,Yamada Y,"OBJECTIVE: To examine the effect of permanent salvage brachytherapy in prostate cancer patients suffering recurrence after three-dimensional conformal external beam radiotherapy. METHODS: The ultra-focal (target lesion alone), hemi-lobe (within a hemi-lobe) or focused whole-gland (focusing on the lesion, but extending into the whole gland) pattern was selected based on the Gleason score for the targeted biopsy, the numbers of positive cores in the targeted and systematic biopsies, and the locations of the positive cores. Novel dosimetry criteria derived from three-dimensional cancer mapping, which was based on targeted magnetic resonance imaging/transrectal ultrasound fusion biopsies, were used in these cases. RESULTS: Permanent salvage brachytherapy was carried out in 13 patients who suffered prostate-specific antigen failure (prostate-specific antigen 2.1-6.8 ng/mL; age range 57-75 years; Gleason score ≤7 [n = 10], Gleason score ≥8 [n = 2] and Gleason score not available [n = 1]) since 2012. The targeted biopsy showed a single focus in three patients. The ultra-focal, hemi-lobe and focused whole-gland patterns were chosen in three, five and five patients, respectively. During the follow-up period (median duration 48 months), prostate-specific antigen failure occurred in zero of three, one of five and three of five of the patients treated with the ultra-focal, hemi-lobe and focused whole-gland patterns, respectively. The 4-year biochemical recurrence-free survival rate was 74%. No grade 3-4 adverse intestinal or urological events occurred. CONCLUSIONS: Targeted fusion biopsy-based three-dimensional cancer mapping should be used for permanent salvage brachytherapy treatment planning to reduce the incidence of treatment-related adverse events while maintaining good oncological outcomes.",Int J Urol,2020,27,149-155,doi: 10.1111/iju.14151. Epub 2019 Nov 13,https://www.ncbi.nlm.nih.gov/pubmed/31721315,,negative,0,2020.0
32328779,"Trends in risk-group distribution and Pentafecta outcomes in patients treated with nerve-sparing, robot-assisted radical prostatectomy: a 10-year low-intermediate volume single-center experience",Afferi L,"PURPOSE: To evaluate the trends in risk-group distribution and Pentafecta outcomes in patients treated with nerve-sparing (NS), robot-assisted radical prostatectomy (RARP) in a single low-intermediate volume prostate cancer (PCa) center over a 10-year period. MATERIALS AND METHODS: We queried a prospectively maintained database for patients who underwent NS RARP between 2009 and 2018 in a low-intermediate volume PCa center. Risk-groups were defined according to the D'Amico classification. Pentafecta outcomes referred to the postsurgical presence of potency and continence, and the absence of biochemical recurrence (BCR), positive surgical margins (PSM), and perioperative complications. The Kruskall-Wallis test, the t test and the Mann-Whitney tests were used when appropriate. RESULTS: 603 patients underwent NS RARP and 484 patients were evaluated for Pentafecta outcomes. Median postsurgical follow-up was 28 months. Overall, 137 (22.7%), 376 (62.3%), and 90 (15%) patients were diagnosed in the low-, intermediate-, and high-risk groups, respectively. Patients undergoing NS RARP shifted from 33 to 20% in the low-risk group, from 52 to 62% in the intermediate-risk group, and from 10 to 13% in the high-risk group. Patients reaching Pentafecta increased from 38 to 44%. No postoperative potency was the main reason for non-achieving Pentafecta (71%). BCR strongly limited Pentafecta achievement in the high-risk group (61%), but not in intermediate (24%) and low-risk (30%) groups. CONCLUSIONS: Low-intermediate volume PCa centers show similar trends to high-volume centers regarding risk group distributions over time in PCa patients undergoing NS RARP. We reported an increase in Pentafecta outcomes achievement over time even for experienced surgeons. Pentafecta outcomes achievement is risk-group dependent.",World J Urol,2021,39,389-397,doi: 10.1007/s00345-020-03206-y. Epub 2020 Apr 23,https://www.ncbi.nlm.nih.gov/pubmed/32328779,,negative,0,2020.0
16182220,Combined modality treatment with high-dose-rate brachytherapy boost for locally advanced prostate cancer,Hsu IC,"PURPOSE: This is a retrospective review of our experience using high-dose-rate (HDR) brachytherapy boost for prostate cancer. METHODS AND MATERIALS: During the study period, we recommended external beam radiotherapy (45 Gy) and HDR boost (18 Gy in three fractions) combined with hormonal therapy (HT) for 2 months before and during radiotherapy to patients with at least one of the following risk features: pretreatment prostate-specific antigen>10, Gleason score (GS)>or=7, and clinical T3 disease. Additional HT for 2 years after radiotherapy was recommended for patients with GS>7. To patients whose risk of positive nodes exceeded 15%, we recommended whole pelvic radiotherapy. We administered HDR via single implant, and all fractions were given within 24h. RESULTS: This report is based on our initial 64 patients treated with HDR boost. The median follow-up was 50 months (range 25-68 months). The 4-year estimates of overall and disease-free survival were 98% and 92%, respectively. One patient experienced late grade 4 gastrointestinal toxicity. CONCLUSIONS: HDR brachytherapy is an effective means of delivering conformal prostate radiotherapy, and may be used with whole pelvic radiotherapy and HT.",Brachytherapy,2005,4,202-6,doi: 10.1016/j.brachy.2005.03.005,https://www.ncbi.nlm.nih.gov/pubmed/16182220,,negative,0,2005.0
23551568,Favourable long-term outcomes with brachytherapy-based regimens in men ≤60 years with clinically localized prostate cancer.,Kollmeier MA,"OBJECTIVE: To report long-term outcomes of men ≤60 years treated with brachytherapy (BT) for low- and intermediate-risk prostate cancer. PATIENTS AND METHODS: Of 1655 patients treated with BT for clinically localized prostate cancer between January 1998 and May 2008 at Memorial Sloan-Kettering Cancer Center, 236 patients with National Comprehensive Cancer Network low- (n = 178) or intermediate-risk (n = 58) prostate cancer were ≤60 years old with a 3-year minimum follow-up, and represent the subjects of this report. Brachytherapy was given either as monotherapy (n = 169) or with external beam radiation therapy (EBRT; n = 67). Forty-four patients (19%) received neoadjuvant cytoreductive hormone therapy. The 'nadir+2' definition was used for prostate-specific antigen (PSA) recurrence. Common Terminology Criteria for Acute Events (CTCAE) v 3.0 was used to grade genitourinary (GU) and gastrointestinal (GI) toxicity. Potency was defined as the ability to obtain an erection suitable for intercourse or an International Index of Erectile Function score ≥ 22. The Kaplan-Meier method and Cox regression were used for statistical analysis. The median follow-up was 83 months. RESULTS: The 8-year PSA relapse-free survival (RFS), cancer-specific and overall survival rates for the entire cohort were 96, 99 and 96%, respectively. For patients with low-risk disease, the 8-year PSA RFS rate was 97% and for intermediate-risk patients it was 94% (P = 0.34). There was no difference in PSA RFS between BT alone and combined therapy (P = 0.17). Late grade ≥ 2 GU and GI toxicity was 14 and 3%, respectively. Of 150 patients potent before treatment, 76 (51%) were potent at last follow-up, with 50/76 (66%) using no medication. There was no significant difference in post-treatment potency between BT alone and BT with EBRT (P = 0.74). CONCLUSIONS: Brachytherapy provides patients aged ≤ 60 years with low- and intermediate-risk prostate cancer with excellent outcomes and has a low risk of significant long-term GU or GI morbidity. Erectile function is preserved in >50% of patients and the majority do not require erectile dysfunction medication.",BJU Int,2013,111,1231-6,10.1111/j.1464-410X.2012.11663.x,https://www.ncbi.nlm.nih.gov/pubmed/23551568,,positive,1,
15947662,Robotic radical prostatectomy in the community setting--the learning curve and beyond: initial 200 cases,Patel VR,"PURPOSE: The introduction of robotic assistance has the potential to improve surgical outcomes and reduce the steep learning curve associated with conventional laparoscopic radical prostatectomy. We report on our experience with robotic radical prostatectomy in the community setting. MATERIALS AND METHODS: A total of 200 patients underwent robotic radical prostatectomy during 18 months. Prospective data collection included a quality of life (Expanded Prostate Cancer Index Composite) questionnaire, basic demographics, prostate specific antigen (PSA), clinical stage and Gleason grade. Operative outcome measures included operative time, estimated blood loss and complications. Postoperative outcome measures included hospital stay, catheter time, pathology, PSA and return of continence. RESULTS: Average operative time was 141 minutes with an estimated blood loss of 75 cc. The intraoperative complication rate was 1% with no mortality, reexploration or transfusion. Of the patients 95% were discharged home on postoperative day 1 (1 to 3) with hematocrit averaging 34.5 (range 25 to 45). The average difference in preoperative and postoperative hematocrit was 3 points (range -2 to 15). Average catheter time was 7.2 days (range 5 to 15). The positive margin rate was 10.5% for the entire series, 5.7% for T2 tumors, 28.5% (T3a), 20% (T3b) and 33% (T4a). Of the patients 95% had undetectable PSA (less than 0.1 ng/ml) at average followup of 9.7 months. Continence at 1, 3, 6, 9 and 12 months was 47%, 78%, 89%, 92% and 98%, respectively. CONCLUSIONS: Our initial experience with robotic radical prostatectomy is promising. The learning curve was approximately 20 to 25 cases. With a structured methodical approach we were able to implement robotics safely and effectively into our community practice with minimal patient morbidity, and good oncological and functional outcomes.",J Urol,2005,174,269-72,doi: 10.1097/01.ju.0000162082.12962.40,https://www.ncbi.nlm.nih.gov/pubmed/15947662,,negative,0,2005.0
30191864,Multicenter Trial of Stereotactic Body Radiation Therapy for Low- and Intermediate-Risk Prostate Cancer: Survival and Toxicity Endpoints.,Meier RM,"PURPOSE: The radiobiology of prostate cancer may favor the extreme hypofractionation inherent in stereotactic body radiation therapy (SBRT); however, data from a large multicenter study are lacking. We therefore examined the hypothesis that dose-escalated SBRT can be safely administered across multiple institutions, with favorable 5-year disease-free survival (DFS) rates compared with historical controls. METHODS AND MATERIALS: Twenty-one centers enrolled 309 patients with prostate adenocarcinoma: 172 with low-risk (LR) and 137 with intermediate-risk (IR) disease. All were treated with a non-coplanar robotic SBRT platform using real-time tracking of implanted fiducials. The prostate was prescribed 40 Gy in 5 fractions of 8 Gy. We assessed toxicities using Common Terminology Criteria for Adverse Events (CTCAE) version 3 and biochemical failure using the ""nadir + 2"" definition. The study population yielded 90% power to identify excessive (>10%) rates of grade ≥3 genitourinary (GU) or gastrointestinal toxicities and, in the LR group, 80% power to show superiority in DFS over a 93% historical comparison rate. RESULTS: At a median follow-up of 61 months, 2 LR patients (1.2%) and 2 IR patients (1.5%) experienced grade 3 GU toxicities, far below the 10% toxicity rate deemed excessive (upper limits of 95% confidence interval, 3.5% and 4.3%, respectively). No grade 4 or 5 toxicities occurred. All grade 3 toxicities were GU, occurring 11 to 51 months after treatment. For the entire group, the actuarial 5-year overall survival rate was 95.6% and the DFS rate was 97.1%. The 5-year DFS rate was 97.3% for LR patients (superior to the 93% DFS rate for historical controls; P = .0008; lower limit of 95% confidence interval, 94.6%) and 97.1% for IR patients. CONCLUSIONS: Dose-escalated prostate SBRT was administered with minimal toxicity in this multi-institutional study. Relapse rates compared favorably with historical controls. SBRT is a suitable option for LR and IR prostate cancer.",Int J Radiat Oncol Biol Phys,2018,102,296-303,10.1016/j.ijrobp.2018.05.040,https://www.ncbi.nlm.nih.gov/pubmed/30191864,,positive,1,
19540066,Total androgen blockade versus a luteinizing hormone-releasing hormone agonist alone in men with high-risk prostate cancer treated with radiotherapy.,Nanda A,"PURPOSE: To assess whether short-course total androgen blockade vs. a luteinizing hormone-releasing hormone (LHRH) agonist alone affects the risk of prostate cancer-specific mortality (PCSM) in men with localized but high-risk disease treated with radiotherapy. METHODS AND MATERIALS: The study cohort comprised 628 men with T1-T4, N0, M0 prostate cancer with high-risk disease (prostate-specific antigen level >20 ng/mL, Gleason score >or=8, or clinical category >or=T3) treated with 45 Gy of external beam radiotherapy followed by a brachytherapy boost in addition to receiving a median of 4.3 (interquartile range [IQR], 3.6-6.4) months of hormonal blockade with an LHRH agonist plus an antiandrogen or monotherapy with an LHRH agonist. Fine and Gray's multivariable regression analysis was used to determine whether combination androgen suppression therapy (AST) vs. monotherapy affected the risk of PCSM, adjusting for treatment year, duration of AST, age, and known prognostic factors. RESULTS: After a median follow-up of 4.9 (IQR, 3.5-6.5) years, men receiving combination AST had a lower risk of PCSM than those treated with monotherapy (adjusted hazard ratio [AHR], 0.18; 95% confidence interval [CI], 0.04-0.90; p = 0.04). An increasing prostate-specific antigen level (AHR, 2.70; 95% CI, 1.64-4.45; p < 0.001) and clinical category T3/4 disease (AHR, 29.6; 95% CI, 2.88-303.5; p = 0.004) were also associated with an increased risk of PCSM. CONCLUSIONS: In men with localized but high-risk prostate cancer treated with external beam radiotherapy and brachytherapy, short-course AST with an LHRH agonist plus an antiandrogen is associated with a decreased risk of PCSM when compared with monotherapy with an LHRH agonist.",Int J Radiat Oncol Biol Phys,2010,76,1439-44,10.1016/j.ijrobp.2009.03.034,https://www.ncbi.nlm.nih.gov/pubmed/19540066,,positive,1,
31411996,Nonsurgical Salvage Local Therapies for Radiorecurrent Prostate Cancer: A Systematic Review and Meta-analysis,Ingrosso G,"CONTEXT: Different nonsurgical therapeutic strategies can be adopted for intraprostatic relapse of prostate cancer after primary radiotherapy, including re-irradiation (with brachytherapy [BT] or external beam radiotherapy [EBRT]), high-intensity focused ultrasound (HIFU), and cryotherapy. The main issues to consider when choosing nonsurgical salvage local therapies are local tumor control and significant genitourinary toxicity. OBJECTIVE: To conduct a systematic review and meta-analysis of the role of nonsurgical salvage modalities in patients with radiorecurrent prostate cancer and associated clinical outcomes and toxicity profiles. EVIDENCE ACQUISITION: We performed a critical review of the Medline, Scopus, and ClinicalKey databases from January 1, 2000 through February 1, 2018 according to the Preferred Reporting Items and Meta-Analyses statement. To assess the overall quality of the literature reviewed, we used a modified Delphi tool for case-series studies. EVIDENCE SYNTHESIS: A total of 64 case-series studies were included, corresponding to a cohort of 5585 patients. The modified Delphi checklist evidenced high methodological quality overall (mean quality score of 80.6%). Biochemical control rates were lowest for patients treated with HIFU (58%, 95% confidence interval [CI] 47-68%) and highest for patients treated with BT (69%, 95% CI 62-76%) and EBRT (69%, 95% CI 53-83%). The lowest prevalence of incontinence was for patients treated with BT (3%, 95% CI 0-6%; I<sup>2</sup>=63.4%) and the highest was among patients treated with HIFU (28%, 95% CI 19-38%; I<sup>2</sup>=89.7%). CONCLUSIONS: Nonsurgical therapeutic options, especially BT, showed good outcomes in terms of biochemical control and tolerability in the local recurrence setting. PATIENT SUMMARY: The current analysis demonstrated that nonsurgical salvage local therapies offer a chance of a curative local approach in radiorecurrent prostate cancer. However, high-quality data from prospective trials are needed to validate long-term outcomes from nonsurgical strategies for the treatment of intraprostatic recurrence after previous radiotherapy.",Eur Urol Oncol,2020,3,183-197,doi: 10.1016/j.euo.2018.12.011. Epub 2019 Jan 24,https://www.ncbi.nlm.nih.gov/pubmed/31411996,,negative,0,2020.0
26408674,Hypofractionated Radiotherapy for Localized Prostate Cancer: A Challenging Accelerated Hypofractionated Radiotherapy,Yamazaki H,"Conventionally fractionated (CF) external-beam radiation therapy (1.8-2.0 Gy/fraction) is an established treatment modality for localized prostate cancer. Emerging evidence suggests that the α/β ratio for prostate cancer is as low as 1.5, which has prompted investigators to explore hypofractionated (HF) radiation therapy. We reviewed the current status of hypofractionation and found that the accumulated outcomes reveal that dose escalation by moderate (2.5-4 Gy/fraction) hypofractionation (mHF) results in a better early biochemical outcome with acceptable complication rates, although there exist no marked advantages, other than the convenience of short treatment periods. Recently, hypofractionated external-beam radiotherapy has been challenged by accelerated hypofractionation (AHF), i.e., stereotactic body irradiation, particle therapy, and a high-dose-rate brachytherapy, using 5-10 Gy/fraction with a precise dose distribution and shorter treatment periods. Five-year biochemical control rates improved to >90%, even for high-risk groups, with a higher dose delivery using a safer technology. The overall survival rate reached nearly 100% at 5 years and was unaffected by prostate cancer, particularly in patients aged >80 years. Therefore, if maintaining the quality of life is the main purpose, short-term treatment is an attractive option from the socioeconomic perspective. Furthermore, CF and mHF regimens use equivalent doses at 2 Gy per fraction (EQD2) of 62-84 Gy, whereas AHF uses a higher EQD2 of 85 to 135 Gy if an α/β ratio of 1.5 is applied. In the preliminary phase, AHF has theoretical advantages that not only reduce the treatment period but also potentially improve BC, particularly in high-risk groups using a higher EQD2.",Anticancer Res,2015,35,5167-77,,https://www.ncbi.nlm.nih.gov/pubmed/26408674,,negative,0,2015.0
25962627,"Long-Term Efficacy and Toxicity of Low-Dose-Rate ¹²⁵I Prostate Brachytherapy as Monotherapy in Low-, Intermediate-, and High-Risk Prostate Cancer.",Kittel JA,"PURPOSE/OBJECTIVES: To report long-term efficacy and toxicity for a single-institution cohort of patients treated with low-dose-rate prostate brachytherapy permanent implant (PI) monotherapy. METHODS AND MATERIALS: From 1996 to 2007, 1989 patients with low-risk (61.3%), intermediate-risk (29.8%), high-intermediate-risk (4.5%), and high-risk prostate cancer (4.4%) were treated with PI and followed up prospectively in a registry. All patients were treated with (125)I monotherapy to 144 Gy. Late toxicity was coded retrospectively according to a modified Common Terminology Criteria for Adverse Events 4.0 scale. The rates of biochemical relapse-free survival (bRFS), distant metastasis-free survival (DMFS), overall survival (OS), and prostate cancer-specific mortality (PCSM) were calculated. We identified factors associated with late grade ≥3 genitourinary (GU) and gastrointestinal (GI) toxicity, bRFS, DMFS, OS, PCSM, and incontinence. RESULTS: The median age of the patients was 67 years, and the median overall and prostate-specific antigen follow-up times were 6.8 years and 5.8 years, respectively. The overall 5-year rates for bRFS, DMFS, OS, and PCSM were 91.9%, 97.8%, 93.7%, and 0.71%, respectively. The 10-year rates were 81.5%, 91.5%, 76.1%, and 2.5%, respectively. The overall rates of late grade ≥3 GU and GI toxicity were 7.6% and 0.8%, respectively. On multivariable analysis, age and prostate length were significantly associated with increased risk of late grade ≥3 GU toxicity. The risk of incontinence was highly correlated with both pre-PI and post-PI transurethral resection of the prostate. CONCLUSIONS: Prostate brachytherapy as monotherapy is an effective treatment for low-risk and low-intermediate-risk prostate cancer and appears promising as a treatment for high-intermediate-risk and high-risk prostate cancer. Significant long-term toxicities are rare when brachytherapy is performed as monotherapy.",Int J Radiat Oncol Biol Phys,2015,92,884-93,10.1016/j.ijrobp.2015.02.047,https://www.ncbi.nlm.nih.gov/pubmed/25962627,,positive,1,
21163590,Phase I trial of pelvic nodal dose escalation with hypofractionated IMRT for high-risk prostate cancer,Adkison JB,"PURPOSE: Toxicity concerns have limited pelvic nodal prescriptions to doses that may be suboptimal for controlling microscopic disease. In a prospective trial, we tested whether image-guided intensity-modulated radiation therapy (IMRT) can safely deliver escalated nodal doses while treating the prostate with hypofractionated radiotherapy in 5½ weeks. METHODS AND MATERIALS: Pelvic nodal and prostatic image-guided IMRT was delivered to 53 National Comprehensive Cancer Network (NCCN) high-risk patients to a nodal dose of 56 Gy in 2-Gy fractions with concomitant treatment of the prostate to 70 Gy in 28 fractions of 2.5 Gy, and 50 of 53 patients received androgen deprivation for a median duration of 12 months. RESULTS: The median follow-up time was 25.4 months (range, 4.2-57.2). No early Grade 3 Radiation Therapy Oncology Group or Common Terminology Criteria for Adverse Events v.3.0 genitourinary (GU) or gastrointestinal (GI) toxicities were seen. The cumulative actuarial incidence of Grade 2 early GU toxicity (primarily alpha blocker initiation) was 38%. The rate was 32% for Grade 2 early GI toxicity. None of the dose-volume descriptors correlated with GU toxicity, and only the volume of bowel receiving ≥30 Gy correlated with early GI toxicity (p = 0.029). Maximum late Grades 1, 2, and 3 GU toxicities were seen in 30%, 25%, and 2% of patients, respectively. Maximum late Grades 1 and 2 GI toxicities were seen in 30% and 8% (rectal bleeding requiring cautery) of patients, respectively. The estimated 3-year biochemical control (nadir + 2) was 81.2 ± 6.6%. No patient manifested pelvic nodal failure, whereas 2 experienced paraaortic nodal failure outside the field. The six other clinical failures were distant only. CONCLUSIONS: Pelvic IMRT nodal dose escalation to 56 Gy was delivered concurrently with 70 Gy of hypofractionated prostate radiotherapy in a convenient, resource-efficient, and well-tolerated 28-fraction schedule. Pelvic nodal dose escalation may be an option in any future exploration of potential benefits of pelvic radiation therapy in high-risk prostate cancer patients.",Int J Radiat Oncol Biol Phys,2012,1,,doi: 10.1016/j.ijrobp.2010.09.018. Epub 2010 Dec 14,https://www.ncbi.nlm.nih.gov/pubmed/21163590,,negative,0,2010.0
26458959,Focal irreversible electroporation for prostate cancer: functional outcomes and short-term oncological control,Ting F,"BACKGROUND: Current data on the use of irreversible electroporation (IRE) in the treatment of prostate cancer (PCa) is limited. We aim to evaluate the safety, short-term functional and oncological outcomes of focal IRE in low-intermediate risk PCa. METHODS: Between February 2013 and May 2014, 32 consecutive men underwent IRE at a single centre. Patients with low-intermediate risk PCa who had not received previous PCa treatment were included for analysis. The tumour was ablated using 3-6 electrodes, ensuring a minimum 5-mm safety margin around the visible magnetic resonance imaging (MRI) lesion. Follow-up included recording Clavien complications, Expanded Prostate Cancer Index Composite (EPIC) questionnaires (baseline, 1.5, 3, 6 months), 6-month multi-parametric MRI (mp-MRI) and 7-month biopsy. Findings on mp-MRI and biopsy were sub-divided into infield, adjacent or outfield of the treatment zone. RESULTS: Twenty-five men were included for final analysis. Safety follow-up revealed one Clavien Grade 3 complication and five Grade 1 complications. Functional follow-up confirmed no significant change in American Urological Association urinary symptom score, sexual or bowel function. Infield, there were no suspicious findings on mp-MRI (n=24) or biopsy (n=21) in all patients. Adjacent to the treatment zone, five (21%) had suspicious findings on mp-MRI with four (19%) proving to be significant on biopsy. Outfield, there were two (8%) with suspicious findings on mp-MRI and one (5%) significant finding on biopsy. For the five patients with significant findings on follow-up biopsy, one is awaiting repeat IRE, one had radical prostatectomy and three remained on active surveillance. CONCLUSIONS: In selected patients with low-intermediate risk PCa, focal IRE appears to be safe with minimal morbidity. There were no infield recurrences and 76% of patients were histologically free of significant cancer at 8 months. Almost all recurrences were adjacent to the treatment zone, and this was addressed by widening the treatment margins.",Prostate Cancer Prostatic Dis,2016,19,46-52,doi: 10.1038/pcan.2015.47. Epub 2015 Oct 13,https://www.ncbi.nlm.nih.gov/pubmed/26458959,,negative,0,2015.0
29029889,"Brachytherapy for Intermediate-Risk Prostate Cancer, Androgen Deprivation, and the Risk of Death.",Pickles T,"PURPOSE: To determine whether the use of 6 months' adjuvant androgen deprivation therapy (ADT) combined with brachytherapy for intermediate-risk (IR) and low-risk (LR) prostate cancer is associated with an increased risk of cardiovascular death. METHODS AND MATERIALS: This is a retrospective analysis of prospectively collected data from men treated in the British Columbia Cancer Agency brachytherapy program from 1998 to 2012. Men were categorized by risk group and ADT use. Cardiac and other comorbidities were recorded and compared between groups. Biochemical control (Phoenix definition, nadir + 2 ng/mL) was ascertained. Overall, prostate, cardiac, and other-cause mortality were analyzed by the Kaplan-Meier method and Fine and Gray competing-risk analysis. RESULTS: The study included 3155 men (1142 with LR cancer and 2013 with IR cancer) who have been followed up for a median of 7.9 years. ADT was received by 47% of IR patients and 37% of LR patients for a median of 6 months. Men with IR cancer were older and had more cardiac and other comorbidities than LR cases (P<.01). Biochemical control improved from 86% to 89% at 10 years with the use of ADT (P=.006). Overall survival was inferior in patients receiving ADT (84% vs 86% at 10 years, P=.0274), and on competing-risk analysis, cardiovascular mortality in patients receiving ADT was higher in IR cases, 5.2% versus 3.6% at 10 years (P=.0493), but not in LR cases. Multivariate analysis confirmed increased cardiac mortality in IR patients receiving ADT (hazard ratio, 1.95 [95% confidence interval, 1.15-3.34]; P=.014). CONCLUSIONS: ADT adds little meaningful benefit in terms of biochemical control for IR men treated with low-dose-rate brachytherapy but likely decreases overall survival because of increased cardiac mortality. IR patients were older and had more cardiac risk factors than LR prostate cases; this may be because of a screening effect, case selection, or common etiologic cause.",Int J Radiat Oncol Biol Phys,2018,100,45-52,10.1016/j.ijrobp.2017.08.042,https://www.ncbi.nlm.nih.gov/pubmed/29029889,,positive,1,
31427178,Long-term biochemical outcomes using cesium-131 in prostate brachytherapy.,Moran BJ,"PURPOSE: Long-term outcomes reveal equivalent biochemical outcomes with low-dose-rate (LDR) brachytherapy (BT) compared with radical prostatectomy and external-beam radiotherapy for the management of prostate cancer. Iodine-125, the most commonly used isotope, may be associated with long-term urinary consequences. Cesium-131 (<sup>131</sup>Cs) has a higher dose rate and shorter dose delivery time, predicting a shorter duration of urinary morbidity. We report our institution's high-volume experience and the most mature data to date on outcomes with <sup>131</sup>Cs prostate BT. METHODS AND MATERIALS: 571 men (median age: 65.38 years) with low (55%)-, intermediate (36%)-, and high-risk disease (9%) received monobrachytherapy, dual-modality, or trimodality using <sup>131</sup>Cs at a single institution. Risk groups were defined according to the National Comprehensive Cancer Network definition. Median prescription dose for definitive LDR-BT and LDR-BT boost was 115 Gy and 70 Gy, respectively. Median initial PSA was 6.1 ng/mL (IQR: 4.6-8.7). RESULTS: Median followup time was 5 years. 5/7-year overall survival for low-, intermediate-, and high-risk patients was 96.9%/96/9%, 92.8%/89.7%, and 95.8%/87.1%, respectively (p = 0.02). 5/7-year freedom from biochemical failure for low-, intermediate-, and high-risk patients was 98.5%/96.3%, 94.1%/86.4%, and 93.2%/74.5%, respectively (p < 0.01). 5/7-year prostate cancer -specific survival was 100%/100%, 99.3%/99.3%, and 98.0%/98.0% for low-, intermediate-, and high-risk patients, respectively (p < 0.01). CONCLUSIONS: <sup>131</sup>Cs is a viable alternative isotope for prostate brachytherapy for organ-confined disease. Long-term biochemical control and survival outcomes are excellent and on par with those attained with the use of <sup>125</sup>I or <sup>103</sup>Pd. This report therefore supports the continued use of <sup>131</sup>Cs as an effective and comparable alternative isotope.",Brachytherapy,2019,18,800-805,10.1016/j.brachy.2019.07.002,https://www.ncbi.nlm.nih.gov/pubmed/31427178,,positive,1,
15888698,Radical prostatectomy versus watchful waiting in early prostate cancer,Bill-Axelson A,"BACKGROUND: In 2002, we reported the initial results of a trial comparing radical prostatectomy with watchful waiting in the management of early prostate cancer. After three more years of follow-up, we report estimated 10-year results. METHODS: From October 1989 through February 1999, 695 men with early prostate cancer (mean age, 64.7 years) were randomly assigned to radical prostatectomy (347 men) or watchful waiting (348 men). The follow-up was complete through 2003, with blinded evaluation of the causes of death. The primary end point was death due to prostate cancer; the secondary end points were death from any cause, metastasis, and local progression. RESULTS: During a median of 8.2 years of follow-up, 83 men in the surgery group and 106 men in the watchful-waiting group died (P=0.04). In 30 of the 347 men assigned to surgery (8.6 percent) and 50 of the 348 men assigned to watchful waiting (14.4 percent), death was due to prostate cancer. The difference in the cumulative incidence of death due to prostate cancer increased from 2.0 percentage points after 5 years to 5.3 percentage points after 10 years, for a relative risk of 0.56 (95 percent confidence interval, 0.36 to 0.88; P=0.01 by Gray's test). For distant metastasis, the corresponding increase was from 1.7 to 10.2 percentage points, for a relative risk in the surgery group of 0.60 (95 percent confidence interval, 0.42 to 0.86; P=0.004 by Gray's test), and for local progression, the increase was from 19.1 to 25.1 percentage points, for a relative risk of 0.33 (95 percent confidence interval, 0.25 to 0.44; P<0.001 by Gray's test). CONCLUSIONS: Radical prostatectomy reduces disease-specific mortality, overall mortality, and the risks of metastasis and local progression. The absolute reduction in the risk of death after 10 years is small, but the reductions in the risks of metastasis and local tumor progression are substantial.",N Engl J Med,2005,12,,doi: 10.1056/NEJMoa043739,https://www.ncbi.nlm.nih.gov/pubmed/15888698,,negative,0,2005.0
32215577,Outcomes of Observation vs Stereotactic Ablative Radiation for Oligometastatic Prostate Cancer: The ORIOLE Phase 2 Randomized Clinical Trial,Phillips R,"IMPORTANCE: Complete metastatic ablation of oligometastatic prostate cancer may provide an alternative to early initiation of androgen deprivation therapy (ADT). OBJECTIVE: To determine if stereotactic ablative radiotherapy (SABR) improves oncologic outcomes in men with oligometastatic prostate cancer. DESIGN, SETTING, AND PARTICIPANTS: The Observation vs Stereotactic Ablative Radiation for Oligometastatic Prostate Cancer (ORIOLE) phase 2 randomized study accrued participants from 3 US radiation treatment facilities affiliated with a university hospital from May 2016 to March 2018 with a data cutoff date of May 20, 2019, for analysis. Of 80 men screened, 54 men with recurrent hormone-sensitive prostate cancer and 1 to 3 metastases detectable by conventional imaging who had not received ADT within 6 months of enrollment or 3 or more years total were randomized. INTERVENTIONS: Patients were randomized in a 2:1 ratio to receive SABR or observation. MAIN OUTCOMES AND MEASURES: The primary outcome was progression at 6 months by prostate-specific antigen level increase, progression detected by conventional imaging, symptomatic progression, ADT initiation for any reason, or death. Predefined secondary outcomes were toxic effects of SABR, local control at 6 months with SABR, progression-free survival, Brief Pain Inventory (Short Form)-measured quality of life, and concordance between conventional imaging and prostate-specific membrane antigen (PSMA)-targeted positron emission tomography in the identification of metastatic disease. RESULTS: In the 54 men randomized, the median (range) age was 68 (61-70) years for patients allocated to SABR and 68 (64-76) years for those allocated to observation. Progression at 6 months occurred in 7 of 36 patients (19%) receiving SABR and 11 of 18 patients (61%) undergoing observation (P = .005). Treatment with SABR improved median progression-free survival (not reached vs 5.8 months; hazard ratio, 0.30; 95% CI, 0.11-0.81; P = .002). Total consolidation of PSMA radiotracer-avid disease decreased the risk of new lesions at 6 months (16% vs 63%; P = .006). No toxic effects of grade 3 or greater were observed. T-cell receptor sequencing identified significant increased clonotypic expansion following SABR and correlation between baseline clonality and progression with SABR only (0.082085 vs 0.026051; P = .03). CONCLUSIONS AND RELEVANCE: Treatment with SABR for oligometastatic prostate cancer improved outcomes and was enhanced by total consolidation of disease identified by PSMA-targeted positron emission tomography. SABR induced a systemic immune response, and baseline immune phenotype and tumor mutation status may predict the benefit from SABR. These results underline the importance of prospective randomized investigation of the oligometastatic state with integrated imaging and biological correlates. TRIAL REGISTRATION: ClinicalTrials.gov Identifier: NCT02680587.",JAMA Oncol,2020,1,,doi: 10.1001/jamaoncol.2020.0147,https://www.ncbi.nlm.nih.gov/pubmed/32215577,,negative,0,2020.0
32738465,Long-Term Results of Moderate Hypofractionation to Prostate and Pelvic Nodes Plus Androgen Suppression in High-Risk Prostate Cancer.,Faria S,"PURPOSE: Moderate hypofractionated radiation therapy (HypoRT) is an attractive alternative to conventionally fractionated radiation therapy for prostate cancer. However, most studies using HypoRT only included the prostate as the target volume. We report long-term outcomes of patients with high-risk prostate cancer treated with androgen deprivation therapy (ADT) and HypoRT to the prostate and nodal areas with a simultaneous integrated boost technique. METHODS AND MATERIALS: Patients with localized, high-risk prostate cancer entered a prospective phase I/II study with a HypoRT regimen of 60 Gy/20 fractions (4 weeks) to the prostate volume while the nodal areas received 44 Gy in the same 20 fractions delivered with intensity modulated radiation therapy with a simultaneous integrated boost technique. ADT started 2 to 3 months before HypoRT. Toxicity was prospectively assessed according to the Common Terminology Criteria for Adverse Events v3. Outcomes rates were calculated by the actuarial method of Kaplan-Meier from the date of last radiation treatment until date of event. RESULTS: We report on the first 105 patients treated between October 2010 and February 2014. Median follow-up was 74 months, with 97% of patients followed for more than 36 months. Median ADT duration was 18 months. The worst grade 2 or higher late gastrointestinal or genitourinary toxicity was seen in 7% and 9%, respectively. There was no grade 4 or 5 toxicity. At the last follow-up, the rates of grade ≥2 gastrointestinal or genitourinary toxicity were 2% and 3%, respectively, with no residual grade ≥3 toxicity. The 5- and 7-year actuarial overall survival and relapse free survival were 91% and 85% and 87% and 81%, respectively. CONCLUSIONS: The longest follow-up report of moderate HypoRT (plus ADT) to the prostate and pelvic nodes shows that this approach is feasible, well tolerated, and effective. It is convenient for patients and the health system. A larger randomized trial using this approach is warranted.",Pract Radiat Oncol,2020,10,e514-e520,10.1016/j.prro.2020.06.012,https://www.ncbi.nlm.nih.gov/pubmed/32738465,,positive,1,
24053230,Five-year outcomes after iodine-125 seed brachytherapy for low-risk prostate cancer at three cancer centres in the UK.,Dickinson PD,"OBJECTIVE: To report the outcomes of >1000 men with low-risk prostate cancer treated with low-dose-rate (LDR) brachytherapy at three large UK cancer centres. PATIENTS AND METHODS: A total of 1038 patients with low-risk prostate cancer (prostate-specific antigen [PSA] ≤10 ng/mL, Gleason score 6, ≤T2b disease) were treated with LDR iodine 125 (I-125) brachytherapy between 2002 and 2007. Patients were treated at three UK centres. PSA and clinical follow-up was performed at each centre. Biochemical recurrence-free survival was reported for the cohort. RESULTS: The median (range) PSA follow-up for the whole group was 5 years (4 months to 9 years). A total of 79 patients had biochemical failure, defined by a rise in PSA level: 16 patients fulfilled the ASTRO definition of biochemical failure, 25 patients fulfilled the Phoenix definition and 38 patients fulfilled both definitions. The 5-year biochemical relapse-free survival (bRFS) rate was 94.1% by the ASTRO definition and 94.2% by the Phoenix definition. The absence of neoadjuvant hormone therapy was predictive of inferior biochemical control as defined by the Phoenix definition (P = 0.033). CONCLUSIONS: Our prospective multicentre series showed excellent bRFS with LDR I-125 brachytherapy for patients with low-risk prostate cancer. Further work is necessary to define the role of neoadjuvant androgen deprivation therapy in combination with brachytherapy.",BJU Int,2014,113,748-53,10.1111/bju.12358,https://www.ncbi.nlm.nih.gov/pubmed/24053230,LOW RISK,positive,1,
15964706,Lack of benefit of pelvic radiation in prostate cancer patients with a high risk of positive pelvic lymph nodes treated with high-dose radiation,Vargas CE,"PURPOSE: The use of pelvic radiation for patients with a high risk of lymph node (LN) metastasis (>15%) remains controversial. We reviewed the data at three institutions treating patients with a combination of external-beam radiation therapy and high-dose-rate brachytherapy to address the prognostic implications of the use of the Roach formula and the benefit of pelvic treatment. METHODS AND MATERIALS: From 1986 to 2003, 1,491 patients were treated with external-beam radiation therapy and high-dose-rate brachytherapy. The Roach formula [2/3 prostate-specific antigen + (Gleason score -6) x 10] could be calculated for 1,357 patients. Group I consisted of patients having a risk of positive LN < or = 15% (n = 761), Group II had a risk >15% and < or = 30% (n = 422), and Group III had a risk of LN disease >30% (n = 174). A >15% risk of having positive LN was found in 596 patients and was used to determine the benefit of pelvic radiation. The pelvis was treated at two of the cancer centers (n = 312), whereas at the third center (n = 284) radiation therapy was delivered to the prostate and seminal vesicles alone. Average biologic effective dose was > or = 100 Gy (alphabeta = 1.2). Biochemical failure was as per the American Society for Therapeutic Radiology and Oncology definition. Statistics included the log-rank test as well as Cox univariate and multivariate analysis. RESULTS: For all 596 patients with a positive LN risk >15%, median follow-up was 4.3 years, with a mean of 4.8 years. For all cases, median follow-up was 4 years and mean follow-up was 4.4 years. Five-year results for the three groups based on their risk of positive LN were significantly different in terms of biochemical failure (p < 0.001), clinical control (p < 0.001), disease-free survival excluding biochemical failure (p < 0.001), cause-specific survival (p < 0.001), and overall survival (p < 0.001). For all patients with a risk of positive LN >15% (n = 596), Group II (>15-30% risk), or Group III (>30% risk), no benefit was seen in the 5-year rates of clinical failure, cause-specific survival, or overall survival with pelvic radiation. In the Cox multivariate analysis for cause-specific survival, Gleason score (p = 0.009, hazard ratio [HR] 3.1), T stage (p = 0.03, HR 1.8), and year of treatment (p = 0.05, HR 1.1) were significant. A log-rank test for cause-specific survival for all patients (n = 577) by the use of pelvic radiation was not significant (p = 0.99) accounting for high-dose-rate brachytherapy dose, neoadjuvant hormones, Gleason score, prostate-specific antigen, T stage, and year of treatment as covariates. CONCLUSIONS: The use of the Roach formula to stratify patients for clinical and biochemical outcomes is excellent. Pelvic radiation added to high prostate radiation doses did not show a clinical benefit for patients at a high risk of pelvic LN disease (>15%) selected using the Roach formula.",Int J Radiat Oncol Biol Phys,2005,1,,doi: 10.1016/j.ijrobp.2005.04.026. Epub 2005 Jun 20,https://www.ncbi.nlm.nih.gov/pubmed/15964706,,negative,0,2005.0
16259869,I-125 versus Pd-103 for low-risk prostate cancer: long-term morbidity outcomes from a prospective randomized multicenter controlled trial,Herstein A,"BACKGROUND: We tested the hypothesis that the shorter half-life of Pd-103 versus I-125 results in different late radiation-related morbidities following prostate brachytherapy. METHODS: As of June 14th, 2002, 352 of a planned total of 600 patients with 1997 American Joint Committee on Cancer (AJCC) clinical stage T1c-T2a prostatic carcinoma (Gleason grade 2-6, PSA 4-10 ng/mL) had been randomized to implantation with I-125 (144 Gy, TG-43) or Pd-103 (125 Gy, NIST-99). Treatment-related morbidity was monitored by questionnaires based on standard American Urologic Association (AUA) and Radiation Therapy Oncology Group (RTOG) criteria that were mailed at 1, 3, 6, 12, 18, and 24 months after implant. The use of alpha-blockers to relieve obstructive symptoms was not controlled for but was noted at each follow-up point. All patients reported here had a minimum follow-up of 2 years. Dosimetric parameters analyzed included the V100, which was defined as the percentage of the postimplant prostate volume covered by 100% of the prescription dose. Rectal doses were expressed as the R100, defined as the rectal volume (cc) that received at least 100% of the prescription dose. Statistical comparisons were by Student's unpaired t-test at specified follow-up times. RESULTS: The AUA scores peaked at the 1-month postimplant time point for both isotopes and gradually declined. The difference in AUA scores between patients who received I-125 versus those who received Pd-103 was greatest at 1 and 6 months following implantation. At 1 month, I-125 patients had a mean AUA score of 14.8 (+/-9.5) compared with 18.6 (+/-9.8) for the Pd-103 patients (P = 0.0009). By 6 months, mean AUA scores for the I-125 patients had decreased to 12.0 (+/-9.1) compared with 9.9 (+/-8.7) for the Pd-103 patients (P = 0.04). The use of alpha-blockers was similar between groups at all time points. Radiation proctitis (persistent bleeding) occurred in 29 of 314 patients (9%). There was an overall trend toward more proctitis in I-125 patients (P = 0.21). However, only four of the 163 patients (2%) with an R100 below the recommended 1.0 cc developed bleeding, which did not differ between isotopes (P = 0.49). DISCUSSION: Patients treated with Pd-103 had more intense radiation prostatitis in the first month after implantation, but they recovered from their radiation-related symptoms sooner than I-125 patients, consistent with palladium's shorter half-life. The trend toward more proctitis in the I-125 patient group likely reflects their higher R100 values due to less rapid dose fall-off that can be overcome with judicious treatment planning and implant execution.",Cancer J,2005,,-,doi: 10.1097/00130404-200509000-00005,https://www.ncbi.nlm.nih.gov/pubmed/16259869,,negative,0,2005.0
18932254,Biochemical recurrence after radical prostatectomy for prevalent versus incident cases of prostate cancer : implications for management.,Nguyen PL,"BACKGROUND: Among screened populations, it is unknown whether men with prostate cancer (PC) diagnosed at the initial screening (prevalent cases) have a different outcome than men who are diagnosed at subsequent screenings (incident cases) after adjusting for known prognostic factors. METHODS: The current study cohort was comprised of 1923 men from a prospective PC screening study who underwent radical prostatectomy (RP) between September 19, 1989 and May 22, 2002. Cox regression multivariate analysis was used to determine whether having prevalent PC versus incident PC was associated with the time to prostate-specific antigen (PSA) failure after RP after adjusting for PSA level, Gleason score, clinical tumor (T) classification, and year of RP. RESULTS: Men with prevalent PC had higher PSA levels (P < .001) and more advanced clinical T classification (P < .001) than men with incident PC. After a median follow-up of 6.1 years, factors that were associated with a significantly shorter time to PSA failure after RP were prevalent PC (adjusted hazard ratio [AHR], 1.8; 95% confidence interval [95% CI], 1.3-2.6; P = .0005), baseline PSA (AHR, 1.07; 95%CI, 1.04-1.09; P < .001), Gleason 7 disease (AHR, 2.5; 95% CI, 1.9-3.3; P < .001), Gleason 8 to 10 disease (AHR, 2.3; 95%CI, 1.5-3.5; P < .001), and the year of RP (AHR, 0.92; 95%CI, 0.86-0.97; P = .003). Men with prevalent PC also had worse outcomes after adjusting for their more advanced pathologic features. CONCLUSIONS: After adjusting for known prognostic factors, men with prevalent PC had a poorer outcome after RP than men with incident PC. The authors believe that this finding should be taken into consideration when weighing the risk of recurrence and treatment options for men who are diagnosed with PC on their initial screening.",Cancer,2008,113,3146-52,10.1002/cncr.23926,https://www.ncbi.nlm.nih.gov/pubmed/18932254,LOW RISK,positive,1,
25976294,High-dose-rate brachytherapy boost for prostate cancer: Outcomes and genitourinary toxicity.,Bece A,"AIMS: To report disease outcomes and late urinary toxicity profile. To assess the impact of changing technique and evolving quality assurance on genitourinary toxicity rates. METHODS AND MATERIALS: One hundred eighty patients were treated with external beam radiation therapy and high-dose-rate brachytherapy (HDRB) for localized intermediate- and high-risk prostate cancer, between December 2002 and February 2012. The HDRB technique evolved over the period of this study, from 19.5 Gy/3 (n = 68), to 17 Gy/2 (n = 40), 18 Gy/2 (n = 39), and most recently 19 Gy/2 (n = 33). In the two fraction cohort, 68 patients underwent additional correction for catheter displacement before each fraction. RESULTS: With a median followup of 5.2 years, 5-year freedom from failure was 93.7% for intermediate, and 76.0% for high risk patients. The 3- and 6-year cumulative stricture incidence for all patients was 7.8% and 15.3%, respectively. There was no statistically significant difference in stricture rate for the four dose levels used nor between the three fractions and the two fraction technique overall. The 19 Gy/2 fractionation group had the lowest 3-year stricture rate (3.0%). The addition of correction for intrafraction catheter displacement did not result in a statistically significant difference in stricture rates, although the severity of strictures has been reduced. CONCLUSIONS: Our biochemical control is consistent with other similar series. We found no increase in late urinary toxicity with a two fraction, two implant HDRB technique compared with three fractions. The HDRB dose did not correlate with stricture rates in our series. Correction of intra-fraction catheter displacement did not lead to a statistically significant reduction in stricture rates, although may have mitigated the effects of dose escalation.",Brachytherapy,2015,14,670-6,10.1016/j.brachy.2015.04.004,https://www.ncbi.nlm.nih.gov/pubmed/25976294,,positive,1,
23664646,"Long-term outcome for prostate cancer using pseudo pulse-dosed rate brachytherapy, external beam radiotherapy, and hormones.",Izard MA,"PURPOSE: We report the long-term outcomes of pulse-dose rate (PDR) brachytherapy used in a nonstandard style (pseudo-PDR) with an high-dose rate brachytherapy technique in conjunction with external beam radiotherapy (EBRT) and hormonal manipulation on prostate cancer (PC). METHODS AND MATERIALS: We treated 253 patients with Stage T1-T3 N0M0 PC, between December 1999 and March 2006. All patients received neoadjuvant androgen deprivation for a median 6 months. Treatment consisted of three pulses of pseudo-PDR brachytherapy to a median dose of 18Gy with 50.4Gy in 28 fractions of EBRT. RESULTS: At a median 6 years followup, (range, 1-11 years), 5-year overall survival was 92%, and PC-specific survival was 96%. The 5-year biochemical control (biochemical no evidence of disease) by the Phoenix definition for low-, intermediate-, and high-risk groups was 95%, 90%, and 71%, respectively (p<0.00001). At 6 years, the incidence of Radiotherapy Oncology Group Grade 2 and 3 genitourinary toxicity was 1% and 6%; Radiotherapy Oncology Group Grade 2 and 3 gastrointestinal toxicity was 4% and 0%. Erectile preservation at 3 years was 58%. The Phoenix definition best predicted clinical failure with a high specificity (94%). CONCLUSIONS: Pseudo-PDR brachytherapy plus EBRT with limited neoadjuvant hormonal manipulation is an effective treatment option in localized PC, with minimal and tolerable morbidity and provides excellent control. This technique of a modified PDR-delivery technique appears as effective as high-dose rate therapy.",Brachytherapy,2013,12,608-14,10.1016/j.brachy.2013.04.004,https://www.ncbi.nlm.nih.gov/pubmed/23664646,INTERMEDIATE RISK,positive,1,
27276878,Different outcomes among favourable and unfavourable intermediate-risk prostate cancer patients treated with hypofractionated radiotherapy and androgen deprivation therapy.,Bracci S,"BACKGROUND: to evaluate the role of a risk stratification system in intermediate-risk prostate cancer (PCa) treated with hypofractionated radiotherapy (HyRT). METHODS: 131 patients affected by intermediate-risk PCa were treated with HyRT at the total dose of 54,75 Gy in 15 fraction plus 9 months of androgen deprivation therapy (ADT). Patients were classified as favourable risk (FIR) if they had a single NCCN intermediate-risk factor (IRF), a Gleason score ≤3 + 4 = 7, and <50 % of biopsy cores containing cancer (PBCC). If these criteria were not met were classified as unfavourable risk (UIR). Univariate and multivariate analyses using Cox proportional hazards model were calculated for biochemical recurrence-free survival (bRFS), the risk of local recurrence and metastasis-free survival (MFS). RESULTS: After a median follow-up of 56.7 months (range 9.8 to 93.7 months), 11 patients (8.4 %) died, of whom 2 (1.5 %) for PCa. In the univariate analysis, Gleason score, PPBCs, IRFs and PSA at first follow-up were prognostic factors for bRFS and LF while Gleason score, PPBCs and PSA at first follow-up were significant predictor for MFS. In the multivariate analysis only the PSA at first follow-up resulted a prognostic factor for bRFS and MFS. Patients with a value of PSA at first follow-up <0.7 ng/mL respect to those with PSA ≥0,7 ng/mL had a 5y-bRFS of 93.3 % vs. 57.5 %, 5y-MFS of 99.0 % vs. 78.9 % and 5y-LF of 5.8 % vs. 38.3 %. Patients in the UIR PCa group with a PSA value <0.7 ng/mL at first follow-up had significant better bRFS, LF and MFS. CONCLUSIONS: Risk factors currently not included in the guidelines are useful to stratify patients with intermediate-risk PCa in two groups of different prognosis even when HyRT is delivered. PSA at first follow-up is useful in UIR PCa to guide the overall length of ADT.",Radiat Oncol,2016,11,78,10.1186/s13014-016-0656-0,https://www.ncbi.nlm.nih.gov/pubmed/27276878,,positive,1,
30190166,Comparison of three moderate fractionated schedules employed in high-dose-rate brachytherapy monotherapy for clinically localized prostate cancer.,Yamazaki H,"BACKGROUND: Herein, we report the outcomes of 3 schedules of high-dose-rate interstitial brachytherapy (HDR-BT) monotherapy for localized prostate cancer. PATIENTS AND METHODS: A total of 347 patients were treated with 45.5 Gy/7 fractions (n = 86; 45.5 Gy arm, median follow-up time 131 months), 49 Gy/7 fractions (n = 149; 49 Gy arm, 75.9 months), and 54 Gy/9 fractions (n = 112; 54 Gy arm, 68 months). RESULTS: The actuarial 5-year biochemical failure-free survival rates were 86.8%, 94.1%, and 88.5% (p = 0.2023) for the 45.5 Gy, 49 Gy, and 54 Gy arms in the high-risk group; 90.4%, 100%, and 97.4% (p = 0.0818) in the intermediate-risk group; and not available, 100%, and 100% in the low-risk group, respectively. The 5-year distant metastasis-free (and overall) survival rates were 94.4%, 98.2%, and 96.3% (100%, 92.8%, and 99.1%) for the 45.5 Gy, 49 Gy, and 54 Gy arms (p = 0.5454 and p = 0.0028), respectively. At 5 years, accumulated incidence of grade ≥2 gastrointestinal toxicity was 1.2%, 2.7%, and 3.4% for the 45.5 Gy, 49 Gy, and 54 Gy arms (p = 0.5605), respectively. For genitourinary toxicity, the 49 Gy arm showed a higher grade ≥2 toxicity of 20.5% than those observed in the 45.5 Gy (2.4%) and 54 Gy arms (10.1%). No grade 4 or 5 of either type of toxicity was detected. CONCLUSIONS: The 3 schedules showed equivocal outcomes in each risk group, with different toxicity profiles. HDR-BT monotherapy with these schedules is an acceptable treatment option for localized prostate cancer.",Radiother Oncol,2018,129,370-376,10.1016/j.radonc.2018.07.026,https://www.ncbi.nlm.nih.gov/pubmed/30190166,,positive,1,
22425079,Radical prostatectomy outcome in men 65 years old or older with low risk prostate cancer.,Mullins JK,"PURPOSE: A recent update of the Scandinavian Prostate Cancer Group Study-4 concluded that men older than 65 years treated with radical prostatectomy had no survival advantage compared to men treated with watchful waiting. We examined the proportion and outcomes of men 65 years old or older with low risk disease who underwent radical prostatectomy at our institution. MATERIALS AND METHODS: Our institutional radical prostatectomy database with more than 19,000 patients was queried for men 65 years old or older with low risk prostate cancer. Pathological and survival outcomes were assessed. Subanalysis was done on men 70 years old or older to determine whether outcomes among older men differed by age. RESULTS: A total of 1,560 men (8.1%) 65 years old or older with low risk prostate cancer underwent radical prostatectomy between 1983 and 2010. After radical prostatectomy 38.3% of the men had evidence of more aggressive cancer, including Gleason score 7 or greater, or extraprostatic extension. After radical prostatectomy actuarial 5, 10 and 15-year biochemical recurrence-free survival was 93.2%, 89.2% and 82.2%, prostate cancer specific survival was 99.7%, 98.4% and 97.2%, and overall survival was 96.1%, 83.5% and 60.2%, respectively. CONCLUSIONS: Fewer than 10% of men treated with radical prostatectomy at our institution were 65 years old or older with low risk prostate cancer. Despite a high prevalence of aggressive disease discovered at surgery these men experienced excellent long-term survival. Treatment recommendations in older men with low risk prostate cancer should be made after careful consideration of life expectancy based on comorbidities and potential adverse outcomes of treatment.",J Urol,2012,187,1620-5,10.1016/j.juro.2011.12.072,https://www.ncbi.nlm.nih.gov/pubmed/22425079,LOW RISK,positive,1,
32092343,Radiation Dose Escalation or Longer Androgen Suppression to Prevent Distant Progression in Men With Locally Advanced Prostate Cancer: 10-Year Data From the TROG 03.04 RADAR Trial,Joseph D,"PURPOSE: To clarify the relative effects of duration of androgen suppression (AS) and radiation dose escalation (RDE) on distant progression (DP) in men with locally advanced prostate cancer. METHODS AND MATERIALS: Participants with locally advanced prostate cancer in the TROG 03.04 RADAR trial were randomized to 6 or 18 months AS ± 18 months zoledronic acid (Z). The trial incorporated a RDE program by stratification at randomization and dosing options were 66, 70, or 74 Gy external beam radiation therapy (EBRT), or 46 Gy EBRT plus high-dose-rate brachytherapy boost (HDRB). The primary endpoint for this study was distant progression (DP). Secondary endpoints included local progression, bone progression, prostate cancer-specific mortality and all-cause mortality. Effect estimates for AS duration and RDE were derived using Fine and Gray competing risk models adjusting for use of Z, age, tumor stage, Gleason grade group, prostate-specific antigen, and treatment center. Cumulative incidence at 10 years was estimated for each RDE group. RESULTS: A total of 1051 out of 1071 randomized subjects were eligible for inclusion in this analysis. Compared with 6 months AS, 18 months AS significantly reduced DP independently of radiation dose (subhazard ratio 0.70; 95% confidence interval [CI], 0.56-0.87; P = .002). No statistically significant interaction between effect of AS duration and RT dose was observed (Wald test P = .76). In subgroup analyses, DP was significantly reduced by the longer duration of AS in the 70 Gy and HDRB groups but not in the 66 Gy and 74 Gy. Compared with 70 Gy, HDRB significantly reduced DP (subhazard ratio 0.68 [95% CI, 0.57-0.80]; P < .0001) independently of AS duration. At 10 years, adjusted cumulative incidences were 26.1% (95% CI, 18.9%-33.2%), 26.7% (22.9%-30.6%), 24.9% (20.0%-29.8%) and 19.7% (15.5%-23.8%) for DPs in the respective radiation dose groups. CONCLUSIONS: Compared with 6 months AS, 18 months AS reduced DP independently of radiation dose. Men treated with HDRB gained a significant benefit from a longer duration of AS. Evidence of improved oncologic outcomes for HDRB compared with dose-escalated EBRT needs to be confirmed in a randomized trial.",Int J Radiat Oncol Biol Phys,2020,15,,doi: 10.1016/j.ijrobp.2019.11.415,https://www.ncbi.nlm.nih.gov/pubmed/32092343,,negative,0,2020.0
32001198,The impact of very high initial PSA on oncological outcomes after radical prostatectomy for clinically localized prostate cancer,Tilki D,"BACKGROUND: To analyze oncological outcomes of very high-risk patients with initial PSA 50-99.9 and ≥100 ng/ml who underwent radical prostatectomy (RP) for clinically localized prostate cancer. METHODS: Overall, 2,811 RP patients (1992-2018) with negative preoperative CT-scan and bone scintigraphy were included. The impact of preoperative PSA level, categorized as 20-49.9 (n = 2,195) vs. 50-99.9 (n = 454) vs. ≥100 ng/ml (n = 162) on biochemical recurrence (BCR)-free survival, metastasis-free survival (MFS) and cancer-specific survival (CSS) was assessed using Kaplan-Meier and multivariable Cox regression models. RESULTS: Median follow-up was 47.5 months. Ten-year BCR-free survival rates were 46.9 vs. 32.1 vs. 29.0% within PSA-categories 20-49.9 vs. 50-99.9 vs. ≥100 ng/ml, respectively (P < 0.001). Ten-year MFS rates were 78.4 vs. 67.2 vs. 37.3% within PSA-categories 20-49.9 vs. 50-99.9 vs. ≥100 ng/ml (P < 0.001). 10-year CSS rates were 93.7 vs. 85.5 vs. 66.7% within PSA-categories 20-49.9 vs. 50-99.9 vs. ≥100 ng/ml (P < 0.001). In multivariable analyses, PSA-categories 50-99.9 ng/ml and ≥100 ng/ml were independently predicting higher risk of BCR (hazard ratio [HR]: 1.3 and 1.4), metastatic progression (HR: 1.4 and 2.3), and cancer-specific mortality (CSM, HR: 1.9 and 3.4) compared with PSA-category 20-49.9 ng/ml. CONCLUSION: Initial PSA levels ≥50 ng/ml are associated with higher risk of BCR, metastatic progression, and CSM compared with high-risk patients with PSA of 20-49.9 ng/ml. In consequence, these patients may be counseled about a potentially increased risk of undetected metastases prior to RP possibly necessitating intensified multimodal treatments in the future.",Urol Oncol,2020,38,379-385,doi: 10.1016/j.urolonc.2019.12.027. Epub 2020 Jan 27,https://www.ncbi.nlm.nih.gov/pubmed/32001198,,negative,0,2020.0
31828412,MRI targeted single fraction HDR Brachytherapy for localized Prostate Carcinoma: a feasibility study of focal radiation therapy (ProFocAL),Fischbach F,"OBJECTIVES: The aim of the study was to establish the setup and workflow for delivering focal MRI-guided high-dose-rate (HDR) brachytherapy for prostate cancer (PCA) and to assess patient comfort and safety aspects of MRI-guided single-fraction HDR. METHODS: Patients with histologically proven focal low- to intermediate-risk PCA with a single PIRADS 4/5 lesion were treated with percutaneous interstitial HDR brachytherapy in a single fraction with a minimum dose for the gross tumor volume of 20 Gy while sparing the organ at risk (OAR). Using a 3T-MRI, brachytherapy catheters were placed transgluteal in freehand technique. No antibiotic therapy or general analgesics were administered. Patient data, procedure time, patient discomfort, and complications were recorded. Quarterly PSA controls, biannual follow-up imaging, and annual re-biopsy were planned. RESULTS: So far, 9 patients were successfully treated and followed for 6 months. Mean intervention time was 34 min. Using the VAS scale, the pain reported for the intervention ranged from 2 to 3. Short-term follow-up showed no acute genitourinary or gastrointestinal toxicity so far. None of the patients displayed signs of infection. PSA levels in all patients decreased significantly. On follow up no residual PCA was detected treated region so far. PSA levels in all patients decreased significantly. On follow-up, no residual PCA was detected so far. CONCLUSIONS: MR-guided single-fraction focal HDR brachytherapy for localized PCA is feasible as well as safe for the individual patient. Catheters can be placed accurately and maximum therapeutic dose distribution can be restricted to the tumor. Countersigning the minimally invasive character of the procedure, no general anesthesia or antibiosis is necessary. KEY POINTS: • MR-guided focal HDR brachytherapy allows an accurate placement of catheters with maximum therapeutic dose distribution restricted to the tumor. • No major anesthesia or antibiosis is necessary emphasizing the minimal invasive character of the procedure. • Patients with low- and intermediate-risk prostate carcinoma in particular may benefit to halt disease progression whereas treatment-related morbidity is reduced compared with radical therapy.",Eur Radiol,2020,30,2072-2081,doi: 10.1007/s00330-019-06505-0. Epub 2019 Dec 11,https://www.ncbi.nlm.nih.gov/pubmed/31828412,,negative,0,2020.0
25911994,Combination therapy improves prostate cancer survival for patients with potentially lethal prostate cancer: The impact of Gleason pattern 5.,Liss AL,"PURPOSE: To investigate the impact of Gleason pattern 5 (GP5) prostate cancer after either external beam radiotherapy (EBRT) or the combination of EBRT with low-dose rate brachytherapy boost (combo). METHODS AND MATERIALS: Between 1998 and 2008, 467 patients with National Comprehensive Cancer Network high-risk prostate cancer were treated with EBRT (n = 326) or combo (low-dose rate to 90-108 Gy using I-125 followed by EBRT) (n = 141). Freedom from biochemical failure, freedom from metastasis (FFM), cancer-specific survival (CSS), and overall survival were evaluated. RESULTS: Combo patients were younger (66 vs. 72 years, p < 0.001) and had fewer comorbidities (Charlson comorbidity index 3.7 vs. 4.4, p < 0.001). EBRT patients had higher tumor stages (T3-4: 30% vs. 21%, p = 0.03) and lower Gleason scores (8-10: 61% vs. 75%, p = 0.01). Androgen deprivation therapy use was similar between cohorts (85% vs. 87%, p = 0.5), but EBRT patients had longer androgen deprivation therapy use (median 14 vs. 12 months, p = 0.05). GP5 predicted worse FFM (p < 0.001, hazard ratio [HR] 3.3, 95% confidence interval [CI]1.8-6.2]) and CSS (p < 0.001, HR 5.9, 95% CI 2.7-12.9) for the EBRT group, but not for the combo group (p = 0.86, HR 0.48, 95% CI 0.1-2.4 for metastasis and p = 0.5, HR 1.6, 95% CI 0.33-8.0 for CSS). In those with GP5 (n = 143), combo was associated with improved outcomes in all endpoints. On univariate analysis, 5-year outcomes for combo vs. EBRT were as follows: freedom from biochemical failure 89% vs. 65%, FFM 89% vs. 67%, CSS 93% vs. 78%, and overall survival 88% vs. 67% (p < 0.05 for all). CONCLUSION: Combo was associated with improved outcomes for men with GP5 prostate cancer. This highlights the importance of local therapy, especially in patients with the highest pathologic grade disease.",Brachytherapy,2015,14,502-10,10.1016/j.brachy.2015.02.389,https://www.ncbi.nlm.nih.gov/pubmed/25911994,,positive,1,
15747374,Cryosurgical ablation of the prostate: high risk patient outcomes,Prepelica KL,"BACKGROUND: The authors report their experience with cryosurgical ablation of the prostate in men with high-risk features for prostate carcinoma who were unwilling to undergo radical surgery or radiation therapy. METHODS: Between January 1998 and April 2002, 65 men underwent primary cryosurgery for prostate carcinoma with high-risk features. All patients had biopsy-proven prostate carcinoma without evidence for metastatic disease on magnetic resonance images, computed tomography scans, or radionuclide images of bones. High-risk parameters were defined as either a prostate-specific antigen (PSA) level >/= 10 ng/mL, or a Gleason sum score >/= 8, or both. Patients who had undergone prior surgery, radiation therapy, or cryoablation for prostate carcinoma were excluded from the study. Patients were monitored with physical examination and PSA screening every 3 months and with radiologic imaging when indicated. RESULTS: The median patient age was 72 years (range, 41-86 years), and t he median follow-up was 35 months (range, 4-77 months). There were 2 patients (3.1%) with rectal pain and incontinence. Durable PSA biochemical disease-free survival was noted in 83.3% of patients according to the American Society for Therapeutic Radiology and Oncology (ASTRO) criteria. A 6-year Kaplan-Meier analysis revealed an 81.7% ASTRO survival probability as well as PSA nadir < 4.0 ng/mL and PSA nadir < 1.0 ng/mL projections of 50% and 35%, respectively. One of 8 postcryosurgery biopsies (12.5%) were positive. No patient had progressed at last follow-up, and the overall survival rate was 100%. CONCLUSIONS: Cryoablation was a feasible treatment option in patients with organ-confined prostate carcinoma who had high-risk features. Longer follow-up will be necessary to determine the effectiveness of this approach.",Cancer,2005,15,,doi: 10.1002/cncr.20944,https://www.ncbi.nlm.nih.gov/pubmed/15747374,,negative,0,2005.0
26531200,Oncological outcomes following robotic-assisted radical prostatectomy in a multiracial Asian population,Alvin LW,"This study evaluates the oncological outcomes of RARP in a multiracial Asian population from a single institution. All suitable patients from 1st January 2003-30th June 2013 were identified from a prospectively maintained cancer registry. Peri-operative and oncological outcomes were analysed. Significance was defined as p < 0.05. There were n = 725 patients identified with a mean follow-up duration 28 months. The mean operative time, EBL and LOS were 186 min, 215 ml and 3 days, respectively. The pathological stage was pT2 in 68.6% (n = 497/725), pT3 in 31.3% (n = 227/725) and n = 1 patient with pT4 disease. The pathological Gleason scores (GS) were 6 in 27.9% (n = 202/725), GS 7 in 63.6% (n = 461/725) and GS ≥ 8 in 8.0 % (n = 58/725). The node positivity rate was 5.8% (n = 21/360). The positive margin rates were 31.0% (n = 154/497) and 70.9% (n = 161/227) for pT2 and pT3, respectively, and decreasing PSM rates are observed with surgical maturity. The biochemical recurrence rates were 9.7% (n = 48/497) and 34.2% (n = 78/228) for pT2 and pT3/T4, respectively. On multivariate analysis, independent predictors of BCR were pathological T stage and pathological Gleason score. Post-operatively, 78.5% (n = 569/725) of patients had no complications and 17.7% (n = 128/725) had minor (Clavien grade I-II) complications. This series, representing the largest from Southeast Asia, suggests that RARP can be a safe and oncologically feasible treatment for localised prostate cancer in an institution with moderate workload.",J Robot Surg,2015,9,201-9,doi: 10.1007/s11701-015-0516-1. Epub 2015 Jul 7,https://www.ncbi.nlm.nih.gov/pubmed/26531200,,negative,0,2015.0
25413406,Permanent prostate brachytherapy using high V150,Serrano NA,"PURPOSE: Prostate brachytherapy sometimes requires the volume receiving >150% of the prescribed dose (V150) to be >50% to obtain satisfactory coverage. There has been concern expressed that high V150 may be associated with higher rates of urinary retention and morbidity. METHODS AND MATERIALS: We reviewed 207 consecutive cases of prostate brachytherapy treated with palladium 103 ((103)Pd; n = 140) or iodine 125 ((125)I; n = 67). Prescribed doses for (103)Pd monotherapy and boost were 124 and 90 Gy, respectively; for (125)I, the corresponding doses were 160 and 120 Gy. Patients were evaluated at baseline, 1 month, 3 months, and every 6 months thereafter. RESULTS: Median follow-up at the time of analysis was 18 months. For (103)Pd, the mean intraoperative volume and V150 were 30.3 cm(3) and 72%, respectively; corresponding values for (125)I were 38.3 cm(3) and 59%, respectively. Two of the patients treated with iodine and 9 treated with palladium experienced acute urinary retention, which was not statistically significant (P = .48). The rectal V100 for (103)Pd was significantly less than that for (125)I (P < .001). The mean baseline, 1-month, and 12-month American Urologic Association (AUA) scores for (103)Pd were 8.5, 19.7, and 8.2, respectively; for (125)I, the values were 7.4, 17.1, and 13.4, respectively. At 12 months, the AUA scores returned to baseline in the (103)Pd-treated patients, whereas scores in (125)I-treated patients remained elevated (P = .005). High V150 did not appear to cause undue risk of urinary retention or morbidity based on logistic regression analysis of patients treated with monotherapy performed with either isotope. CONCLUSIONS: The risk of urinary retention was low, despite high V150 values for both isotopes. In patients treated with brachytherapy alone, no significant increase in urinary morbidity was seen in relation to V150. AUA scores returned to baseline in (103)Pd-treated patients at 1 year, whereas (125)I-treated patients demonstrated continued elevation.",Pract Radiat Oncol,2015,,-,doi: 10.1016/j.prro.2014.06.008. Epub 2014 Aug 7,https://www.ncbi.nlm.nih.gov/pubmed/25413406,,negative,0,2015.0
19695789,Dose-escalated radiotherapy for high-risk prostate cancer: outcomes in modern era with short-term androgen deprivation therapy,Liauw SL,"PURPOSE: Randomized data have supported the use of long-term androgen deprivation therapy (ADT) combined with radiotherapy (RT) for men with high-risk prostate cancer. The present study reviewed the outcomes of intermediate- and high-risk men treated with RT and short-term ADT. MATERIALS AND METHODS: A total of 184 men with any single risk factor of prostate-specific antigen >or=10 ng/mL, clinical Stage T2b or greater, or Gleason score >or=7 were treated with primary external beam RT for nonmetastatic adenocarcinoma of the prostate. The median radiation dose was 74 Gy; 55% were treated with intensity-modulated RT. All patients received ADT for 1 to 6 months (median, 4), consisting of a gonadotropin-releasing hormone analog. Univariate and multivariable analyses were performed for risk factors, including T stage, Gleason score, radiation dose, and prostate-specific antigen level. RESULTS: With a median follow-up of 51 months, the 4-year freedom from biochemical failure (FFBF) using the nadir plus 2 ng/mL definition was 83% for all patients. Clinical Stage T3 disease was the only variable tested associated with FFBF on univariate (4-year FFBF rate, 46% vs. 87% for Stage T1-T2c disease; p = .0303) and multivariable analysis (hazard ratio, 3.9; p = .0016). On a subset analysis of high-risk patients (National Comprehensive Cancer Network criteria), those with clinical Stage T3 disease (4-year FFBF rate, 46% vs. 80%; p = .0303) and a radiation dose <74 Gy (4-year FFBF rate, 64% vs. 80%) had a poorer outcome on univariate analysis. However, clinical Stage T3 disease and radiation dose were not significant on multivariable analysis, although a statistical multivariable trend was seen for both (p = .0650 and p = .0597, respectively). CONCLUSION: Short-term ADT and RT might be acceptable for men with intermediate- and high-risk prostate cancer, especially for clinically localized disease treated with doses of >or=74 Gy.",Int J Radiat Oncol Biol Phys,2010,1,,doi: 10.1016/j.ijrobp.2009.04.074. Epub 2009 Aug 19,https://www.ncbi.nlm.nih.gov/pubmed/19695789,,negative,0,2010.0
30566649,Long-term results of intensity-modulated radiotherapy with three dose-fractionation regimens for localized prostate cancer.,Takemoto S,"We evaluated long-term outcomes of three protocols of intensity-modulated radiation therapy (IMRT) for localized prostate cancer. Between 2005 and 2014, 348 patients were treated with 5-field IMRT. The first 74 patients were treated with a daily fraction of 2.0 Gy to 74 Gy (low-risk prostate cancer) or 78 Gy (intermediate- or high-risk prostate cancer); then 101 patients were treated with 2.1-Gy daily fractions to 73.5 or 77.7 Gy. More recently, 173 patients were treated with 2.2-Gy fractions to 72.6 or 74.8 Gy. The median age of all patients was 70 years and the median follow-up period was 82 months. The median follow-up periods were 124 months in the 2.0-Gy group, 98 months in the 2.1-Gy group, and 69 months in the 2.2-Gy group. The overall and prostate-specific antigen (PSA) failure-free survival (PSA-FFS) rates were, respectively, 89 and 68% at 10 years for the 2.0-Gy group, 91 and 84% at 8 years for the 2.1-Gy group, and 93 and 92% at 6 years for the 2.2-Gy group. The PSA-FFS rate for high-risk patients in all groups was 80% at 7 years. The cumulative incidences of Grade ≥2 late genitourinary (GU) and gastrointestinal (GI) toxicity were, respectively, 7.2 and 12.4% at 10 years for the 2.0-Gy group, 7.4 and 14.1% at 8 years for the 2.1-Gy group, and 7.1 and 7.9% at 6 years for the 2.2-Gy group. All three fractionation schedules yielded good tumor control with acceptable toxicities.",J Radiat Res,2019,60,221-227,10.1093/jrr/rry089,https://www.ncbi.nlm.nih.gov/pubmed/30566649,,positive,1,
16275680,Long-term outcomes of 60 Gy conventional radiotherapy combined with androgen deprivation for localized or locally advanced prostate cancer,Hashine K,"BACKGROUND: Until 1998 in Japan, very few institutions were treating prostate cancer solely with radiotherapy (RT) >70 Gy and most were using < or =65 Gy in combination with hormone therapy. The present study reports the long-term results of RT combined with hormone therapy for localized and locally advanced prostate cancer. METHODS: We investigated 57 patients who were treated by external beam RT plus hormone therapy (median age 79 years, median prostate-specific antigen concentration 15.0 ng/ml) between 1992 and 1998. Patients received 40 Gy of radiation to the pelvis and an additional 20 Gy as a prostatic boost. Hormone therapy was begun on the first day of irradiation and continued thereafter. RESULTS: The median follow-up was 93.3 months and the 5 and 10 year actual overall survival rates were 67.8 and 32.6%, respectively, with 5 and 10 year cause-specific survival rates of 97.9 and 95.0%, respectively. The expected survival rate was 66.2% at 5 years, and overall survival was above expected survival. Only one patient developed severe proctitis (Grade 3). The 5 year occurrence of Grade 1/2 genitourinary toxicity was 23.2%. CONCLUSIONS: Combined RT and hormone therapy has a good long-term outcome without severe adverse events. The overall survival rate compares well with the expected survival rate.",Jpn J Clin Oncol,2005,35,655-9,doi: 10.1093/jjco/hyi174. Epub 2005 Nov 7,https://www.ncbi.nlm.nih.gov/pubmed/16275680,,negative,0,2005.0
16053358,Transrectal high-intensity focused ultrasound in the treatment of localized prostate cancer,Rebillard X,"The literature concerning the efficacy and safety of transrectal high-intensity focused ultrasound (HIFU) for the treatment of localized prostate cancer still comprises a relatively small number of articles. The main studies have been published by four teams using an apparatus available in Europe for several years. The recently presented results of the European Multicentre Study and the study by Gelet and associates based on 242 patients with a follow-up of more than 1 year show that HIFU is a valid alternative for the management of welldifferentiated and moderately differentiated localized prostate cancer with an initial PSA </=15 ng/mL in men with a life expectancy >10 years. In two studies, the combination of transurethral resection of the prostate and HIFU limited the risk of postoperative urinary retention without inducing a higher complication rate. In a series of patients presenting recurrence after external-beam radiotherapy, HIFU was found to be a useful therapy, with >80% negative biopsies. The best indications for HIFU are men over the age of 65, those who are not candidates for radical prostatectomy, obese patients, or patients with comorbidities likely to make surgery more difficult. The learning curve for this technique is relatively short, between 10 and 15 patients, for urologists experienced in transrectal ultrasonography. One of the advantages of HIFU is that it can be repeated in the case of recurrence or to re-treat a prostatic site, it involves no radiation, and patients do not suffer from long-term irritative urinary symptoms.",J Endourol,2005,,-,doi: 10.1089/end.2005.19.693,https://www.ncbi.nlm.nih.gov/pubmed/16053358,,negative,0,2005.0
15734204,Limited efficacy of salvage radiotherapy for biopsy confirmed or clinically palpable local recurrence of prostate carcinoma after surgery,Choo R,"BACKGROUND AND PURPOSE: To assess the efficacy of salvage radiotherapy (RT) for biopsy confirmed or clinically palpable local recurrence of prostate adenocarcinoma after radical prostatectomy (RP). PATIENTS AND METHODS: We retrospectively analyzed 44 patients treated with salvage RT for biopsy confirmed or clinically palpable local recurrence between 1991 and 2000. Thirty-six had positive biopsy for local recurrence and the rest without histological confirmation had clinically palpable disease. All had rising PSA at the time of RT (median: 3.7). Median interval from RP to RT was 2.6 years. Thirty-six received salvage RT alone, while eight had a short course (<4 months) of androgen ablation prior to RT. RT doses were 60-66Gy in 30-33 fractions. Freedom from PSA failure was defined as the maintenance of PSA<or=0.2. RESULTS: Median follow-ups from RP and salvage RT were 8.7 and 5.5 years, respectively. All but one achieved local control clinically. The actuarial PSA relapse-free and survival rate at 5 years were 11 and 87%, respectively. On Cox regression analysis, significant predictors for relapse were PSA level prior to salvage RT, and Gleason score. CONCLUSIONS: The efficacy of salvage RT alone for local recurrence was limited. This study suggests a need to explore other strategies incorporating systemic therapy, and the importance of timely referral for consideration of salvage RT in patients with rising PSA after surgery.",Radiother Oncol,2005,74,163-7,doi: 10.1016/j.radonc.2004.11.013. Epub 2004 Dec 15,https://www.ncbi.nlm.nih.gov/pubmed/15734204,,negative,0,2005.0
26832677,Dose escalation with external beam radiation therapy and high-dose-rate brachytherapy combined with long-term androgen deprivation therapy in high and very high risk prostate cancer: Comparison of two consecutive high-dose-rate schemes.,Olarte A,"PURPOSE: To compare rectal toxicity, urinary toxicity, and nadir+2 PSA relapse-free survival (bRFS) in two consecutive Phase II protocols of high-dose-rate (HDR) brachytherapy used at the authors institution from 2001 to 2012. METHODS AND MATERIALS: Patients with National Comprehensive Cancer Network high risk and very high risk prostate cancer enrolled in studies HDR4 (2001-2007, n = 183) and HDR2 (2007-2012, n = 56) were analyzed. Patients received minipelvis external beam radiation therapy/intensity-modulated external radiotherapy to 54 Gy and 2 years of androgen blockade along with HDR brachytherapy. HDR4 protocol consisted of four 4.75 Gy fractions delivered in 48 hours; the HDR2 protocol delivered two 9.5 Gy fractions in 24 hours. Average 2-Gy equivalent dose (α/β = 1.2) prostate D90 doses for the HDR4 and HDR2 groups were 89.8 Gy and 110.5 Gy, respectively (p = 0.0001). Both groups were well balanced regarding risk factors. Prior transurethral resection of the prostate was more frequent in the HDR2 group (p = 0.001). RESULTS: After a median followup of 7.4 years (range, 2-11.2), there was no difference in adverse grade ≥ 2 rectal events (HDR4 = 10.4% vs. HDR2 = 12.5%; p = ns) or grade ≥3 (HDR4 = 2.2% vs. HDR2 = 3.6%; p = ns). No differences in urinary grade ≥2 adverse events (HDR4 = 23% vs. HDR2 = 26.8%; p = ns) or grade ≥3 (HDR4 = 7.7% vs. HDR2 = 8.9%; p = ns) were detected. The 7-year bRFS for HDR4 and HDR2 protocols was 88.7% and 87.8%, respectively (p = ns). CONCLUSIONS: HDR4 and HDR2 protocols produce similar results in terms of toxicity and bRFS at the intermediate time point of 7 years.",Brachytherapy,2016,15,127-35,10.1016/j.brachy.2015.12.008,https://www.ncbi.nlm.nih.gov/pubmed/26832677,,positive,1,
32399639,Efficacy of repeated PSMA PET-directed radiotherapy for oligorecurrent prostate cancer after initial curative therapy,Henkenberens C,"PURPOSE: To assess the outcome of prostate cancer (PCa) patients diagnosed with oligorecurrent disease and treated with a first and a second PSMA (prostate-specific membrane antigen ligand) PET(positron-emission tomography)-directed radiotherapy (RT). PATIENTS AND METHODS: Thirty-two patients with oligorecurrent relapse after curative therapy received a first PSMA PET-directed RT of all metastases. After biochemical progression, all patients received a second PSMA PET-directed RT of all metastases. The main outcome parameters were biochemical progression-free survival (bPFS) and androgen deprivation therapy-free survival (ADT-FS). The intervals of BPFS were analyzed separately as follows: the interval from the last day of PSMA PET-directed RT to the first biochemical progression was defined as bPFS_1 and the interval from second PSMA PET-directed RT to further biochemical progression was defined as bPFS_2. RESULTS: The median follow-up duration was 39.5 months (18-60). One out of 32 (3.1%) patients died after 47 months of progressive metastatic prostate cancer (mPCa). All patients showed biochemical responses after the first PSMA PET-directed RT and the median prostate-specific antigen (PSA) level before RT was 1.70 ng/mL (0.2-3.8), which decreased significantly to a median PSA nadir level of 0.39 ng/mL (range <0.07-3.8; p = 0.004). The median PSA level at biochemical progression after the first PSMA PET-directed RT was 2.9 ng/mL (range 0.12-12.80; p = 0.24). Furthermore, the PSA level after the second PSMA PET-directed RT at the last follow-up (0.52 ng/mL, range <0.07-154.0) was not significantly different (p = 0.36) from the median PSA level (1.70 ng/mL, range 0.2-3.8) before the first PSMA PET-directed RT. The median bPFS_1 was 16.0 months after the first PSMA PET-directed RT (95% CI 11.9-19.2) and the median bPFS_2 was significantly shorter at 8.0 months (95% CI 6.3-17.7) after the second PSMA PET-directed RT (p = 0.03; 95% CI 1.9-8.3). Multivariate analysis revealed no significant parameter for bPFS_1, whereas extrapelvic disease was the only significant parameter (p = 0.02, OR 2.3; 95% CI 0.81-4.19) in multivariate analysis for bPFS_2. The median ADT-FS was 31.0 months (95% CI 20.1-41.8) and multivariate analysis showed that patients with bone metastases, compared to patients with only lymph node metastases at first PSMA PET-directed RT, had a significantly higher chance (p = 0.007, OR 4.51; 95% CI 1.8-13.47) of needing ADT at the last follow-up visit. CONCLUSION: If patients are followed up closely, including PSMA PET scans, a second PSMA PET-directed RT represents a viable treatment option for well-informed and well-selected patients.",Strahlenther Onkol,2020,196,1006-1017,doi: 10.1007/s00066-020-01629-5. Epub 2020 May 12,https://www.ncbi.nlm.nih.gov/pubmed/32399639,,negative,0,2020.0
25255713,Long-term oncologic outcomes of radical prostatectomy compared with brachytherapy-based approaches for intermediate- and high-risk prostate cancer,Crook J,"PURPOSE: To review the recently published contemporary long-term outcomes from tertiary care urologic practices comparing brachytherapy-based management strategies and radical prostatectomy (RP) across intermediate- and high-risk groups. METHODS AND MATERIALS: Literature was reviewed for the past 5 years under the search terms localized prostate cancer, outcomes, brachytherapy, and adical prostatectomy. Abstracts were reviewed and excluded if results were not reported according to the recognized risk groupings or if followup was less than 5 years. RESULTS: A total of 1237 abstracts concerning adical prostatectomy and 600 concerning brachytherapy were retrieved in the initial search. Of these, 80 met the inclusion criteria, and the articles were retrieved and reviewed in detail. CONCLUSIONS: For intermediate- and high-risk prostate cancer, brachytherapy-based approaches provide superior long-term oncologic and functional outcomes. Irritative and obstructive symptoms are prominent in the first 6-12 months but resolve by 3 years for all but <5%. High-risk patients do very well with multimodality treatment combining external beam radiotherapy, a brachytherapy boost, and androgen deprivation for 9-12 months.",Brachytherapy,2015,,-,doi: 10.1016/j.brachy.2014.08.047. Epub 2014 Sep 23,https://www.ncbi.nlm.nih.gov/pubmed/25255713,,negative,0,2015.0
25733275,"Complications after radical prostatectomy or radiotherapy for prostate cancer: results of a population-based, propensity score-matched analysis",Wallis CJ,"OBJECTIVE: To assess rates of treatment-related complications after radical prostatectomy or radiotherapy monotherapy, using propensity score matching to account for baseline differences between these patient populations. METHODS: On the basis of a population-based study of men undergoing surgery or radiotherapy for prostate cancer in Ontario between 2002 and 2009, we undertook a propensity score-matched analysis including age, comorbidity, and year of treatment to assess treatment-related complication end points. These included hospital admission; urologic, rectal, or anal procedures; open surgeries; and secondary malignancies. RESULTS: From the original cohort of 32,465 patients, 15,870 (48.9%) had surgery and 16,595 (51.1%) had radiation. Propensity score matching produced 8797 pairs (17,594 patients). Among these, when compared with patients treated with surgery, those treated with radiation experienced fewer admissions to hospital (hazard ratio [HR], 0.85; 95% confidence interval [CI], 0.78-0.92) and urologic procedures (HR, 0.50; 95% CI, 0.46-0.53) at year 1 but higher rates at year 3 (HR, 5.65; 95% CI, 4.61-6.91 and HR, 1.86; 95% CI, 1.62-2.13, respectively) and year 5. Although there was no significant difference in open surgeries at year 1, patients undergoing radiotherapy were at higher risk by year 3 (HR, 2.06; 95% CI, 1.23-3.47) and this rose by year 5. Over the study period, patients undergoing radiotherapy experienced more rectal-anal procedures (HR, 2.64; 95% CI, 2.37-2.95) and were diagnosed with more secondary malignancies (HR, 2.44; 95% CI, 1.16-5.14). Direct matching produced similar results. CONCLUSION: From a propensity score-matched analysis, we found that patients undergoing radiation therapy for prostate cancer had higher rates of long-term complications in all 5 categories studied than patients undergoing surgery.",Urology,2015,85,621-7,doi: 10.1016/j.urology.2014.11.037,https://www.ncbi.nlm.nih.gov/pubmed/25733275,,negative,0,2015.0
31227400,Long-term efficacy and urological toxicity of low-dose-rate brachytherapy (LDR-BT) as monotherapy in localized prostate cancer.,Vuolukka K,"PURPOSE: The purpose of this study was to evaluate the incidence of late severe (≥Grade 3) urinary toxicity and the long-term efficacy after low-dose-rate brachytherapy (LDR-BT) in patients with localized prostate cancer (PCa). METHODS AND MATERIALS: During the years 1999-2008, 241 patients with PCa who underwent LDR-BT with I<sup>125</sup> and were followed up in Kuopio University Hospital were included to this analysis. The incidence of late severe (Grade 3) urinary toxicity and the long-term efficacy results were analyzed. RESULTS: All D'Amico risk groups were represented, as 58.9%, 35.3%, and 5.8% of the patients were classified as low-, intermediate-, and high-risk patients, respectively. With a median followup of 11.4 years after implantation, the incidence of severe urinary toxicity increased throughout the followup period. The risk of Grade 3 urinary toxicity was highest among patients with higher Gleason scores (p = 0.016) and higher initial urine residual volumes (p = 0.017) and the cumulative incidence of severe urinary toxicity was 10.0%. The crude rate for transurethral prostatic resection was 5.8%. The relapse-free survival, the cause-specific survival, and the overall survival were 79.3%, 95.0%, and 66.4%, respectively. CONCLUSIONS: The treatment was well tolerated as 90% of patients avoided any Grade 3 urinary toxicity. LDR-BT for localized PCa achieved high and durable efficacy. These results support the role of LDR-BT monotherapy as one of the valid primary treatment options for low-risk and favorable intermediate-risk patients.",Brachytherapy,2019,18,583-588,10.1016/j.brachy.2019.05.005,https://www.ncbi.nlm.nih.gov/pubmed/31227400,,positive,1,
14575824,Ten-year biochemical relapse-free survival after external beam radiation and brachytherapy for localized prostate cancer: the Seattle experience.,Sylvester JE,"PURPOSE: The role of external beam radiation therapy in addition to brachytherapy continues to be scrutinized for long term control of PSA levels after prostate cancer diagnosis. METHODS AND MATERIALS: We report 10-year biochemical relapse-free survival (BRFS) on 232 patients presenting with localized prostate cancer and consecutively treated with iodine(125) (I(125)) or palladium(103) (Pd(103)) brachytherapy and neoadjuvant external beam radiation therapy. Multivariate regression analysis was used to create a pretreatment clinical prognostic risk model using a modified ASTRO consensus definition (two consecutive rises in serum PSA) as the outcome. Gleason scoring was performed by pathologists at a small community hospital. Derived risk categories are the following: low = PSA <or=10 ng/mL, Gleason sum score <7, and stage <T2c; intermediate = PSA >10 ng/mL or Gleason Score >or=7 or stage >or=T2c (1 intermediate risk factor); and high = 2 or more intermediate risk factors. Time to PSA failure (local, distant, or biochemical) was calculated and compared using Kaplan-Meier plots. RESULTS: Ten-year BRFS for the entire treatment group was 70%. Biochemical control rates by risk cohort analysis (95% confidence interval): low risk, 85% (83.3-90.7%); intermediate risk, 77% (73.0-84.5%); and high risk, 45% (45.4-57.2%). Using a risk grouping proposed by the Mt. Sinai group, the BRFS was: low risk, 84%; intermediate risk, 93%; and high risk, 57%. Grouping by the risk classification used by D'Amico, the BRFS was: low risk, 86%; intermediate risk, 90%; and high risk, 48%. CONCLUSIONS: I(125) or Pd(103) brachytherapy, as a boost combined with EBRT, continues to result in high rates of biochemical control at 10 years. Different risk group classification schemes lead to different BRFS results.",Int J Radiat Oncol Biol Phys,2003,57,944-52,10.1016/s0360-3016(03)00739-9,https://www.ncbi.nlm.nih.gov/pubmed/14575824,HIGH RISK,positive,1,
22457326,Long-term oncological outcome and risk stratification in men with high-risk prostate cancer treated with radical prostatectomy.,Yamamoto S,"OBJECTIVE: To evaluate the long-term oncological outcome of radical prostatectomy for patients with high-risk prostate cancer. METHODS: Among 378 patients with prostate cancer who underwent radical prostatectomy at our hospital, 189 had high-risk prostate cancer defined as presenting with at least one of the following high-risk factors: prostate-specific antigen >20 ng/ml, clinical T3 and biopsy Gleason score ≥8. RESULTS: The median follow-up was 8.1 years. Of all patients, 106 and 61 had one and two high-risk factors, respectively, and the remaining 22 had all three high-risk factors. Pathological examination of the prostatectomy specimens revealed organ-confined disease, specimen-confined disease and lymph node metastasis in 80 (42%), 102 (54%) and 22 (12%), respectively. The 10-year prostate-specific antigen failure-free and local progression-free survival rates were 48.5 and 87.6%, respectively. The 10-year cancer-specific and overall survival rates were 94.1 and 88.7%, respectively. The 10-year prostate-specific antigen failure-free survivals of patients with one, two and all three high-risk factors were 58.5, 39.9 and 22.7%, respectively (P = 0.0001). Of the 106 patients with one high-risk factor only, the high Gleason score group had the best 10-year prostate-specific antigen failure-free survival (69.1%); in particular, that of patients without Gleason grade 5 was 100% (P= 0.032). CONCLUSIONS: Approximately half of patients with high-risk prostate cancer can be cured by radical prostatectomy without any adjuvant treatment. Radical prostatectomy for high-risk prostate cancer provides good long-term local cancer control and cancer-specific survival. In particular, radical prostatectomy for patients with only one high-risk factor can be considered a valuable therapeutic option as the first treatment.",Jpn J Clin Oncol,2012,42,541-7,10.1093/jjco/hys043,https://www.ncbi.nlm.nih.gov/pubmed/22457326,HIGH RISK,positive,1,
27456710,Do androgen deprivation and the biologically equivalent dose matter in low-dose-rate brachytherapy for intermediate-risk prostate cancer?,Tabata R,"The objective of this study was to investigate the impact of the biologically equivalent dose (BED) on treatment outcomes after iodine-125 low-dose-rate brachytherapy (LDR-BT) with or without supplemental external beam radiotherapy (EBRT) and androgen deprivation therapy (ADT) for intermediate-risk prostate cancer (PCa). We retrospectively evaluated 292 Japanese patients. The impact of the BED and ADT on treatment outcomes was investigated. Cox proportional hazard models were used for univariate and multivariate analysis with biological progression-free survival (bPFS) and clinical progression-free survival (cPFS) as the primary outcome measures. The median follow-up was 66 months. The bPFS and cPFS rates at 5-/7-years were 91.6/87.7% and 95.9/94.0%, respectively. When stratified by BED levels, the bPFS rates at 5-/7-years were 92.1/89.3% for <178.0 Gy2, and 91.2/86.0% for ≥178.0 Gy2 , respectively (P > 0.05). Based on ADT duration, the bPFS rates at 5-/7-years were 89.8/83.5%, 89.7/89.7%, and 97.5/97.5% for none, 1-3 months, and 4-12 months, respectively (P = 0.03). For the univariate analysis, the use of ADT and its duration were significant predictors for bPFS, whereas BED was not significant. A multivariate analysis did not indicate the use of ADT itself was significant, however, when covariates were accounted for by the duration of ADT, the longer use of ADT was found to significantly improve bPFS. Although cPFS was associated neither with the BED levels nor ADT duration (P > 0.05), ADT duration had a trend of improving cPFS (P = 0.053). The higher levels of BED did not significantly impact bPFS for intermediate-risk PCa after LDR-BT with or without supplemental EBRT and ADT. The longer duration of ADT could provide an additional benefit in the context of high-dose irradiation generated by LDR-BT.",Cancer Med,2016,5,2314-22,10.1002/cam4.820,https://www.ncbi.nlm.nih.gov/pubmed/27456710,,positive,1,
26209502,A Phase 3 Trial of 2 Years of Androgen Suppression and Radiation Therapy With or Without Adjuvant Chemotherapy for High-Risk Prostate Cancer: Final Results of Radiation Therapy Oncology Group Phase 3 Randomized Trial NRG Oncology RTOG 9902.,Rosenthal SA,"PURPOSE: Long-term (LT) androgen suppression (AS) with radiation therapy (RT) is a standard treatment of high-risk, localized prostate cancer (PCa). Radiation Therapy Oncology Group 9902 was a randomized trial testing the hypothesis that adjuvant combination chemotherapy (CT) with paclitaxel, estramustine, and oral etoposide plus LT AS plus RT would improve overall survival (OS). METHODS AND MATERIALS: Patients with high-risk PCa (prostate-specific antigen 20-100 ng/mL and Gleason score [GS] ≥ 7 or clinical stage ≥ T2 and GS ≥ 8) were randomized to RT and AS (AS + RT) alone or with adjuvant CT (AS + RT + CT). CT was given as four 21-day cycles, delivered beginning 28 days after 70.2 Gy of RT. AS was given as luteinizing hormone-releasing hormone for 24 months, beginning 2 months before RT plus an oral antiandrogen for 4 months before and during RT. The study was designed based on a 6% improvement in OS from 79% to 85% at 5 years, with 90% power and a 2-sided alpha of 0.05. RESULTS: A total of 397 patients (380 eligible) were randomized. The patients had high-risk PCa, 68% with GS 8 to 10 and 34% T3 to T4 tumors, and median prostate-specific antigen of 22.6 ng/mL. The median follow-up period was 9.2 years. The trial closed early because of excess thromboembolic toxicity in the CT arm. The 10-year results for all randomized patients revealed no significant difference between the AS + RT and AS + RT + CT arms in OS (65% vs 63%; P=.81), biochemical failure (58% vs 54%; P=.82), local progression (11% vs 7%; P=.09), distant metastases (16% vs 14%; P=.42), or disease-free survival (22% vs 26%; P=.61). CONCLUSIONS: NRG Oncology RTOG 9902 showed no significant differences in OS, biochemical failure, local progression, distant metastases, or disease-free survival with the addition of adjuvant CT to LT AS + RT. The trial results provide valuable data regarding the natural history of high-risk PCa treated with LT AS + RT and have implications for the feasibility of clinical trial accrual and tolerability using CT for PCa.",Int J Radiat Oncol Biol Phys,2015,93,294-302,10.1016/j.ijrobp.2015.05.024,https://www.ncbi.nlm.nih.gov/pubmed/26209502,,positive,1,
20864269,"Fifteen-year biochemical relapse-free survival, cause-specific survival, and overall survival following I(125) prostate brachytherapy in clinically localized prostate cancer: Seattle experience.",Sylvester JE,"PURPOSE: To report 15-year biochemical relapse-free survival (BRFS), cause-specific survival (CSS), and overall survival (OS) outcomes of patients treated with I(125) brachytherapy monotherapy for clinically localized prostate cancer early in the Seattle experience. METHODS AND MATERIALS: Two hundred fifteen patients with clinically localized prostate cancer were consecutively treated from 1988 to 1992 with I(125) monotherapy. They were prospectively followed as a tight cohort. They were evaluated for BRFS, CSS, and OS. Multivariate analysis was used to evaluate outcomes by pretreatment clinical prognostic factors. BRFS was analyzed by the Phoenix (nadir + 2 ng/mL) definition. CSS and OS were evaluated by chart review, death certificates, and referring physician follow-up notes. Gleason scoring was performed by general pathologists at a community hospital in Seattle. Time to biochemical failure (BF) was calculated and compared by Kaplan-Meier plots. RESULTS: Fifteen-year BRFS for the entire cohort was 80.4%. BRFS by D'Amico risk group classification cohort analysis was 85.9%, 79.9%, and 62.2% for low, intermediate, and high-risk patients, respectively. Follow-up ranged from 3.6 to 18.4 years; median follow-up was 15.4 years for biochemically free of disease patients. Overall median follow-up was 11.7 years. The median time to BF in those who failed was 5.1 years. CSS was 84%. OS was 37.1%. Average age at time of treatment was 70 years. There was no significant difference in BRFS between low and intermediate risk groups. CONCLUSION: I(125) monotherapy results in excellent 15-year BRFS and CSS, especially when taking into account the era of treatment effect.",Int J Radiat Oncol Biol Phys,2011,81,376-81,10.1016/j.ijrobp.2010.05.042,https://www.ncbi.nlm.nih.gov/pubmed/20864269,LOW RISK,positive,1,
22386416,Ten-year follow-up of neoadjuvant therapy with goserelin acetate and flutamide before radical prostatectomy for clinical T3 and T4 prostate cancer: update on Southwest Oncology Group Study 9109.,Berglund RK,"OBJECTIVE: To update the results with 10-year data of a phase II prospective trial of neoadjuvant hormonal therapy with goserelin acetate and flutamide followed by radical prostatectomy for locally advanced prostate cancer (SWOG 9109). The optimal management for clinical stage T3 and T4 N0,M0 prostate cancer is uncertain. MATERIALS AND METHODS: Sixty-two patients with clinical stage T3 and T4 N0,M0 prostate cancer were enrolled. Cases were classified by stage T3 vs T4 and by volume of disease (bulky >4 cm and nonbulky ≤ 4 cm). RESULTS: Fifty-five of 61 eligible patients completed the trial with radical prostatectomy after neoadjuvant androgen deprivation therapy (ADT). The median preoperative prostate-specific antigen value was 19.8 ng/mL, and 67% of patients had a Gleason score of ≥ 7. Among 41 patients last known to be alive, median follow-up is 10.6 years (range 5.1-12.6). In all, 38 patients have had disease progression (30/55, 55%) or died without progression (8/55, 15%) for a 10-year progression-free survival (PFS) estimate of 40% (95% CI 27-53). Median PFS was 7.5 years, and median survival has not been reached. The 10-year overall survival (OS) estimate is 68% (95% CI 56-80). CONCLUSIONS: In this small, prospective phase II study, neoadjuvant hormonal therapy with goserelin acetate and flutamide followed by radical prostatectomy achieves long-term PFS and OS comparable with alternative treatments. This approach is feasible and may be an alternative to a strategy of combined radiation and ADT.",Urology,2012,79,633-7,10.1016/j.urology.2011.11.019,https://www.ncbi.nlm.nih.gov/pubmed/22386416,HIGH RISK,positive,1,
24138913,Conventional versus automated implantation of loose seeds in prostate brachytherapy: analysis of dosimetric and clinical results.,Genebes C,"PURPOSE: To review the clinical outcome of I-125 permanent prostate brachytherapy (PPB) for low-risk and intermediate-risk prostate cancer and to compare 2 techniques of loose-seed implantation. METHODS AND MATERIALS: 574 consecutive patients underwent I-125 PPB for low-risk and intermediate-risk prostate cancer between 2000 and 2008. Two successive techniques were used: conventional implantation from 2000 to 2004 and automated implantation (Nucletron, FIRST system) from 2004 to 2008. Dosimetric and biochemical recurrence-free (bNED) survival results were reported and compared for the 2 techniques. Univariate and multivariate analysis researched independent predictors for bNED survival. RESULTS: 419 (73%) and 155 (27%) patients with low-risk and intermediate-risk disease, respectively, were treated (median follow-up time, 69.3 months). The 60-month bNED survival rates were 95.2% and 85.7%, respectively, for patients with low-risk and intermediate-risk disease (P=.04). In univariate analysis, patients treated with automated implantation had worse bNED survival rates than did those treated with conventional implantation (P<.0001). By day 30, patients treated with automated implantation showed lower values of dose delivered to 90% of prostate volume (D90) and volume of prostate receiving 100% of prescribed dose (V100). In multivariate analysis, implantation technique, Gleason score, and V100 on day 30 were independent predictors of recurrence-free status. Grade 3 urethritis and urinary incontinence were observed in 2.6% and 1.6% of the cohort, respectively, with no significant differences between the 2 techniques. No grade 3 proctitis was observed. CONCLUSION: Satisfactory 60-month bNED survival rates (93.1%) and acceptable toxicity (grade 3 urethritis<3%) were achieved by loose-seed implantation. Automated implantation was associated with worse dosimetric and bNED survival outcomes.",Int J Radiat Oncol Biol Phys,2013,87,651-8,10.1016/j.ijrobp.2013.08.010,https://www.ncbi.nlm.nih.gov/pubmed/24138913,LOW RISK,positive,1,
20124169,Randomized trial comparing conventional-dose with high-dose conformal radiation therapy in early-stage adenocarcinoma of the prostate: long-term results from proton radiation oncology group/american college of radiology 95-09.,Zietman AL,"PURPOSE To test the hypothesis that increasing radiation dose delivered to men with early-stage prostate cancer improves clinical outcomes. PATIENTS AND METHODS Men with T1b-T2b prostate cancer and prostate-specific antigen </= 15 ng/mL were randomly assigned to a total dose of either 70.2 Gray equivalents (GyE; conventional) or 79.2 GyE (high). No patient received androgen suppression therapy with radiation. Local failure (LF), biochemical failure (BF), and overall survival (OS) were outcomes. Results A total of 393 men were randomly assigned, and median follow-up was 8.9 years. Men receiving high-dose radiation therapy were significantly less likely to have LF, with a hazard ratio of 0.57. The 10-year American Society for Therapeutic Radiology and Oncology BF rates were 32.4% for conventional-dose and 16.7% for high-dose radiation therapy (P < .0001). This difference held when only those with low-risk disease (n = 227; 58% of total) were examined: 28.2% for conventional and 7.1% for high dose (P < .0001). There was a strong trend in the same direction for the intermediate-risk patients (n = 144; 37% of total; 42.1% v 30.4%, P = .06). Eleven percent of patients subsequently required androgen deprivation for recurrence after conventional dose compared with 6% after high dose (P = .047). There remains no difference in OS rates between the treatment arms (78.4% v 83.4%; P = .41). Two percent of patients in both arms experienced late grade >/= 3 genitourinary toxicity, and 1% of patients in the high-dose arm experienced late grade >/= 3 GI toxicity. CONCLUSION This randomized controlled trial shows superior long-term cancer control for men with localized prostate cancer receiving high-dose versus conventional-dose radiation. This was achieved without an increase in grade >/= 3 late urinary or rectal morbidity.",J Clin Oncol,2010,28,1106-11,10.1200/JCO.2009.25.8475,https://www.ncbi.nlm.nih.gov/pubmed/20124169,LOW RISK,positive,1,
30724780,Application of a Prognostic Stratification System for High-risk Prostate Cancer to Patients Treated With Radiotherapy: Implications for Treatment Optimization.,Foster B,"OBJECTIVES: We applied an established prognostic model to high-risk prostate cancer (HRPC) patients treated with radiotherapy (RT) and evaluated the influence of clinical and treatment variables on treatment outcomes. METHODS: In total, 1075 HRPC patients undergoing definitive radiotherapy (RT) between 1995 and 2010 were retrospectively reviewed. Median follow-up was 62.3 months. Patients received either dose-escalated external beam radiotherapy (n=628, EBRT) or combined-modality radiotherapy (n=447, pelvic RT and low-dose rate brachytherapy boost, CMRT). 82.9% received androgen-deprivation therapy (ADT). A prognostic model stratified patients into predefined groups (good, intermediate, and poor). Kaplan-Meier methods and Cox proportional hazards regressions assessed biochemical failure (BF), distant metastasis (DM), prostate cancer-specific mortality (PCSM) and overall mortality (OM). C-indices analyzed predictive value. RESULTS: The model was prognostic; C-indices for BF, DM, PCSM and OM were: 0.62, 0.64, 0.61, and 0.57. On multivariate analysis, CMRT and longer ADT (≥24 mo) were associated with improved BF, DM, and PCSM. Gleason score (GS) 9-10 was the strongest predictor of PCSM. C-indices for BF, DM, PCSM, and OM using a 4-compartment model incorporating GS 9-10 were: 0.62, 0.65, 0.68, and 0.56. In poor-prognosis patients (GS 8-10+additional risk factors), CMRT+LTADT (>12 mo) had 10-year PCSM (3.7%±3.6%), comparing favorably to 25.8%±9.2% with EBRT+LTADT. CONCLUSIONS: The model applies to high-risk RT patients; GS 9-10 remains a powerful predictor of PCSM. Comparing similar prognosis patients, CMRT is associated with improved disease-specific outcomes relative to EBRT. In poor-prognosis patients, CMRT+LTADT yields superior 10-year PCSM, potentially improving RT treatment personalization for those with HRPC.",Am J Clin Oncol,2019,42,382-390,10.1097/COC.0000000000000521,https://www.ncbi.nlm.nih.gov/pubmed/30724780,,positive,1,
23395456,Long-term outcomes of prostate cancer patients with Gleason pattern 5 treated with combined brachytherapy and external beam radiotherapy.,Taira AV,"PURPOSE: Recent reports have suggested relatively poor prognosis for prostate cancer patients with Gleason pattern 5 treated with dose-escalated external beam radiotherapy (XRT) and androgen deprivation therapy (ADT). We present the largest series of men with high-risk, Gleason pattern 5 prostate cancer treated with permanent interstitial brachytherapy and XRT. METHODS AND MATERIALS: Between April 1995 and December 2008, 329 consecutive patients with National Comprehensive Cancer Network high-risk disease were treated with permanent interstitial brachytherapy. Most received XRT and ADT. Median followup was 7.2 years. The cause of death was determined for each deceased patient. Multiple clinical, treatment, and dosimetric parameters were evaluated for impact on the evaluated survival parameters. RESULTS: At 10 years, biochemical progression-free survival, cause-specific survival (CSS), and overall survival for the group of high-risk patients as a whole was 91.1%, 95.5%, and 72.5%, respectively. There was no difference in biochemical progression-free survival between men with and without Gleason pattern 5 (89.7% vs. 91.8%; p=0.56). However, men with Gleason pattern 5 had lower prostate cancer CSS (90.3% vs. 98.1%; p=0.011). There was no difference in overall survival comparing men with and without Gleason pattern 5 disease (67.7% vs. 75.4%; p=0.14). CONCLUSIONS: Men with high-risk, Gleason pattern 5 histology treated with brachytherapy and XRT have excellent long-term outcomes, which compare favorably to dose-escalated XRT/ADT series without brachytherapy. Nonetheless, Gleason pattern 5 results in lower CSS than high-risk disease without Gleason pattern 5.",Brachytherapy,2013,12,408-14,10.1016/j.brachy.2012.08.004,https://www.ncbi.nlm.nih.gov/pubmed/23395456,HIGH RISK,positive,1,
30143400,Long-term outcomes analysis of low-dose-rate brachytherapy in clinically T3 high-risk prostate cancer.,Agarwal M,"PURPOSE: The available data demonstrating that superiority of LDR brachytherapy (LDR-BT) boost in high-risk prostate cancer patients under represents patients with extracapsular extension (T3a) and/or seminal vesicle invasion (T3b) have been limited. We report long-term clinical outcomes data for patients with cT3a/b disease receiving LDR-BT. METHODS AND MATERIALS: Ninety-nine men (median age: 69.4 years) with cT3a/bN0M0 high-risk prostate adenocarcinoma received definitive LDR-BT or LDR-BT boost after external beam radiation therapy (EBRT) at a single institution between 1998 and 2007. About 86% of patients received androgen deprivation therapy. Freedom from biochemical failure (FFBF), prostate cancer-specific survival (PCSS), and overall survival (OS) was calculated using the Kaplan-Meier method with the Phoenix definition used as definition of failure. Cox regression analysis was used to compare outcomes between clinical stage, initial PSA, Gleason Score, and percent core positive rate. RESULTS: With a median followup of 7 years, 7-year rate of FFBF, PCSS, and OS for the entire cohort was 65.2% (±5.6%), 90.1% (±3.6%), and 77.9% (±4.7%), respectively. LDR-BT boost patients achieved a 7-year FFBF rate of 73.5 (±6.5%). No significant difference in outcomes was present between T3a or T3b disease, Gleason score, iPSA stratification and percent core positive rates. CONCLUSIONS: LDR-BT, primarily as a boost in conjunction with ADT and EBRT, is not only feasible, but also highly effective in men with cT3a and cT3b high-risk prostate cancer resulting in excellent biochemical control and survival outcomes. LDR-BT boost implantation of patients should be strongly considered for cT3 patients given the merits of trimodality care.",Brachytherapy,2018,17,882-887,10.1016/j.brachy.2018.07.001,https://www.ncbi.nlm.nih.gov/pubmed/30143400,,positive,1,
19493260,"Outcomes for patients with high-grade prostate cancer treated with a combination of brachytherapy, external beam radiotherapy and hormonal therapy.",Stock RG,"OBJECTIVE: To assess the outcomes for patients with Gleason score 8-10 prostate cancer treated with brachytherapy, external beam radiotherapy (EBRT) and hormonal therapy (HT). PATIENTS AND METHODS: In all, 181 patients with Gleason scores 8-10 prostate cancer were treated from 1994 to 2006 with a (103)Pd implant (prescription dose 100 Gy), 45 Gy of EBRT and 9 months of HT. The median (range) follow-up was 65 (24-150) months; freedom from biochemical failure (FBF) rates were calculated using the Phoenix definition. RESULTS: The 8-year actuarial FBF, freedom from distant metastases, prostate-cancer specific survival and overall survival were 73%, 80%, 87% and 79%, respectively. The pretreatment prostate-specific antigen (PSA) level significantly affected FBF, with 8-year rates of 72%, 82% and 58% for patients with PSA level of <or=10, >10-20 and >20 ng/mL, respectively (P = 0.006). The PSA level had no significant effect on rates of distant metastases. The Gleason score had the most significant affect on FBF in a multivariate analysis, and was the only factor to significantly affect rates of distant metastases; the 8-year FBF rates were 84%, 55% and 30% for scores of 8, 9 and 10, respectively (P = 0.003). The corresponding freedom from distant metastases and prostate-cancer specific survival rates were 86%, 76%, 30% (P < 0.001) and 92%, 80%, 62.5% (P = 0.003), respectively. CONCLUSIONS: The 8-year outcomes after this regimen showed favourable biochemical and distant control, as well disease-specific survival rates for patients with Gleason scores of 8-10. This treatment approach should be considered as a viable option for this subset of patients with high-risk disease.",BJU Int,2009,104,1631-6,10.1111/j.1464-410X.2009.08661.x,https://www.ncbi.nlm.nih.gov/pubmed/19493260,HIGH RISK,positive,1,
32034540,The effect of age on cancer-specific mortality in patients with prostate cancer: a population-based study across all stages,Knipper S,"PURPOSE: To test the effect of age on cancer-specific mortality (CSM) in most contemporary prostate cancer (PCa) patients of all stages and across all treatment modalities. METHODS: Within the Surveillance, Epidemiology, and End Results database (2004-2016), we identified 579,369 PCa patients. Cumulative incidence plots and multivariable competing-risks regression analyses (MCR) were used. Subgroup analyses were performed according to ethnicity (African-Americans), clinical stage (T1-2N0M0, T3-4N0M0, TanyN1M0, and TanyNanyM1), as well as treatment modalities. RESULTS: Patient distribution was as follows: 142,338 (24.6%) < 60 years; 113,064 (19.5%) 60-64 years; 127,158 (21.9%) 65-69 years; 94,782 (16.4%) 70-74 years; and 102,027 (17.6%) ≥ 75 years. Older patients harbored worse tumor characteristics and more frequently received no local treatment. Overall, 10-year CSM rates were 4.8, 5.3, 5.9, 7.6, and 14.6%, respectively, in patients aged < 60, 60-64, 65-69, 70-74 ,and ≥ 75 years (p < 0.001). In MCR focusing on the overall cohort and T1-2N0M0 patients, older age independently predicted higher CSM, but not in T3-4N0-1M0-1 patients. CONCLUSIONS: Older age was associated with higher grade and stage and independently predicted higher CSM in T1-2N0M0 patients, but not in higher stages. Differences in diagnostics and therapeutics seem to affect elderly patients within T1-2N0M0 PCa and should be avoided if possible.",Cancer Causes Control,2020,31,283-290,doi: 10.1007/s10552-020-01273-5. Epub 2020 Feb 7,https://www.ncbi.nlm.nih.gov/pubmed/32034540,,negative,0,2020.0
19553031,Whole-pelvis radiotherapy in combination with interstitial brachytherapy: does coverage of the pelvic lymph nodes improve treatment outcome in high-risk prostate cancer?,Bittner N,"PURPOSE: To compare biochemical progression-free survival (bPFS), cause-specific survival (CSS), and overall survival (OS) rates among high-risk prostate cancer patients treated with brachytherapy and supplemental external beam radiation (EBRT) using either a mini-pelvis (MP) or a whole-pelvis (WP) field. METHODS AND MATERIALS: From May 1995 to October 2005, 186 high-risk prostate cancer patients were treated with brachytherapy and EBRT with or without androgen-deprivation therapy (ADT). High-risk prostate cancer was defined as a Gleason score of > or =8 and/or a prostate-specific antigen (PSA) concentration of > or =20 ng/ml. RESULTS: With a median follow-up of 6.7 years, the 10-year bPFS, CSS, and OS rates for the WP vs. the MP arms were 91.7% vs. 84.4% (p = 0.126), 95.5% vs. 92.6% (p = 0.515), and 79.5% vs. 67.1% (p = 0.721), respectively. Among those patients who received ADT, the 10-year bPFS, CSS, and OS rates for the WP vs. the MP arms were 93.6% vs. 90.1% (p = 0.413), 94.2% vs. 96.0% (p = 0.927), and 73.7% vs. 70.2% (p = 0.030), respectively. Among those patients who did not receive ADT, the 10-year bPFS, CSS, and OS rates for the WP vs. the MP arms were 82.4% vs. 75.0% (p = 0.639), 100% vs. 88% (p = 0.198), and 87.5% vs. 58.8% (p = 0.030), respectively. Based on multivariate analysis, none of the evaluated parameters predicted for CSS, while bPFS was best predicted by ADT and percent positive biopsy results. OS was best predicted by age and percent positive biopsy results. CONCLUSIONS: For high-risk prostate cancer patients receiving brachytherapy, there is a nonsignificant trend toward improved bPFS, CSS, and OS rates when brachytherapy is given with WPRT. This trend is most apparent among ADT-naïve patients, for whom a significant improvement in OS was observed.",Int J Radiat Oncol Biol Phys,2010,76,1078-84,10.1016/j.ijrobp.2009.02.069,https://www.ncbi.nlm.nih.gov/pubmed/19553031,HIGH RISK,positive,1,
31735483,Focal Salvage MR Imaging-Guided Cryoablation for Localized Prostate Cancer Recurrence after Radiotherapy: 12-Month Follow-up,Bomers JGR,"PURPOSE: To evaluate safety, quality of life (QoL), and local cancer control after focal salvage MR imaging-guided cryoablation in patients with local recurrence of prostate cancer (PCa) after radiotherapy. MATERIALS AND METHODS: A retrospective, single-center study was performed in 62 patients with radiorecurrent PCa who underwent MR imaging-guided cryoablation since May 2011 with a follow-up ≥12 months in December 2017. Rates and descriptions of adverse events were reported. Ablation complications were classified according to the Clavien and SIR systems. Validated questionnaires were used to observe functional outcomes and QoL before therapy and 6 and 12 months after therapy. Cancer control was defined as no biochemical failure according to Phoenix criteria and no other clinical evidence for local or metastatic disease. RESULTS: All procedures were technically feasible. The number of complications requiring major therapy (Clavien grade 3b/4 or SIR grade D/E/F) was low (2 [3.2%] and 1 [1.6%], respectively). After 12 months, the International Consultation of Incontinence Questionnaire-Short Form (P < .001) and 5-item International Index of Erectile Function (P = .001) scores became significantly worse, indicating increased symptoms of incontinence and diminished erectile function, without compromising QoL. Six patients developed metastases within 6 months. After 12 months, 36 patients (63%) were disease-free. CONCLUSIONS: Focal salvage MR imaging-guided cryoablation is safe and is associated with a high technical success rate, preservation of QoL, and local PCa control. This treatment can be a reasonable alternative to salvage radical prostatectomy in properly selected patients with low morbidity and preservation of QoL; however, longer follow-up is needed.",J Vasc Interv Radiol,2020,31,35-41,doi: 10.1016/j.jvir.2019.07.001. Epub 2019 Nov 15,https://www.ncbi.nlm.nih.gov/pubmed/31735483,,negative,0,2020.0
25596107,Brachytherapy improves biochemical failure-free survival in low- and intermediate-risk prostate cancer compared with conventionally fractionated external beam radiation therapy: a propensity score matched analysis.,Smith GD,"PURPOSE: To compare, in a retrospective study, biochemical failure-free survival (bFFS) and overall survival (OS) in low-risk and intermediate-risk prostate cancer patients who received brachytherapy (BT) (either low-dose-rate brachytherapy [LDR-BT] or high-dose-rate brachytherapy with external beam radiation therapy [HDR-BT+EBRT]) versus external beam radiation therapy (EBRT) alone. METHODS AND MATERIALS: Patient data were obtained from the ProCaRS database, which contains 7974 prostate cancer patients treated with primary radiation therapy at four Canadian cancer institutions from 1994 to 2010. Propensity score matching was used to obtain the following 3 matched cohorts with balanced baseline prognostic factors: (1) low-risk LDR-BT versus EBRT; (2) intermediate-risk LDR-BT versus EBRT; and (3) intermediate-risk HDR-BT+EBRT versus EBRT. Kaplan-Meier survival analysis was performed to compare differences in bFFS (primary endpoint) and OS in the 3 matched groups. RESULTS: Propensity score matching created acceptable balance in the baseline prognostic factors in all matches. Final matches included 2 1:1 matches in the intermediate-risk cohorts, LDR-BT versus EBRT (total n=254) and HDR-BT+EBRT versus EBRT (total n=388), and one 4:1 match in the low-risk cohort (LDR-BT:EBRT, total n=400). Median follow-up ranged from 2.7 to 7.3 years for the 3 matched cohorts. Kaplan-Meier survival analysis showed that all BT treatment options were associated with statistically significant improvements in bFFS when compared with EBRT in all cohorts (intermediate-risk EBRT vs LDR-BT hazard ratio [HR] 4.58, P=.001; intermediate-risk EBRT vs HDR-BT+EBRT HR 2.08, P=.007; low-risk EBRT vs LDR-BT HR 2.90, P=.004). No significant difference in OS was found in all comparisons (intermediate-risk EBRT vs LDR-BT HR 1.27, P=.687; intermediate-risk EBRT vs HDR-BT+EBRT HR 1.55, P=.470; low-risk LDR-BT vs EBRT HR 1.41, P=.500). CONCLUSIONS: Propensity score matched analysis showed that BT options led to statistically significant improvements in bFFS in low- and intermediate-risk prostate cancer patient populations.",Int J Radiat Oncol Biol Phys,2015,91,505-16,10.1016/j.ijrobp.2014.11.018,https://www.ncbi.nlm.nih.gov/pubmed/25596107,,positive,1,
20562373,Outcomes in localized prostate cancer: National Prostate Cancer Register of Sweden follow-up study.,Stattin P,"BACKGROUND: Treatment for localized prostate cancer remains controversial. To our knowledge, there are no outcome studies from contemporary population-based cohorts that include data on stage, Gleason score, and serum levels of prostate-specific antigen (PSA). METHODS: In the National Prostate Cancer Register of Sweden Follow-up Study, a nationwide cohort, we identified 6849 patients aged 70 years or younger. Inclusion criteria were diagnosis with local clinical stage T1-2 prostate cancer from January 1, 1997, through December 31, 2002, a Gleason score of 7 or less, a serum PSA level of less than 20 ng/mL, and treatment with surveillance (including active surveillance and watchful waiting, n = 2021) or curative intent (including radical prostatectomy, n = 3399, and radiation therapy, n = 1429). Among the 6849 patients, 2686 had low-risk prostate cancer (ie, clinical stage T1, Gleason score 2-6, and serum PSA level of <10 ng/mL). The study cohort was linked to the Cause of Death Register, and cumulative incidence of death from prostate cancer and competing causes was calculated. RESULTS: For the combination of low- and intermediate-risk prostate cancers, calculated cumulative 10-year prostate cancer-specific mortality was 3.6% (95% confidence interval [CI] = 2.7% to 4.8%) in the surveillance group and 2.7% (95% CI = 2.1% to 3.45) in the curative intent group. For those with low-risk disease, the corresponding values were 2.4% (95% CI = 1.2% to 4.1%) among the 1085 patients in the surveillance group and 0.7% (95% CI = 0.3% to 1.4%) among the 1601 patients in the curative intent group. The 10-year risk of dying from competing causes was 19.2% (95% CI = 17.2% to 21.3%) in the surveillance group and 10.2% (95% CI = 9.0% to 11.4%) in the curative intent group. CONCLUSION: A 10-year prostate cancer-specific mortality of 2.4% among patients with low-risk prostate cancer in the surveillance group indicates that surveillance may be a suitable treatment option for many patients with low-risk disease.",J Natl Cancer Inst,2010,102,950-8,10.1093/jnci/djq154,https://www.ncbi.nlm.nih.gov/pubmed/20562373,,positive,1,
25729256,Comparison of pathological and biochemical outcomes after radical prostatectomy in Korean patients with serum PSA ranges,Lee HW,"The aim of this study was to assess surgical outcome at radical prostatectomy (RP) in Korean men with a serum prostate-specific antigen (PSA) level of 2.5 to 3.0 ng/mL and compared with those of patients who had a PSA level of 3.0-4.0 and 4.0-10.0 ng/mL. We retrospectively compared clinico-pathological characteristics and biochemical recurrence (BCR) risk in patients with PSA level of 2.5-3.0 (group 1, n = 92, 5.7%), 3.0-4.0 (group 2, n = 283, 17.5%), or 4.0-10.0 ng/mL (group 3, n = 1,242, 76.8%) who underwent RP between 1995 and 2013. The pathologic characteristics including Gleason score, pathologic stage, and percentage of significant cancer in group 1 were similar to those in group 2 and group 3. Furthermore, pathological upgrading and upstaging were found in 23 (30.7%) and 10 (14.7%) in group 1, 84 (33.9%) and 19 (8.8%) in group 2, and 321 (32.8%) and 113 (12.8%) in group 3, respectively, with no significant differences among the three groups (all P > 0.05). In multivariate analysis, PSA grouping was not an independent predictor of BCR. Within the population with PSA lower than 10 ng/mL, substratification of PSA is not a significant predictor for upgrading, upstaging, or adverse prognosis.",J Korean Med Sci,2015,30,317-22,doi: 10.3346/jkms.2015.30.3.317. Epub 2015 Feb 16,https://www.ncbi.nlm.nih.gov/pubmed/25729256,,negative,0,2015.0
25994643,Robotic radical prostatectomy in high-risk prostate cancer: current perspectives,Canda AE,"Around 20%-30% of patients diagnosed with prostate cancer (PCa) still have high-risk PCa disease (HRPC) that requires aggressive treatment. Treatment of HRPC is controversial, and multimodality therapy combining surgery, radiation therapy, and androgen deprivation therapy have been suggested. There has been a trend toward performing radical prostatectomy (RP) in HRPC and currently, robot-assisted laparoscopic RP (RARP) has become the most common approach. Number of publications related to robotic surgery in HRPC is limited in the literature. Tissue and Tumor characteristics might be different in HRPC patients compared to low-risk group and increased surgical experience for RARP is needed. Due to the current literature, RARP seems to have similar oncologic outcomes including surgical margin positivity, biochemical recurrence and recurrence-free survival rates, additional cancer therapy needs and lymph node (LN) yields with similar complication rates compared to open surgery in HRPC. In addition, decreased blood loss, lower rates of blood transfusion and shorter duration of hospital stay seem to be the advantages of robotic surgery in this particular patient group. RARP in HRPC patients seems to be safe and technically feasible with good intermediate-term oncologic results, acceptable morbidities, excellent short-term surgical and pathological outcomes and satisfactory functional results.",Asian J Androl,2015,,-,doi: 10.4103/1008-682X.153541,https://www.ncbi.nlm.nih.gov/pubmed/25994643,,negative,0,2015.0
31158102,Phase 2 Multicenter Trial of Heterogeneous-dosing Stereotactic Body Radiotherapy for Low- and Intermediate-risk Prostate Cancer: 5-year Outcomes.,Fuller DB,"BACKGROUND: Stereotactic body radiation therapy is an emerging treatment for prostate cancer (PC), with potential biological and oncologic advantages. A well-established radiation dosing schedule (38Gy in 4 fractions) has shown excellent long-term efficacy in high-dose-rate (HDR) brachytherapy. OBJECTIVE: To report 5-yr efficacy, toxicity, and quality-of-life (QOL) outcomes of a novel 4-d SBRT regimen. DESIGN, SETTING, AND PARTICIPANTS: This was a single-arm prospective phase 2 trial involving 259 patients with low- or intermediate-risk PC treated at 18 US centers from December 2007 to February 2012. The median follow-up was 5yr (interquartile range 37-85mo). INTERVENTION: SBRT with 38Gy in four fractions; radiation plans mimicked HDR brachytherapy dosimetry. OUTCOME MEASUREMENTS AND STATISTICAL ANALYSIS: We measured freedom from biochemical recurrence (BCR) and assessed toxicities using the Common Terminology Criteria for Adverse Events v3.0 and QOL using the Expanded Prostate Cancer Index Composite. RESULTS AND LIMITATIONS: The 5-yr BCR-free rates were 100% and 88.5% for patients with low- and intermediate-risk PC, respectively. The cumulative 5-yr grade 2, 3, and 4 toxicity rates were 12.4%, 1.9%, and 0.4% for urinary, and 3.4%, 0%, and 0% for gastrointestinal toxicities, respectively. The median baseline prostate-specific antigen (PSA) level of 5.12ng/ml decreased to 0.1ng/ml by ≥42mo. QOL scores decreased at 1mo but returned to baseline by 6mo, with a later decline (≥24mo) in the urinary continence domain (pad use was 2% at baseline and 10% at 5yr), and lower sexual potency over time. Comparative outcomes versus other types of radiotherapy are difficult because the trial was not randomized. CONCLUSIONS: This regimen yields a high rate of BCR-free survival, with a very low median PSA nadir suggesting prostate ablation. For properly selected patients with low- or intermediate-risk PC who choose SBRT, this treatment regimen is effective. PATIENT SUMMARY: This potent four-treatment stereotactic body radiotherapy regimen appears to be effective for patients with early prostate cancer.",Eur Urol Oncol,2018,1,540-547,10.1016/j.euo.2018.06.013,https://www.ncbi.nlm.nih.gov/pubmed/31158102,,positive,1,
26004800,Duration of Androgen Deprivation Therapy Influences Outcomes for Patients Receiving Radiation Therapy Following Radical Prostatectomy,Jackson WC,"BACKGROUND: Limited data exist to guide the use of androgen deprivation therapy (ADT) for men treated with radiation therapy (RT) after radical prostatectomy (RP). The optimal duration of ADT in this setting is unknown. OBJECTIVE: To determine if the duration of ADT influences clinical outcomes for men receiving post-RP RT. DESIGN, SETTING, AND PARTICIPANTS: A total of 680 men who received adjuvant radiation therapy (n=105) or salvage radiation therapy (n=575) between 1986 and 2010 at a single tertiary care institution were reviewed retrospectively. Median follow-up post-RT was 57.8 mo. INTERVENTION: RT was delivered using three-dimensional conformal or intensity-modulated RT in 1.8-Gy fractions. For patients treated with ADT, >80% were treated with a gonadotropin-releasing hormone agonist with or without a nonsteroidal antiandrogen. OUTCOME MEASUREMENTS AND STATISTICAL ANALYSIS: Biochemical failure (BF), distant metastasis (DM), prostate cancer-specific mortality (PCSM), and overall mortality were assessed using Kaplan-Meier analysis and propensity score analysis. RESULTS AND LIMITATIONS: Overall, 144 patients (21%) received ADT with post-RP RT, most of whom had high-risk disease features such as Gleason score 8-10, seminal vesicle invasion, or pre-RT prostate-specific antigen >1 ng/ml. Median ADT duration was 12 mo (interquartile range: 6.0-23.7). Patients who received <12 mo of ADT had an association with increased BF (hazard ratio [HR]: 2.27; p=0.003) and DM (HR: 2.48; p=0.03) compared with patients receiving ≥12 mo of ADT. The 5-yr rates of DM were 6.0% and 23% for ≥12 and <12 mo of ADT, respectively. On propensity score analysis controlling for pretreatment and treatment-related factors, each month of ADT was associated with a decreased risk for BF (HR: 0.95; p=0.0004), DM (HR: 0.88; p=0.0004), and PCSM (HR: 0.90; p=0.037). These findings are limited by the retrospective nature of our analysis. CONCLUSIONS: For men with high-risk disease features receiving ADT with post-RP RT, the duration of ADT is associated with clinical outcomes. Our findings suggest that for these men an extended course of ADT ≥12 mo may be preferable. Validation of our findings is needed. PATIENT SUMMARY: We evaluated outcomes for men with high-risk disease features treated with androgen deprivation therapy (ADT) and radiotherapy after radical prostatectomy. Longer durations of ADT resulted in improved patient outcomes.",Eur Urol,2016,69,50-7,doi: 10.1016/j.eururo.2015.05.009. Epub 2015 May 21,https://www.ncbi.nlm.nih.gov/pubmed/26004800,,negative,0,2015.0
14575822,Long-term multi-institutional analysis of stage T1-T2 prostate cancer treated with radiotherapy in the PSA era.,Kuban DA,"PURPOSE: To report the long-term outcome for patients with Stage T1-T2 adenocarcinoma of the prostate definitively irradiated in the prostate-specific antigen (PSA) era. METHODS AND MATERIALS: Nine institutions combined data on 4839 patients with Stage T1b, T1c, and T2 adenocarcinoma of the prostate who had a pretreatment PSA level and had received >or=60 Gy as definitive external beam radiotherapy. No patient had hormonal therapy before treatment failure. The median follow-up was 6.3 years. The end point for outcome analysis was PSA disease-free survival at 5 and 8 years after therapy using the American Society for Therapeutic Radiology and Oncology (ASTRO) failure definition. RESULTS: The PSA disease-free survival rate for the entire group of patients was 59% at 5 years and 53% at 8 years after treatment. For patients who had received >or=70 Gy, these percentages were 61% and 55%. Of the 4839 patients, 1582 had failure by the PSA criteria, 416 had local failure, and 329 had distant failure. The greatest risk of failure was at 1.5-3.5 years after treatment. The failure rate was 3.5-4.5% annually after 5 years, except in patients with Gleason score 8-10 tumors for whom it was 6%. In multivariate analysis for biochemical failure, pretreatment PSA, Gleason score, radiation dose, tumor stage, and treatment year were all significant prognostic factors. The length of follow-up and the effect of backdating as required by the ASTRO failure definition also significantly affected the outcome results. Dose effects were most significant in the intermediate-risk group and to a lesser degree in the high-risk group. No dose effect was seen at 70 or 72 Gy in the low-risk group. CONCLUSION: As follow-up lengthens and outcome data accumulate in the PSA era, we continue to evaluate the efficacy and durability of radiotherapy as definitive therapy for early-stage prostate cancer. Similar studies with higher doses and more contemporary techniques will be necessary to explore more fully the potential of this therapeutic modality.",Int J Radiat Oncol Biol Phys,2003,57,915-28,10.1016/s0360-3016(03)00632-1,https://www.ncbi.nlm.nih.gov/pubmed/14575822,INTERMEDIATE RISK,positive,1,
31628565,Evaluation of the residual prostate cancer rate on cystoprostatectomy specimen in patients treated with radiotherapy for prostate cancer,Schlegel J,"PURPOSE: To evaluate the residual cancer rate after cystoprostatectomy (CPT) in patients with a history of radiation therapy for prostate cancer and the postoperative complication rates. MATERIAL AND METHODS: We conducted a retrospective study involving 21 patients who had a CPT over 7 years and who had a history of radiotherapy for prostate cancer. To compare results, two additional groups were created: a group of patients without a history of radiotherapy in whom a CPT was performed, and a group without a history of radiotherapy and in whom was accidentally discovered a prostate cancer after CPT on histology specimens. RESULTS: The median age at the time of radiotherapy was 69 years. The median age at the time of cystoprostatectomy was 78 years. The median PSA at the time of the intervention was 0.6 ng/ml in the group with a history of radiotherapy. The residual cancer rate was 24%. No patients had criteria for biological recurrence. There were no additional surgical complications in the radiotherapy group (p = 0.2). The rate of cutaneous ureterostomy was higher (p = 0.0006) due to increased surgical difficulties (p = 0.0009). CONCLUSION: The residual cancer rate was 24% after radiotherapy for prostate cancer. PSA alone does not appear to be sufficient to detect the persistence of residual prostate cancer after radiotherapy. There were no more surgical complications after prostate radiotherapy.",Int Urol Nephrol,2020,52,279-285,doi: 10.1007/s11255-019-02312-0. Epub 2019 Oct 18,https://www.ncbi.nlm.nih.gov/pubmed/31628565,,negative,0,2020.0
26341039,Individualization of Adjuvant Therapy After Radical Prostatectomy for Clinically Localized Prostate Cancer: Current Status and Future Directions,Mitchell DL,"Radiation therapy indications in the postprostatectomy setting are evolving. Several retrospective series have identified a number of ""high-risk"" pathologic features associated with an elevated risk of disease recurrence after radical prostatectomy. More recently, several randomized phase III trials demonstrated superior biochemical relapse-free survival for adjuvant radiation therapy after prostatectomy for patients with these high-risk pathologic features, including positive margin status, extraprostatic extension, and/or seminal vesicle invasion. These series further suggested improvement in distant metastasis control and overall survival after 15 years. However, not all patients with high-risk features experience disease recurrence after surgery alone, and some subsets of patients experience suboptimal disease control and survival despite immediate postoperative radiotherapy. Furthermore, some patients without high-risk features will develop recurrence. The present review discusses the current data and potential future directions to improve individualization of therapy after prostatectomy.",Clin Genitourin Cancer,2016,14,12-21,doi: 10.1016/j.clgc.2015.07.022. Epub 2015 Aug 6,https://www.ncbi.nlm.nih.gov/pubmed/26341039,,negative,0,2015.0
32642874,Treatment of low-risk prostate cancer: a retrospective study with 477 patients comparing external beam radiotherapy and I-125 seeds brachytherapy in terms of biochemical control and late side effects.,Moll M,"PURPOSE: The goal of our study was comparison of external beam radiotherapy (EBRT) and I‑125 seeds brachytherapy in terms of biochemical control and development of late gastrointestinal and genitourinary side effects. PATIENTS AND METHODS: 477 low-risk prostate cancer patients treated between 2000 and 2019 at our department using either I‑125 seeds brachytherapy or EBRT with a dose of 74 or 78 Gy were reviewed for our analysis. 213 patients were treated with EBRT and 264 with seeds. RESULTS: Patients were followed up yearly with a median follow-up of 70 (3-192) months. The biochemical no evidence of disease (bNED) rates after 5 years were 95% for both EBRT and seeds, and after 10 years 87% for EBRT and 94% for seeds using the Phoenix criteria, although no significant difference was observed. Concerning gastrointestinal side effects, EBRT showed significantly higher rates of RTOG grade ≥2 toxicity compared to seeds, but at no point in follow-up more than 15% of all patients. On the other hand, genitourinary side effects were significantly more prevalent in patients treated with seeds, with 40% RTOG grade ≥2 toxicity 12 months after treatment. Nevertheless, both types of side effects decreased over time. CONCLUSION: Both EBRT and seeds provide excellent biochemical control with bNED rates after 10 years of about 90%. In terms of side effects, patients treated with seeds show higher grades of genitourinary side effects, while patients treated with EBRT show higher grades of gastrointestinal side effects.",Strahlenther Onkol,2021,197,118-123,10.1007/s00066-020-01657-1,https://www.ncbi.nlm.nih.gov/pubmed/32642874,,positive,1,
20707801,Prostate cancer death is unlikely in high-risk patients following quality permanent interstitial brachytherapy.,Merrick GS,"OBJECTIVE: To evaluate cause-specific survival (CSS), biochemical progression-free survival (bPFS) and overall survival (OS) in high-risk prostate cancer brachytherapy patients. PATIENTS AND METHODS: From April 1995 to June 2005, 284 patients with high-risk prostate cancer (Gleason score ≥ 8 or prostate-specific antigen > 20 ng/mL or clinical stage ≥ T2 c) underwent brachytherapy. Supplemental external beam radiation therapy was given to 257 (90.5%) patients and 179 (63.0%) received androgen deprivation therapy (ADT). Median follow up was 7.8 years. The median post-implant day 0 D90 was 118.9% of prescription dose. Patients with metastatic prostate cancer or castrate-resistant disease without obvious metastases who died of any cause were classified as dead from prostate cancer. Multiple parameters were evaluated for impact on survival. RESULTS: Twelve-year CSS, bPFS and OS were 94.2%, 89.0% and 69.7%. On multivariate analysis, bPFS was best predicted by percent positive biopsies and ADT. The analysis failed to identify any predictors for CSS, while OS was highly correlated with patient age, percent positive biopsies and diabetes. Fourteen percent of patients died from diseases of the heart, while 8%, 8% and 6% of patients died from non-prostate cancer, other causes and prostate cancer, respectively. When OS was stratified by patients with 0-3 vs ≥ 4 comorbidities, the 12-year OS was 73.0% and 52.7% (P = 0.036). CONCLUSIONS: High-quality brachytherapy results in favourable bPFS and CSS for high-risk patients. Death from diseases of the heart is more than twice as likely as death from prostate cancer. Strategies to improve cardiovascular health may positively impact OS.",BJU Int,2011,107,226-32,10.1111/j.1464-410X.2010.09486.x,https://www.ncbi.nlm.nih.gov/pubmed/20707801,HIGH RISK,positive,1,
27997745,"Impact of treatment on progression to castration-resistance, metastases, and death in men with localized high-grade prostate cancer.",Miller ET,"Men with high-grade prostate cancer (HGPC) are at greatest risk of disease progression. Clinical risk factors associated with castration-resistant prostate cancer (CRPC), metastases, and prostate cancer-specific mortality (PCSM) were identified in a contemporary HGPC cohort. Clinical data was collected from men diagnosed with Gleason sum (GS) ≥8 at the Greater Los Angeles Veterans Affairs (GLA-VA) Healthcare System between 2000 and 2013. Multivariable competing risks regression analyses assessed progression to CRPC, metastases, and PCSM within three treatment strata. The cumulative incidence of disease progression was calculated at 2, 5, and 10-year time points. Review of 2149 prostate cancer cases yielded 322 with HGPC. Median survival times for cancer-specific and overall mortality were significantly shorter in men treated with primary androgen deprivation therapy (ADT) (P = 0.0002 and P < 0.0001). Multivariable analyses revealed that clinical stage N1, GS 10, and treatment with primary ADT were significantly associated with increased risk of CRPC, metastases, and PCSM. Significant differences in these outcomes were not observed in men treated with radical prostatectomy (RP) when compared to those treated with radiation therapy combined with short-term ADT (XRT-ADT). Ten-year event rates of progression to CRPC, metastases, and PCSM, for men treated with primary ADT, were 45.5%, 25.4%, and 25.1%, respectively. In conclusion, GS 10 and lymph node involvement, as well as primary ADT treatment in men with HGPC was associated with increased risk of CRPC, metastases, and PCSM. Curative-intent treatment with RP or XRT-ADT is associated with reduced progression rates and death in men with HGPC.",Cancer Med,2017,6,163-172,10.1002/cam4.981,https://www.ncbi.nlm.nih.gov/pubmed/27997745,,positive,1,
20005453,Outcomes following iodine-125 monotherapy for localized prostate cancer: the results of leeds 10-year single-center brachytherapy experience,Henry AM,"PURPOSE: This study reports the 10-year experience of permanent brachytherapy monotherapy at a single UK center. METHODS AND MATERIALS: Between March 1995 and September 2004, 1,298 patients underwent trans-rectal ultrasound (TRUS) planned transperineal brachytherapy delivering 145 Gy using I-125. No patient received supplemental external beam; 44.2% received neoadjuvant hormones. In 688, CT postimplant dosimetry was available. Outcome data were analyzed in terms of overall survival (OS), disease specific survival (DSS), and PSA relapse-free survival (PSA-RFS). RESULTS: The mean age was 62.9 (range, 34-83) years. Median follow-up was 4.9 years (range, 2.03-11.7 years). OS and DSS were 85% and 95%, respectively, at 10 years. Twenty-one patients died from prostate cancer (1.6%) and 34 (2.5%) from unrelated causes. Seventy-four (5.7%) developed evidence of clinical failure. Overall PSA-RFS was 79.9% and 72.1% at 10 years (American Society for Therapeutic Radiology and Oncology [ASTRO] and Nadir+2 definitions, respectively). Higher presenting PSA or Gleason score and use of neoadjuvant hormones were associated with an increased risk of biochemical failure (p <0.01). Biochemical control was achieved in 86.4%, 76.7%, and 60.6% (ASTRO) and 72.3%, 73.5%, and 57.6% (Nadir+2) of patients in low-, intermediate-, and high-risk groups, respectively. Biochemical control was achieved in 88% of patients with D(90) > or =140 Gy and in 78% of patients with D(90) <140 Gy (p <0.01). CONCLUSIONS: I-125 brachytherapy alone achieved excellent rates of medium-term biochemical control in both low- and selected intermediate-risk localized prostate cancer patients. Postimplant dosimetry improved with experience and longer follow-up, confirming the relationship of D(90) with biochemical control.",Int J Radiat Oncol Biol Phys,2010,1,,doi: 10.1016/j.ijrobp.2009.01.050,https://www.ncbi.nlm.nih.gov/pubmed/20005453,,negative,0,2010.0
28296582,Randomized Trial of a Hypofractionated Radiation Regimen for the Treatment of Localized Prostate Cancer.,Catton CN,"Purpose Men with localized prostate cancer often are treated with external radiotherapy (RT) over 8 to 9 weeks. Hypofractionated RT is given over a shorter time with larger doses per treatment than standard RT. We hypothesized that hypofractionation versus conventional fractionation is similar in efficacy without increased toxicity. Patients and Methods We conducted a multicenter randomized noninferiority trial in intermediate-risk prostate cancer (T1 to 2a, Gleason score ≤ 6, and prostate-specific antigen [PSA] 10.1 to 20 ng/mL; T2b to 2c, Gleason ≤ 6, and PSA ≤ 20 ng/mL; or T1 to 2, Gleason = 7, and PSA ≤ 20 ng/mL). Patients were allocated to conventional RT of 78 Gy in 39 fractions over 8 weeks or to hypofractionated RT of 60 Gy in 20 fractions over 4 weeks. Androgen deprivation was not permitted with therapy. The primary outcome was biochemical-clinical failure (BCF) defined by any of the following: PSA failure (nadir + 2), hormonal intervention, clinical local or distant failure, or death as a result of prostate cancer. The noninferiority margin was 7.5% (hazard ratio, < 1.32). Results Median follow-up was 6.0 years. One hundred nine of 608 patients in the hypofractionated arm versus 117 of 598 in the standard arm experienced BCF. Most of the events were PSA failures. The 5-year BCF disease-free survival was 85% in both arms (hazard ratio [short v standard], 0.96; 90% CI, 0.77 to 1.2). Ten deaths as a result of prostate cancer occurred in the short arm and 12 in the standard arm. No significant differences were detected between arms for grade ≥ 3 late genitourinary and GI toxicity. Conclusion The hypofractionated RT regimen used in this trial was not inferior to conventional RT and was not associated with increased late toxicity. Hypofractionated RT is more convenient for patients and should be considered for intermediate-risk prostate cancer.",J Clin Oncol,2017,35,1884-1890,10.1200/JCO.2016.71.7397,https://www.ncbi.nlm.nih.gov/pubmed/28296582,,positive,1,
32398040,PEACE V - Salvage Treatment of OligoRecurrent nodal prostate cancer Metastases (STORM): a study protocol for a randomized controlled phase II trial,De Bruycker A,"BACKGROUND: Pelvic nodal recurrences are being increasingly diagnosed with the introduction of new molecular imaging techniques, like choline and PSMA PET-CT, in the restaging of recurrent prostate cancer (PCa). At this moment, there are no specific treatment recommendations for patients with limited nodal recurrences and different locoregional treatment approaches are currently being used, mostly by means of metastasis-directed therapies (MDT): salvage lymph node dissection (sLND) or stereotactic body radiotherapy (SBRT). Since the majority of patients treated with MDT relapse within 2 years in adjacent lymph node regions, with an estimated median time to progression of 12-18 months, combining MDT with whole pelvic radiotherapy (WPRT) may improve oncological outcomes in these patients. The aim of this prospective multicentre randomized controlled phase II trial is to assess the impact of the addition of WPRT to MDT and short-term androgen deprivation therapy (ADT) on metastasis-free survival (MFS) in the setting of oligorecurrent pelvic nodal recurrence. METHODS & DESIGN: Patients diagnosed with PET-detected pelvic nodal oligorecurrence (≤5 nodes) following radical local treatment for PCa, will be randomized in a 1:1 ratio between arm A: MDT and 6 months of ADT, or arm B: WPRT added to MDT and 6 months of ADT. Patients will be stratified by type of PET-tracer (choline, FACBC or PSMA) and by type of MDT (sLND or SBRT). The primary endpoint is MFS and the secondary endpoints include clinical and biochemical progression-free survival (PFS), prostate cancer specific survival, quality of life (QoL), toxicity and time to castration-resistant prostate cancer (CRPC) and to palliative ADT. Estimated study completion: December 31, 2023. DISCUSSION: This is the first prospective multicentre randomized phase II trial assessing the potential of combined WPRT and MDT as compared to MDT alone on MFS for patients with nodal oligorecurrent PCa. TRIAL REGISTRATION: ClinicalTrials.gov Identifier: NCT03569241, registered June 14, 2018, ; Identifier on Swiss National Clinical Trials Portal (SNCTP): SNCTP000002947, registered June 14, 2018.",BMC Cancer,2020,12,,doi: 10.1186/s12885-020-06911-4,https://www.ncbi.nlm.nih.gov/pubmed/32398040,,negative,0,2020.0
24360880,The 15-year outcomes of high-dose-rate brachytherapy for radical dose escalation in patients with prostate cancer - a benchmark for high-tech external beam radiotherapy alone?,Galalae RM,"PURPOSE: Dose escalation using high-dose-rate brachytherapy (HDR-BT) is an established treatment method for prostate cancer. First, long-term results were previously published (specific Kiel method). This study aims to evaluate 10-/15-year outcomes of Kiel Protocol 1 (1986-1992). METHODS AND MATERIALS: Conformal external beam radiotherapy (EBRT) was delivered to the pelvis (50 Gy per conventional fractionation) along with an HDR boost to the prostate amounting to a combined biologic equivalent dose in 2 Gy per fraction of 117.25 Gy (α/β = 3). The HDR-BT was performed in two fractions of 15 Gy to the peripheral zone of McNeal. The EBRT-clinical target volume covered the full pelvis. The analyzed cohort totaled 122 patients. The reported end points were overall/cancer-specific survival, local recurrence/distant metastasis rates, and biochemical (BC) control rates according to American Society for Therapeutic Radiology and Oncology/Phoenix definitions. All end points were calculated using the Kaplan-Meier method and the log-rank test in univariate analyses. RESULTS: The mean follow-up time was 116.8 months. The 5-, 10-, and 15-year survival rates were 81%, 62.1%, and 45% for overall survival; 92.1%, 83.1%, and 75.3% for cancer-specific survival; 92.5%, 91.4%, and 83.9% for local recurrence-free survival; and 83.8%, 81.2%, and 69.8% for distant metastasis-free survival, respectively. American Society for Therapeutic Radiology and Oncology-defined BC tumor control rates at 5, 10, and 15 years were 81.1%, 74%, and 67.8%, respectively. According to Phoenix, the BC control rates at 5, 10, and 15 years were 77.8%, 69%, and 63.6%, respectively. CONCLUSIONS: The long-term results for the combination of HDR-BT and EBRT continue to show excellent results, providing high equivalent dose in 2 Gy per fraction and high disease control rates. These outcomes were reproducible for the extended follow-up period ranging up to 21.9 years.",Brachytherapy,2014,13,117-22,10.1016/j.brachy.2013.11.002,https://www.ncbi.nlm.nih.gov/pubmed/24360880,HIGH RISK,positive,1,
33258482,Impact of radiation dose on recurrence in high-risk prostate cancer patients.,Deek M,"BACKGROUND: Dose escalated radiation therapy (RT) combined with long-term androgen deprivation therapy (ADT) is a standard of care option for men with high-risk and locally advanced prostate cancer (PCa). However, the optimal dose of escalated RT and ADT is not known. Here we assessed the impact of radiation dose and length of ADT on biochemical recurrence in a multi-institutional cohort stratified by the Cambridge prognostic group (CPG). We hypothesized that radiation dose and length of ADT would impact outcome in similar risk groups of our patients. METHODS: Two-hundred and forty-four patients were included, 132 from Oslo University Hospital, Department of Oncology and 112 from Johns Hopkins Hospital, Department of Radiation Oncology. Biochemical recurrence was defined as prostate-specific antigen (PSA) nadir +2 ng/mL. Time to recurrence was estimated using Kaplan-Meier analysis and when stratified by CPG the log-rank test was used. Cox regression analysis was performed to identify factors associated with risk of recurrence. Site of recurrence was investigated. RESULTS: The median follow-up time was 7.4 years. The vast majority (71%) of patients were classified as high-risk (CPG 4) or very high-risk features (CPG 5). Significantly more PSA recurrences occurred in CPG 5 (41%) compared with CPG 4 (25%) (P = .04) and five-year cumulative recurrence-free survival was lower for CPG 4 and 5 (89% and 68%) compared with CPG 1, 2, and 3 (100%, 100%, and 93%). The recurrence-free survival for CPG 5 was significantly higher for prostate irradiation of 80 Gy as compared with 74 Gy (P = .011). For CPG 4 and 5 no local recurrences were detected in patients receiving 80 Gy. On stepwise Cox regression analysis neither age nor length of ADT were independent prognostic factors for recurrence free survival. CONCLUSION: Prostate dose escalation from 74 to 80 Gy decreases risk of recurrence in high-risk PCa. Further studies are needed to identify the optimal combination of ADT and RT.",Prostate,2020,80,1322-1327,10.1002/pros.24059,https://www.ncbi.nlm.nih.gov/pubmed/33258482,,positive,1,
19289266,Radiation dose predicts for biochemical control in intermediate-risk prostate cancer patients treated with low-dose-rate brachytherapy.,Ho AY,"PURPOSE: To evaluate the influence of patient- and treatment-related factors on freedom from biochemical failure (FFbF) in patients with intermediate-risk prostate cancer. METHODS AND MATERIALS: From a prospectively collected database of 2250 men treated at Mount Sinai Hospital from 1990 to 2004 with low-dose-rate brachytherapy for prostate cancer, 558 men with either one or more intermediate-risk features (prostate-specific antigen [PSA] level 10-20 ng/mL, Gleason score 7, or Stage T2b) were identified who had a minimum follow-up of 24 months and postimplant CT-based dosimetric analysis. Biologically effective dose (BED) values were calculated to compare doses from different isotopes and treatment regimens. Patients were treated with brachytherapy with or without hormone therapy and/or external-beam radiotherapy. Patient- and treatment-related factors were analyzed with respect to FFbF. The median follow-up was 60 months (range, 24-167 months). Biochemical failure was defined according to the Phoenix definition. Univariate analyses were used to determine whether any variable was predictive of FFbF. A two-sided p value of <0.05 was considered significant. RESULTS: Overall, the actuarial FFbF at 10 years was 86%. Dose (BED <150 Gy(2) vs. >or=150 Gy(2)) was the only significant predictor of FFbF (p < 0.001). None of the other variables (PSA, external-beam radiotherapy, Gleason score, treatment type, hormones, stage, and number of risk factors) was found to be a statistically significant predictor of 10-year FFbF. CONCLUSIONS: Radiation dose is an important predictor of FFbF in intermediate-risk prostate cancer. Treatment should continue to be individualized according to presenting disease characteristics until results from Radiation Therapy Oncology Group trial 0232 become available.",Int J Radiat Oncol Biol Phys,2009,75,16-22,10.1016/j.ijrobp.2008.10.071,https://www.ncbi.nlm.nih.gov/pubmed/19289266,INTERMEDIATE RISK,positive,1,
30721720,Ten-Year Outcomes of Moderately Hypofractionated (70 Gy in 28 fractions) Intensity Modulated Radiation Therapy for Localized Prostate Cancer.,Abu-Gheida I,"PURPOSE: Long-term outcomes with hypofractionated radiation therapy for prostate cancer are limited. We report 10-year outcomes for patients treated with intensity modulated radiation therapy (IMRT) for localized prostate cancer with 70 Gy in 28 fractions at 2.5 Gy per fraction. METHODS AND MATERIALS: The study included 854 consecutive patients with localized prostate cancer treated with moderately hypofractionated IMRT and daily image guidance at a single institution between 1998 and 2012. Patients with a single intermediate risk factor were considered to have favorable intermediate-risk (FIR) disease, and those with multiple intermediate risk factors were considered unfavorable (UIR). Biochemical relapse-free survival, clinical relapse-free survival, and overall survival were analyzed using Kaplan-Meier analysis. Prostate cancer-specific mortality (PCSM) was analyzed using competing risk regression. All grade ≥3 genitourinary (GU) and gastrointestinal (GI) toxicities were recorded using Common Terminology Criteria for Adverse Event version 4.03, and cumulative incidence rates of GU and GI toxicity were calculated. RESULTS: The median follow-up was 11.3 years (maximum, 19 years). For patients with low-risk (LR), FIR, UIR, and high-risk (HR) disease, the 10-year biochemical relapse free survival rates were 88%, 78%, 71%, and 42%, respectively, (P < .0001). The 10-year clinical relapse free survival were 95%, 91%, 85%, and 72% for patients with LR, FIR, UIR, and HR, respectively, (P < .0001). For all patients, the 10-year actuarial overall survival rate was 69% (95% confidence interval, 66%-73%), and the 10-year PCSM was 6.8% (95% confidence interval, 5.1%-8.6%) overall. For patients with LR, FIR, UIR and HR disease, the 10-year PCSM rates were 2%, 5%, 5%, and 15%. Long-term grade ≥3 GU or GI toxicity remained low with 10-year cumulative incidences of 2% and 1%, respectively. CONCLUSIONS: High-dose moderately hypofractionated IMRT with daily image guidance for localized prostate cancer demonstrates favorable 10-year oncologic outcomes with a low incidence of toxicity. This fractionation schedule appears to be acceptable for patients across all risk groups.",Int J Radiat Oncol Biol Phys,2019,104,325-333,10.1016/j.ijrobp.2019.01.091,https://www.ncbi.nlm.nih.gov/pubmed/30721720,,positive,1,
32111781,Clinical Outcomes of Dose-escalated Radiotherapy for Localised Prostate Cancer: A Single-institution Experience.,Meng K,"BACKGROUND/AIM: To report the outcomes of patients with prostate cancer treated with dose-escalated radiotherapy over a 15-year period at our Institution. PATIENTS AND METHODS: Patients with biopsy-proven cT1-4N0M0 disease who received radical external beam radiotherapy (EBRT) were reviewed. The endpoints were 5-year overall survival (OS), freedom from biochemical failure (FFBF) and late treatment toxicities. RESULTS: A total of 236 patients were eligible. Median follow-up was 70 months. Low-, intermediate- and high-risk disease was found in 9%; 29% and 62% of patients, respectively. The median radiation dose was 73.8 Gy. Overall 42% of patients had dose escalation to >74 Gy. Five-year OS and FFBF were 95.2%/81.6%/75.4% and 95.0%/98.0%/82.0% for low-/intermediate-/high-risk patients, respectively. Dose escalation to >74 Gy did not improve FFBF (hazard ratio=0.97, 95% confidence intervaI=0.43-2.19, p=0.93) and was associated with a 4.3-fold increase in the odds of grade 3 or more rectal bleeding (p<0.01). CONCLUSION: Dose escalation to >74 Gy did not improve OS or FFBF but was associated with a higher rate of grade 3 or more rectal haemorrhage.",In Vivo,2020,34,757-765,10.21873/invivo.11835,https://www.ncbi.nlm.nih.gov/pubmed/32111781,,positive,1,
20201830,Relationship between prostate cancer mortality and number of unfavourable risk factors in men treated with definitive brachytherapy,Taira AV,"OBJECTIVE: To explore whether the number of unfavourable pretreatment risk factors predicts cause-specific mortality in men treated with prostate brachytherapy. PATIENTS AND METHODS: Between April 1995 and March 2006, 739 patients were treated who had at least one of the following adverse risk factors: pretreatment prostate-specific antigen (PSA) level of >10 ng/mL, a Gleason score of > or =7, clinical stage > or =T2b, or a PSA velocity (PSAV) of >2 ng/mL/year. Supplemental external beam radiotherapy (EBRT) was delivered to 464 (62.8%) men and 301 (40.7%) received androgen deprivation therapy (ADT). Of men with more than two risk factors, 87% received EBRT and 62% received ADT. RESULTS: The biochemical progression-free survival (bPFS), cause-specific survival (CSS) and overall survival for all patients were 95.0%, 97.9% and 70.0% at 12 years. Men with three or four risk factors had a prostate cancer-specific mortality (PCSM) at 12 years of 5.3%, vs 1.7% for men with one or two risk factors (P= 0.006). When 'percentage of positive biopsy cores >50%' replaced PSAV as a risk factor, men with two or more risk factors had a PCSM of 8.9%, vs 1.0% for men with one or two risk factors (P= 0.001). There was no difference in all-cause mortality between the groups in either analysis. CONCLUSION: Multimodal brachytherapy results in high rates of bPFS and CSS, even for men with several unfavourable risk factors. Men with two or more unfavourable risk factors had a slightly greater risk of PCSM and no difference in all-cause mortality. The presence of three or four unfavourable intermediate-risk factors does not appear to clearly identify a group that requires further treatment intensification, although the percentage of positive cores might be more predictive than PSAV.",BJU Int,2010,106,809-14,doi: 10.1111/j.1464-410X.2010.09269.x. Epub 2010 Mar 1,https://www.ncbi.nlm.nih.gov/pubmed/20201830,,negative,0,2010.0
25765848,Salvage radical prostatectomy after external beam radiation therapy: a systematic review of current approaches,Matei DV,"BACKGROUND: Radical external beam radiotherapy (EBRT) is a standard treatment for prostate cancer patients. Despite this, the rate of intraprostatic relapses after primary EBRT is still not negligible. There is no consensus on the most appropriate management of these patients after EBRT failure. For these patients, local salvage therapy such as radical prostatectomy, cryotherapy, and brachytherapy may be indicated. OBJECTIVE: The objectives of this review were to analyze the eligibility criteria for careful selection of appropriate patients and to evaluate the oncological results and complications for each method. METHODS: A review of the literature was performed to identify studies of local salvage therapy for patients who had failed primary EBRT for localized prostate cancer. RESULTS: Most studies demonstrated that local salvage therapy after EBRT may provide long-term local control in appropriately selected patients, although toxicity is often significant. CONCLUSIONS: Our results suggest that for localized prostate cancer recurrence after EBRT, the selection of a local treatment modality should be made on a patient-by-patient basis. An improvement in selection criteria and an integrated definition of biochemical failure for all salvage methods are required to determine which provides the best oncological outcome and least comorbidity.",Urol Int,2015,94,373-82,doi: 10.1159/000371893. Epub 2015 Mar 4,https://www.ncbi.nlm.nih.gov/pubmed/25765848,,negative,0,2015.0
27600607,Treatment results of brachytherapy vs. external beam radiation therapy for intermediate-risk prostate cancer with 10-year followup.,Goy BW,"PURPOSE: To compare 10-year treatment outcomes of brachytherapy vs. external beam radiation therapy for patients with intermediate-risk prostate cancer (IRPC). METHODS AND MATERIALS: Between 2004 and 2007, 93 IRPC patients underwent brachytherapy using iodine-125 to a dose of 145 Gy without supplemental external radiation. A retrospective comparison was performed to a contemporary cohort of 597 patients treated with external beam radiation therapy to a median dose of 75.3 Gy using a propensity score-matched analysis. RESULTS: Median followup was 7.8 years. With brachytherapy, 51.6% had Gleason score 7 vs. 72.0% for external radiation (p < 0.001). Median initial prostate-specific antigen was 8.3 for brachytherapy vs. 9.4 for external radiation (p = 0.01). Neoadjuvant androgen deprivation therapy was given in 59.5% of external radiation vs. 10.8% of brachytherapy patients (p < 0.001). The 10-year freedom from biochemical failure (FFBF) for brachytherapy was 81.7% vs. 54.5% for external radiation (p = 0.002). Unfavorable intermediate-risk patients experienced borderline significant improved FFBF with brachytherapy (p = 0.08). The 10-year freedom from salvage therapy for brachytherapy was 93.2% vs. 72.2% for external radiation (p = 0.006). There were no significant differences in distant metastases-free survival, prostate cancer-specific survival, or overall survival after adjusting for age. Multivariate analysis with propensity score matching showed that brachytherapy remained an independent predictor for improved FFBF (p = 0.007). Grade 1 and 2 late rectal complication rate was 6.5% for brachytherapy vs. 15.2% for external radiation (p = 0.02). CONCLUSIONS: Brachytherapy using iodine-125 without supplemental external radiation is a reasonable treatment option for selected IRPC patients.",Brachytherapy,2016,15,687-694,10.1016/j.brachy.2016.06.015,https://www.ncbi.nlm.nih.gov/pubmed/27600607,,positive,1,
25662301,Patient-reported urinary incontinence and erectile dysfunction following radical prostatectomy: results from the European Prostate Centre Innsbruck,Geiger-Gritsch S,"INTRODUCTION: Urinary and erectile functions were assessed by using self-administered validated questionnaires in patients undergoing radical prostatectomy. MATERIALS AND METHODS: In a prospective observational study, a total of 253 consecutive patients diagnosed with clinically localised prostate cancer between 2008 and 2009 at the European Prostate Centre Innsbruck were included. Patient-reported outcomes were assessed before radical prostatectomy and 12 months postoperatively using the validated International Consultation on Incontinence Questionnaire (ICIQ) and the International Index of Erectile Function (IIEF). The Wilcoxon signed-rank test and Chi square statistics were used for analysis. RESULTS: The study showed that before radical prostatectomy, urinary incontinence of various severity grades was reported in 18.8, postoperatively in 63.0% (p < 0.001) and erectile dysfunction of various degrees was reported in 39.6 at baseline compared to 80.1% 12 months postoperatively (p < 0.001). CONCLUSIONS: This study suggests that radical prostatectomy is associated with a significantly increased risk of urinary incontinence and erectile dysfunction 12 months postoperatively.",Urol Int,2015,94,419-27,doi: 10.1159/000369475. Epub 2015 Jan 31,https://www.ncbi.nlm.nih.gov/pubmed/25662301,,negative,0,2015.0
20646858,Monotherapeutic high-dose-rate brachytherapy for prostate cancer: five-year results of an extreme hypofractionation regimen with 54 Gy in nine fractions.,Yoshioka Y,"PURPOSE: To evaluate an extreme hypofractionation regimen with 54 Gy in nine fractions provided by high-dose-rate (HDR) brachytherapy as monotherapy for prostate cancer by reporting 5-year clinical results. METHODS AND MATERIALS: Between 1996 and 2005, 112 patients with localized prostate cancer were treated with HDR brachytherapy without external beam radiotherapy. Of the 112 patients, 15 were considered low risk, 29 intermediate risk, and 68 as high risk. The prescribed dose was uniformly 54 Gy in nine fractions within 5 days. Of the 112 patients, 94 also received hormonal therapy. The median follow-up time was 5.4 years. RESULTS: All the patients safely completed the treatment regimen. The 5-year prostate-specific antigen (PSA) failure-free, local control, disease-free survival, and overall survival rate was 83%, 97%, 87%, and 96%, respectively. The 5-year PSA failure-free rate for low-, intermediate-, and high-risk patients was 85% (95% confidence interval, 66-100%), 93% (95% confidence interval, 83-100%), and 79% (95% confidence interval, 69-89%), respectively. The significant prognostic factors for PSA failure were the initial PSA level (p = .029) and younger age (p = .019). The maximal toxicities observed were Grade 3 using the Common Terminology Criteria for Adverse Events, version 3.0, for both acute and late toxicity (6 and 3 patients had acute and late Grade 3 toxicity, respectively). Late Grade 2 toxicity was observed in 13 patients. CONCLUSION: Monotherapeutic HDR brachytherapy with an extreme hypofractionation regimen of 54 Gy in nine fractions associated with hormonal therapy was feasible, and its toxicity was acceptable. The interim tumor control rate at a median 5.4 years was promising, even for patients with locally advanced disease. This dose-fractionation scheme might be referred to by other terms, such as stereotactic body radiotherapy. Studies with longer follow-up periods and from multiple institutions are needed to confirm the efficacy of this novel approach.",Int J Radiat Oncol Biol Phys,2011,80,469-75,10.1016/j.ijrobp.2010.02.013,https://www.ncbi.nlm.nih.gov/pubmed/20646858,HIGH RISK,positive,1,
23062705,Long-term outcomes and prognostic factors in patients treated with intraoperatively planned prostate brachytherapy.,Vargas C,"PURPOSE: Evaluate outcomes and prognostic factors in men with localized prostate cancer. METHODS AND MATERIALS: A total of 3760 patients have undergone prostate seed implantation at our institution. This review is of our initial 304 consecutive patients treated before January 30, 2001. A total of 124 patients were treated with (125)I implant monotherapy and 180 with (103)Pd implant combined with 45-Gy external beam radiation therapy. RESULTS: The median followup was 10.3 years. A 10-year biochemical control for low risk (LR) was 98% , intermediate risk (IR) 94%, high risk (HR) 78%, and HR with one HR factor 88% (p < 0.001); cause-specific survival was 99%, 98%, and 84% for LR, IR, and HR, respectively (p < 0.001); No significant difference in outcome was seen for LR and IR patients (p > 0.3). On multivariate analysis, only pretreatment PSA, Gleason score, and T-stage were significant for biochemical control. Most biochemical failures occurred within 5 years (93%). CONCLUSIONS: With a minimum followup of 10 years, results are excellent and do not differ for LR or IR prostate cancer patients. HR patients are a very heterogeneous group, and excellent results can still be achieved for HR patients with only one HR feature.",Brachytherapy,2013,12,120-5,10.1016/j.brachy.2012.08.002,https://www.ncbi.nlm.nih.gov/pubmed/23062705,LOW RISK,positive,1,
32320130,"Pelvic exenteration surgery in patients with locally advanced castration-naïve and castration-resistant, symptomatic prostate cancer",Heidenreich A,"OBJECTIVES: To evaluate retrospectively the surgical, symptomatic and oncological outcomes of pelvic exenteration surgery (PES) in men with significant intrapelvic complications of locally advanced castration-sensitive (CSPC) and castration-resistant prostate cancer (CRPC). PATIENTS AND METHODS: A total of 103 patients with locally advanced progressive and symptomatic CSPC or CRPC underwent PES (radical cystoprostatectomy, n = 71 [68.9%]; radical prostatectomy with continent vesicostomy, n = 9 [8.7%]; total exenteration, n = 23 [22.3%]). All patients underwent local staging via magnetic resonance imaging, cystoscopy and rectoscopy. Systemic staging was carried out with chest, abdominal and pelvic computed tomography scans and bone scans. Peri-operative complications were assessed according to Clavien-Dindo classification. Symptom-free and overall survival were evaluated using the Kaplan-Meier method. Statistical tests were two-tailed with a P value <0.05 taken to indicate statistical significance. RESULTS: After a median (range) follow-up of 36.5 (3-123) months, the symptom-free survival rate at 1 and 3 years was 89.2% (n = 89) and 64.1% (n = 66), respectively. The median symptom-free survival was 27.9 months. A total of 78.6% of the patients were symptom-free during their remaining lifetime. The overall survival rate at 1 and 3 years was 92.2% and 43.7%, respectively, and the median overall survival was 33.6 months. Clavien-Dindo grades 2, 3 and 4 complications developed in 31 (30.6%), 12 (11.6%) and eight patients (8.1%), respectively. CONCLUSION: Pelvic exenteration surgery is technically feasible in well-selected patients, resulting in symptom relief in >90% of patients, covering 80% of their remaining lifetime.",BJU Int,2020,126,342-349,doi: 10.1111/bju.15088. Epub 2020 May 16,https://www.ncbi.nlm.nih.gov/pubmed/32320130,,negative,0,2020.0
29607601,Low-dose-rate brachytherapy for the treatment of localised prostate cancer in men with a high risk of disease relapse.,Laing R,"OBJECTIVES: To report clinical outcomes of <sup>125</sup> I low-dose-rate prostate brachytherapy (LDR-PB) as monotherapy or combined with androgen-deprivation therapy (ADT) and/or external beam radiotherapy (EBRT) in high-risk localised prostate cancer. PATIENTS AND METHODS: Analysis of clinical outcomes from a prospective cohort of patients treated with LDR-PB alone or combined treatment in a single institution. Men with a high risk of disease relapse were identified by the National Institute for Health and Care Excellence (NICE) criteria or by the National Comprehensive Cancer Network (NCCN) criteria. Relapse-free survival (RFS), overall survival (OS), prostate cancer-specific survival (PCSS), and metastases-free survival (MFS), were analysed together with patient-reported symptom scores and physician-reported adverse events. RESULTS: The NICE and NCCN criteria identified 267 and 202 high-risk patients, respectively. NICE-defined patients had significantly lower pre-treatment PSA levels, Gleason scores <7, and a greater proportion of patients who received LDR-PB monotherapy. At 9 years after implantation RFS was 89% and 87% in the NICE and NCCN groups, respectively (log-rank P = 0.637), and OS 93% and 94%, respectively (log-rank P = 0.481). All of the survival estimates were similar between LDR-PB monotherapy and combined therapies. Cox proportional hazards regression confirmed RFS was similar between the treatment types. Treatment-related toxicity was also similar between the treatment methods. CONCLUSION: LDR-PB is effective at controlling localised prostate cancer in patients with a high risk of disease relapse. As the present study was not randomised, it is not possible to define those patients who need the addition of ADT and/or EBRT. However, the NICE criteria appear suitable to define treatment options where patients could benefit from LDR-PB as monotherapy or combined treatment. This choice should be discussed with the patient taking into account comorbidities and presence of multiple high-risk factors.",BJU Int,2018,122,610-617,10.1111/bju.14223,https://www.ncbi.nlm.nih.gov/pubmed/29607601,,positive,1,
32073662,Validation of a subclassification for high-risk prostate cancer in a prospective cohort,Butler SS,"BACKGROUND: A subgroup of men with favorable high-risk prostate cancer (T1c with either a Gleason score of 4 + 4 = 8 and a prostate-specific antigen [PSA] level <10 ng/mL or a Gleason score of 6 and a PSA level >20 ng/mL) has been associated with improved outcomes in comparison with other standard high-risk patients. This study was designed to validate the prognostic utility of a subclassification for high-risk disease with a prospectively collected data set. METHODS: This study identified 3033 men from the Prostate, Lung, Colorectal, and Ovarian Cancer Screening Trial who had been diagnosed from 1993 to 2001 with clinically localized prostate cancer-either intermediate-risk disease (clinical stage T2b-c, a Gleason score of 7, or a PSA level of 10 to 20 ng/mL) or high-risk disease (clinical stage T3-T4, a Gleason score of 8-10, or a PSA level >20 ng/mL)-that was managed with radical prostatectomy or radiation therapy. Multivariable logistic regression was used to calculate adjusted odds ratios (aORs) for pathological T3 to T4 or N1 (pT3-T4/pN1) disease. Fine and Gray competing risks regression was used to determine adjusted hazard ratios (aHRs) of prostate cancer-specific mortality (PCSM). RESULTS: The median follow-up was 5.7 years. Patients with favorable high-risk disease had lower 8-year PCSM in comparison with patients with standard high-risk disease (2.2% vs 10.8%; aHR, 0.26; 95% confidence interval [CI], 0.09-0.73; P = .01) but similar PCSM in comparison with patients with intermediate-risk disease (2.2% vs 2.2%; aHR, 0.90; 95% CI, 0.32-2.54; P = .84). Among those who underwent surgery, those with favorable high-risk disease had lower odds of pT3-T4/pN1 disease than those with standard high-risk disease (46.2% vs 63.3%; aOR, 0.50; 95% CI, 0.27-0.94; P = .03). CONCLUSIONS: This study validates the prognostic utility of a subclassification for high-risk disease in a prospectively collected patient cohort. Patients with favorable high-risk disease have PCSM similar to that of patients with intermediate-risk disease and significantly better than that of patients with standard high-risk disease. Future trials are needed to assess possible de-intensification of therapy for favorable high-risk disease.",Cancer,2020,15,,doi: 10.1002/cncr.32778. Epub 2020 Feb 19,https://www.ncbi.nlm.nih.gov/pubmed/32073662,,negative,0,2020.0
17084553,Permanent prostate implant using high activity seeds and inverse planning with fast simulated annealing algorithm: A 12-year Canadian experience.,Martin AG,"PURPOSE: To report outcomes and toxicity of the first Canadian permanent prostate implant program. METHODS AND MATERIALS: 396 consecutive patients (Gleason < or =6, initial prostate specific antigen (PSA) < or =10 and stage T1-T2a disease) were implanted between June 1994 and December 2001. The median follow-up is of 60 months (maximum, 136 months). All patients were planned with fast-simulated annealing inverse planning algorithm with high activity seeds ([gt] 0.76 U). Acute and late toxicity is reported for the first 213 patients using a modified RTOG toxicity scale. The Kaplan-Meier biochemical failure-free survival (bFFS) is reported according to the ASTRO and Houston definitions. RESULTS: The bFFS at 60 months was of 88.5% (90.5%) according to the ASTRO (Houston) definition and, of 91.4% (94.6%) in the low risk group (initial PSA < or =10 and Gleason < or =6 and Stage < or =T2a). Risk factors statistically associated with bFFS were: initial PSA >10, a Gleason score of 7-8, and stage T2b-T3. The mean D90 was of 151 +/- 36.1 Gy. The mean V100 was of 85.4 +/- 8.5% with a mean V150 of 60.1 +/- 12.3%. Overall, the implants were well tolerated. In the first 6 months, 31.5% of the patients were free of genitourinary symptoms (GUs), 12.7% had Grade 3 GUs; 91.6% were free of gastrointestinal symptoms (GIs). After 6 months, 54.0% were GUs free, 1.4% had Grade 3 GUs; 95.8% were GIs free. CONCLUSION: The inverse planning with fast simulated annealing and high activity seeds gives a 5-year bFFS, which is comparable with the best published series with a low toxicity profile.",Int J Radiat Oncol Biol Phys,2007,67,334-41,10.1016/j.ijrobp.2006.08.042,https://www.ncbi.nlm.nih.gov/pubmed/17084553,LOW RISK,positive,1,
16750319,Increasing external beam dose for T1-T2 prostate cancer: effect on risk groups.,Thames HD,"PURPOSE: The aim of this study was to investigate effect of increasing dose on risk groups for clinical failure (CF: local failure or distant failure or hormone ablation or PSA>or=25 ng/ml) in patients with T1-T2 prostate cancer treated with external beam radiotherapy. METHODS AND MATERIALS: Patients (n=4,537) were partitioned into nonoverlapping dose ranges, each narrow enough that dose was not a predictor of CF, and risk groups for CF were determined using recursive partitioning analysis (RPA). The same technique was applied to the highest of these dose ranges (70-76 Gy, 1,136 patients) to compare risk groups for CF in this dose range with the conventional risk-group classification. RESULTS: Cutpoints defining low-risk groups in each dose range shifted to higher initial PSA levels and Gleason scores with increasing dose. Risk groups for CF in the dose range 70-76 Gy were not consistent with conventional risk groups. CONCLUSIONS: The conventional classification of risk groups was derived in the early PSA era, when total doses<70 Gy were common, and it is inconsistent with risk groups for patients treated to doses>70 Gy. Risk-group classifications must be continuously re-examined whenever the trend is toward increasing total dose.",Int J Radiat Oncol Biol Phys,2006,65,975-81,10.1016/j.ijrobp.2006.02.043,https://www.ncbi.nlm.nih.gov/pubmed/16750319,LOW RISK,positive,1,
19775807,Oncologic outcome after extraperitoneal laparoscopic radical prostatectomy: midterm follow-up of 1115 procedures,Paul A,"BACKGROUND: Although the first laparoscopic radical prostatectomy was performed in 1997, few midterm oncologic data have been published for the extraperitoneal procedure. OBJECTIVE: To determine the oncologic outcome of extraperitoneal laparoscopic radical prostatectomy (ELRP). DESIGN, SETTING, AND PARTICIPANTS: From 2000 to 2007, 1115 consecutive patients underwent ELRP for a localized prostate cancer at our department. Follow-up was scheduled and standardized for all patients and recorded into a prospective database. Median postoperative follow-up was 35.6 mo. INTERVENTION: All ELRP were performed by three surgeons at the Department of Urology, Hospital Henri Mondor, Créteil, France. MEASUREMENTS: Biochemical recurrence was defined by prostate-specific antigen level > or =0.2 ng/ml. RESULTS AND LIMITATIONS: In pN0/pNx cancers, postoperative stage was pT2 in 664 patients (59.5%), pT3 in 350 patients (31.4%), and pT4 in 77 patients (6.9%). Positive lymph nodes were reported in 24 patients (2.2%). Margins were positive in 16.1% and 34.6% of pT2 and pT3 cancers, respectively. Final Gleason score was <7 in 288 men (25.8%), =7 in 701 men (62.9%), and >7 in 126 men (11.3%). Overall prostate-specific antigen (PSA) recurrence-free survival was 83% at 5 yr. The 5-yr progression-free survival rates were 93.4% for pT2, 74.5% for pT3a, and 55.0% for pT3b tumors, respectively. Multivariate Cox model showed that PSA, Gleason score, pT category, nodal status, and surgical margins were significant independent predictors of biochemical recurrence-free survival. CONCLUSIONS: This assessment of oncologic results demonstrates that ELRP is a safe and effective procedure. On the basis of midterm follow-up data, the prognostic factors of PSA after ELRP failure are the same as those described previously in transperitoneal or open retropubic approaches. The oncologic results of ELRP also are in line with those reported with the use of the retropubic or the transperitoneal laparoscopic approaches.",Eur Urol,2010,57,267-72,doi: 10.1016/j.eururo.2009.09.029. Epub 2009 Sep 17,https://www.ncbi.nlm.nih.gov/pubmed/19775807,,negative,0,2010.0
24105711,125Iodine monotherapy for Japanese men with low- and intermediate-risk prostate cancer: outcomes after 5 years of follow-up.,Sekiguchi A,"Data from 305 Japanese men with low-risk (n = 175) or intermediate-risk (n = 130) prostate cancer who underwent (125)I monotherapy were retrospectively analyzed. Of the 305 patients, 93 received hormonal therapy for a median of 6 months (range, 1-33 months) before implantation. The prescribed dose to the prostate plus 3- to 5-mm margin was set at 145 Gy. The mean dose to 90% of the prostate volume at 1 month (D90) and the prostate volume receiving at least 100% dose at 1 month (V100) were 173.4 Gy and 95.8%, respectively. The median follow-up was 66 months (range, 12-94 months). The 5-year biochemical non-evidence of disease rate was 95.5% (low-risk, 94.2%; intermediate-risk, 97.3%). The 5-year freedom from clinical failure rate was 98.9% (low-risk, 98.9%; intermediate-risk, 99.2%).The initial prostate-specific antigen level was identified as a significant predictive factor for biochemical recurrence (P = 0.029). The late Grade 3 genitourinary toxicity rate was 2.0%. No patients displayed late gastrointestinal toxicity of Grade 3 or worse. Monotherapy with (125)I showed excellent outcomes with limited morbidity for Japanese men with low- and intermediate-risk prostate cancer after 5 years of follow-up.",J Radiat Res,2014,55,328-33,10.1093/jrr/rrt113,https://www.ncbi.nlm.nih.gov/pubmed/24105711,LOW RISK,positive,1,
25497586,Radiotherapy in Prostate Cancer Patients With Pelvic Lymphocele After Surgery: Clinical and Dosimetric Data of 30 Patients,Jereczek-Fossa BA,"INTRODUCTION: The purpose of the study was to evaluate the feasibility of irradiation after prostatectomy in the presence of asymptomatic pelvic lymphocele. PATIENTS AND METHODS: The inclusion criteria for this study were: (1) patients referred for postoperative (adjuvant or salvage) intensity modulated radiotherapy (IMRT; 66-69 Gy in 30 fractions); (2) detection of postoperative pelvic lymphocele at the simulation computed tomography [CT] scan; (3) no clinical symptoms; and (4) written informed consent. Radiotherapy toxicity and occurrence of symptoms or complications of lymphocele were analyzed. Dosimetric data (IMRT plans) and the modification of lymphocele volume during radiotherapy (cone beam CT [CBCT] scan) were evaluated. RESULTS: Between January 2011 and July 2013, in 30 of 308 patients (10%) treated with radiotherapy after prostatectomy, pelvic lymphocele was detected on the simulation CT. The median lymphocele volume was 47 cm(3) (range, 6-467.3 cm(3)). Lymphocele was not included in planning target volume (PTV) in 8 cases (27%). Maximum dose to lymphocele was 57 Gy (range, 5.7-73.3 Gy). Radiotherapy was well tolerated. In all but 2 patients, lymphoceles remained asymptomatic. Lymphocele drainage-because of symptom occurrence-had to be performed in 2 patients during IMRT and in one patient, 7 weeks after IMRT. CBCT at the end of IMRT showed reduction in lymphocele volume and position compared with the initial data (median reduction of 37%), more pronounced in lymphoceles included in PTV. CONCLUSION: Radiotherapy after prostatectomy in the presence of pelvic asymptomatic lymphocele is feasible with acceptable acute and late toxicity. The volume of lymphoceles decreased during radiotherapy and this phenomenon might require intermediate radiotherapy plan evaluation.",Clin Genitourin Cancer,2015,13,,doi: 10.1016/j.clgc.2014.11.007. Epub 2014 Nov 20,https://www.ncbi.nlm.nih.gov/pubmed/25497586,,negative,0,2015.0
25702876,"High-dose radiotherapy with short-term or long-term androgen deprivation in localised prostate cancer (DART01/05 GICOR): a randomised, controlled, phase 3 trial.",Zapatero A,"BACKGROUND: The optimum duration of androgen deprivation combined with high-dose radiotherapy in prostate cancer remains undefined. We aimed to determine whether long-term androgen deprivation was superior to short-term androgen deprivation when combined with high-dose radiotherapy. METHODS: In this open-label, multicentre, phase 3 randomised controlled trial, patients were recruited from ten university hospitals throughout Spain. Eligible patients had clinical stage T1c-T3b N0M0 prostate adenocarcinoma with intermediate-risk and high-risk factors according to 2005 National Comprehensive Cancer Network criteria. Patients were randomly assigned (1:1) using a computer-generated randomisation schedule to receive either 4 months of androgen deprivation combined with three-dimensional conformal radiotherapy at a minimum dose of 76 Gy (range 76-82 Gy; short-term androgen deprivation group) or the same treatment followed by 24 months of adjuvant androgen deprivation (long-term androgen deprivation group), stratified by prostate cancer risk group (intermediate risk vs high risk) and participating centre. Patients assigned to the short-term androgen deprivation group received 4 months of neoadjuvant and concomitant androgen deprivation with subcutaneous goserelin (2 months before and 2 months combined with high-dose radiotherapy). Anti-androgen therapy (flutamide 750 mg per day or bicalutamide 50 mg per day) was added during the first 2 months of treatment. Patients assigned to long-term suppression continued with the same luteinising hormone-releasing hormone analogue every 3 months for another 24 months. The primary endpoint was biochemical disease-free survival. Analysis was by intention to treat. This study is registered with ClinicalTrials.gov, number NCT02175212. FINDINGS: Between Nov 7, 2005, and Dec 20, 2010, 178 patients were randomly assigned to receive short-term androgen deprivation and 177 to receive long-term androgen deprivation. After a median follow-up of 63 months (IQR 50-82), 5-year biochemical disease-free survival was significantly better among patients receiving long-term androgen deprivation than among those receiving short-term treatment (90% [95% CI 87-92] vs 81% [78-85]; hazard ratio [HR] 1·88 [95% CI 1·12-3·15]; p=0·01). 5-year overall survival (95% [95% CI 93-97] vs 86% [83-89]; HR 2·48 [95% CI 1·31-4·68]; p=0·009) and 5-year metastasis-free survival (94% [95% CI 92-96] vs 83% [80-86]; HR 2·31 [95% CI 1·23-3·85]; p=0·01) were also significantly better in the long-term androgen deprivation group than in the short-term androgen deprivation group. The effect of long-term androgen deprivation on biochemical disease-free survival, metastasis-free survival, and overall survival was more evident in patients with high-risk disease than in those with low-risk disease. Grade 3 late rectal toxicity was noted in three (2%) of 177 patients in the long-term androgen deprivation group and two (1%) of 178 in the short-term androgen deprivation group; grade 3-4 late urinary toxicity was noted in five (3%) patients in each group. No deaths related to treatment were reported. INTERPRETATION: Compared with short-term androgen deprivation, 2 years of adjuvant androgen deprivation combined with high-dose radiotherapy improved biochemical control and overall survival in patients with prostate cancer, particularly those with high-risk disease, with no increase in late radiation toxicity. Longer follow-up is needed to determine whether men with intermediate-risk disease benefit from more than 4 months of androgen deprivation. FUNDING: Spanish National Health Investigation Fund, AstraZeneca.",Lancet Oncol,2015,16,320-7,10.1016/S1470-2045(15)70045-8,https://www.ncbi.nlm.nih.gov/pubmed/25702876,,positive,1,
32933541,Stereotactic body radiotherapy versus conventional/moderate fractionated radiation therapy with androgen deprivation therapy for unfavorable risk prostate cancer.,Patel SA,"BACKGROUND: Ultrahypofractionation using stereotactic body radiotherapy (SBRT) is an increasingly utilized technique for men with prostate cancer (PC). The comparative efficacy of SBRT plus androgen deprivation therapy (ADT) compared to fractionated radiotherapy (EBRT) plus ADT in higher-risk prostate cancer is unknown. METHODS: Men > 40 years old with localized PC treated with external beam radiation and concomitant ADT for curative intent between 2004 and 2016 were analyzed from the National Cancer Database. Patients who lacked ADT or risk stratification data were excluded. 558 men treated with SBRT versus 40,797 men treated with conventional or moderately hypofractionated EBRT were included. Patients were stratified by unfavorable intermediate (UIR) and high (HR) risk using NCCN criteria. Kaplan Meier and Cox proportional hazards were used to compare overall survival (OS) between RT modality, adjusting for age, race, and comorbidity index. RESULTS: With a median follow up of 74 months, there was no difference in estimated 6-year OS between men treated with SBRT versus EBRT regardless of risk group. On multivariable analysis, there was no difference in risk of death for men treated with SBRT compared to EBRT (UIR: adjusted HR 1.09, 95% CI 0.68-1.74, p = .72; HR: adjusted HR 0.93, 95% CI 0.76-1.14, p = .51). On sensitivity analyses, when confining the cohort to men treated with NCCN-preferred dose fractionations, with no comorbidities, or < 65 years old, there remained no survival difference between treatment groups for both UIR and HR. CONCLUSION: Within study limitations, we found no difference in survival between SBRT+ADT and standard of care EBRT+ADT for UIR or HR PC. These results support recent NCCN guideline updates, which include SBRT as a non-preferred option for higher risk men. Prospective validation would further strengthen the evidence basis behind these recommendations.",Radiat Oncol,2020,15,217,10.1186/s13014-020-01658-5,https://www.ncbi.nlm.nih.gov/pubmed/32933541,,positive,1,
31721011,Influence of the technique and comorbidities in hypofractionated radiotherapy for prostate cancer,Correa R,"PURPOSE: To analyze the differences in toxicity and biochemical relapse-free survival with hypofractionated radiotherapy with three-dimensional radiotherapy (3D-CRT) or volumetric arc therapy (VMAT) for prostate cancer taking into account comorbidity measured using the Charlson Comorbidity Index (CCI). METHODS: From January 2011 to June 2016, 451 patients with prostate cancer were treated with 60 Gy (20 daily fractions). VMAT or 3D-CRT was used. Distribution by stage: 17% low-risk, 27.2% intermediate-risk; 39.2% high-risk, 16.6% very high-risk. Mean CCI was 3.4. RESULTS: With a median follow up of 51 months, most patients did not experience any degree of acute GI toxicity (80.9%) compared to 19.1%, who experienced some degree, mainly G-I /II. In the multivariate analysis, only technique was associated with acute GI toxicity ≥ G2. Patients treated with VMAT had greater acute GI toxicity compared with those who received 3D-CRT (23.9% vs. 13.5%, p = 0.005). With respect to acute GU toxicity, 72.7% of patients experienced some degree, fundamentally G-I/II. Neither age, CCI, nor androgen deprivation therapy (ADT) were associated with greater toxicity. Overall survival at 2, 5 and 7 years was 97%, 88% and 83% respectively. The only factor with statistical significance was CCI, with a greater number of events in individuals with a CCI ≥ 4 (p < 0.03). CONCLUSIONS: Hypofractionated radiotherapy for prostate cancer is an effective, well-tolerated treatment even for elderly patients with no associated comorbidity. Longer follow up is needed in order to report data on late toxicity.",Clin Transl Oncol,2020,22,311-318,doi: 10.1007/s12094-019-02224-6. Epub 2019 Nov 12,https://www.ncbi.nlm.nih.gov/pubmed/31721011,,negative,0,2020.0
31612318,Postoperative biochemical recurrence of pathologically localized high-grade prostate cancer in adjuvant treatment-naïve patients,Heo JE,"PURPOSE: To evaluate biochemical recurrence (BCR) risk in men with localized prostate cancer (PC) of pathological Gleason score (pGS) 8-10. Although such patients have low BCR-free survival (BCRFS) following radical prostatectomy (RP), they are not recommended for adjuvant radiation therapy (ART) as per current guidelines. METHODS: Among an adjuvant treatment-naïve cohort between 1995 and 2015, 1272 men were identified and categorized into group 1 [pGS7 (3 + 4) and pT3; n = 654], group 2 [pGS7 (4 + 3) and pT3; n = 408], and group 3 (pGS 8-10 and pT2; n = 210). The BCR risk of group 3 was compared with that of groups 1 and 2 who are the candidates for ART. RESULTS: At a median follow-up of 60 months (interquartile range: 39-86), 432 men experienced BCR. BCRFS was lower in group 3 than in groups 1 and 2 (p < 0.001 and p = 0.021, respectively). In multivariate analysis, this association persisted and surgical margin (SM) was found to be a significant BCR predictor. Although statistically not significant, BCRFS was lower in group 3 with positive SM (PSM) than in group 2 with PSM (p = 0.101). BCRFS was significantly worse in group 3 with negative SM (NSM) than in group 1 with PSM (p = 0.038), while it was better in group 2 with PSM (p = 0.297). CONCLUSION: Localized high-grade PC with PSM showed lower BCRFS and that with NSM showed better BCRFS without statistical significance than locally advanced GS 7 PC with PSM that are eligible for ART.",J Cancer Res Clin Oncol,2020,146,221-227,doi: 10.1007/s00432-019-03049-0. Epub 2019 Oct 14,https://www.ncbi.nlm.nih.gov/pubmed/31612318,,negative,0,2020.0
29359988,Long-term outcomes following proton therapy for prostate cancer in young men with a focus on sexual health.,Ho CK,"BACKGROUND: We investigated long-term outcomes for men ≤60 years old treated with proton therapy (PT). METHODS: Of 254 men ≤60 years old were treated with proton therapy alone for prostate cancer. Risk stratification included 56% with low-, 42% with intermediate- and 2% with high-risk disease. Patients received 76-82 Gy at 2 Gy/fraction or 70-72.5 Gy at 2.5 Gy/fraction. Before treatment and every 6-12 months for 5 years, patients were evaluated by a physician, answered health-related quality of life surveys, including the EPIC, IIEF and IPSS, and had PSA evaluated. RESULTS: Median follow-up for the cohort was 7.1 years; 7-year biochemical-free survival was 97.8%. Eight men (one high-risk; five intermediate-risk and two low-risk) experienced biochemical progression, including one who died of disease 9 years after treatment. Potency (erections firm enough for sexual intercourse) was 90% at baseline and declined to 72% at the first-year follow-up, but declined to only 67% at 5 years. Only 2% of patients developed urinary incontinence requiring pads. The bowel habits mean score declined from a baseline of 96 to 88 at 1 year, which improved over the following years to 93 at 5 years. CONCLUSIONS: Young men with prostate cancer continue to have excellent results with respect to 7-year biochemical control and 5-year erectile function, without clinically significant urinary incontinence 5 years after proton therapy. Comparative effectiveness studies of proton therapy with surgery and IMRT are needed.",Acta Oncol,2018,57,582-588,10.1080/0284186X.2018.1427886,https://www.ncbi.nlm.nih.gov/pubmed/29359988,,positive,1,
17189063,Five-year outcome of intraoperative conformal permanent I-125 interstitial implantation for patients with clinically localized prostate cancer.,Zelefsky MJ,"PURPOSE: To report the 5-year tumor control and toxicity outcomes for patients with localized prostate treated with I-125 permanent implantation using an intraoperative real-time conformal planning technique. METHODS AND MATERIALS: Between January 1998 and June 2002, 367 patients with prostate cancer were treated with I-125 permanent interstitial implantation using a transrectal ultrasound-guided approach. Real-time intraoperative treatment planning which incorporated inverse planning optimization was used. The median follow-up time was 63 months. RESULTS: The median V100 and D90 were 96% and 173 Gy, respectively. In 96% of cases a D90 of >140 Gy was achieved. The median urethral and rectal doses were 100% and 33% of the prescription doses, respectively. The 5-year PSA relapse-free survival outcomes for favorable and intermediate risk patients according to the ASTRO definition were 96% and 89%, respectively. In these patients no dosimetric parameter was identified which influenced the biochemical outcome. Of 38% who developed acute Grade 2 urinary symptoms, 63% had resolution of their symptoms within a median time of 6 months. The incidence of late rectal and urinary Grade 3 or higher toxicities were 1% and 4%, respectively. Seven percent (n = 27) developed late rectal bleeding (Grade 2) and 19% experienced late Grade 2 urinary symptoms. CONCLUSION: Real-time intraoperative planning consistently achieved optimal coverage of the prostate with the prescription dose with concomitant low doses delivered to the urethra and rectum. Biochemical control outcomes were excellent at 5 years and late toxicity was unusual. These data demonstrate that real-time planning methods can consistently and reliably deliver the intended dose distribution to achieve an optimal therapeutic ratio between the target and normal tissue structures.",Int J Radiat Oncol Biol Phys,2007,67,65-70,10.1016/j.ijrobp.2006.08.030,https://www.ncbi.nlm.nih.gov/pubmed/17189063,LOW RISK,positive,1,
31629640,Comparison of outcome endpoints in intermediate- and high-risk prostate cancer after combined-modality radiotherapy.,Boehle A,"PURPOSE: To compare a standard radio-oncological and a surgical biochemical failure definition after combined-modality radiation therapy (CRT) in men with intermediate- and high-risk prostate cancer. METHODS: 425 men were treated with external beam radiotherapy (59.4 Gy, 33 fractions) and <sup>125</sup>J seed-brachytherapy (S-BT, 100 Gy). Biochemical recurrence (BR) was defined either as radio-oncologic (rBR), using a +2 ng/mL prostate-specific antigen (PSA) increase above a nadir value, or as surgical (sBR), using a 2-year posttreatment PSA of ≥0.2 ng/mL. Biochemical recurrence-free, metastasis-free, cancer-specific, and overall survival were calculated at 5 and 10 years using the Kaplan-Meier method. Standard validation tests were used to compare both thresholds. RESULTS: After a median of 7 years, overall recurrence rates were 10.4% and 31.5% for rBR and sBR definitions, respectively. Both failure definitions proved sensitive for the prediction of metastases and cancer-specific death, whereas the rBR definition was significantly more specific. The accuracies of a correct prediction of metastases and death of prostate cancer were 73.1% vs. 96.2% and 72.2% vs. 92.9% for sBR vs. rBR, respectively. The inferior validity results of the sBR definition were attributable to a PSA-bounce phenomenon occurring in 56% of patients with sBR. Still, using the less suitable sBR definition, the results of CRT compared favorably to BRFS rates of surgical interventions. CONCLUSION: After CRT, the radio-oncological (aka Phoenix) failure definition is more reliable than a fixed surgical endpoint. Exclusively in high-risk patients, sBR offers a direct comparison across surgical and nonsurgical treatment options at 5 and 10 years.",Brachytherapy,2020,19,24-32,10.1016/j.brachy.2019.09.001,https://www.ncbi.nlm.nih.gov/pubmed/31629640,,positive,1,
19636023,Prostate cancer-specific mortality after radical prostatectomy for patients treated in the prostate-specific antigen era.,Stephenson AJ,"PURPOSE: The long-term risk of prostate cancer-specific mortality (PCSM) after radical prostatectomy is poorly defined for patients treated in the era of widespread prostate-specific antigen (PSA) screening. Models that predict the risk of PCSM are needed for patient counseling and clinical trial design. METHODS: A multi-institutional cohort of 12,677 patients treated with radical prostatectomy between 1987 and 2005 was analyzed for the risk of PCSM. Patient clinical information and treatment outcome was modeled using Fine and Gray competing risk regression analysis to predict PCSM. RESULTS: Fifteen-year PCSM and all-cause mortality were 12% and 38%, respectively. The estimated PCSM ranged from 5% to 38% for patients in the lowest and highest quartiles of predicted risk of PSA-defined recurrence, based on a popular nomogram. Biopsy Gleason grade, PSA, and year of surgery were associated with PCSM. A nomogram predicting the 15-year risk of PCSM was developed, and the externally validated concordance index was 0.82. Neither preoperative PSA velocity nor body mass index improved the model's accuracy. Only 4% of contemporary patients had a predicted 15-year PCSM of greater than 5%. CONCLUSION: Few patients will die from prostate cancer within 15 years of radical prostatectomy, despite the presence of adverse clinical features. This favorable prognosis may be related to the effectiveness of radical prostatectomy (with or without secondary therapy) or the low lethality of screen-detected cancers. Given the limited ability to identify contemporary patients at substantially elevated risk of PCSM on the basis of clinical features alone, the need for novel markers specifically associated with the biology of lethal prostate cancer is evident.",J Clin Oncol,2009,27,4300-5,10.1200/JCO.2008.18.2501,https://www.ncbi.nlm.nih.gov/pubmed/19636023,,positive,1,
25707911,Stereotactic body radiotherapy for prostate cancer,Henderson DR,"The use of stereotactic body radiotherapy (SBRT) for localised prostate cancer is now supported by a substantial body of non-randomised data, with medium-term outcomes consistent with current standard radiotherapy. The ability to deliver profoundly hypofractionated treatment, combined with the relatively low α/β ratio of prostate cancer, may result in a more favourable therapeutic ratio, presenting an opportunity for isotoxic dose escalation. Furthermore, as treatment can be given in five attendances, SBRT has the potential both to reduce costs and improve patient quality of life. However, in a treatment landscape with many competing options of broadly similar efficacy, randomised trials are essential to define the relative benefits of this approach. SBRT also has an emerging application in oligometastatic prostate cancer, with promising early outcomes for delaying disease progression and deferring the need for androgen deprivation therapy.",Clin Oncol (R Coll Radiol),2015,27,270-9,doi: 10.1016/j.clon.2015.01.011. Epub 2015 Feb 21,https://www.ncbi.nlm.nih.gov/pubmed/25707911,,negative,0,2015.0
22633365,Biochemical recurrence after robot-assisted radical prostatectomy in a European single-centre cohort with a minimum follow-up time of 5 years.,Sooriakumaran P,"BACKGROUND: Robot-assisted radical prostatectomy (RARP) is an increasingly commonly used surgical treatment option for prostate cancer (PCa); however, its longer-term oncologic results remain uncertain. OBJECTIVE: To report biochemical recurrence-free survival (BRFS) outcomes for men who underwent RARP ≥5 yr ago at a single European centre. DESIGN, SETTING, AND PARTICIPANTS: A total of 944 patients underwent RARP as monotherapy for PCa from January 2002 to December 2006 at Karolinska University Hospital, Stockholm, Sweden. Standard clinicopathologic variables were recorded and entered into a secure, ethics-approved database made up of those men with registered domiciles in Stockholm. The median follow-up time was 6.3 yr (interquartile range: 5.6-7.2). OUTCOME MEASUREMENTS AND STATISTICAL ANALYSIS: The outcome of this study was biochemical recurrence (BCR), defined as a confirmed prostate-specific antigen (PSA) of ≥0.2 ng/ml. Kaplan-Meier survival plots with log-rank tests, as well as Cox univariable and multivariable regression analyses, were used to determine BRFS estimates and determine predictors of PSA relapse, respectively. RESULTS AND LIMITATIONS: The BRFS for the entire cohort at median follow-up was 84.8% (95% confidence interval [CI], 82.2-87.1); estimates at 5, 7, and 9 yr were 87.1% (95% CI, 84.8-89.2), 84.5% (95% CI, 81.8-86.8), and 82.6% (95% CI, 79.0-85.6), respectively. Nine and 19 patients died of PCa and other causes, respectively, giving end-of-follow-up Kaplan-Meier survival estimates of 98.0% (95% CI, 95.5-99.1) and 94.1% (95% CI, 90.4-96.4), respectively. Preoperative PSA >10, postoperative Gleason sum ≥4 + 3, pathologic T3 disease, positive surgical margin status, and lower surgeon volume were associated with increased risk of BCR on multivariable analysis. This study is limited by a lack of nodal status and tumour volume, which may have confounded our findings. CONCLUSIONS: This case series from a single, high-volume, European centre demonstrates that RARP has satisfactory medium-term BRFS. Further follow-up is necessary to determine how this finding will translate into cancer-specific and overall survival outcomes.",Eur Urol,2012,62,768-74,10.1016/j.eururo.2012.05.024,https://www.ncbi.nlm.nih.gov/pubmed/22633365,LOW RISK,positive,1,
22153925,Identifying the best candidate for radical prostatectomy among patients with high-risk prostate cancer.,Briganti A,"BACKGROUND: The current role of radical prostatectomy (RP) in patients with high-risk disease remains controversial. OBJECTIVE: To identify which high-risk prostate cancer (PCa) patients might have favorable pathologic outcomes when surgically treated. DESIGN, SETTING, AND PARTICIPANTS: We evaluated 1366 patients with high-risk PCa (ie, at least one of the following risk factors: prostate-specific antigen [PSA]>20 ng/ml, cT3, biopsy Gleason 8-10) treated with RP and pelvic lymph node dissection (PLND) at eight European centers between 1987 and 2009. A favorable pathologic outcome was defined as specimen-confined (SC) disease-namely, pT2-pT3a, node negative PCa with negative surgical margins. INTERVENTION: All patients underwent radical retropubic prostatectomy and PLND. MEASUREMENTS: Univariable and multivariable logistic regression models tested the association between predictors and SC disease. A logistic regression coefficient-based nomogram was developed and internally validated using 200 bootstrap resamples. The Kaplan-Meier method was used to depict biochemical recurrence (BCR) and cancer-specific survival (CSS) rates. RESULTS AND LIMITATIONS: Overall, 505 of 1366 patients (37%) had SC disease at RP. All preoperative variables (ie, age and PSA at surgery, clinical stage, and biopsy Gleason sum) were independent predictors of SC PCa at RP (all p≤0.04). Patients with SC disease had significantly higher 10-yr BCR-free survival and CSS rates than patients without SC disease at RP (66% vs 47% and 98 vs 88%, respectively; all p<0.001). A nomogram including PSA, age, clinical stage, and biopsy Gleason sum demonstrated 72% accuracy in predicting SC PCa. This study is limited by its retrospective design and by the lack of an external validation of the nomogram. CONCLUSIONS: Roughly 40% of patients with high-risk PCa have SC disease at final pathology. These patients showed excellent long-term outcomes when surgically treated, thus representing the ideal candidates for RP as the primary treatment for PCa. Prediction of such patients is possible using a nomogram based on routinely available clinical parameters.",Eur Urol,2012,61,584-92,10.1016/j.eururo.2011.11.043,https://www.ncbi.nlm.nih.gov/pubmed/22153925,,positive,1,
12074814,High dose rate brachytherapy of localized prostate cancer.,Deger S,"OBJECTIVE: We evaluated the safety and efficacy of high dose rate (HDR) brachytherapy using Iridium-192 (Ir 192) and 3D conformal external beam radiotherapy in patients with localized prostate cancer. METHODS: A total of 444 patients with localized prostate cancer underwent combined radiotherapy with interstitial Ir 192 and 3D conformal external beam radiotherapy between December 1992 and March 2001. The 230 patients, treated between December 1992 and December 1997 were analyzed. All patients underwent laparoscopic pelvic lymph node dissection to exclude patients with lymphatic involvement. Ir 192 was delivered twice with a 1-week interval in HDR remote control technique. The interstitial dose from December 1992 to December 1993 was 10Gy, after December 1993 the dose was reduced to 9Gy per treatment session. The interstitial application was followed by external beam radiation of 45Gy for cT1-cT2 and 50.4Gy for cT3 tumor (40Gy from December 1992 to December 1993). Progression was defined as biochemical failure according to ASTRO criteria, e.g. three consecutive PSA rises following the PSA nadir. RESULTS: The median PSA value decreased from 12.8 to 0.93ng/ml 12 months after treatment. Median PSA value was 0.47 after 24 months, 0.30ng/ml after 36 months and 0.18ng/ml after 60 months. 68% of the biopsies were negative 24 months after therapy. Progression-free rate was 100% for cT1 tumors, 75% for cT2 and 60% for stage-cT3 on 5-year follow-up. Five-year overall survival was 93%, 5-year disease-specific survival was 98%. Initial PSA value <10ng/ml, low stage and low grade were significantly related to 5-year progression-free survival. CONCLUSIONS: Combined HDR brachytherapy with Ir 192 is an alternative treatment option especially for patients with cT3 prostate cancer. Initial PSA value, stage and grade, are important prognostic factors.",Eur Urol,2002,41,420-6,10.1016/s0302-2838(02)00016-7,https://www.ncbi.nlm.nih.gov/pubmed/12074814,HIGH RISK,positive,1,
30293836,Permanent prostate brachytherapy monotherapy with I-125 for low- and intermediate-risk prostate cancer: Outcomes in 974 patients.,Routman DM,"PURPOSE: To report outcomes of patients undergoing low-dose-rate (LDR) brachytherapy and investigate factors associated with biochemical failure and survival. METHODS: Consecutive patients undergoing LDR with I-125 at our institution between 1998 through 2013 for primary intact prostate cancer were examined. Those with low- and intermediate-risk disease receiving LDR with a minimum of 2 years followup and at least one post-LDR prostate-specific antigen (PSA) were included. RESULTS: About 974 patients satisfied inclusion criteria. With median followup of 72 months, biochemical failure occurred in 45 patients. Freedom from biochemical failure as defined by the Phoenix criterion was 96% and 88% at 5 and 10 years, worse for intermediate risk as compared with low risk, with 10-year freedom from biochemical failure of 76% versus 92% (hazard ratio [HR] = 3.7, p < 0.001), respectively. On multivariable analysis, increased prebiopsy PSA, Gleason 4 + 3, and no androgen deprivation therapy were associated with biochemical failure. Gleason 4 + 3 was the factor most strongly associated with biochemical failure (HR = 7.01, p < 0.001). No examined factors were associated with local failure. Gleason 4 + 3 disease increased the likelihood of distant metastasis (HR = 12.4, p = 0.003) and prostate cancer-specific death (HR = 13.2, p < 0.001). No difference in outcomes between patients with Gleason 3 + 3 versus 3 + 4 was observed. CONCLUSIONS: LDR brachytherapy provided excellent outcomes in this large series of patients treated for localized organ-confined prostate cancer. Local recurrence at 10 years was low at 2.1%. Primary Gleason 4 + 3, higher pretreatment PSA, and no receipt of androgen deprivation therapy were the only factors associated with biochemical failure. Primary Gleason 4 disease was also predictive of distant metastases and decreased prostate cancer-specific survival.",Brachytherapy,2019,18,1-7,10.1016/j.brachy.2018.09.003,https://www.ncbi.nlm.nih.gov/pubmed/30293836,,positive,1,
21345741,Moderate dose escalation with single-fraction high-dose-rate brachytherapy boost for clinically localized intermediate- and high-risk prostate cancer: 5-year outcome of the first 100 consecutively treated patients.,Agoston P,"PURPOSE: To analyze the clinical outcome and toxicity data of the first 100 consecutive patients treated with a single-fraction high-dose-rate brachytherapy (HDR-BT) and external beam radiotherapy (EBRT). METHODS AND MATERIALS: Two-hundred eighty patients have been treated with HDR-BT boost for localized intermediate- to high-risk prostate cancer. Among these, the outcome and toxicity of the first 100 patients treated with a single HDR-BT fraction were assessed. A median dose of 60Gy EBRT was given to the prostate and vesicles. Interstitial HDR-BT of 10Gy was performed during the course of EBRT. RESULTS: Median followup time was 61.5 months. The 5-year actuarial rates of overall survival, cause-specific survival, disease-free survival, and biochemical no evidence of disease (bNED) for the entire cohort were 93.3%, 99.0%, 89.3%, and 85.5%, respectively. The 7-year actuarial rate of bNED was 84.2% for the intermediate-risk group and 81.6% for the high-risk group (p=0.8464). The 7-year actuarial rates of bNED for Grade 1, 2, and 3 tumors were 97.5%, 80.0%, and 67.1%, respectively. The 5-year probability for developing late Grade 3 gastrointestinal and genitourinary (GU) toxicity was 2.1% and 14.4%, respectively. Grade 3 GU complications occurred significantly more frequently in patients with a history of preirradiation transurethral resection (29.1% vs. 8.8%; p=0.0047). CONCLUSIONS: Five-year outcome after 60Gy EBRT plus a single fraction of 10Gy HDR-BT boost is encouraging. Preradiation transurethral resection significantly increases the risk of late severe GU complications.",Brachytherapy,2011,10,376-84,10.1016/j.brachy.2011.01.003,https://www.ncbi.nlm.nih.gov/pubmed/21345741,,positive,1,
31704459,Ten-Year Treatment Outcomes of Radical Prostatectomy Vs External Beam Radiation Therapy Vs Brachytherapy for 1503 Patients With Intermediate-risk Prostate Cancer.,Goy BW,"OBJECTIVE: To compare 10-year oncologic treatment outcomes of radical prostatectomy (RP) vs external beam radiation therapy (EBRT) vs brachytherapy (BT) for patients with intermediate-risk prostate cancer (IRPC). METHODS: A retrospective analysis using propensity score matching was performed on 1503 IRPC patients who underwent treatment from 2004 to 2007. Eight hundred and nineteen underwent RP, 574 underwent EBRT to a median dose of 75.3 Gray, and 110 underwent BT using Iodine-125. Biochemical failure was defined by the American Urological Association definition of failure for RP, and the Phoenix definition for EBRT and BT. RESULTS: Median follow-up was 10.0 years for RP, 9.6 for EBRT, and 9.8 for BT. Neoadjuvant androgen deprivation therapy was given in 0.6% of RP, 58.9% of EBRT, and 12.7% of BT patients, P <.0001. Only 14% of BT received supplemental external radiation. The adjusted 10-year freedom from biochemical failure was 80.2% for BT vs 57.1% for RP vs 57.0% for EBRT, P = .0003. Subset analysis of unfavorable IRPC also showed improved freedom from biochemical failure with BT, P <.0001. There were no significant differences in metastases-free survival or prostate cancer-specific survival after adjusting for age and Charlson comorbidity index. CONCLUSION: BT using Iodine-125, used alone or in combination with supplemental external radiation, is a reasonable treatment option for IRPC patients, yielding equivalent rates of metastases-free survival and prostate cancer-specific survival.",Urology,2020,136,180-189,10.1016/j.urology.2019.09.040,https://www.ncbi.nlm.nih.gov/pubmed/31704459,,positive,1,
31705700,Hemi-ablative low-dose-rate prostate brachytherapy for unilateral localised prostate cancer,Langley S,"OBJECTIVES: To report clinical outcomes of the Hemi-Ablative Prostate Brachytherapy (HAPpy) trial evaluating treatment-related toxicity and effectiveness of hemi-gland (HG) low-dose-rate (LDR) prostate brachytherapy as a focal approach to control unilateral localised prostate cancer. PATIENTS AND METHODS: Single institution phase IIS pilot study of patients treated with focal 4D Brachytherapy™ (BXTAccelyon, Burnham, Buckinghamshire, UK). The primary outcome was patient-reported toxicity 24 months after implant. The secondary outcome was assessment of disease control. Outcomes in HG patients were compared to whole-gland (WG) controls obtained from our prospective cohort registry by negative binomial and linear regression models. RESULTS: Pre-treatment demography was similar between the 30 HG patients and 362 WG controls. Post-implant dosimetry was similar for the prostate gland target volumes and significantly reduced for the urethra and bowel in HG patients relative to WG controls, but this did not translate into a difference in post-implant mean symptom scores between the two groups. Nevertheless, the change in score from baseline indicated that the impact on pre-treatment symptom status was less after HG implants. Only HG patients showed a return to baseline urinary scores as early as 12 months. Sexual potency was conserved in 73% and 67% of HG and WG patients, respectively (P = 0.84). Post-implant prostate-specific antigen (PSA) kinetics revealed that baseline PSA was reduced at 24 months by 78% and 88% in HG and WG patients, respectively (P < 0.05). Treatment relapse occurred in one (3%) HG patient 55 months after implant and in nine (3%) WG patients at 32-67 months after implant. CONCLUSION: This pilot study suggests that treatment-related toxicity and biochemical outcomes after HG implants are broadly similar to those observed with WG treatment despite the lower dose delivered by HG implants.",BJU Int,2020,125,383-390,doi: 10.1111/bju.14948. Epub 2019 Dec 23,https://www.ncbi.nlm.nih.gov/pubmed/31705700,,negative,0,2020.0
16029786,Neoadjuvant hormone therapy and external-beam radiation for localized high-risk prostate cancer: the importance of PSA nadir before radiation,Ludgate CM,"PURPOSE: To examine the impact of various patient, disease, and treatment characteristics on outcome in patients treated with neoadjuvant hormone therapy (NAHT) and external-beam radiation therapy (EBRT) for clinically localized, high-risk prostate adenocarcinoma (initial prostate-specific antigen [PSA] level >20, Gleason score 8-10 or Stage > or = T3). METHODS AND MATERIALS: A retrospective chart review was conducted on 407 patients treated between 1991 and 2001 with NAHT and EBRT for high-risk prostate cancer. The effect of tumor (PSA level, Gleason score, and T stage) and treatment (NAHT duration, total-hormone duration, preradiation PSA) characteristics on rates of biochemical disease-free survival (bDFS), prostate cancer-specific survival, and overall survival were examined. RESULTS: Median follow-up time was 78 months (range: 5-140 months). Actuarial bDFS at 5 years was 52% (95% confidence interval [CI], 46% to 57%) for the entire group. On multivariate analysis, initial PSA level (p = 0.004), Gleason score (p = 0.005), and preradiation PSA level (p < 0.001) were predictive of bDFS, whereas age, T stage, duration of NAHT, and duration of total hormone therapy were not predictive of outcomes. Gleason score and preradiation PSA level were also predictive of prostate cancer-specific survival rates. CONCLUSION: Improved bDFS in patients with high-risk prostate cancer was associated with lower initial PSA level, lower Gleason score, and lower preradiation PSA level. The duration of NAHT did not have an impact on outcomes, but the preradiation PSA was an important predictor of bDFS in high-risk patients.",Int J Radiat Oncol Biol Phys,2005,1,,doi: 10.1016/j.ijrobp.2005.01.001,https://www.ncbi.nlm.nih.gov/pubmed/16029786,,negative,0,2005.0
15705087,Brachytherapy-related dysuria,Merrick GS,"OBJECTIVE: To evaluate the incidence and temporal resolution of dysuria after permanent prostate brachytherapy, and to identify predictors of brachytherapy-related dysuria. PATIENTS AND METHODS: The study included 130 patients with no history of transurethral resection of the prostate before treatment, who had brachytherapy on one of two prospective randomized trials, with explicitly planned and executed urethral-sparing techniques (100-150% minimum peripheral dose) using either 103Pd or 125I for clinical T1c-T2c prostate cancer. The median follow-up was 22.6 months. An alpha-blocker was initiated either prophylactically 2 weeks before implantation and continued at least until the International Prostate Symptom Score (IPSS) returned to normal, or withheld until the onset of significant brachytherapy-related urinary morbidity. Dysuria was evaluated on a 0-10 scale, before brachytherapy and then at 1, 3, 6 and 12 months afterward, with a median of four dysuria questionnaires per patient. Clinical, treatment and dosimetric variables evaluated included alpha-blocker, age, IPSS before and the maximum after treatment, prostate volume on ultrasonography, hormonal status, supplemental radiotherapy, isotope, urethral dose, V(100/200), D90, and time to obtaining a normal IPSS. RESULTS: The maximum incidence of dysuria was 85% at 1 month after brachytherapy, with subsequent resolution over time. The use of prophylactic tamsulosin resulted in a statistically lower dysuria severity score (difference of 2.7 vs 4.2, P < 0.005) at 1 month, with no discernible differences at 3, 6, 12 and 18 months. Patients with dysuria had a statistically higher IPSS. The dysuria resolved faster in patients implanted with 103Pd but was unaffected by the use of supplemental radiotherapy and/or androgen deprivation therapy. In multivariate analysis, prophylactic alpha-blockers resulted in statistically lower maximum dysuria scores, while the maximum IPSS after implantation and isotope type (but only at 6 months) were the best predictors of the resolution of dysuria. CONCLUSIONS: Dysuria is common after brachytherapy but is typically mild. Prophylactic alpha-blockers gave significantly lower maximum dysuria scores but did not affect the time to the resolution of dysuria. The maximum IPSS after the implant was the best predictor of the resolution of dysuria.",BJU Int,2005,95,597-602,doi: 10.1111/j.1464-410X.2005.05346.x,https://www.ncbi.nlm.nih.gov/pubmed/15705087,,negative,0,2005.0
16144663,PSA outcome following radical prostatectomy for patients with localized prostate cancer stratified by prostatectomy findings and the preoperative PSA level,McAleer SJ,"PURPOSE: Algorithms have been developed to predict time to biochemical failure (BF) following radical prostatectomy (RP) for patients with clinically localized prostate cancer. The purpose of this study was to validate an algorithm based on prostatectomy findings and to evaluate whether the preoperative serum prostate specific antigen (PSA) enhances the predictive ability of the algorithm. MATERIALS AND METHODS: Between 1988 and 2002, 2417 patients underwent RP for clinically localized prostate cancer at one of 2 large university hospitals. Patients were retrospectively stratified into 4 risk groups based upon prostatectomy grade, stage, and margin status, and were then dichotomized by the preoperative PSA level (cut point 10 ng/mL). Cox regression multivariable analyses were performed to evaluate the ability of the risk group and preoperative PSA level to predict time to BF (PSA more than 0.2 ng/mL) following RP. RESULTS: The preoperative PSA level (P < 0.0001) and risk group (P < 0.0001) were significant predictors of time to BF following RP. Estimates of the BF rates 7 years following RP were 13%, 30%, 51%, and 72% for groups 1-4, respectively (pairwise P values <or=0.0002). Further stratification within each risk group using the preoperative PSA level with a cut point at 10 ng/mL revealed BF rates of 8% versus 35%, 25% versus 54%, 31% versus 73%, and 63% versus 86% for risk groups 1-4, respectively (all P values <0.0001). CONCLUSIONS: An algorithm to predict BF based on prostatectomy findings has been validated, and the addition of the preoperative PSA level improved its ability to identify high risk patients who may benefit from entry into adjuvant treatment trials.",Urol Oncol,2005,,-,doi: 10.1016/j.urolonc.2004.12.013,https://www.ncbi.nlm.nih.gov/pubmed/16144663,,negative,0,2005.0
32077006,Post-HIFU locally relapsed prostate cancer: high-dose salvage radiotherapy guided by molecular imaging,Rigo M,"PURPOSE: To evaluate tolerance and biochemical control rates of salvage external beam radiotherapy (EBRT) in patients with local relapse from prostate cancer (PC) after high-intensity focused ultrasound (HIFU) as primary treatment. METHODS: Twenty-four patients presented biochemical failure of PC. Salvage EBRT to the residual prostate was performed with moderate hypofractionation schedule (MHRT) in 28 fractions (n = 16) or with extreme hypofractionation schedule (SBRT) in 5 fractions (n = 8) by means of image-guided volumetric modulation arc therapy. In case of MHRT, the median dose was 71.4 Gy, whereas in case of SBRT it was 32.5 Gy. RESULTS: The median follow-up was 28 months. The median PSA nadir was 0.26 ng/mL. In case of MHRT, the median PSA nadir was 0.15 ng/mL and occurred within a median time of 19 months. In case of SBRT, the median PSA nadir was 0.64 ng/mL and occurred within a median time of 8 months. No G3 higher acute or late toxicity after EBRT was observed. Only three patients presented with G2 acute GI toxicity (actinic proctitis). Twelve patients experienced acute G1 GU toxicity: 8/16 of men treated with MHRT and 4/8 of men treated with SBRT. Complete local control of disease was achieved in 23/24 patients (96%). CONCLUSIONS: Our data confirm the feasibility and the low toxicity of salvage EBRT with both schedules of treatment after HIFU failure. The findings of low acute toxicity and good biochemical control rates are encouraging, but a larger number of patients and a longer follow-up are needed to confirm these results.",Radiol Med,2020,125,491-499,doi: 10.1007/s11547-020-01148-4. Epub 2020 Feb 19,https://www.ncbi.nlm.nih.gov/pubmed/32077006,,negative,0,2020.0
16952647,Long-term outcome of high dose intensity modulated radiation therapy for patients with clinically localized prostate cancer.,Zelefsky MJ,"PURPOSE: We report on the long-term results and late toxicity outcomes of high dose intensity modulated radiation therapy for patients with clinically localized prostate cancer. MATERIALS AND METHODS: Between 1996 and 2000 a total of 561 patients with clinically localized prostate cancer were treated with intensity modulated radiation therapy. All patients were treated to a dose of 81 Gy prescribed to the planning target volume. Prostate specific antigen relapse was defined according to the American Society for Therapeutic Radiology and Oncology consensus and Houston definitions (absolute nadir plus 2 ng/ml dated at the call). Median followup was 7 years (range 5 to 9). RESULTS: The 8-year actuarial PSA relapse-free survival rates for patients in favorable, intermediate and unfavorable risk groups according to the American Society for Therapeutic Radiology and Oncology definition were 85%, 76% and 72%, respectively (p <0.025). The 8-year actuarial prostate specific antigen relapse-free survival rates for patients in favorable, intermediate and unfavorable risk groups according to the Houston definition were 89%, 78% and 67%, respectively (p = 0.0004). The 8-year actuarial likelihood of grade 2 rectal bleeding was 1.6%. Three patients (0.1%) experienced grade 3 rectal toxicity requiring either 1 or more transfusions or a laser cauterization procedure. No grade 4 rectal complications have been observed. The 8-year likelihood of late grade 2 and 3 (urethral strictures) urinary toxicities were 9% and 3%, respectively. Among patients who were potent before intensity modulated radiation therapy, erectile dysfunction developed in 49%. The cause specific survival outcomes for favorable, intermediate and unfavorable risk cases were 100%, 96% and 84%, respectively. CONCLUSIONS: These long-term results confirm our previous observations regarding the safety of high dose intensity modulated radiation therapy for clinically localized prostate cancer. Despite the application of high radiation doses, the incidence of rectal bleeding at 8 years was less than 2%. Despite the increased conformality of the dose distribution associated with intensity modulated radiation therapy, excellent long-term tumor control outcomes were achieved.",J Urol,2006,176,1415-9,10.1016/j.juro.2006.06.002,https://www.ncbi.nlm.nih.gov/pubmed/16952647,LOW RISK,positive,1,
20540878,"[Metastatic progression, cancer-specific mortality and need for secondary treatments in patients with clinically high-risk prostate cancer treated initially with radical prostatectomy].",Rubio-Briones J,"PURPOSE: To determine our results in high risk (HR) prostate cancer (PCa) patients treated with radical prostatectomy (RP) and to establish preoperative prognosis factors. MATERIAL AND METHODS: Retrospective study of 925 RP. Mean follow-up for the HR group was 89.8+/-53.6 months. Following NCCN criteria, we operated 210 (22.7%) HR and 715 (77.3%) low/intermediate risk patients. End point was metastatic progression. Kaplan-Meier method for survival comparison among groups and Cox regression model for multivariate analysis of preoperative prognostic factors were used. RESULTS: Revised period; 1986-2007. Fifty-four patients (25.7%) were free of disease and 8 patients (3.8%) died for other causes free of disease. Disease progressed in 148 patients (70.5%); death due to tumour progression occurred in 42 cases (20%) and due to other causes in 25 patients (11.9%). Seventy-nine patients in HR group (38%) vs 549 low/intermediate risk group (78.5%) did not deserve further treatments (p<0.001). The uni and multivariate analysis for metastatic progression showed both Gleason score at biopsy (RR=1.922; 95% CI 1.106-3.341, p=0.020) and clinical stage (RR=2.290; 95% CI 1.269-4.133, p=0.006) showed independent prognostic value for metastatic progression, but not PSA. CONCLUSIONS: A HR patient can be cured in a third of the cases and will need multimodal treatments in more than half of the times. We prompt surgery in a young healthy patient with a resectable tumour, mainly if just one bad prognostic factor is present and defiantly if this is just PSA elevation.",Actas Urol Esp,2010,34,610-7,,https://www.ncbi.nlm.nih.gov/pubmed/20540878,HIGH RISK,positive,1,
21167653,Comparison of acute and late toxicities for three modern high-dose radiation treatment techniques for localized prostate cancer,Mohammed N,"PURPOSE: We compared acute and late genitourinary (GU) and gastrointestinal (GI) toxicities in prostate cancer patients treated with three different high-dose radiation techniques. METHODS AND MATERIALS: A total of 1,903 patients with localized prostate cancer were treated with definitive RT at William Beaumont Hospital from 1992 to 2006: 22% with brachytherapy alone (BT), 55% with image-guided external beam (EB-IGRT), and 23% external beam with high-dose-rate brachytherapy boost (EBRT+HDR). Median dose with BT was 120 Gy for LDR and 38 Gy for HDR (9.5 Gy × 4). Median dose with EB-IGRT was 75.6 Gy (PTV) to prostate with or without seminal vesicles. For EBRT+HDR, the pelvis was treated to 46 Gy with an additional 19 Gy (9.5 Gy × 2) delivered via HDR. GI and GU toxicity was evaluated utilizing the NCI-CTC criteria (v.3.0). Median follow-up was 4.8 years. RESULTS: The incidences of any acute ≥ Grade 2 GI or GU toxicities were 35%, 49%, and 55% for BT, EB-IGRT, and EBRT+HDR (p < 0.001). Any late GU toxicities ≥ Grade 2 were present in 22%, 21%, and 28% for BT, EB-IGRT, and EBRT+HDR (p = 0.01), respectively. Patients receiving EBRT+HDR had a higher incidence of urethral stricture and retention, whereas dysuria was most common in patients receiving BT. Any Grade ≥ 2 late GI toxicities were 2%, 20%, and 9% for BT, EB-IGRT, and EBRT+HDR (p < 0.001). Differences were most pronounced for rectal bleeding, with 3-year rates of 0.9%, 20%, and 6% (p < 0.001) for BT, EB-IGRT, and EBRT+HDR respectively. CONCLUSIONS: Each of the three modern high-dose radiation techniques for localized prostate cancer offers a different toxicity profile. These data can help patients and physicians to make informed decisions regarding radiotherapy for prostate andenocarcinoma.",Int J Radiat Oncol Biol Phys,2012,1,,doi: 10.1016/j.ijrobp.2010.10.009. Epub 2010 Dec 16,https://www.ncbi.nlm.nih.gov/pubmed/21167653,,negative,0,2010.0
26062525,CyberKnife stereotactic radiotherapy for isolated recurrence in the prostatic bed,Detti B,"PURPOSE: To report a clinical experience of stereotactic body radiation therapy (SBRT) for isolated recurrence in the prostatic bed from prostate cancer. MATERIALS AND METHODS: Between November 2011 and November 2013, 16 patients were treated with SBRT for a macroscopic isolated recurrence of prostate cancer in the prostatic bed. All patients were initially treated with radical prostatectomy, and half of them also received radiotherapy. Two schedules of SBRT were used: 30 Gy in 5 fractions in previously irradiated patients, 35 Gy in five fractions in radiotherapy-naïve patients. RESULTS: At a median follow-up of 10 months (range 2-21 months), a significant biochemical response was found in all but one patient. At imaging evaluation, no local progression was noted: 10 patients showed partial response while four stable disease. At the moment of analysis, all 16 patients were alive. Seven of them experienced distant relapse, while nine maintained biochemical control, with no further therapy. Median time to relapse was 9.3 months (range 3-15.2 months). The treatment was well tolerated: One patient experienced G2 acute genitourinary and gastrointestinal toxicity. CONCLUSIONS: Our experience shows that SBRT with CyberKnife for isolated nodal relapse is a safe and well-tolerated treatment.",World J Urol,2016,34,311-7,doi: 10.1007/s00345-015-1613-5. Epub 2015 Jun 11,https://www.ncbi.nlm.nih.gov/pubmed/26062525,,negative,0,2015.0
16053667,The impact of primary Gleason grade on biochemical outcome following brachytherapy for hormone-naive Gleason score 7 prostate cancer,Merrick GS,"PURPOSE: Although the perception exists that biochemical outcome in patients with a Gleason score of 7 with dominant pattern 4 histology is inferior to that of patients with a Gleason score of 7 with a primary Gleason grade of 3, conflicting conclusions have been reported for radical prostatectomy and brachytherapy. In this study, we evaluate the effect of the dominant histologic pattern in Gleason score 7 prostate cancer on biochemical progression-free survival after brachytherapy. MATERIAL AND METHODS: Between April 1995 and October 2001, 273 consecutive patients underwent permanent interstitial brachytherapy without androgen deprivation therapy for clinical T1c-T3a NxM0 (2002 American Joint Committee on Cancer) prostate cancer. No patient underwent seminal vesicle biopsy or pathological lymph node staging. All patients underwent brachytherapy more than 3 years before analysis. Biochemical progression-free survival was defined by a prostate specific antigen (PSA) cut point < or = 0.4 ng/mL after nadir or by the American Society for Therapeutic Radiology and Oncology (ASTRO) consensus definition. The median follow-up was 4.7 years. Clinical, treatment, and dosimetric parameters evaluated for biochemical progression-free survival included primary Gleason grade; clinical T stage; pretreatment PSA level; risk group; percent positive biopsy results; perineural invasion; patient age; isotope; supplemental external-beam radiation therapy; prostate volume; brachytherapy planning volume; percent of the target volume receiving 100%, 150%, and 200% of the prescribed dose (V100/150/200); minimum percent of the prescribed dose covering 90% of the target volume (D90); tobacco consumption; hypertension; and diabetes. RESULTS: For the entire cohort, the actuarial 8-year biochemical progression-free survival rate was 94.5% and 94.8% using a PSA cut point < or = 0.4 ng/mL after nadir and the ASTRO consensus definition, respectively. For biochemically disease free patients, the median posttreatment PSA level was < 0.1 ng/mL. When the group was stratified by the dominant histologic pattern, no statistical difference in outcome was noted for any of the evaluated parameters. In forward conditional Cox regression analysis, pretreatment PSA level and percent positive biopsy results were statistically significant predictors of biochemical outcome. CONCLUSIONS: In hormone-naive patients with a Gleason score of 7, prostate brachytherapy results in a high probability of 8-year biochemical progression-free survival and is independent of Gleason 3 + 4 versus 4 + 3 histology.",Cancer J,2005,,-,doi: 10.1097/00130404-200505000-00010,https://www.ncbi.nlm.nih.gov/pubmed/16053667,,negative,0,2005.0
31542882,External beam radiation therapy improves survival in high- and intermediate-risk non-metastatic octogenarian prostate cancer patients,Knipper S,"PURPOSE: There is no contemporary proof of cancer-control benefits in octogenarian clinically localized prostate cancer (PCa) patients with life expectancy (LE) < 10 years. Therefore, cancer-specific mortality (CSM) rates after external beam radiation therapy (EBRT) vs. no local treatment (NLT) were tested in octogenarian PCa patients with LE < 10 years. METHODS: Within the surveillance, epidemiology, and end results database (2004-2015), we identified 22,361 octogenarian clinically localized PCa patients who either received EBRT or NLT. Temporal trends, cumulative incidence plots and multivariable competing-risks regression analyses (MCR) were used after propensity score matching. Sensitivity analyses were performed according to D'Amico risk groups and LE > 5 years. RESULTS: Of all, 7325 (32.8%) received EBRT vs. 15,036 (67.2%) received NLT. Rates of EBRT significantly increased over time (25.0-42.4%). Overall, 10-year CSM rates were 10.6% vs. 17.0% and 10-year other-cause mortality rates were 50.3% vs. 58.1%, in EBRT vs. NLT patients (both p < 0.001). In MCR focusing on the overall cohort, EBRT represented an independent predictor of lower CSM (hazard ratio: 0.5). In sensitivity analyses, hazard ratios of 0.5 (p < 0.001), 0.5 (p < 0.001) and 0.8 (p = 0.5) were, respectively, recorded in D'Amico high-, intermediate- and low-risk patients. In sensitivity analyses addressing patients with LE > 5 years virtually the same results were recorded. CONCLUSIONS: In octogenarian patients with LE < 10 years, EBRT seems to be associated with lower CSM in D'Amico high-risk, as well as in D'Amico intermediate-risk patients relative to their NLT counterparts. Based on these observations, greater consideration for EBRT may be given in octogenarian patients.",Int Urol Nephrol,2020,52,59-66,doi: 10.1007/s11255-019-02284-1. Epub 2019 Sep 21,https://www.ncbi.nlm.nih.gov/pubmed/31542882,,negative,0,2020.0
30402050,Time to Disease Recurrence Is a Predictor of Metastasis and Mortality in Patients with High-risk Prostate Cancer Who Achieved Undetectable Prostate-specific Antigen Following Robot-assisted Radical Prostatectomy.,Kim DK,"BACKGROUND: Robot-assisted radical prostatectomy (RARP) is a feasible treatment option for high-risk prostate cancer (PCa). While patients may achieve undetectable prostate-specific antigen (PSA) levels after RARP, the risk of disease progression is relatively high. We investigated metastasis-free survival, cancer-specific survival (CSS), and overall survival (OS) outcomes and prognosticators in such patients. METHODS: In a single-center cohort of 342 patients with high-risk PCa (clinical stage ≥ T3, biopsy Gleason score ≥ 8, and/or PSA levels ≥ 20 ng/mL) treated with RARP and pelvic lymph node dissection between August 2005 and June 2011, we identified 251 (73.4%) patients (median age, 66.5 years; interquartile range [IQR], 63.0-71.0 years) who achieved undetectable PSA levels (< 0.01 ng/mL) postoperatively. Survival outcomes were evaluated for the entire study sample and in groups stratified according to the time to biochemical recurrence dichotomized at 60 months. RESULTS: During the median follow-up of 75.9 months (IQR, 59.4-85.8 months), metastasis occurred in 38 (15.1%) patients, most often to the bones, followed by the lymph nodes, lungs, and liver. The 5-year metastasis-free, cancer-specific, and OS rates were 87.1%, 94.8%, and 94.3%, respectively. Multivariate Cox-regression analysis revealed time to recurrence as an independent predictor of metastasis (<i>P</i> < 0.001). Time to metastasis was an independent predictor of OS (<i>P</i> = 0.003). Metastasis-free and CSS rates were significantly lower among patients with recurrence within 60 months of RARP (log-rank <i>P</i> < 0.001). CONCLUSION: RARP confers acceptable oncological outcomes for high-risk PCa. Close monitoring beyond 5 years is warranted for early detection of disease progression and for timely adjuvant therapy.",J Korean Med Sci,2018,33,e285,10.3346/jkms.2018.33.e285,https://www.ncbi.nlm.nih.gov/pubmed/30402050,,positive,1,
31586543,Effect of bladder neck sparing at robot-assisted laparoscopic prostatectomy on postoperative continence rates and biochemical recurrence,Preisser F,"OBJECTIVES: Previous studies reported improved continence recovery by bladder neck sparing (BNS) in prostate cancer patients treated with robot-assisted laparoscopic radical prostatectomy (RALP), without compromising biochemical recurrence (BCR). We compared the continence outcomes, surgical margin rates, and BCR risk of BNS vs. bladder neck reconstruction (BNR) patients during RALP. METHODS: Overall, 1,512 patients who underwent RALP with BNS or BNR between 2010 and 2017 in a single high-volume center, were identified. Logistic regression models tested the effect of BNS on continence and surgical margin rates. Cox regression models tested the effect of BNS on BCR. Continence was defined as the use of 0 or 1-safety pad per day. RESULTS: Three hundred and eighty-two vs. 1,130 patients underwent BNS vs. BNR. The median time to catheter removal was significantly shorter (5 vs. 8 days) in patients with BNS. Pad-free rates at 7 days after catheter removal were 60.0% vs. 54.5%, continence rates were 80.1% vs. 78.3% after 3 months and 85.3% vs. 89.6% after 1 year for BNS and BNR, respectively. Multivariable models revealed that BNS is an independent predictor to be pad-free at 7 days after catheter removal (OR: 1.39, P = 0.04), but no predictor for continence at 3 months (OR: 1.02, P = 0.9) and 1 year (OR: 0.78, P = 0.4) after RALP, as well as for positive surgical margin (OR: 0.95, P = 0.8) and BCR (Hazard ratio: 0.95, P = 0.9). CONCLUSION: Patients with BNS had a better chance to be pad-free at 7 days after catheter removal and had a significant shorter time to catheter removal. However, this beneficial effect disappeared with time and no differences in continence rates at 3 months and 1 year were recorded. Moreover, BNS did not negatively affect positive margin or BCR rates.",Urol Oncol,2020,38,1,doi: 10.1016/j.urolonc.2019.09.005. Epub 2019 Oct 2,https://www.ncbi.nlm.nih.gov/pubmed/31586543,,negative,0,2020.0
20224263,Outcome of adjuvant radiotherapy after radical prostatectomy for prostate cancer patients,Suzuki K,"AIM: To examine the outcome and risk factors of biochemical failure (BCF) in Japanese prostate cancer (PCa) patients treated with adjuvant radiotherapy (RT) after radical prostatectomy (RP). PATIENTS AND METHOD: In this study we enrolled 83 Japanese patients having clinically organ-confined PCa without neoadjuvant treatments who received conventional RT (60 Gy) after RP. All patients had extracapsular extension (ECE) and/or positive surgical margin (PSM) of the RP specimens, but no lymph node metastasis. The disease-specific, clinical failure-free, and BCF-free survivals were analyzed. Furthermore, the risk factors affecting the BCF-free survival were examined in detail. RESULTS: The 5-year disease-specific, clinical failure-free, and BCF-free survival rates were 100, 99, and 87%, respectively. The clinicopathological factors associated with BCF were seminal vesicle invasion (SVI) (p = 0.024), perineural invasion (PNI) (p = 0.03), and pre-RT prostate-specific antigen (PSA) (p = 0.014). In the patients with PSM (n = 59), the entire surgical margin-positive patients had a significantly higher risk of BCF than the focal surgical margin-positive patients (p = 0.015). Multivariate analysis showed that SVI and pre-RT PSA were independent prognostic factors of BCF (p = 0.0142, p = 0.0225, respectively). 22% of our patients had only low-grade adverse effects. CONCLUSION: The outcome of adjuvant RT after RP in the Japanese patients with ECE and/or PSM was excellent, and the adverse effects were mild and tolerable. However, the patients with SVI, PNI, entire surgical margin-positive specimens, or high pre-RT PSA had poor biochemical control by only adjuvant RT after RP.",Urol Int,2010,84,382-7,doi: 10.1159/000296288. Epub 2010 Mar 13,https://www.ncbi.nlm.nih.gov/pubmed/20224263,,negative,0,2010.0
30937571,"Tumor characteristics, oncological and functional outcomes after radical prostatectomy in very young men ≤ 45 years of age",Tilki D,"PURPOSE: Age is an important prognostic factor for functional and oncological outcomes after radical prostatectomy (RP). Considering the long life-expectancy of young patients (≤ 45 years), it remains important to examine their outcomes. METHODS: Of 16.049 patients who underwent RP between 01/2006 and 12/2014 at the Martini-Klinik Prostate Cancer Center, 119 (0.7%) were ≤ 45. Known prognosticators were compared according to patient age at RP (categorical as ≤ 45, > 45 and ≤ 65, > 65 years). Kaplan-Meier plots and Cox-regressions analyzed oncological outcomes [biochemical recurrence (BCR)-free survival and metastasis-free survival (MFS)]. Logistic regressions were used for functional outcome. Urinary continence (UC) was defined as the use of 0 or 1 safety pad/day and potency as an IIEF-5 score of ≥ 18. RESULTS: Compared to their older counterparts, patients ≤ 45 years had more favorable tumor characteristics. Of all patients aged ≤ 45 years, 89% underwent bilateral and 9.3% unilateral nerve-sparing procedure. Five year BCR-free survival and MFS were 80.2% and 98.7% for patients ≤ 45 years, 72.8% and 95.0% for patients > 45 and ≤ 65 years and 70.5% and 94.9% for patients > 65 years. For the same groups, 1-year UC-rates were 97.4%, 89.4%, and 84.7% while 1.3%, 8.2%, and 11.6% used 1-2 pads/24 h. At 1-year, 75.6%, 58.6%, and 45.3% of preoperatively potent patients who underwent bilateral nerve-sparing were considered potent. Younger age was an independent predictor of favorable functional outcome also in multivariable analysis. CONCLUSIONS: Patients aged ≤ 45 years had more favorable tumor characteristics and oncological outcomes. Moreover, younger patients should be counseled about the excellent postoperative continence and potency rates.",World J Urol,2020,38,95-101,doi: 10.1007/s00345-019-02740-8. Epub 2019 Apr 2,https://www.ncbi.nlm.nih.gov/pubmed/30937571,,negative,0,2020.0
15821486,12-year outcomes following permanent prostate brachytherapy in patients with clinically localized prostate cancer.,Potters L,"PURPOSE: We reviewed the outcomes in men treated with permanent prostate brachytherapy (PPB). MATERIAL AND METHODS: A total of 1,449 consecutive patients with a mean age of 68 years treated with PPB between 1992 and 2000 and mean pretreatment prostate specific antigen (PSA) 10.1 ng/ml were included in this study. Of the patients 55% presented with Gleason 6 tumors and 28% had Gleason 7 disease. A total of 400 patients (27%) were treated with neoadjuvant hormones and 301 (20%) were treated in combination with external radiation plus PPB. Several biochemical freedom from recurrence (BFR) definitions were determined. Statistical analysis consisted of log rank testing, Kaplan-Meier estimates and Cox regression analysis. RESULTS: Median followup was 82 months with 39 patients at risk at for 144 months. Overall and disease specific survival at 12 years was 81% and 93%, respectively. The 12-year BFR was 81%, 78%, 74% and 77% according to the American Society for Therapeutic Radiology and Oncology (ASTRO), ASTRO-Kattan, ASTRO-Last Call and Houston definitions, respectively. The 12-year ASTRO-Kattan BFR using risk stratification was 89%, 78% and 63% in patients at low, intermediate and high risk, respectively (p = 0.0001). Multivariate analysis identified the dose that 90% of the target volume received (p <0.0001), pretreatment PSA (p = 0.001), Gleason score (p = 0.002), the percent positive core biopsies (p = 0.037), clinical stage (p = 0.689), the addition of hormones (p = 0.655) and the addition of external radiation (p = 0.724) for predicting BFR-ASTRO. Five-year disease specific survival was 44% in patients with a PSA doubling time of less than 12 months vs 88% in those with a PSA doubling time of 12 months or greater (p = 0.0001). CONCLUSIONS: PPB offers acceptable 12-year BFR in patients who present with clinically localized prostate cancer. Implant dosimetry continues as an important predictor for BFR, while the addition of adjuvant therapies such as hormones and external radiation are insignificant. In patients who experience biochemical failure it appears that PSA doubling time is an important predictor of survival.",J Urol,2005,173,1562-6,10.1097/01.ju.0000154633.73092.8e,https://www.ncbi.nlm.nih.gov/pubmed/15821486,LOW RISK,positive,1,
15795905,Marriage and ethnicity predict treatment in localized prostate carcinoma,Denberg TD,"BACKGROUND: Primary treatment for early-stage prostate carcinoma includes expectant management or, for curative intent, radical prostatectomy or radiotherapy. Treatment recommendations are generally guided by clinical factors such as Gleason grade, prostate-specific antigen level, comorbid illnesses, and patient age. Sociocultural factors may also have influences on patient and urologist treatment choices. METHODS: The authors used bivariate and multinomial logistic regression to identify medical and sociodemographic predictors of prostatectomy (compared with radiotherapy) and curative therapy (compared with expectant management) in a cohort of 27,920 non-Latino white, black, and Latino men without comorbidities in the latest linked Surveillance, Epidemiology and End Results-Medicare dataset (years 1995-1999). Predictors included tumor stage, patient age, marital status, race/ethnicity, and socioeconomic status. RESULTS: Younger age and higher tumor grade were robust predictors of curative treatment compared with expectant management and of prostatectomy compared with radiotherapy. Sociodemographic factors had an additive role in treatment choice. Marriage predicted curative treatment compared with expectant management (adjusted risk ratio [RR] = 1.28 [1.25-1.30]) and prostatectomy compared with radiotherapy (adjusted RR = 1.24 [1.20-1.28]). Although blacks and Latinos were just as likely as whites to receive curative treatment, blacks were significantly less likely, whereas Latinos were more likely, to receive prostatectomy compared with radiotherapy (adjusted RRs = 0.77 [0.72-83]) and 1.24 [1.18-1.30], respectively). CONCLUSIONS: Marriage was positively associated with curative treatment in general, and with prostatectomy specifically. Blacks received prostatectomy less often than whites, although they did not receive less curative treatment overall. Latinos received prostatectomy more often than whites. Clinicians should recognize the importance of cultural and social forces as well as biomedical factors in decisions regarding the treatment of patients with early-stage prostate carcinoma.",Cancer,2005,1,,doi: 10.1002/cncr.20982,https://www.ncbi.nlm.nih.gov/pubmed/15795905,,negative,0,2005.0
17084558,Multi-institutional analysis of long-term outcome for stages T1-T2 prostate cancer treated with permanent seed implantation.,Zelefsky MJ,"PURPOSE: To assess long-term prostate-specific antigen (PSA) outcome after permanent prostate brachytherapy (BT) and identify predictors of improved disease-free survival. METHODS AND MATERIALS: Eleven institutions combined data on 2,693 patients treated with permanent interstitial BT monotherapy for T1-T2 prostate cancer. Of these patients, 1,831 (68%) were treated with I-125 (median dose, 144 Gy) and 862 (32%) were treated with Pd-103 (median dose, 130 Gy). Criteria for inclusion were: available pre-BT PSA, BT > or =5 years before data submission, BT between 1988-1998, and no androgen deprivation before failure. The median follow-up was 63 months. RESULTS: Among patients where the I-125 dose to 90% of the prostate (D90) was > or =130 Gy, the 8-year PSA relapse-free survival (PRFS) was 93% compared with 76% for those with lower D90 dose levels (p < 0.001). A multivariable analysis identified tumor stage (p = 0.002), Gleason score (p < 0.001), pretreatment PSA level (p < 0.001), treatment year (p = 0.001), and the isotope used (p = 0.004) as pretreatment and treatment variables associated with PRFS. When restricted to patients with available postimplantation dosimetric information, D90 emerged as a significant predictor of biochemical outcome (p = 0.01), and isotope was not significant. The 8-year PRFS was 92%, 86%, 79%, and 67%, respectively, for patients with PSA nadir values of 0-0.49, 0.5-0.99, 1.0-1.99, and >2.0 ng/mL (p < 0.001). Among patients free of biochemical relapse at 8 years, the median nadir level was 0.1 ng/mL, and 90% of these patients achieved a nadir PSA level <0.6 ng/mL. CONCLUSIONS: Outcome after permanent BT for prostatic cancer relates to tumor stage, Gleason score, pretreatment PSA, BT year, and post-BT dosimetric quality. PSA nadir < or =0.5 ng/mL was particularly associated with durable long-term PSA disease-free survival. The only controllable factor to impact on long-term outcome was the D90 which is a reflection of implant quality.",Int J Radiat Oncol Biol Phys,2007,67,327-33,10.1016/j.ijrobp.2006.08.056,https://www.ncbi.nlm.nih.gov/pubmed/17084558,INTERMEDIATE RISK,positive,1,
17084544,15-Year biochemical relapse free survival in clinical Stage T1-T3 prostate cancer following combined external beam radiotherapy and brachytherapy; Seattle experience.,Sylvester JE,"PURPOSE: Long-term biochemical relapse-free survival (BRFS) rates in patients with clinical Stages T1-T3 prostate cancer continue to be scrutinized after treatment with external beam radiation therapy and brachytherapy. METHODS AND MATERIALS: We report 15-year BRFS rates on 223 patients with clinically localized prostate cancer that were consecutively treated with I(125) or Pd (103) brachytherapy after 45-Gy neoadjuvant EBRT. Multivariate regression analysis was used to create a pretreatment clinical prognostic risk model using a modified American Society for Therapeutic Radiology and Oncology consensus definition (two consecutive serum prostate-specific antigen rises) as the outcome. Gleason scoring was performed by the pathologists at a community hospital. Time to biochemical failure was calculated and compared by using Kaplan-Meier plots. RESULTS: Fifteen-year BRFS for the entire treatment group was 74%. BRFS using the Memorial Sloan-Kettering risk cohort analysis (95% confidence interval): low risk, 88%, intermediate risk 80%, and high risk 53%. Grouping by the risk classification described by D'Amico, the BRFS was: low risk 85.8%, intermediate risk 80.3%, and high risk 67.8% (p = 0.002). CONCLUSIONS: I(125) or Pd(103) brachytherapy combined with supplemental EBRT results in excellent 15-year biochemical control. Different risk group classification schemes lead to different BRFS results in the high-risk group cohorts.",Int J Radiat Oncol Biol Phys,2007,67,57-64,10.1016/j.ijrobp.2006.07.1382,https://www.ncbi.nlm.nih.gov/pubmed/17084544,,positive,1,
16086912,20 Gy versus 44 Gy supplemental beam radiation with Pd-103 prostate brachytherapy: preliminary biochemical outcomes from a prospective randomized multi-center trial,Wallner K,"BACKGROUND AND PURPOSE: While favorable results are achieved with combined modality irradiation, there has never been a rigorous study of the need for supplemental beam. The study reported here compares clinical outcomes with substantially different external beam radiation doses. Similar to classic randomized Wilm's tumor studies from the 1980s, the intention of the trial design was to decrementally test the need for beam radiation. PATIENTS AND METHODS: As of June 2000, 165 of a planned 600 patients with 1997 AJC clinical stage T1c-T2a prostatic carcinoma, Gleason grade 7-10 and/or PSA 10-20 ng/ml, were treated on a randomized protocol comparing 44 versus 20 Gy pre-implant supplemental beam radiation, combined with Pd-103, 90 versus 115 Gy, respectively (NIST-1999). Freedom from biochemical failure was defined as a serum PSA</=0.5 ng/ml at last follow-up. Patients were censored at last follow-up if their serum PSA was still decreasing. Patients whose serum PSA nadired at a value >0.5 ng/ml were scored as failures at the time at which their PSA nadired. The follow-up period for non-failing patients ranged from 0.5 to 4.9 years (median: 2.9 years). Accrual of 566 patients was achieved in October 2004. The study was closed at that time because of slowing accrual, due in part to the findings reported here. RESULTS: The overall actuarial freedom from biochemical progression at 3 years is 85%, with 59 patients followed beyond 3 years. A total of 21 patients have developed biochemical failure, 12 treated with 20 Gy and nine treated with 44 Gy. There were no clinically evident local failures. The actuarial biochemical freedom-from-failure rate at 3 years was 83% for 20 Gy patients versus 88% for 44 Gy patients (P=0.64). For 112 patients with a pre-treatment PSA<10 ng/ml, the 3-year freedom from progression was 84% in patients receiving 20 Gy beam radiation versus 94% in those who received 44 Gy beam (P=0.16). For 47 patients with a pre-treatment PSA>10 ng/ml, the 3-year freedom from progression was 82% in patients receiving 20 Gy beam radiation versus 72% in those who received 44 Gy beam (P=0.38). CONCLUSIONS: The randomized data presented here suggests that the likelihood of biochemical cure is similar with standard (44 Gy) or lower dose (20 Gy) supplemental beam radiation. Since the biological effect of 20 Gy external beam radiation is likely to be small, we interpret these preliminary results to suggest that supplemental beam radiation is unnecessary, in the setting of a high degree of prostate coverage by the brachytherapy prescription dose. With closure of this study, we have begun treating intermediate and high risk patients on a prospective randomized comparison of Pd-103 with 20 versus 0 Gy supplemental beam radiation.",Radiother Oncol,2005,75,307-10,doi: 10.1016/j.radonc.2005.03.019,https://www.ncbi.nlm.nih.gov/pubmed/16086912,,negative,0,2005.0
20675081,A matched control analysis of adjuvant and salvage high-dose postoperative intensity-modulated radiotherapy for prostate cancer,Ost P,"PURPOSE: It is unclear whether immediate adjuvant radiotherapy for high-risk disease at prostatectomy (capsule perforation, seminal vesicle invasion, and/or positive surgical margins) is equivalent to delayed salvage radiotherapy at biochemical recurrence. We performed a matched case analysis comparing high-dose adjuvant intensity modulated radiotherapy (A-IMRT) with salvage IMRT (S-IMRT). METHODS AND MATERIALS: One hundred forty-four patients with high-risk disease at prostatectomy were referred for A-IMRT, and 134 patients with high-risk disease were referred at biochemical recurrence (rising prostate-specific antigen [PSA], following prostatectomy, above 0.2 ng/ml) for S-IMRT. Patients were matched in a 1:1 ratio according to preoperative PSA level, Gleason score, and pT stage. Median doses of 74 Gy and 76 Gy were prescribed for A-IMRT and S-IMRT, respectively. We report biochemical relapse free survival (bRFS) rates using the Kaplan-Meier method. Univariate and multivariate analyses were used to examine tumour- and treatment-related factors. RESULTS: A total of 178 patients were matched (89:89). From the end of radiotherapy, the median follow-up was 36 months for both groups. The 3-year bRFS rate for the A-IMRT group was 90% compared to 65% for the S-IMRT group (p < 0.05). On multivariate analysis, S-IMRT, Gleason grades of ≥ 4+3, perineural invasion, preoperative PSA level of ≥ 10 ng/ml, and omission of androgen deprivation (AD) were independent predictors for a reduced bRFS (p < 0.05). From the date of surgery, the median follow-up was 43 and 60 months for A-IMRT and S-IMRT, respectively. The 3-year bRFS rate for A-IMRT was 91% compared to 79% for S-IMRT (p < 0.05). On multivariate analysis, Gleason grades of ≥ 4+3, perineural invasion, and omission of AD were independent predictors for a reduced bRFS (p < 0.05). S-IMRT was no longer an independent prognostic factor (p = 0.08). CONCLUSIONS: High-dose A-IMRT significantly improves 3-year bRFS compared to S-IMRT. Gleason grades of ≥ 4+3, perineural invasion, and omission of AD were independent prognostic factors for a decreased bRFS, both from the dates of surgery and from radiotherapy.",Int J Radiat Oncol Biol Phys,2011,1,,doi: 10.1016/j.ijrobp.2010.04.039. Epub 2010 Aug 1,https://www.ncbi.nlm.nih.gov/pubmed/20675081,,negative,0,2010.0
23194129,High-dose rate brachytherapy compared with open radical prostatectomy for the treatment of high-risk prostate cancer: 10 year biochemical freedom from relapse.,Savdie R,"OBJECTIVE: • To compare long-term biochemical control of high-risk prostate cancer in those men receiving high-dose rate brachytherapy (HDRB) and radical prostatectomy (RP). PATIENTS AND METHODS: • The 10-year biochemical freedom from relapse (BFR) was calculated for 243 patients who underwent either RP or combined therapy with HDRB + external beam radiotherapy + androgen deprivation between 1998 and 2000. • INCLUSION CRITERIA: clinical stage ≥ T2b, or Gleason sum ≥ 8, or PSA level of > 20 ng/mL. Groups were appraised using the Kattan nomogram for surgery to calculate progression-free probability (PFP). RESULTS: • For the RP group (153 patients) the median PSA level was 8.1 ng/mL and the median age was 62.2 years. The median 5- and 10-year predicted PFP for RP was 64% and 56 %, respectively. The 5- and 10-year BFR was 65.5% and 55.4%. There was no significant difference between the predicted and the actual PFP for the RP group (P= 0.525). • For HDRB group (90 patients). The median PSA level was 14.2 ng/mL and the median age was 67.6 years. The median 5- and 10-year predicted PFP for HDRB was 46% and 35%, respectively. The 5- and 10-year BFR was 79.6% and 53.6%. There was a significant improvement between the actual and the predicted PFP for the HDRB group (P= 0.002). CONCLUSIONS: • Amongst a high-risk cohort, patients undergoing RP performed as predicted by the pre-treatment surgical nomogram, whereas the patients undergoing HDRB performed significantly better than was predicted by the surgical nomogram at 10 years.",BJU Int,2012,110 Suppl 4,71-6,10.1111/j.1464-410X.2012.11480.x,https://www.ncbi.nlm.nih.gov/pubmed/23194129,HIGH RISK,positive,1,
31829912,Sequencing of Androgen-Deprivation Therapy With External-Beam Radiotherapy in Localized Prostate Cancer: A Phase III Randomized Controlled Trial.,Malone S,"PURPOSE: Dose-escalated radiotherapy (RT) with androgen-deprivation therapy (ADT) is a standard definitive treatment of localized prostate cancer (LPCa). The optimal sequencing of these therapies is unclear. Our phase III trial compared neoadjuvant versus concurrent initiation of ADT in combination with dose-escalated prostate RT (PRT). PATIENTS AND METHODS: Patients with newly diagnosed LPCa with Gleason score ≤ 7, clinical stage T1b to T3a, and prostate-specific antigen < 30 ng/mL were randomly allocated to neoadjuvant and concurrent ADT for 6 months starting 4 months before RT (neoadjuvant group) or concurrent and adjuvant ADT for 6 months starting simultaneously with RT (concurrent group). The primary end point was biochemical relapse-free survival (bRFS). Stratified log-rank test was used to compare bRFS and overall survival (OS). Incidence of grade ≥ 3 late RT-related toxicities was compared by log-rank test. RESULTS: Overall, 432 patients were randomly assigned to the neoadjuvant (n = 215) or concurrent group (n = 217). At 10 years, bRFS rates for the two groups were 80.5% and 87.4%, respectively. Ten-year OS rates were 76.4% and 73.7%, respectively. There was no significant difference in bRFS (<i>P</i> = .10) or OS (<i>P</i> = .70) between the two groups. Relative to the neoadjuvant group, the hazard ratio for the concurrent group was 0.66 (95% CI, 0.41 to 1.07) for bRFS and 0.94 (95% CI, 0.68 to 1.30) for OS. No significant difference was observed in the 3-year incidence of late RT-related grade ≥ 3 GI (2.5% <i>v</i> 3.9%) or genitourinary toxicity (2.9% <i>v</i> 2.9%). CONCLUSION: In our study, there was no statistically significant difference in bRFS between the two treatment groups. Similarly, no difference was seen in OS or late RT-related toxicities. On the basis of these results, both neoadjuvant and concurrent initiations of short-term ADT with dose-escalated PRT are reasonable standards of care for LPCa.",J Clin Oncol,2020,38,593-601,10.1200/JCO.19.01904,https://www.ncbi.nlm.nih.gov/pubmed/31829912,,positive,1,
16144668,Robotic prostatectomy outcomes,Perrotti M,"The triad of cancer cure, rapid recovery of complete urinary continence, and preservation of sexual function are desirable in the contemporary surgical treatment of the young potent male with prostate cancer. Robotic prostatectomy is a Food and Drug Administration approved approach to radical prostatectomy, and is performed at our institution and elsewhere. We present a critical assessment of reported outcomes using this minimally invasive technique.",Urol Oncol,2005,,-,doi: 10.1016/j.urolonc.2005.02.002,https://www.ncbi.nlm.nih.gov/pubmed/16144668,,negative,0,2005.0
26525214,Is supplemental external beam radiation therapy essential to maximize brachytherapy outcomes in patients with unfavorable intermediate-risk disease?,Merrick GS,"PURPOSE: To evaluate whether supplemental external beam radiotherapy (EBRT) is essential to maximize Pd-103 brachytherapy outcomes in patients with unfavorable intermediate-risk (IR) disease. METHODS AND MATERIALS: A total of 630 patients were assessed from two prospective randomized brachytherapy trials evaluating the role of supplemental EBRT in patients with higher risk features. Patients were stratified into unfavorable IR (primary Gleason pattern 4, ≥50% positive biopsies, or ≥2 IR features), favorable IR, and high-risk (HR) cohorts. Median follow-up was 7.5 years. The brachytherapy prescription dose was prescribed to the prostate gland with generous periprostatic margins. Biochemical failure (BF) was defined as a prostate-specific antigen >0.40 ng/mL after nadir. Patients with metastatic prostate cancer or nonmetastatic castrate-resistant disease who died of any cause were classified as dead of prostate cancer. Multiple parameters were evaluated for effect on outcomes. RESULTS: The 10-year BF for favorable IR, unfavorable IR, and HR was 1.7%, 6.6%, and 15.5% (p < 0.001). At 10 years, prostate cancer-specific mortality (PCSM) and overall mortality (OM) were 0% and 20.4%, 2.1% and 23.2%, and 4.3% and 42.4% for favorable IR, unfavorable IR, and HR. Although unfavorable IR patients had a greater incidence of BF, PCSM, and OM when compared with favorable IR, neither the addition nor dose of supplemental EBRT influenced outcome. CONCLUSIONS: Outcomes for favorable IR were superior to those with unfavorable IR. Within the confines of this study, neither the addition nor dose of supplemental EBRT influenced BF, PCSM, or OM in patients with IR disease.",Brachytherapy,2016,15,79-84,10.1016/j.brachy.2015.09.011,https://www.ncbi.nlm.nih.gov/pubmed/26525214,,positive,1,
29441697,Long-term outcomes of proton therapy for prostate cancer in Japan: a multi-institutional survey of the Japanese Radiation Oncology Study Group.,Iwata H,"This is the first multi-institutional retrospective survey of the long-term outcomes of proton therapy (PT) for prostate cancer in Japan. This retrospective analysis comprised prostate cancer patients treated with PT at seven centers between January 2008 and December 2011 and was approved by each Institutional Review Board. The NCCN classification was used. Biochemical relapse was based on the Phoenix definition (nadir + 2.0 ng/mL). Toxicities were evaluated with the Common Terminology Criteria for Adverse Events version 4.0. There were 215, 520, and 556 patients in the low-risk, intermediate-risk, and high-risk groups, respectively. The median follow-up period of surviving patients was 69 months (range: 7-107). Among all patients, 98.8% were treated using a conventional fractionation schedule and 1.2% with a hypofractionation schedule; 58.5% and 21.5% received neoadjuvant and adjuvant androgen deprivation therapy, respectively. The 5-year biochemical relapse-free survival (bRFS) and overall survival rates in the low-risk, intermediate-risk, and high-risk groups were 97.0%, 91.1%, and 83.1%, and 98.4%, 96.8%, and 95.2%, respectively. In the multivariate analysis, the NCCN classification was a significant prognostic factor for bRFS, but not overall survival. The incidence rates of grade 2 or more severe late gastrointestinal and genitourinary toxicities were 4.1% and 4.0%, retrospectively. This retrospective analysis of a multi-institutional survey suggested that PT is effective and well-tolerated for prostate cancer. Based on this result, a multi-institutional prospective clinical trial (UMIN000025453) on PT for prostate cancer has just been initiated in order to define its role in Japan.",Cancer Med,2018,7,677-689,10.1002/cam4.1350,https://www.ncbi.nlm.nih.gov/pubmed/29441697,,positive,1,
16682149,Androgen-deprivation therapy does not impact cause-specific or overall survival after permanent prostate brachytherapy.,Merrick GS,"PURPOSE: To determine if androgen-deprivation therapy (ADT) has an impact on cause-specific, biochemical progression-free, or overall survival after prostate brachytherapy. METHODS AND MATERIALS: From April 1995 through June 2002, 938 consecutive patients underwent brachytherapy for clinical Stage T1b to T3a (2002 AJCC) prostate cancer. All patients underwent brachytherapy more than 3 years before analysis. A total of 382 patients (40.7%) received ADT with a duration of 6 months or less in 277 and more than 6 months in 105. The median follow-up was 5.4 years. Multiple clinical, treatment, and dosimetric parameters were evaluated as predictors of cause-specific, biochemical progression-free, and overall survival. RESULTS: The 10-year cause-specific, biochemical progression-free, and overall survival rates for the entire cohort were 96.4%, 95.9%, and 78.1%, respectively. Except for biochemical progression-free survival in high-risk patients, ADT did not statistically impact any of the three survival categories. A Cox linear-regression analysis demonstrated that Gleason score was the best predictor of cause-specific survival, whereas percent-positive biopsies, prostate volume, and risk group predicted for biochemical progression-free survival. Patient age and tobacco use were the strongest predictors of overall survival. One hundred two patients have died, with 80 of the deaths a result of cardiovascular disease (54) and second malignancies (26). To date, only 12 patients have died of metastatic prostate cancer. CONCLUSIONS: After brachytherapy, androgen-deprivation therapy did not have an impact on cause-specific or overall survival for any risk group; however, ADT had a beneficial effect on biochemical progression-free survival in high-risk patients. Cardiovascular disease and second malignancies far outweighed prostate cancer as competing causes of death.",Int J Radiat Oncol Biol Phys,2006,65,669-77,10.1016/j.ijrobp.2006.01.030,https://www.ncbi.nlm.nih.gov/pubmed/16682149,LOW RISK,positive,1,
24698961,15-year cause specific and all-cause survival following brachytherapy for prostate cancer: negative impact of long-term hormonal therapy.,Stone NN,"PURPOSE: We analyzed factors influencing 15-year cause specific and all-cause survival in men treated with prostate brachytherapy. MATERIALS AND METHODS: A total of 1,669 men with a median age of 66 years who had T1-T3 prostate cancer were treated with prostate brachytherapy and followed a mean of 10 years. Treatments were implant alone, implant plus hormone therapy, or external beam irradiation or implant plus hormone therapy plus external beam irradiation. Hormone therapy was administered in 898 men (53.8%) for a median of 6 months. Cause specific and all-cause survival were estimated by the Kaplan-Meier method with comparisons made by logistic regression and Cox proportions hazard rates. RESULTS: The 15-year cause specific survival rate was 94.1%. Cause specific survival in the 3 NCCN® risk groups was 96.3%, 97.5% and 85.2% (p <0.001). Hormone therapy did not positively impact cause specific survival. The 15-year all-cause survival rate was 57%. Cox regression revealed age (HR 1.09, p <0.001), hormone therapy (HR 1.04, p = 0.032), diabetes (HR 1.86, p = 0.013), atrial fibrillation (HR 2.90, p = 0.041), smoking (HR 1.42, p = 0.030) and emphysema (HR 8.20, p = 0.040) as significant associations. At 15 years hormone therapy decreased all-cause survival from 60.3% to 54.9% (p = 0.009). All-cause survival was not reduced when hormone therapy was limited to 6 months or less (p = 0.005). This difference was present in men 66 years old or younger (p = 0.017) and in older men (p = 0.05). CONCLUSIONS: Prostate brachytherapy yields favorable 15-year cause specific survival, especially in patients at high risk. All-cause survival is less in patients with preexisting diabetes, atrial fibrillation and emphysema. Hormone therapy for longer than 6 months has a negative effect on all-cause survival even in younger patients without an apparent beneficial effect on cause specific survival.",J Urol,2014,192,754-9,10.1016/j.juro.2014.03.094,https://www.ncbi.nlm.nih.gov/pubmed/24698961,,positive,1,
25079940,Improved outcomes with advancements in high intensity focused ultrasound devices for the treatment of localized prostate cancer.,Uchida T,"PURPOSE: We evaluated the association between long-term clinical outcomes and morbidity with high intensity focused ultrasound. MATERIALS AND METHODS: We included patients with stage T1c-T3N0M0 prostate cancer who were treated with Sonablate® (SB) devices during 1999 to 2012 and followed for more than 2 years. Risk stratification and complication rates were compared among the treatment groups (ie SB200/500 group, SB500 version 4 group and SB500 tissue change monitor group). Primary study outcomes included overall, cancer specific and biochemical disease-free survival rates determined using Kaplan-Meier analysis (Phoenix definition). Secondary outcomes included predictors of biochemical disease-free survival using Cox models. RESULTS: A total of 918 patients were included in the study. Median followup in the SB200/500, SB500 version 4 and the SB500 tissue change monitor groups was 108, 83 and 47 months, respectively. The 10-year overall and cancer specific survival rates were 89.6% and 97.4%, respectively. The 5-year biochemical disease-free survival rate in the SB200/500, SB500 version 4 and SB500 tissue change monitor group was 48.3%, 62.3% and 82.0%, respectively (p < 0.0001). The overall negative biopsy rate was 87.3%. On multivariate analysis pretreatment prostate specific antigen, Gleason score, stage, neoadjuvant androgen deprivation therapy and high intensity focused ultrasound devices were significant predictors of biochemical disease-free survival. Urethral stricture, epididymitis, urinary incontinence and rectourethral fistula were observed in 19.7%, 6.2%, 2.3% and 0.1% of cases, respectively. CONCLUSIONS: Long-term followup of patients with high intensity focused ultrasound demonstrated improved clinical outcomes due to technical, imaging and technological advancements.",J Urol,2015,193,103-10,10.1016/j.juro.2014.07.096,https://www.ncbi.nlm.nih.gov/pubmed/25079940,,positive,1,
28434799,Improved outcomes with dose escalation in localized prostate cancer treated with precision image-guided radiotherapy.,Raziee H,"BACKGROUND AND PURPOSE: Dose-escalated radiotherapy (DE) improves outcomes in localized prostate cancer (PCa). The impact of DE in the context of image-guided radiotherapy (IGRT) remains unknown. Herein, we determined outcomes of three sequential cohorts treated with progressive DE-IGRT. MATERIALS AND METHODS: We analyzed data from 1998 to 2012. Patients treated with radical radiotherapy were included, with three sequential institutional schedules: (A) 75.6Gy, (B) 79.8Gy, (C) 78Gy, with 1.8, 1.9 and 2Gy/fraction, respectively. IGRT consisted of fiducial markers and daily EPID (A, B) or CBCT (C). RESULTS: 961 patients were included, with median follow-up of 6.1y. 30.5%, 32.6% and 36.9% were treated in A, B and C, respectively. Risk category distribution was 179 (18.6%) low-, 653 (67.9%) intermediate- and 129 (13.5%) high-risk. PSA, T-category, androgen deprivation use and risk distribution were similar among groups. BCR (biochemical recurrence) was different (p<0.001) between A, B and C with 5-year rates of 23%, 17% and 9%, respectively (HR 2.68 [95% CI 1.87-3.85] and 1.92 [95% CI 1.33-2.78] for A and B compared to C, respectively). Findings were most significant in the intermediate-risk category. Metastasis, cause-specific-death and toxicities were not different between cohorts. CONCLUSION: Our findings suggest continuous BCR improvement with progressive DE-IGRT. Prospective validation considering further DE with IGRT seems warranted.",Radiother Oncol,2017,123,459-465,10.1016/j.radonc.2017.04.003,https://www.ncbi.nlm.nih.gov/pubmed/28434799,,positive,1,
15734203,Long-term outcome of high dose rate brachytherapy in radiotherapy of localised prostate cancer,Aström L,"BACKGROUND AND PURPOSE: High dose rate brachytherapy (HDR-BT) in prostate cancer (PC) is receiving increasing interest. The steep dose gradient gives a possibility to escalate the dose to the prostate. If the alpha/beta ratio is low for PC, hypofractionation will be of advantage. A retrospective analysis of outcome in patients (pts) consecutively treated with combined HDR-BT and conformal external beam radiotherapy (ERT) was performed. MATERIAL AND METHODS: Data from 214 pts treated consecutively from 1988 to 2000 were analysed. The median age was 64 years (50-77). Median follow up was 4 years (12-165 months). Pre-irradiatory endocrine therapy was given to 150 pts (70%). The pts were divided into low-, intermediate- and high (80/87/47 pts) risk groups according to the occurrence of none, one, or more risk factors defined by T-classification, PSA and histopathology. ERT was given with 2 Gy fractions to 50 Gy. HDR-BT consisted of two 10 Gy fractions. RESULTS: Overall 5-year biochemical no evidence of disease (bNED) was 82%, and for the low-, intermediate-, and high-risk group bNED was 92, 88 and 61%, respectively. PSA-relapse was found in 17, local recurrence in 3 and distant metastases in 13 pts. Five pts died of PC. No recurrences were observed after 5 years. Severe late complications were few. Urethral stricture (13 pts) was the most frequent. No severe rectal complications were seen. CONCLUSION: Dose escalation with HDR-BT is safe and effective in radiotherapy of localised PC.",Radiother Oncol,2005,74,157-61,doi: 10.1016/j.radonc.2004.10.014. Epub 2004 Nov 25,https://www.ncbi.nlm.nih.gov/pubmed/15734203,,negative,0,2005.0
15743150,Integrating hormonal therapy with external-beam radiation and brachytherapy for prostate cancer,Andrews J,"The use of hormonal therapy with external-beam radiation (EBRT) to treat prostate cancer is a topic that has been well explored. The potential use of hormonal therapy and brachytherapy in the treatment of prostate cancer, however, continues to be controversial. This review is based on our current interpretation of the available literature assessing the outcomes of patients treated with EBRT and brachytherapy with or without hormonal therapy. Extrapolating from the findings of the Radiation Therapy Oncology Group (RTOG) 9413 trial, there appears to be a favorable interaction between hormonal therapy and irradiation in the lymph nodes. The benefits demonstrated with whole-pelvic EBRT and hormonal therapy are likely to extend to patients treated with brachytherapy as well. Studies suggest that the role of hormonal therapy in brachytherapy is limited without the application of whole-pelvic EBRT due to the inability of brachytherapy to address potential lymph nodes at risk. The potential role of hormonal therapy in conjunction with brachytherapy without pelvic radiotherapy, is limited by inconclusive data and abbreviated follow-up times.",Oncology (Williston Park),2005,19,29-36,,https://www.ncbi.nlm.nih.gov/pubmed/15743150,,negative,0,2005.0
32150055,Adding radiotherapy to androgen deprivation therapy in men with node-positive prostate cancer after radical prostatectomy: A meta-analysis,Guo L,"BACKGROUND: Several studies have tested the addition of adjuvant radiotherapy (RT) to androgen deprivation therapy (ADT) in node-positive prostate cancer (PCa) after radical prostatectomy (RP). This meta-analysis aims to assess the effects of adding RT to ADT in the treatment of PCa patients with lymph node invasion. METHODS: We systematically searched PubMed and Embase through June 2018 for human studies comparing RT plus ADT versus ADT in men with node-positive PCa after RP. The primary end point was overall survival (OS). Secondary end point was cancer-specific survival (CSS). Hazard ratios (HRs) with 95% confidence intervals (CIs) for the effects of RT plus ADT on OS and CSS were combined across studies using meta-analysis. RESULTS: Five studies were selected for inclusion. Overall, 15,524 patients were enrolled in the 5 studies. This included 6309 (40.6%) patients receiving ADT, 4389 (28.3%) patients receiving adjuvant RT plus ADT, and 4826 (31.1%) patients receiving observation. In lymph node-positive PCa patients, the addition of adjuvant RT was associated with improved OS (HR: 0.74; 95% CI, 0.59-0.92; P = .008). Moreover, the addition of adjuvant RT was also associated with a dramatic CSS improvement (HR: 0.40; 95% CI, 0.27-0.59; P = .000). CONCLUSIONS: Adding RT to ADT may be a clinically effective treatment option for men with lymph node-positive PCa after RP.",Medicine (Baltimore),2020,99,,doi: 10.1097/MD.0000000000019153,https://www.ncbi.nlm.nih.gov/pubmed/32150055,,negative,0,2020.0
11490237,High dose radiation delivered by intensity modulated conformal radiotherapy improves the outcome of localized prostate cancer.,Zelefsky MJ,"PURPOSE: We present the long-term outcome and tolerance of 3-dimensional (D) conformal and intensity modulated radiation therapy for localized prostate cancer. MATERIALS AND METHODS: Between October 1988 and December 1998, 1,100 patients with clinical stages T1c-T3 prostate cancer were treated with 3-D conformal or intensity modulated radiation therapy. Patients were categorized into prognostic risk groups based on pretreatment prostate specific antigen (PSA), Gleason score and clinical stage. Sextant biopsies were performed 2.5 years or greater after treatment to assess local control. PSA relapse was defined according to the consensus guidelines of the American Society for Therapeutic Radiation Oncology. Late toxicity was classified according to the Radiation Therapy Oncology Group morbidity grading scale. Median followup was 60 months. RESULTS: At 5 years the PSA relapse-free survival rate in patients at favorable, intermediate and unfavorable risk was 85% (95% confidence interval [CI] +/- 4), 58% (95% CI +/- 6) and 38% (95% CI +/- 6), respectively (p <0.001). Radiation dose was the most powerful variable impacting PSA relapse-free survival in each prognostic risk group. The 5-year actuarial PSA relapse-free survival rate for patients at favorable risk who received 64.8 to 70.2 Gy. was 77% (95% CI +/- 8) compared to 90% (95% CI +/- 8) for those treated with 75.6 to 86.4 Gy. (p = 0.04) [corrected]. The corresponding rates were 50% (95% CI +/- 8) versus 70% (95% CI +/- 6) in intermediate risk cases (p = 0.001), and 21% (95% CI +/- 8) versus 47% (95% CI +/- 6) in unfavorable risk cases (p = 0.008) [corrected]. Only 4 of 41 patients (10%) who received 81 Gy. had a positive biopsy 2.5 years or greater after treatment compared with 27 of 119 (23%) after 75.6, 23 of 68 (34%) after 70.2 and 13 of 24 (54%) after 64.8 Gy. The incidence of toxicity after 3-D conformal radiation therapy was dose dependent. The 5-year actuarial rate of grade 2 rectal toxicity in patients who received 75.6 Gy. or greater was 14% (95% CI +/- 2) compared with 5% (95% CI +/- 2) in those treated at lower dose levels (p <0.001). Treatment with intensity modulated radiation therapy significantly decreased the incidence of late grade 2 rectal toxicity since the 3-year actuarial incidence in 189 cases managed by 81 Gy. was 2% (95% CI +/- 2) compared with 14% (95% CI +/- 2) in 61 managed by the same dose of 3-D conformal radiation therapy (p = 0.005). The 5-year actuarial rate of grade 2 urinary toxicity in patients who received 75.6 Gy. or greater 3-D conformal radiation therapy was 13% compared with 4% in those treated up to lower doses (p <0.001). Intensity modulated radiation therapy did not affect the incidence of urinary toxicity. CONCLUSIONS: Sophisticated conformal radiotherapy techniques with high dose 3-D conformal and intensity modulated radiation therapy improve the biochemical outcome in patients with favorable, intermediate and unfavorable risk prostate cancer. Intensity modulated radiation therapy is associated with minimal rectal and bladder toxicity, and, hence, represents the treatment delivery approach with the most favorable risk-to-benefit ratio.",J Urol,2001,166,876-81,,https://www.ncbi.nlm.nih.gov/pubmed/11490237,HIGH RISK,positive,1,
17315165,Radical prostatectomy for clinical stage T3a disease.,Freedland SJ,"BACKGROUND: Men with clinical stage T3a disease are at high risk and are often encouraged to undergo radiation therapy with concomitant hormonal therapy. The long-term outcomes among men treated with radical prostatectomy for clinical stage T3a disease were examined. METHODS: Among 3397 men treated by radical prostatectomy by 1 surgeon between 1987 and 2003, 62 (1.8%) men were identified who had clinical stage T3a disease. Among the 56 men not treated with neoadjuvant or adjuvant therapies before prostate-specific antigen (PSA) recurrence, the long-term outcomes of PSA-free survival, metastasis-free survival, and prostate cancer specific survival were examined. Median and mean follow-up after surgery were 10.3 and 13 years, respectively (range, 1-17). RESULTS: Ninety-one percent of men in this group had pathological T3 disease. PSA-free survival at 15 years after surgery was 49%. Metastasis-free survival and cause-specific survival at 15 years after surgery were 73% and 84%, respectively. Among men with a PSA recurrence, 46% received secondary therapy before metastasis. The only preoperative or pathological feature that predicted risk of prostate cancer death was lymph node metastasis (hazard ratio [HR]: 9.22, 95% confidence interval [CI]: 1.06-80.02, P = .044). Among the 28 men with a PSA recurrence, PSA doubling time (PSADT) data were available for 23, of which 11 (48%) has a PSADT >/=9 months. No patient with a PSADT >/=9 months died of prostate cancer. A PSADT <9 months was significantly associated with increased risk of prostate cancer death (log-rank, P = .004). CONCLUSIONS: In a select cohort of men with clinical stage T3a disease, radical prostatectomy alone provides long-term cancer control in about half of the men and results in a prostate cancer-specific survival of 84%. Among men with a PSA recurrence, PSADT at the time of recurrence is a useful determinant of risk of prostate cancer death.",Cancer,2007,109,1273-8,10.1002/cncr.22544,https://www.ncbi.nlm.nih.gov/pubmed/17315165,HIGH RISK,positive,1,
25819287,Is high dose rate brachytherapy reliable and effective treatment for prostate cancer patients? A review of the literature,De Bari B,"The intrinsic physical and radiobiological characteristics of High Dose Rate Brachytherapy (HDR-BT) are well suited to the treatment of prostate cancer. HDR-BT was initially used as a boost to external beam brachytherapy, but has subsequently been employed as the sole treatment, which is termed HDR monotherapy. This review summarizes the clinical outcomes and toxicity results of the principal studies and discusses the radiobiological basis supporting its use.",Crit Rev Oncol Hematol,2015,94,360-70,doi: 10.1016/j.critrevonc.2015.02.003. Epub 2015 Feb 17,https://www.ncbi.nlm.nih.gov/pubmed/25819287,,negative,0,2015.0
14697417,"Radical prostatectomy, external beam radiotherapy <72 Gy, external beam radiotherapy > or =72 Gy, permanent seed implantation, or combined seeds/external beam radiotherapy for stage T1-T2 prostate cancer.",Kupelian PA,"PURPOSE: To review the biochemical relapse-free survival (bRFS) rates after treatment with permanent seed implantation (PI), external beam radiotherapy (EBRT) <72 Gy (EBRT <72), EBRT > or =72 Gy (EBRT > or =72), combined seeds and EBRT (COMB), or radical prostatectomy (RP) for clinical Stage T1-T2 localized prostate cancer treated between 1990 and 1998. METHODS AND MATERIALS: The study population comprised 2991 consecutive patients treated at the Cleveland Clinic Foundation or Memorial Sloan Kettering at Mercy Medical Center. All cases had pretreatment prostate-specific antigen (iPSA) levels and biopsy Gleason scores (bGSs). Neoadjuvant androgen deprivation for < or =6 months was given in 622 cases (21%). No adjuvant therapy was given after local therapy. RP was used for 1034 patients (35%), EBRT <72 for 484 (16%), EBRT > or =72 for 301 (10%), PI for 950 (32%), and COMB for 222 patients (7%). The RP, EBRT <72, EBRT > or =72, and 154 PI patients were treated at Cleveland Clinic Foundation. The median radiation doses in EBRT <72 and EBRT > or =72 case was 68.4 and 78.0 Gy, respectively. The median follow-up time for all cases was 56 months (range 12-145). The median follow-up time for RP, EBRT <72, EBRT > or =72, PI, and COMB was 66, 75, 49, 47, and 46 months, respectively. Biochemical relapse was defined as PSA levels >0.2 for RP cases and three consecutive rising PSA levels (American Society for Therapeutic Radiology Oncology consensus definition) for all other cases. A multivariate analysis for factors affecting the bRFS rates was performed using the following variables: clinical T stage, iPSA, bGS, androgen deprivation, year of treatment, and treatment modality. The multivariate analysis was repeated excluding the EBRT <72 cases. RESULTS: The 5-year bRFS rate for RP, EBRT <72, EBRT > or =72, PI, and COMB was 81%, 51%, 81%, 83%, and 77%, respectively (p <0.001). The 7-year bRFS rate for RP, EBRT <72, EBRT > or =72, PI, and COMB was 76%, 48%, 81%, 75%, and 77%, respectively. Multivariate analysis, including all cases, showed iPSA (p <0.001), bGS (p <0.001), year of therapy (p <0.001), and treatment modality (p <0.001) to be independent predictors of relapse. Because EBRT <72 cases had distinctly worse outcomes, the analysis was repeated after excluding these cases to discern any differences among the other modalities. The multivariate analysis excluding the EBRT <72 cases revealed iPSA (p <0.001), bGS (p <0.001), and year of therapy (p = 0.001) to be the only independent predictors of relapse. Treatment modality (p = 0.95), clinical T stage (p = 0.09), and androgen deprivation (p = 0.56) were not independent predictors for failure. CONCLUSION: The biochemical failure rates were similar among PI, high-dose (> or =72 Gy) EBRT, COMB, and RP for localized prostate cancer. The outcomes were significantly worse for low-dose (<72 Gy) EBRT.",Int J Radiat Oncol Biol Phys,2004,58,25-33,10.1016/s0360-3016(03)00784-3,https://www.ncbi.nlm.nih.gov/pubmed/14697417,LOW RISK,positive,1,
19913249,Robotic assisted laparoscopic salvage prostatectomy for radiation resistant prostate cancer,Eandi JA,"PURPOSE: We report on outcomes of robotic assisted laparoscopic radical prostatectomy as salvage local therapy for radiation resistant prostate cancer. MATERIALS AND METHODS: We retrospectively reviewed the charts of all patients who underwent robotic assisted laparoscopic radical prostatectomy for biopsy proven prostate cancer after primary radiation treatment. Patient characteristics, intraoperative and perioperative data, and oncological and functional outcomes were assessed. RESULTS: A total of 18 patients were identified with a median followup of 18 months (range 4.5 to 40). Primary treatment was brachytherapy in 8 patients and external beam radiation in 8, while 2 underwent proton beam therapy. Median age at salvage robotic assisted laparoscopic radical prostatectomy was 67 years (range 53 to 76). Median preoperative prostate specific antigen was 6.8 ng/ml (range 1 to 28.9) and median time to surgery after primary treatment with radiation was 79 months (range 7 to 146). Median operative parameters for estimated blood loss, surgery length and hospital stay were 150 ml, 2.6 hours and 2 days, respectively. No patient required conversion to open surgery or a blood transfusion, or experienced a rectal injury. Perioperative complications occurred in 7 patients (39%) of which the most common was urine leak identified by postoperative cystogram. Five patients (28%) had a positive surgical margin. Although some patients had limited followup, 6 (33%) were continent and 67% were free of biochemical progression. CONCLUSIONS: Robotic assisted laparoscopic radical prostatectomy can be performed safely as salvage local therapy after failed radiation therapy. Outcomes are comparable to those of large series of open salvage prostatectomy.",J Urol,2010,183,133-7,doi: 10.1016/j.juro.2009.08.134,https://www.ncbi.nlm.nih.gov/pubmed/19913249,,negative,0,2010.0
31912470,Factors Predicting Prostate Specific Antigen Failure Following Radical Prostatectomy: Experience with 961 Patients,Simforoosh N,"OBJECTIVE: To determine disease-related predictors for the occurrence of prostate specific antigen (PSA) failure in Iranian prostate cancer patients who underwent radical prostatectomy. METHODS: In this cohort study, we enrolled eligible patients with prostate cancer who underwent radical prostatectomy at our center between 2001 and 2018. The primary endpoint was the incidence of postoperative biochemical failure, defined as two consecutive PSA levels >= 0.2 ng/dl. Patients with TNM stage >= III, Gleason score >=8, or baseline PSA above our calculated cut-off level were considered as high risk. Kaplan-Meier survival method and Cox proportional hazards regression analysis were used for determining the biochemical relapse-free survival and its predictors. RESULTS: Data of 959 patients (age=61.2 ± 6.4 years) were analyzed with a median follow up of 36 months (range 6 months to 18 years). A total of 97 patients (10.1%) developed biochemical failure at the time of analysis who had a significantly older age and longer follow-up duration (P=0.024 and P<0.001, respectively). Preoperative PSA level of 8.85 mg/dl could predict the occurrence biochemical failure with a sensitivity of 83.2% and specificity of 39.2% (Area under the curve=0.601, 95% CI: 0.541-0.662; P=0.001). In the multivariate analysis, higher preoperative PSA, Gleason score?8, and high-risk TNM stage were independent predictors for biochemical relapse (P=0.029, P=0.001, and P=0.008, respectively). CONCLUSION: Preoperative PSA, Gleason score, and TNM stage were independent predictors for biochemical failure following radical prostatectomy in prostate cancer patients. We also determined a lower cut-point for PSA that could predict biochemical failure.",Urol J,2020,4,,doi: 10.22037/uj.v0i0.5670,https://www.ncbi.nlm.nih.gov/pubmed/31912470,,negative,0,2020.0
29543933,Effect of Standard vs Dose-Escalated Radiation Therapy for Patients With Intermediate-Risk Prostate Cancer: The NRG Oncology RTOG 0126 Randomized Clinical Trial.,Michalski JM,"IMPORTANCE: Optimizing radiation therapy techniques for localized prostate cancer can affect patient outcomes. Dose escalation improves biochemical control, but no prior trials were powered to detect overall survival (OS) differences. OBJECTIVE: To determine whether radiation dose escalation to 79.2 Gy compared with 70.2 Gy would improve OS and other outcomes in prostate cancer. DESIGN, SETTING, AND PARTICIPANTS: The NRG Oncology/RTOG 0126 randomized clinical trial randomized 1532 patients from 104 North American Radiation Therapy Oncology Group institutions March 2002 through August 2008. Men with stage cT1b to T2b, Gleason score 2 to 6, and prostate-specific antigen (PSA) level of 10 or greater and less than 20 or Gleason score of 7 and PSA less than 15 received 3-dimensional conformal radiation therapy or intensity-modulated radiation therapy to 79.2 Gy in 44 fractions or 70.2 Gy in 39 fractions. MAIN OUTCOMES AND MEASURES: Time to OS measured from randomization to death due to any cause. American Society for Therapeutic Radiology and Oncology (ASTRO)/Phoenix definitions were used for biochemical failure. Acute (≤90 days of treatment start) and late radiation therapy toxic effects (>90 days) were graded using the National Cancer Institute Common Toxicity Criteria, version 2.0, and the RTOG/European Organisation for the Research and Treatment of Cancer Late Radiation Morbidity Scoring Scheme, respectively. RESULTS: With a median follow-up of 8.4 (range, 0.02-13.0) years in 1499 patients (median [range] age, 71 [33-87] years; 70% had PSA <10 ng/mL, 84% Gleason score of 7, 57% T1 disease), there was no difference in OS between the 751 men in the 79.2-Gy arm and the 748 men in the 70.2-Gy arm. The 8-year rates of OS were 76% with 79.2 Gy and 75% with 70.2 Gy (hazard ratio [HR], 1.00; 95% CI, 0.83-1.20; P = .98). The 8-year cumulative rates of distant metastases were 4% for the 79.2-Gy arm and 6% for the 70.2-Gy arm (HR, 0.65; 95% CI, 0.42-1.01; P = .05). The ASTRO and Phoenix biochemical failure rates at 5 and 8 years were 31% and 20% with 79.2 Gy and 47% and 35% with 70.2 Gy, respectively (both P < .001; ASTRO: HR, 0.59; 95% CI, 0.50-0.70; Phoenix: HR, 0.54; 95% CI, 0.44-0.65). The high-dose arm had a lower rate of salvage therapy use. The 5-year rates of late grade 2 or greater gastrointestinal and/or genitourinary toxic effects were 21% and 12% with 79.2 Gy and 15% and 7% with 70.2 Gy (P = .006 [HR, 1.39; 95% CI, 1.10-1.77] and P = .003 [HR, 1.59; 95% CI, 1.17-2.16], respectively). CONCLUSIONS AND RELEVANCE: Despite improvements in biochemical failure and distant metastases, dose escalation did not improve OS. High doses caused more late toxic effects but lower rates of salvage therapy. TRIAL REGISTRATION: clinicaltrials.gov Identifier: NCT00033631.",JAMA Oncol,2018,4,e180039,10.1001/jamaoncol.2018.0039,https://www.ncbi.nlm.nih.gov/pubmed/29543933,,positive,1,
24474543,Radical prostatectomy in high-risk prostate cancer: incidence of specimen-confined disease (pT2-pT3a N0R0) and outcomes.,Mearini L,"INTRODUCTION: Radical prostatectomy (RP) in patients with high-risk prostate cancer (PC) [prostate specific antigen (PSA) ≥ 20 ng/mL, and/or Gleason score ≥ 8, and/or cT3a disease] is considered an optional therapy, usually as a part of multimodal approach. Aim of the study is to evaluate the outcome of radical prostatectomy in case of specimen-confined (SC) disease and to compare it with patients with pathological locally-advanced disease. MATERIALS AND METHODS: Data from 176 consecutive patients with high-risk prostate cancer who underwent RP as initial therapy were analyzed, identifying subjects with specimen-confined disease (i.e. negative margins and negative lymph-nodes) in which RP was considered as monotherapy, and comparing oncological outcomes to patients with pathological non-SC disease, in which RP was considered as the first step of a multimodal approach. RESULTS: In high-risk prostate cancer, pathological report showed the presence of specimen-confined disease in 28.3% of cases. At univariate analysis, age and PSA correlate with the presence of SC disease at radical prostatectomy, while at multivariate analysis only PSA was a significant predictor of SC disease. At 5 years, Kaplan-Meier estimation of biochemical-free and cancer-specific survival was 56.2% and 97.7% vs 40.8% and 92.8% in specimen-confined disease and non-specimen-confined disease, respectively. CONCLUSIONS: High-risk prostate cancer presents challenges for uro-oncologists since standard treatment is still under debate. One third of patients will present with specimen-confined disease, for which radical prostatectomy represents the sole, initial curative therapy; RP as multimodal therapy in patients without SC disease permits excellent long-term oncological outcomes.",Urologia,2014,81,125-32,10.5301/urologia.5000030,https://www.ncbi.nlm.nih.gov/pubmed/24474543,HIGH RISK,positive,1,
29491101,Moderate Hypofractionation in Patients with Low-risk Prostate Cancer: Long-term Outcomes.,Valeriani M,"BACKGROUND/AIM: To evaluate outcomes in patients with low-risk prostate cancer treated with hypofractionated radiotherapy (HyRT). PATIENTS AND METHODS: Between April 2004 and December 2015, 175 patients with low-risk prostate cancer were treated with HyRT 60 Gy in 20 fractions with or without image guidance and reduction of margin from clinical target volume to planning target volume. RESULTS: The median follow-up was 66 months. The 8-year overall survival for the whole patient cohort was 88.9%. The 8-year biochemical no evidence of disease was higher in patients treated with image-guided HyRT (98.8% vs. 88%, p=0.023). During treatment, patients treated with image-guided HyRT presented a lower rate of grade 1-2 gastrointestinal toxicity (25.3% vs. 42.2%, p=0.001). At the last follow-up, the grade 1 Gastro-intestinal toxicity rate was 4.0% and the grade 1-2 genito-urinary toxicity rate was 25.1%. CONCLUSION: Our study demonstrated the efficacy of the schedule used with a low rate of acute and late toxicities. Therefore, reduction of margins with image-guided HyRT is safe.",Anticancer Res,2018,38,1671-1676,10.21873/anticanres.12400,https://www.ncbi.nlm.nih.gov/pubmed/29491101,,positive,1,
33035622,Dose-response with stereotactic body radiotherapy for prostate cancer: A multi-institutional analysis of prostate-specific antigen kinetics and biochemical control.,Levin-Epstein RG,"BACKGROUND AND PURPOSE: The optimal dose for prostate stereotactic body radiotherapy (SBRT) is still unknown. This study evaluated the dose-response relationships for prostate-specific antigen (PSA) decay and biochemical recurrence (BCR) among 4 SBRT dose regimens. MATERIALS AND METHODS: In 1908 men with low-risk (50.0%), favorable intermediate-risk (30.9%), and unfavorable intermediate-risk (19.1%) prostate cancer treated with prostate SBRT across 8 institutions from 2003 to 2018, we examined 4 regimens (35 Gy/5 fractions [35/5, n = 265, 13.4%], 36.25 Gy/5 fractions [36.25/5, n = 711, 37.3%], 40 Gy/5 fractions [40/5, n = 684, 35.8%], and 38 Gy/4 fractions [38/4, n = 257, 13.5%]). Between dose groups, we compared PSA decay slope, nadir PSA (nPSA), achievement of nPSA ≤0.2 and ≤0.5 ng/mL, and BCR-free survival (BCRFS). RESULTS: Median follow-up was 72.3 months. Median nPSA was 0.01 ng/mL for 38/4, and 0.17-0.20 ng/mL for 5-fraction regimens (p < 0.0001). The 38/4 cohort demonstrated the steepest PSA decay slope and greater odds of nPSA ≤0.2 ng/mL (both p < 0.0001 vs. all other regimens). BCR occurred in 6.25%, 6.75%, 3.95%, and 8.95% of men treated with 35/5, 36.25/5, 40/5, and 38/4, respectively (p = 0.12), with the highest BCRFS after 40/5 (vs. 35/5 hazard ratio [HR] 0.49, p = 0.026; vs. 36.25/5 HR 0.42, p = 0.0005; vs. 38/4 HR 0.55, p = 0.037) including the entirety of follow-up, but not for 5-year BCRFS (≥93% for all regimens, p ≥ 0.21). CONCLUSION: Dose-escalation was associated with greater prostate ablation and PSA decay. Dose-escalation to 40/5, but not beyond, was associated with improved BCRFS. Biochemical control remains excellent, and prospective studies will provide clarity on the benefit of dose-escalation.",Radiother Oncol,2021,154,207-213,10.1016/j.radonc.2020.09.053,https://www.ncbi.nlm.nih.gov/pubmed/33035622,,positive,1,
27390578,Oncologic Outcome of Radical Prostatectomy as Monotherapy for Men with High-risk Prostate Cancer.,Furukawa J,"BACKGROUND: The objective of this study was to review our experience with radical prostatectomy (RP) as monotherapy for men with high-risk prostate cancer (PCa). PATIENTS AND METHODS: This study included 382 consecutive patients who were diagnosed with high-risk PCa according to the D'Amico definition and subsequently underwent RP without neoadjuvant therapy. Biochemical recurrence (BR) was defined as a serum prostate-specific antigen (PSA) level ≥ 0.2 ng/ml on two consecutive measurements, and none of the patients received any adjuvant therapies until their serum PSA levels reached ≥ 0.4 ng/ml. RESULTS: The median preoperative serum PSA level in these 382 patients was 15.9 ng/ml. Pathological stages ≥ pT2c and Gleason scores ≥ 8 were observed in 288 and 194 patients, respectively. During the observation period (median, 48.0 months), BR occurred in 134 patients, and the 5-year BR-free survival rate was 60.1%; however, no patient died of cancer progression. Multivariate analysis identified capsular invasion, seminal vesicle invasion, and surgical margin status as independent predictors of BR. CONCLUSIONS: Comparatively favorable cancer control could be achieved using RP as monotherapy for men with high-risk PCa; however, RP alone may be insufficient for patients with capsular invasion, seminal vesicle invasion, and/or surgical margin positivity.",Curr Urol,2016,9,67-72,10.1159/000442856,https://www.ncbi.nlm.nih.gov/pubmed/27390578,,positive,1,
29032014,High-intermediate prostate cancer treated with low-dose-rate brachytherapy with or without androgen deprivation therapy.,Pickles T,"PURPOSE: To describe outcomes of men with unfavorable (high-tier) intermediate risk prostate cancer (H-IR) treated with low-dose-rate (LDR) brachytherapy, with or without 6 months of androgen deprivation therapy (ADT). METHODS AND MATERIALS: Patients with H-IR prostate cancer, treated before 2012 with LDR brachytherapy without external radiation are included. Baseline tumor characteristics are described. Outcomes between groups receiving ADT are measured by Phoenix (nadir +2 ng/mL), and threshold 0.4 ng/mL biochemical relapse definitions (bNEDs), as well as clinical end points. Standard descriptive and actuarial statistics are used. RESULTS: Two hundred sixty men were eligible, 139 (53%) did not receive ADT and 121 (47%) did. Median follow-up was 5 years. Men treated with ADT had higher T stage and percent positive cores but lower pathologic grade group. bNED rates with and without ADT at 5 years are 86% and 85% (p = 0.52) with the Phoenix definition, and 83% and 78% (p = 0.13) with the threshold definition. Local recurrence or metastasis were rare in both groups (<5%, p = not significant). Death from prostate cancer only occurred in 4 patients, 2 in each group. Overall survival was 85% in those treated with ADT and 93% without at 8 years, p = 0.15. CONCLUSIONS: The addition of 6 months of ADT to LDR brachytherapy for H-IR prostate cancer does not improve 5 year prostate specific antigen control, and we no longer routinely recommended it.",Brachytherapy,2017,16,1101-1105,10.1016/j.brachy.2017.08.003,https://www.ncbi.nlm.nih.gov/pubmed/29032014,,positive,1,
26581143,Radical Prostatectomy Versus Radiation and Androgen Deprivation Therapy for Clinically Localized Prostate Cancer: How Good Is the Evidence?,Roach M 3rd,"PURPOSE: The optimal treatment of clinically localized prostate cancer is controversial. Most studies focus on biochemical (PSA) failure when comparing radical prostatectomy (RP) with radiation therapy (RT), but this endpoint has not been validated as predictive of overall survival (OS) or cause-specific survival (CSS). We analyzed the available literature to determine whether reliable conclusions could be made concerning the effectiveness of RP compared with RT with or without androgen deprivation therapy (ADT), assuming current treatment standards. METHODS: Articles published between February 29, 2004, and March 1, 2015, that compared OS and CSS after RP or RT with or without ADT were included. Because the GRADE (Grading of Recommendations, Assessment, Development, and Evaluation) system emphasis is on randomized controlled clinical trials, a reliability score (RS) was explored to further understand the issues associated with the study quality of observational studies, including appropriateness of treatment, source of data, clinical characteristics, and comorbidity. Lower RS values indicated lower reliability. RESULTS: Fourteen studies were identified, and 13 were completely evaluable. Thirteen of the 14 studies (93%) were observational studies with low-quality evidence. The median RS was 12 (range, 5-18); the median difference in 10-year OS and CSS favored RP over RT: 10% and 4%, respectively. In studies with a RS ≤12 (average RS 9) the 10-year OS and CSS median differences were 17% and 6%, respectively. For studies with a RS >12 (average RS 15.5), the 10-year OS and CSS median differences were 5.5% and 1%, respectively. Thus, we observed an association between low RS and a higher percentage difference in OS and CSS. CONCLUSIONS: Reliable evidence that RP provides a superior CSS to RT with ADT is lacking. The most reliable studies suggest that the differences in 10-year CSS between RP and RT are small, possibly <1%.",Int J Radiat Oncol Biol Phys,2015,1,,doi: 10.1016/j.ijrobp.2015.08.005. Epub 2015 Nov 11,https://www.ncbi.nlm.nih.gov/pubmed/26581143,,negative,0,2015.0
22792470,Dose-escalated hypofractionated intensity-modulated radiotherapy in high-risk carcinoma of the prostate: outcome and late toxicity.,Thomson D,"Background. The benefit of dose-escalated hypofractionated radiotherapy using intensity-modulated radiotherapy (IMRT) in prostate cancer is not established. We report 5-year outcome and long-term toxicity data within a phase II clinical trial. Materials and Methods. 60 men with predominantly high-risk prostate cancer were treated. All patients received neoadjuvant hormone therapy, completing up to 6 months in total. Thirty patients were treated with 57 Gy in 19 fractions and 30 patients with 60 Gy in 20 fractions. Acute and 2-year toxicities were reported and patients followed longitudinally to assess 5 year outcomes and long-term toxicity. Toxicity was measured using RTOG criteria and LENT/SOMA questionnaire. Results. Median followup was 84 months. Five-year overall survival (OS) was 83% and biochemical progression-free survival (bPFS) was 50% for 57 Gy. Five-year OS was 75% and bPFS 58% for 60 Gy. At 7 years, toxicity by RTOG criteria was acceptable with no grade 3 or above toxicity. Compared with baseline, there was no significant change in urinary symptoms at 2 or 7 years. Bowel symptoms were stable between 2 and 7 years. All patients continued to have significant sexual dysfunction. Conclusion. In high-risk prostate cancer, dose-escalated hypofractionated radiotherapy using IMRT results in encouraging outcomes and acceptable late toxicity.",Prostate Cancer,2012,2012,450246,10.1155/2012/450246,https://www.ncbi.nlm.nih.gov/pubmed/22792470,,positive,1,
15001244,Long-term outcome by risk factors using conformal high-dose-rate brachytherapy (HDR-BT) boost with or without neoadjuvant androgen suppression for localized prostate cancer.,Galalae RM,"PURPOSE: The aim of this study is to analyze, during the prostate-specific antigen (PSA) era, the long-term outcome of patients treated with conformal high-dose-rate (HDR) brachytherapy boost to the prostate with or without androgen deprivation therapy (ADT) when patients are stratified by risk factors for failure. METHODS AND MATERIALS: Between 1986 and 2000, 611 patients were treated for clinically localized prostate cancer in three prospective trials of external beam radiation therapy (EBRT) and dose-escalating HDR brachytherapy (BT) boost. There were 104 patients treated at Seattle, 198 at Kiel University, and 309 at William Beaumont Hospital. Of the 611 patients, 177 received a short course of neoadjuvant/concurrent ADT. The patients were divided into three risk groups. Group I, comprised of 46 patients, had stage < or =T2a, Gleason score (GS) < or = 6, and initial PSA (iPSA) < or = 10 ng/mL. Group II comprised 188 patients with stage > or =T2b, GS > or = 7, and iPSA > or = 10, with any one factor higher. Group III included 359 patients with any two risk factors higher. The American Society for Therapeutic Radiology and Oncology definition for biochemical failure was used. RESULTS: The mean follow-up was 5 years (range, 0.2-15.3). For the 611 patients, the 5-year and 10-year biochemical control (BC) rates were 77% and 73%, disease-free survival (DFS) was 67% and 49%, and cause-specific survival (CSS) was 96% and 92%, respectively. BC at 5 years for Group I patients was 96%, for Group II 88%, and for Group III patients 69%. CSS at 5 years was 100% in Group I, 99% in Group II, and 95% in Group III patients. In univariate and multiple regression analyses for BC, risk group, stage, iPSA, and GS were significant in predicting failure. However, age, follow-up interval, and ADT did not. CONCLUSIONS: EBRT with HDR-BT produced excellent long-term outcomes in terms of BC, DFS, and CSS in patients with prostate cancer even for those at highest risk. Conformal HDR-BT is both a precise dose delivery system and an effective treatment for both favorable and unfavorable prostate cancer. The addition of a short course of neoadjuvant/concurrent ADT failed to improve outcome. The results were similar at all three institutions, giving credence to the reproducibility of the brachytherapy treatment.",Int J Radiat Oncol Biol Phys,2004,58,1048-55,10.1016/j.ijrobp.2003.08.003,https://www.ncbi.nlm.nih.gov/pubmed/15001244,INTERMEDIATE RISK,positive,1,
27628127,Long-term outcomes of high-dose-rate brachytherapy for intermediate- and high-risk prostate cancer with a median follow-up of 10 years.,Yaxley JW,"OBJECTIVE: To evaluate the long-term outcomes of high-dose-rate (HDR) brachytherapy for patients with intermediate- and high-risk prostate cancer. SUBJECTS AND METHODS: We retrospectively analysed a prospective longitudinal cohort database including a single-surgeon series of 507 consecutive men treated with external beam radiotherapy and an HDR prostate brachytherapy boost between August 2000 and December 2009. The risk factors used were based on the D'Amico classification. We measured the incidence of no biochemical evidence of disease (bNED) based on the Phoenix definition of failure (nadir PSA + 2 ng/mL). We also reviewed the incidence of urethral stricture in this cohort. RESULTS: With minimum and median follow-ups of 6 and 10.3 years, respectively, the bNED rates for men with intermediate- and high risk disease were 93.3% and 74.2%, respectively, at 5 years and 86.9% and 56.1%, respectively, at 10 years. The 10-year bNED rate for men with only one intermediate-risk factor was 94%, whereas for patients with all three high-risk factors it was 39.5%. The overall urethral stricture rate was 13.6%. Before 2005, the urethral stricture rate was 28.9% and after January 2005 it was 4.2%. For the 271 men with a minimum follow-up of 10 years the actuarial 10-year prostate cancer-specific survival rate was 90.8% and the actuarial overall survival rate was 86.7%. CONCLUSIONS: For men with intermediate- or high-risk prostate cancer features, who are considered not suitable for, or wish to avoid a radical prostatectomy, HDR prostate brachytherapy remains an appropriate treatment option. From December 2004, prevention strategies decreased the risk of post-brachytherapy urethral strictures.",BJU Int,2017,120,56-60,10.1111/bju.13659,https://www.ncbi.nlm.nih.gov/pubmed/27628127,,positive,1,
20299147,Outcome predictors of radical prostatectomy in patients with prostate-specific antigen greater than 20 ng/ml: a European multi-institutional study of 712 patients.,Spahn M,"BACKGROUND: Prostate cancer (PCa) patients with pretreatment prostate-specific antigen (PSA) >20 ng/ml have a high risk of biochemical and clinical failure and even cancer-related death after local therapy. Pretreatment predictors of outcome after radical prostatectomy (RP) in this patient group are necessary. OBJECTIVE: Our aim was to assess how the use of additional high-risk factors (biopsy Gleason score [bGS] > or = 8 or clinical stage 3-4) can improve prediction of treatment failure and cancer-related death after RP in patients with PSA >20. DESIGN, SETTING, AND PARTICIPANTS: In a retrospective multicentre cohort study from six European centres between 1987 and 2005, 712 patients with PSA >20 ng/ml underwent RP and bilateral pelvic lymphadenectomy. MEASUREMENTS: Subgroups were analysed to determine the relationship between the number of high-risk factors and histopathology, biochemical progression-free survival, clinical evidence of progressive disease, prostate cancer-specific mortality (PCSM), and overall mortality. Kaplan-Meier analysis with log-rank test and Cox multivariable analysis were applied. RESULTS AND LIMITATIONS: Median follow-up was 77 mo. The number of high-risk factors was significantly associated with unfavourable histopathology. Among patients with only PSA >20 ng/ml, 33% had pT2 PCa, 57.9% had bGS <7, 54% had negative surgical margins, and 85% were lymph node negative (pN0), whereas among patients with all three high-risk factors, 4.5% had pT2 PCa, 2.3% had bGS <7, 20.5% had negative margins, and 49% were pN0 (p<0.001). The strongest predictor of progression and mortality was bGS. PSA >20 ng/ml associated with bGS < or =7 resulted in 10-yr PCSM of 5%; when associated with bGS > or =8, PCSM was 35%. The main limitations of the study were retrospective design and varying treatment modalities. CONCLUSIONS: PCa patients with PSA >20 ng/ml have varying risk levels of disease progression and PCSM. Considering additional risk factors further stratifies this group into four subgroups that can guide the clinician in preoperative patient counselling.",Eur Urol,2010,58,1-7; discussion 10-1,10.1016/j.eururo.2010.03.001,https://www.ncbi.nlm.nih.gov/pubmed/20299147,HIGH RISK,positive,1,
26159555,Elective pelvic versus prostate bed-only salvage radiotherapy following radical prostatectomy: A propensity score-matched analysis,Song C,"PURPOSE: To compare the impact of elective whole pelvic radiotherapy (WPRT) versus prostate bed-only radiotherapy (PBRT) on biochemical relapse-free survival (bRFS) in prostate cancer patients treated with salvage radiotherapy following radical prostatectomy (RP). PATIENTS AND METHODS: In our database, 163 lymph node-negative prostate cancer patients who had undergone salvage radiotherapy (SRT) for biochemical relapse after RP between September 2004 and April 2012 were identified. PBRT was administered to 134 patients (the PBRT group), while the remaining 29 patients (the WPRT group) received WPRT. RESULTS: Median follow-up was 57 months (range 18-122 months). In the propensity score-matched cohort, the 4-year bRFS of the WPRT group was significantly higher compared to the PBRT group (63.1 vs. 43.4%, p = 0.034). Subgroup analysis showed that the bRFS of patients who had two or more risk factors (seminal vesicle invasion, Roach score for lymph node invasion ≥ 45%, and number of harvested lymph nodes ≤ 5) and were treated with WPRT was significantly improved compared to those who received PBRT (hazard ratio, HR 0.33; 95% confidence interval, CI 0.13-0.83; p = 0.018). CONCLUSION: Elective WPRT for SRT may improve bRFS in patients with unfavorable risk factors. These results need to be confirmed by a prospective randomized trial.",Strahlenther Onkol,2015,191,801-9,doi: 10.1007/s00066-015-0872-9. Epub 2015 Jul 10,https://www.ncbi.nlm.nih.gov/pubmed/26159555,,negative,0,2015.0
20575980,Early oncological outcomes of robot-assisted radical prostatectomy for high-grade prostate cancer,Wambi CO,"OBJECTIVE: To evaluate the oncological outcomes of patients with specimen Gleason 8 and 9 prostate cancers and to determine factors that predict biochemical recurrence-free survival (BCRFS) after robot-assisted radical prostatectomy (RARP). PATIENTS AND METHODS: Of 4156 patients who underwent RARP from January 2001 to 2009, we identified 368 men with Gleason 8 or 9 tumours who met the inclusion criteria. BCR was defined as a PSA level of ≥0.2 ng/mL with a second rising value. The Kaplan-Meier method and log-rank test were used to compare BCRFS while factors that predict BCRFS were determined by Cox proportional hazards modelling. RESULTS: The median age and PSA level were 62 years and 6.4 ng/mL for men with Gleason 8, and 63 years and 6.7 ng/mL for Gleason 9 cancers. The median (interquartile range, IQR) overall follow-up was 23 (10-46) months and 19 (7-37) months for Gleason 8 and 9 tumours, respectively. At 60 months the mean (se) overall BCRFS was 36 (5)% and for Gleason 8 it was 47 (6)% and for Gleason 9 it was 21 (7)% (P < 0.001). At 5 years, extraprostatic extension (pT3a) resulted in BCRFS of 52 (9)% for Gleason 8 tumours and 21 (11)% for Gleason 9 (P= 0.012). On multivariable analysis, lymph node invasion, specimen Gleason score, pathological stage and tumour volume predicted BCRFS. CONCLUSIONS: Early results suggest RARP monotherapy performs comparably to RP for BCRFS in men with high-grade prostate cancer. There are significant oncological differences between Gleason 8 and 9 tumours.",BJU Int,2010,106,1739-45,doi: 10.1111/j.1464-410X.2010.09484.x,https://www.ncbi.nlm.nih.gov/pubmed/20575980,,negative,0,2010.0
32763013,I-125 or Pd-103 for brachytherapy boost in men with high-risk prostate cancer: A comparison of survival and morbidity outcomes.,Stone NN,"PURPOSE: Brachytherapy boost improves biochemical recurrence rates in men with high-risk prostate cancer (HRPC). Few data are available on whether one isotope is superior to another. We compared the oncologic and morbidity outcomes of I-125 and Pd-103 in men with HRPC receiving brachytherapy. METHODS AND MATERIALS: Of 797 patients with HRPC, 190 (23.8%) received I-125 or 607 received Pd-103 with a median of 45 Gy of external beam irradiation. Freedom from biochemical failure (FFBF), freedom from metastases (FFMs), cause-specific survival (CSS), and morbidity were compared for the two isotopes by the ANOVA and the χ<sup>2</sup> test with survival determined by the Kaplan-Meier method and Cox regression. RESULTS: Men treated with I-125 had a higher stage (p < 0.001), biological equivalent dose (BED) (p < 0.001), and longer hormone therapy (neoadjuvant hormone therapy, p < 0.001), where men treated with Pd-103 had a higher Gleason score (GS, p < 0.001) and longer followup (median 8.3 vs. 5.3 years, p < 0.001). Ten-year FFBF, FFM, and CSS for I-125 vs. Pd-103 were 77.5 vs. 80.2% (p = 0.897), 94.7 vs. 91.9% (p = 0.017), and 95.4 vs. 91.8% (p = 0.346), respectively. Men with T3 had superior CSS (94.1 vs. 79.5%, p = 0.001) with I-125. Significant covariates by Cox regression for FFBF were prostate specific antigen (PSA), the GS, and the BED (p < 0.001), for FFM PSA (p < 0.001) and GS (p = 0.029), and for CSS PSA, the GS (p < 0.001) and the BED (p = 0.022). Prostate cancer mortality was 7/62 (15.6%) for BED ≤ 150 Gy, 18/229 (7.9%) for BED >150-200 Gy, and 20/470 (5.9%) for BED >200 Gy (p = 0.029). Long-term morbidity was not different for the two isotopes. CONCLUSIONS: Brachytherapy boost with I-125 and Pd-103 appears equally effective yielding 10-year CSS of over 90%. I-125 may have an advantage in T3 disease. Higher doses yield the most favorable survival.",Brachytherapy,2020,19,567-573,10.1016/j.brachy.2020.06.001,https://www.ncbi.nlm.nih.gov/pubmed/32763013,,positive,1,
16223581,Patients at high risk of progression after radical prostatectomy: do they all benefit from immediate post-operative irradiation? (EORTC trial 22911),Collette L,"EORTC trial 22911 demonstrated that immediate postoperative irradiation significantly improved biochemical failure free survival (BPFS) compared to wait-and-see (W and S) until relapse in patients with pT2-3 tumours and pathological risk factors after radical prostatectomy. In this study, we have investigated the heterogeneity of the treatment benefit across defined subgroups of patients. Data from 972 patients were used. A risk model was developed in the W and S group and the Log-rank test for heterogeneity was applied (alpha=0.05). Positive surgical margin (SM+), seminal vesicle invasion (SV+), WHO differentiation grade, pre- and post-operative PSA were independent predictors for BPFS in the W and S group. Men with SV+ were at higher risk of relapse whereas those with SM+ but no capsule infiltration (ECE-) did not seem to differ from those with SM-ECE+ or with SM+ECE+. Postoperative irradiation improved biochemical progression-free survival in all patient groups. Longer follow-up is needed to assess the endpoint of clinical progression-free survival.",Eur J Cancer,2005,41,2662-72,doi: 10.1016/j.ejca.2005.06.024. Epub 2005 Oct 11,https://www.ncbi.nlm.nih.gov/pubmed/16223581,,negative,0,2005.0
16900523,Clinical and pathologic outcome after radical prostatectomy for prostate cancer patients with a preoperative Gleason sum of 8 to 10.,Bastian PJ,"BACKGROUND: Men with a biopsy Gleason sum of 8 to 10 are considered high-risk. The current study sought to identify whether there was a subset of men with high biopsy Gleason sums who would have a good pathologic and biochemical outcome with surgical monotherapy. To increase the generalizability of the findings, data were used from patients treated at 2 very different practice settings: a tertiary care referral center (Johns Hopkins Hospital) and multiple equal-access medical centers (Shared Equal Access Regional Cancer Hospital [SEARCH] Database). METHODS: The data were retrospectively reviewed from men with biopsy Gleason sums 8 to 10 treated by radical prostatectomy at the Johns Hopkins Hospital (n = 220, 3.8% of total cohort) and within the SEARCH Database (n = 149, 7.7% of total cohort). The preoperative clinical characteristics predicting unfavorable pathologic disease (nonorgan-confined and/or positive surgical margins) and time to biochemical recurrence were determined using logistic regression and Cox proportional hazards analysis, respectively. RESULTS: Favorable pathologic outcome (organ-confined and negative surgical margins) was observed in 21% of the men in the Johns Hopkins cohort and 41% from the SEARCH cohort. On multivariate analysis, higher serum prostate-specific antigen (PSA) was the only variable that significantly predicted an unfavorable pathologic outcome from both the Johns Hopkins (P = .047) and SEARCH cohorts (P = .002). The 5-year and 10-year estimated biochemical-free survival rates in the Johns Hopkins cohort were 40% (95% confidence interval [CI], 33-48%) and 27% (95% CI, 18-36%), respectively, and 32% (95% CI, 22-42%) and 28% (95% CI, 18-38%) in the SEARCH cohort, respectively. Among men with favorable pathologic findings, the 5- and 10-year estimated biochemical-free survival rates in the Johns Hopkins cohort were 79% (95% CI, 62-89%) and 50% (95% CI, 25-71%), respectively, and 49% (95% CI, 32-65%) and 49% (95% CI, 32-65%) in the SEARCH cohort, respectively. No single preoperative variable significantly predicted the risk of biochemical progression in both the SEARCH or Johns Hopkins cohorts. CONCLUSIONS: The majority of men with a biopsy Gleason sum of >or=8, regardless of where the patient is treated, had unfavorable pathologic disease and experienced a biochemical progression after radical prostatectomy. Even among men with organ-confined disease and negative surgical margins or pathologic Gleason sum <8, at least half of the men experienced a PSA recurrence. Patients with biopsy Gleason sum 8 to 10 cancers are good candidates for multimodal therapy. Whereas multimodal therapy has often meant radiation plus hormonal therapy, newer possibilities for multimodal therapy exist such as surgery with neoadjuvant or adjuvant chemohormonal therapy or surgery with adjuvant radiation.",Cancer,2006,107,1265-72,10.1002/cncr.22116,https://www.ncbi.nlm.nih.gov/pubmed/16900523,,positive,1,
20869162,Biochemical recurrence following robot-assisted radical prostatectomy: analysis of 1384 patients with a median 5-year follow-up.,Menon M,"BACKGROUND: There is a paucity of data on long-term oncologic outcomes for patients undergoing robot-assisted radical prostatectomy (RARP) for prostate cancer (PCa). OBJECTIVE: To evaluate oncologic outcomes in patients undergoing RARP at a high-volume tertiary center, with a focus on 5-yr biochemical recurrence-free survival (BCRFS). DESIGN, SETTING, AND PARTICIPANTS: The study cohort consisted of 1384 consecutive patients with localized PCa who underwent RARP between September 2001 and May 2005 and had a median follow-up of 60.2 mo. No patient had secondary therapy until documented biochemical recurrence (BCR). BCR was defined as a serum prostate-specific antigen ≥ 0.2 ng/ml with a confirmatory value. BCRFS was estimated using the Kaplan-Meier method. Event-time distributions for the time to failure were compared using the log-rank test. Univariable and multivariable Cox proportional hazards regression models were used to determine variables predictive of BCR. INTERVENTION: All patients underwent RARP. MEASUREMENTS: BCRFS rates were measured. RESULTS AND LIMITATIONS: This cohort of patients had moderately aggressive PCa: 49.0% were D'Amico intermediate or high risk on biopsy; however, 60.9% had Gleason 7-10 disease, and 25.5% had ≥ T3 disease on final pathology. There were 189 incidences of BCR (31 per 1,000 person years of follow-up) at a median follow-up of 60.2 mo (interquartile range [IQR]: 37.2-69.7). The actuarial BCRFS was 95.1%, 90.6%, 86.6%, and 81.0% at 1, 3, 5, and 7 yr, respectively. In the patients who recurred, median time to BCR was 20.4 mo; 65% of BCR incidences occurred within 3 yr and 86.2% within 5 yr. On multivariable analysis, the strongest predictors of BCR were pathologic Gleason grade 8-10 (hazard ratio [HR]: 5.37; 95% confidence interval [CI], 2.99-9.65; p < 0.0001) and pathologic stage T3b/T4 (HR: 2.71; 95% CI, 1.67-4.40; p < 0.0001). CONCLUSIONS: In a contemporary cohort of patients with localized PCa, RARP confers effective 5-yr biochemical control.",Eur Urol,2010,58,838-46,10.1016/j.eururo.2010.09.010,https://www.ncbi.nlm.nih.gov/pubmed/20869162,LOW RISK,positive,1,
32006609,MRI-Guided Ultrafocal Salvage High-Dose-Rate Brachytherapy for Localized Radiorecurrent Prostate Cancer: Updated Results of 50 Patients,van Son MJ,"PURPOSE: Most patients with local prostate cancer recurrence after radiation therapy undergo palliative androgen deprivation therapy because whole-gland salvage treatments have a high risk of severe toxicity. Focal treatment reduces this risk while offering a second opportunity for cure. We report updated outcomes of ultrafocal salvage high-dose-rate brachytherapy (HDR-BT). METHODS AND MATERIALS: Prospectively collected data from the first 50 treated patients were analyzed. Disease status was assessed by 3T multiparametric magnetic resonance imaging (MRI), 18F-Choline or 68Ga-prostate-specific membrane antigen positron emission tomography/computed tomography, and systematic or tumor-targeted biopsies. Ultrafocal salvage HDR-BT (1 × 19 Gy) was performed by implanting the clinical target volume (CTV: gross tumor volume + 5 mm margin) under fused transrectal ultrasound/MRI guidance. Follow-up included toxicity grading (using Common Terminology Criteria for Adverse Events 4.0), quality of life assessment, and prostate-specific antigen (PSA) testing. RESULTS: Median follow-up was 31 months. Median CTV D95% was 18.8 Gy. We observed 2% grade 3 genitourinary toxicity, no grade 3 gastrointestinal toxicity, and 22% newly developed grade 3 erectile dysfunction. Five of 13 patients (38%) with self-reported pretreatment potency (International Index of Erectile Function >17) remained potent. Clinically relevant quality of life deterioration was reported for only 6 of 31 items and was not statistically significant. Biochemical failure (nadir + 2) occurred in 26 patients. Among intraprostatic recurrences, 73% were in field. After 2.5 years, biochemical disease-free survival was 51% (95% confidence interval, 37%-69%), metastases-free survival was 75% (64%-89%), androgen deprivation therapy-free survival was 90% (82%-99%), and overall survival was 98% (94%-100%). Presalvage PSA, CTV size, and stage ≥T3 were significantly associated with biochemical failure. Higher-risk patients (stage ≥T3, PSA ≥10, or PSA double time ≤9 months) had 25% biochemical disease-free survival at 2.5 years versus 71% for lower-risk patients. CONCLUSIONS: At this early stage, MRI-guided ultrafocal HDR-BT seems to be a safe salvage treatment option, with acceptable biochemical control in a well-selected group of patients and potential for effectively postponing androgen deprivation therapy.",Int J Radiat Oncol Biol Phys,2020,1,,doi: 10.1016/j.ijrobp.2020.01.023. Epub 2020 Jan 30,https://www.ncbi.nlm.nih.gov/pubmed/32006609,,negative,0,2020.0
25925789,Androgen deprivation therapy and the risk of death from prostate cancer among men with favorable or unfavorable intermediate-risk disease.,Keane FK,"BACKGROUND: Radiotherapy (RT), short-course androgen deprivation therapy (ADT), and brachytherapy in various combinations are treatment options for patients with intermediate-risk prostate cancer (PC), but the question of which combination if any is necessary to minimize PC-specific mortality (PCSM) risk in patients with favorable or unfavorable intermediate-risk PC is unknown. The authors assessed PCSM risk after commonly used treatments. METHODS: The cohort consisted of 2510 men with favorable (1902 men; 75.78%) or unfavorable (608 men; 24.22%) intermediate-risk PC who were treated from 1997 to 2013. Treatment included brachytherapy with or without neoadjuvant ADT among men with favorable disease and brachytherapy with neoadjuvant RT or ADT among men with unfavorable disease. Fine and Gray's competing-risks regression model was used to assess whether ADT among men with favorable disease or RT or ADT among men with unfavorable disease decreased PCSM risk after adjusting for treatment propensity score, year of brachytherapy, and PC prognostic factors. RESULTS: After a median follow-up of 7.78 years, 366 deaths (14.58%) were observed, 29 of which (7.92%) were from PC. There was a significant reduction in PCSM risk in men with unfavorable disease who were treated with ADT versus RT (adjusted hazard ratio, 0.34; 95% confidence interval, 0.13-0.91 [P = .03]), but no significant difference in PCSM risk in men with favorable disease who received ADT and brachytherapy versus brachytherapy (adjusted hazard ratio, 0.67; 95% confidence interval, 0.18-2.57 [P =.56]). CONCLUSIONS: Neoadjuvant ADT does not appear to reduce PCSM risk in men undergoing brachytherapy for favorable intermediate-risk PC and should not be considered a standard; however, it appears superior to neoadjuvant RT in men with unfavorable intermediate-risk PC undergoing brachytherapy, making neoadjuvant ADT and brachytherapy a preferred option in these men.",Cancer,2015,121,2713-9,10.1002/cncr.29420,https://www.ncbi.nlm.nih.gov/pubmed/25925789,,positive,1,
16278474,Parameters for treatment decisions for salvage radiation therapy,Hayes SB,"Radical prostatectomy (RP) is the most common primary treatment for prostate cancer. About 40% of those with high-risk pathologic features, such as a positive margin or seminal vesicle involvement, will develop biochemical failure at some point in the future. Radiotherapy (RT), with or without concurrent androgen deprivation, has been used liberally in the management of men with a rising prostate-specific antigen (PSA) after RP, based mostly on relatively small retrospective series. Factors such as the prostatectomy Gleason score, seminal vesicle invasion, absolute pre-RT PSA level, and pre-RT PSA doubling time are emerging as important determinants of outcome after RT. These factors should be used as a guide to the options of local therapy alone (RT), local therapy plus systemic therapy (typically androgen deprivation therapy), and systemic therapy alone.",J Clin Oncol,2005,10,,doi: 10.1200/JCO.2005.03.1575,https://www.ncbi.nlm.nih.gov/pubmed/16278474,,negative,0,2005.0
31764016,A Limited-Versus-Extensive Staging Strategy for Small Cell Prostate Cancer,Syed S,"INTRODUCTION: Small cell prostate cancer (SCPC) is a rare histologic subtype of prostate cancer, for which the optimal staging strategy remains unclear. METHOD: The Surveillance, Epidemiology, and End Results database was used to analyze the incidence and outcomes of SCPC between the years 2004 through 2016. Limited-stage SCPC (LS-SCPC) was defined as SCPC without any metastasis regardless of local invasion. Extensive stage SCPC (ES-SCPC) was defined as any metastasis to lymph nodes and/or to distant organs. RESULT: A total of 403 SCPC patients were included in the study cohort, accounting for 0.056% of all prostate cancer cases (n=719,655). Of the 358 patients with known metastasis status, 275 (76.8%) patients had ES-SCPC, whereas 83 (23.2%) patients had LS-SCPC. LS-SCPC was associated with better overall survival (17 vs. 9 mo, P<0.001) and disease-specific survival (25 vs. 10 mo, P<0.001) compared with ES-SCPC. All LS-SCPC patients had a similar overall survival regardless of T stage. Similarly, all ES-SCPC patients had similar outcomes regardless of metastasis sites. High prostate-specific antigen (PSA) is paradoxically associated with superior outcome in both localized stage patients (PSA≥4 vs. PSA<4, 19 vs. 10 mo, P=0.002) and extensive stage patients (PSA≥20 vs. PSA<20, 13 vs. 9 mo, P=0.02). Multivariate analysis of treatment showed that chemotherapy was associated with improved survival in ES-SCPC with hazard ratio of 0.52. CONCLUSION: Similar to small cell lung cancer, SCPC can be staged into LS-SCPC or ES-SCPC. The binary staging system correlates well with prognosis.",Am J Clin Oncol,2020,43,87-93,doi: 10.1097/COC.0000000000000631,https://www.ncbi.nlm.nih.gov/pubmed/31764016,,negative,0,2020.0
18566673,The relationship between the biochemical control outcomes and the quality of planning of high-dose rate brachytherapy as a boost to external beam radiotherapy for locally and locally advanced prostate cancer using the RTOG-ASTRO Phoenix definition.,Pellizzon AC,"PURPOSE: To evaluated prognostic factors and impact of the quality of planning of high dose rate brachytherapy (HDR-BT) for patients with local or locally advanced prostate cancer treated with external beam radiotherapy (EBRT) and HDR-BT. METHODS AND MATERIALS: Between 1997 and 2005, 209 patients with biopsy proven prostate adenocarcinoma were treated with localized EBRT and HDR-BT at the Department of Radiation-Oncology, Hospital A. C. Camargo, Sao Paulo, Brazil. Patient's age, Gleason score (GS), clinical stage (CS), initial PSA (iPSA), risk group for biochemical failure (GR), doses of EBRT and HDR-BT, use of three-dimensional planning for HDR-BT (3DHDR) and the Biological Effective Dose (BED) were evaluated as prognostic factors for biochemical control (bC). RESULTS: Median age and median follow-up time were 68 and 5.3 years, respectively. Median EBRT and HDR-BT doses were 45 Gy and 20 Gy. The crude bC at 3.3 year was 94.2%. For the Low, intermediate and high risk patients the bC rates at 3.3 years were 91.5%, 90.2% and 88.5%, respectively. Overall survival (OS) and disease specific survival rates at 3.3 years were 97.8% and 98.4%, respectively. On univariate analysis the prognostic factors related bC were GR (p= 0.040), GS < or = 6 (p= 0.002), total dose of HDR-BT > or = 20 Gy (p< 0.001), 3DHDR (p< 0.001), BED-HDR > or = 99 Gy(1.5) (p<0.001) and BED-TT > or = 185 (p<0.001). On multivariate analysis the statistical significant predictive factors related to bC were RG (p< 0.001), HDR-BT > or = 20 Gy (p=0.008) and 3DHDR (p<0.001). CONCLUSIONS: we observed that the bC rates correlates with the generally accepted risk factors described in the literature. Dose escalation, evaluated through the BED, and the quality of planning of HDR-BT are also important predictive factors when treating prostate cancer.",Int J Med Sci,2008,5,113-20,10.7150/ijms.5.113,https://www.ncbi.nlm.nih.gov/pubmed/18566673,HIGH RISK,positive,1,
23849172,Biochemical outcomes for patients with intermediate risk prostate cancer treated with I-125 interstitial brachytherapy monotherapy.,Tran AT,"BACKGROUND AND PURPOSE: Routine use of I-125 interstitial brachytherapy (BT) alone in intermediate risk (IR) prostate cancer is controversial. It is often combined with external beam radiotherapy (EBRT). The biochemical outcome of a large cohort of only IR disease treated with BT monotherapy is reported. MATERIALS AND METHODS: Between 2003 and 2007, 615 patients with Memorial Sloan-Kettering Cancer Centre (MSKCC) defined IR disease (one risk factor only-T2b, or Gleason score (GS) 7, or raised initial PSA (iPSA) 10.1-20ng/ml) were treated with BT monotherapy. ASTRO (3 consecutive rises) and Phoenix (nadir plus 2) criteria defined biochemical failure. Potential prognostic factors (pre- and post-implant dosimetric indices, GS 3+4 versus 4+3, androgen deprivation therapy (ADT)) were analysed. RESULTS: Median follow-up was 5.0years. Forty-three patients had stage T2b, 180 had raised iPSA, 392 had GS 7 disease. ADT was received by 108 patients. The 5-year biochemical no evidence of disease (bNED) rates are 87.3% (by ASTRO), 88.6% (by Phoenix). Stratification by risk factor (T2b, GS7, raised iPSA) demonstrated raised iPSA to have poorer outcome only by Phoenix criteria (p=0.0002). Other potential prognostic variables were non-significant. CONCLUSION: Good rates of biochemical control can be achieved in the medium term with BT monotherapy in IR disease. Raised iPSA correlated with a poorer outcome.",Radiother Oncol,2013,109,235-40,10.1016/j.radonc.2013.05.030,https://www.ncbi.nlm.nih.gov/pubmed/23849172,INTERMEDIATE RISK,positive,1,
20171805,PSA decrease during combined-modality radiotherapy predicts for treatment outcome,Kubicek GJ,"PURPOSE: Prostate-specific antigen (PSA) is the well-used marker in the diagnosis, prognosis, and follow-up for prostate cancer patients. Although reports have focused on the importance of pretreatment PSA levels, doubling time, and posttreatment nadirs, there is little information on the value of PSA during the course of radiotherapy. METHODS AND MATERIALS: Retrospective review of PSA values obtained midway through a course of radiotherapy treatment for prostate cancer. Patients had a PSA (midPSA) measured after a course of external beam radiation (EBRT) before planned transperineal low-dose-rate brachytherapy implant (LDR). RESULTS: A total of 717 patients were analyzed with a median follow-up of 5.8 years, all censored patients had a minimum follow-up of 2 years. A total of 277 patients had low-risk disease, 267 patients had intermediate risk, and 173 patients had high-risk disease. Androgen blockade was used in 512 patients. A total of 653 patients had a midPSA decrease after EBRT, the median decrease was 6.2 ng/mL. Patients who had a midPSA decrease ≥25% compared with pretreatment PSA had improved overall survival of 10.0 vs. 7.4 years (p < 0.0004) and improved disease-free survival of 9.8 vs. 7.3 years (p < 0.01). When stratified by use of androgen blockade, midPSA remained significant for both androgen and non-androgen patients. CONCLUSIONS: PSA response after EBRT before brachytherapy predicts for long-term outcome; this may allow for risk stratification and intervention with higher LDR doses to improve outcomes.",Int J Radiat Oncol Biol Phys,2010,1,,doi: 10.1016/j.ijrobp.2009.08.064. Epub 2010 Feb 18,https://www.ncbi.nlm.nih.gov/pubmed/20171805,,negative,0,2010.0
20044216,Young men have equivalent biochemical outcomes compared with older men after treatment with brachytherapy for prostate cancer.,Burri RJ,"PURPOSE: To evaluate retrospectively the biochemical outcomes of young men treated with low-dose-rate brachytherapy for prostate cancer. METHODS AND MATERIALS: From 1990 to 2005, 1,665 men with clinically localized prostate cancer were treated with low-dose-rate brachytherapy +/- hormone therapy (HT) +/- external beam radiotherapy and underwent > or = 2 years of follow-up. Patients were stratified on the basis of age: < or = 60 (n = 378) and >60 years (n = 1,287). Biochemical failure was defined as a prostate-specific antigen (PSA) nadir plus 2 ng/mL. Univariate and multivariate analyses were used to determine the association of variables with freedom from biochemical failure (FFbF). RESULTS: Median follow-up was 68 months (range, 24-180) for men < or = 60 years and 66 months (range, 24-200) for men >60. For the entire group, the actuarial 5- and 8-year FFbF rates were 94% and 88%, respectively. Men < or = 60 demonstrated similar 5- and 8-year FFbF (95% and 92%) compared with men >60 (93% and 87%; p = 0.071). A larger percent of young patients presented with low-risk disease; lower clinical stage, Gleason score (GS), and pretreatment PSA values; were treated after 1997; did not receive any HT; and had a high biologic effective dose (BED) of radiation (all ps <0.001). On multivariate analysis, PSA (p = 0.001), GS (p = 0.005), and BED (p < 0.001) were significantly associated with FFbF, but age was not (p = 0.665). CONCLUSION: Young men achieve excellent 5- and 8-year biochemical control rates that are comparable to those of older men after prostate brachytherapy. Young age should not be a deterrent when considering brachytherapy as a primary treatment option for clinically localized prostate cancer.",Int J Radiat Oncol Biol Phys,2010,77,1315-21,10.1016/j.ijrobp.2009.06.052,https://www.ncbi.nlm.nih.gov/pubmed/20044216,LOW RISK,positive,1,
26916105,Defining the value framework for prostate brachytherapy using patient-centered outcome metrics and time-driven activity-based costing.,Thaker NG,"PURPOSE: Value, defined as outcomes over costs, has been proposed as a measure to evaluate prostate cancer (PCa) treatments. We analyzed standardized outcomes and time-driven activity-based costing (TDABC) for prostate brachytherapy (PBT) to define a value framework. METHODS AND MATERIALS: Patients with low-risk PCa treated with low-dose-rate PBT between 1998 and 2009 were included. Outcomes were recorded according to the International Consortium for Health Outcomes Measurement standard set, which includes acute toxicity, patient-reported outcomes, and recurrence and survival outcomes. Patient-level costs to 1 year after PBT were collected using TDABC. Process mapping and radar chart analyses were conducted to visualize this value framework. RESULTS: A total of 238 men were eligible for analysis. Median age was 64 (range, 46-81). Median followup was 5 years (0.5-12.1). There were no acute Grade 3-5 complications. Expanded Prostate Cancer Index Composite 50 scores were favorable, with no clinically significant changes from baseline to last followup at 48 months for urinary incontinence/bother, bowel bother, sexual function, and vitality. Ten-year outcomes were favorable, including biochemical failure-free survival of 84.1%, metastasis-free survival 99.6%, PCa-specific survival 100%, and overall survival 88.6%. TDABC analysis demonstrated low resource utilization for PBT, with 41% and 10% of costs occurring in the operating room and with the MRI scan, respectively. The radar chart allowed direct visualization of outcomes and costs. CONCLUSIONS: We successfully created a visual framework to define the value of PBT using the International Consortium for Health Outcomes Measurement standard set and TDABC costs. PBT is associated with excellent outcomes and low costs. Widespread adoption of this methodology will enable value comparisons across providers, institutions, and treatment modalities.",Brachytherapy,2016,15,274-282,10.1016/j.brachy.2016.01.003,https://www.ncbi.nlm.nih.gov/pubmed/26916105,,positive,1,
21656740,Early hypofractionated salvage radiotherapy for postprostatectomy biochemical recurrence,Kruser TJ,"BACKGROUND: Postprostatectomy adjuvant or salvage radiotherapy, when using standard fractionation, requires 6.5 to 8 weeks of treatment. The authors report on the safety and efficacy of an expedited radiotherapy course for salvage prostate radiotherapy. METHODS: A total of 108 consecutive patients were treated with salvage radiation therapy to 65 grays (Gy) in 26 fractions of 2.5 Gy. Median follow-up was 32.4 months. Median presalvage prostate-specific antigen (PSA) was 0.44 (range, 0.05-9.50). Eighteen (17%) patients received androgen deprivation after surgery or concurrently with radiation. RESULTS: The actuarial freedom from biochemical failure for the entire group at 4 years was 67% ± 5.3%. An identical 67% control rate was seen at 5 years for the first 50 enrolled patients, whose median follow-up was longer at 43 months. One acute grade 3 genitourinary toxicity occurred, with no acute grade 3 gastrointestinal and no late grade 3 toxicities observed. On univariate analysis, higher Gleason score (P = .006), PSA doubling time ≤12 months (P = .03), perineural invasion (P = .06), and negative margins (P = .06) showed association with unsuccessful salvage. On multivariate analysis, higher Gleason score (P = .057) and negative margins (P = .088) retained an association with biochemical failure. CONCLUSIONS: Hypofractionated radiotherapy (65 Gy in 2.5 Gy fractions in about 5 weeks) reduces the length of treatment by from 1-½ to 3 weeks relative to other treatment schedules commonly used, produces low rates of toxicity, and demonstrates encouraging efficacy at 4 to 5 years. Hypofractionation may provide a convenient, resource-efficient, and well-tolerated salvage approach for the estimated 20,000 to 35,000 US men per year experiencing biochemical recurrence after prostatectomy.",Cancer,2011,15,,doi: 10.1002/cncr.25824. Epub 2010 Dec 14,https://www.ncbi.nlm.nih.gov/pubmed/21656740,,negative,0,2010.0
31964317,"Is ""extreme"" bladder neck preservation in robot-assisted radical prostatectomy a safe procedure?",Dal Moro F,"INTRODUCTION: The aim was to investigate the surgical and pathological outcomes of an ""extreme"" bladder neck preservation in prostate cancer patients treated with robotic radical prostatectomy. The greatest concern about the ""extreme"" bladder neck preservation is the potential risk of creating a positive surgical margin at the level of bladder neck. MATERIALS AND METHODS: We prospectively collected data from 88 patients with diagnosed prostate cancer who underwent robotic radical prostatectomy with ""'extreme' bladder neck preservation."" All surgical procedures were performed by the same expert surgeon (F.D.M.). In this study, ""'extreme' bladder neck preservation"" was considered when the length of the spared intraprostatic segment of bladder neck was ⩾1 cm. We compared the histopathologic data with those of a homogeneous similar cohort of 88 consecutive patients who underwent robotic radical prostatectomy without bladder neck preservation. RESULTS: The two groups analyzed were comparable according to clinical and pathological characteristics. A positive surgical margin at the level of bladder neck was found in five (5.7%) cases in the ""extreme"" bladder neck preservation group and in six cases (6.8%) in the no-bladder neck preservation group. The prostatic base was involved by neoplasia in 14 and 19 patients (15.9% and 21.6%, respectively); of these, five (35.7%) and six (31.6%) had positive surgical margin at the level of bladder neck, respectively. The pathological staging in positive surgical margin at the level of bladder neck patients was pT3 in five (100%) cases in the ""extreme"" bladder neck preservation group and in four (66.7%) cases when we decided not to preserve the bladder neck. CONCLUSION: We demonstrated that ""extreme"" bladder neck preservation is a safe oncological procedure with similar pathologic findings of a comparable no-bladder neck preservation series. Positive surgical margins at the level of bladder neck are linked to neoplasia with adverse pathological features, rather than the ""extreme"" bladder neck preservation procedure.",Urologia,2020,87,149-154,doi: 10.1177/0391560319899253. Epub 2020 Jan 22,https://www.ncbi.nlm.nih.gov/pubmed/31964317,,negative,0,2020.0
19931898,What are the outcomes of radical prostatectomy for high-risk prostate cancer?,Loeb S,"OBJECTIVES: To examine the long-term survival following radical prostatectomy in the population with high-risk prostate cancer. Despite considerable stage migration associated with widespread prostate-specific antigen screening, as many as one-third of incident prostate cancers have high-risk features. These patients are often treated with combined radiation and androgen deprivation therapy, and less is known about the long-term survival in this population after radical prostatectomy (RP). METHODS: Between 1992 and 2008, 175 men underwent RP by a single surgeon with D'Amico high-risk prostate cancer (clinical stage ≥T2c, biopsy Gleason score 8-10, or prostate-specific antigen >20 ng/mL). In this population, we examined the rates and predictors of biochemical progression, metastatic disease, and cancer-specific mortality. RESULTS: Among 175 high-risk patients, 63 (36%) had organ-confined disease in the RP specimen. At 10 years, biochemical recurrence-free survival was 68%, metastasis-free survival was 84%, and prostate cancer-specific survival was 92%. The 10-year rate of freedom from any hormonal therapy was 71%. Of the high-risk criteria, a biopsy Gleason score of 8-10 (vs ≤7) was the strongest independent predictor of biochemical recurrence, metastases, and prostate cancer death. CONCLUSIONS: National data suggest that RP may be underutilized for the management of high-risk clinically localized prostate cancer. Our data suggest that surgical treatment can result in long-term progression-free survival in a subset of carefully selected high-risk men. Further prospective studies are warranted to directly compare the outcomes of RP vs combined radiation and hormonal therapy in high-risk patients.",Urology,2010,76,710-4,10.1016/j.urology.2009.09.014,https://www.ncbi.nlm.nih.gov/pubmed/19931898,,positive,1,
20529139,Quality of life following high-intensity focused ultrasound for the treatment of localized prostate cancer: a prospective study,Shoji S,"OBJECTIVES: To report our health-related quality of life (QOL) and functional outcomes following high-intensity focused ultrasound (HIFU) for localized prostate cancer. METHODS: Data from prostate cancer patients undergoing HIFU at our institution between January 1999 and April 2007 were collected in our prospective database. Standard preoperative and surgical parameters, as well as baseline urinary function, QOL and sexual assessment were included. The Japanese version of the Functional Assessment of Cancer Therapy-general (FACT-G), the FACT-prostate (P) and the International Index of Erectile Function-5 (IIEF-5) were used for the functional assessment. These self-administered questionnaires were collected preoperatively and again at 6, 12 and 24 months postoperatively. RESULTS: A total of 326 patients were included in the analysis. Maximum flow rate and residual urine volume were significantly impaired at 6 months (P = 0.010) after HIFU, even if they returned to baseline values at 12 or 24 months after HIFU. The total FACT-G score significantly improved at 24 months (P = 0.027) after HIFU. At 6, 12 and 24 months after HIFU, 52%, 63% and 78%, respectively, of the patients, not receiving neoadjuvant hormonal therapy, were potent. CONCLUSIONS: In our experience, functional and QOL outcomes after HIFU therapy for localized prostate cancer are better than those after other treatment modalities.",Int J Urol,2010,17,715-9,doi: 10.1111/j.1442-2042.2010.02568.x. Epub 2010 May 31,https://www.ncbi.nlm.nih.gov/pubmed/20529139,,negative,0,2010.0
22326573,"Outcomes following iodine-125 brachytherapy in patients with Gleason 7, intermediate risk prostate cancer: a population-based cohort study.",Herbert C,"BACKGROUND AND PURPOSE: To evaluate outcome in patients with Gleason 7 prostate cancer treated with iodine-125 brachytherapy at the British Columbia Cancer Agency. MATERIALS AND METHODS: Between 20th July 1998 and 7th February 2006, 1500 patients underwent I-125 prostate brachytherapy without supplemental external beam radiation therapy. Of these, 439 had Gleason 7 disease; 362 had Gleason 3+4 and 77 had 4+3 disease. Generally, patients received 6 months of androgen suppression. We compared biochemical no evidence of disease (bNED) between patients with Gleason ≤ 6 and Gleason 7 and between Gleason 3+4 and 4+3 using the Phoenix definition of biochemical recurrence. RESULTS: Median follow-up was 60 months. Estimated 5 year bNED was 97% for patients with Gleason score ≤ 6 and 94% for patients with Gleason 7 disease (p=0.037). Estimated bNED was 95% and 94% for 3+4 and 4+3, respectively (p=0.791). There was no difference in bNED between implants achieving D90 ≥ versus<the median value (150.5 Gy) or ≥ versus<140 Gy. CONCLUSIONS: I-125 brachytherapy with 6 months of ADT demonstrates excellent bNED rates in Gleason 7 disease. We found no evidence of a difference between patients with Gleason 3+4 versus 4+3 disease.",Radiother Oncol,2012,103,228-32,10.1016/j.radonc.2012.01.006,https://www.ncbi.nlm.nih.gov/pubmed/22326573,INTERMEDIATE RISK,positive,1,
23914263,Oncologic outcomes following radical prostatectomy in the active surveillance era.,Louis AS,"OBJECTIVE: In this study, we examine the oncologic outcomes of men with low, intermediate and high preoperative risk for prostate cancer treated with radical prostatectomy prior to and during the active surveillance era. METHODS: We analyzed records from patients who underwent radical prostatectomy at our Canadian tertiary care facility from 2000 to 2012. Patients were stratified by D'Amico preoperative risk category and by year of treatment. Biochemical recurrence-free survival was estimated using the Kaplan-Meier method. RESULTS: We included 2643 consecutive patients in our analysis. The proportion of men with low-risk disease undergoing radical prostatectomy decreased from 2007 onwards coincident with the implementation of an active surveillance strategy in our institution. Men with low-risk and high-risk disease showed significantly worse biochemical outcomes from 2007 to 2012 compared to 2000 to 2006 (p < 0.05), while men with intermediate-risk prostate cancer showed no significant differences (p = 0.27). Within the low-risk cohort, the later treatment group displayed significantly lower age, pre-treatment prostate specific antigen and tumour volume and significantly higher testosterone and body mass index. CONCLUSIONS: The time period corresponding with the implementation of active surveillance at our institution corresponded with significant deterioration of biochemical outcomes in the low- and high-risk groups. This suggests that the men with most favourable disease deferred treatment, whereas men with worse preoperative disease characteristics were increasingly treated with radical prostatectomy in the past 6 years perhaps to their benefit.",Can Urol Assoc J,2013,7,E475-80,10.5489/cuaj.1404,https://www.ncbi.nlm.nih.gov/pubmed/23914263,LOW RISK,positive,1,
15028451,No difference in six-year biochemical failure rates with or without pelvic lymph node dissection during radical prostatectomy in low-risk patients with localized prostate cancer.,Bhatta-Dhar N,"OBJECTIVES: To compare differences in the actuarial biochemical relapse-free survival rates at 6 years in a contemporary series of patients who underwent radical prostatectomy with and without pelvic lymph node dissection (PLND). Biochemical failure was defined as a serum prostate-specific antigen level greater than 0.2 ng/mL confirmed at least 1 week later. METHODS: The records of 806 consecutive radical prostatectomy cases performed between January 1995 and June 1999 were reviewed. A total of 336 patients with favorable tumor characteristics (prostate-specific antigen 10 ng/mL or less, biopsy Gleason score 6 or less, and clinical Stage T1 or T2) not receiving adjuvant or neoadjuvant therapy were divided into two groups according to whether PLND was performed (PLND group, n = 140) or omitted (no-PLND group, n = 196). A Cox proportional hazards model was used to analyze the effect of age, race, family history, initial prostate-specific antigen level, tumor stage, biopsy Gleason score, PLND, extracapsular extension, and seminal vesicle invasion on the likelihood of biochemical failure. Biochemical relapse-free survival for each group was estimated by Kaplan-Meier analysis. The mean follow-up time for the entire group was 60.0 months, with a similar follow-up for both cohorts (mean 61.8 and 58.2 months, respectively, P value not statistically significant). Follow-up information was obtained through an institutional review board-approved prospective patient registry. RESULTS: The 6-year biochemical relapse-free rate for the PLND versus no-PLND group was 86% and 88%, respectively (P = 0.28). On multivariate analysis, PLND was not an independent predictor of outcome (P = 0.33). CONCLUSIONS: Our study results demonstrated that the omission of PLND in patients with favorable tumor characteristics does not adversely affect biochemical relapse rates at 6 years after surgery. Such patients can be spared the morbidity and cost of PLND without affecting the chance for cure.",Urology,2004,63,528-31,10.1016/j.urology.2003.09.064,https://www.ncbi.nlm.nih.gov/pubmed/15028451,LOW RISK,positive,1,
21195465,Comparison of tumor control and toxicity outcomes of high-dose intensity-modulated radiotherapy and brachytherapy for patients with favorable risk prostate cancer.,Zelefsky MJ,"OBJECTIVES: To compare the long-term, prostate-specific antigen relapse-free survival outcome and incidence of toxicity for patients with low-risk prostate cancer who underwent brachytherapy or intensity-modulated radiotherapy (RT). METHODS: A total of 729 consecutive patients underwent brachytherapy (n = 448; prescription dose 144 Gy) or intensity-modulated RT alone (n = 281; prescription dose 81 Gy). The prostate-specific antigen relapse-free survival using the nadir plus 2 ng/mL definition and late toxicity using the National Cancer Institute's Common Terminology Criteria for Adverse Events were determined. RESULTS: The 7-year prostate-specific antigen relapse-free survival rate for the brachytherapy and intensity-modulated RT groups was 95% and 89% for low-risk patients, respectively (P = .004). Cox regression analysis demonstrated that brachytherapy was associated with improved prostate-specific antigen relapse-free survival, even after adjustment for other variables. The incidence of metastatic disease between treatment sessions was low for both treatment groups. Late grade 2 gastrointestinal toxicity was observed in 5.1% and 1.4% of the brachytherapy and intensity-modulated RT groups, respectively (P = .02). No significant differences were seen between treatment groups for late grade 3 or greater rectal complications (brachytherapy 1.1% and intensity-modulated RT 0%; P = .19). Late grade 2 urinary toxicity occurred more often in the brachytherapy group than in the intensity-modulated RT group (15.6% and 4.3%, respectively; P < .0001). No significant differences were seen between the 2 treatment groups for late grade 3 urinary toxicity (brachytherapy 2.2% and intensity-modulated RT 1.4%; P = .62). CONCLUSIONS: Among low-risk prostate cancer patients, the 7-year biochemical tumor control was superior for intraoperatively planned brachytherapy compared with high-dose intensity-modulated RT. Although significant toxicities were minimal for both groups, modest, but significant, increases in grade 2 urinary and rectal symptoms were noted for brachytherapy compared with intensity-modulated RT.",Urology,2011,77,986-90,10.1016/j.urology.2010.07.539,https://www.ncbi.nlm.nih.gov/pubmed/21195465,,positive,1,
31733323,Stereotactic Body Radiation Therapy to the Prostate Bed: Results of a Phase 1 Dose-Escalation Trial,Sampath S,"PURPOSE: The primary objectives of this study were to evaluate toxicity of escalating doses of prostate bed stereotactic body radiation therapy and to provide dose recommendations for a phase 2 study. METHODS AND MATERIALS: Patients with organ-confined, node-negative prostate cancer who had biochemical failure (prostate-specific antigen [PSA] less than 2.0) after prostatectomy were eligible for this phase 1 dose-escalation trial. Doses delivered were 35 Gy, 40 Gy, and 45 Gy in 5 fractions, given every other day. Dose-limiting toxicity (DLT) was defined as Common Terminology Criteria for Adverse Events (version 4.0) grade 3 or higher gastrointestinal or genitourinary (GU) toxicity within 90 days of treatment. Maximum tolerated dose was the highest dose to be tested where fewer than 2 of the patients experienced DLT. Patients completed quality-of-life questionnaires at regular time intervals. RESULTS: Twenty-six patients completed treatment between October 2013 and December 2017. Three patients received 35 Gy, 8 patients received 40 Gy, and 15 patients received 45 Gy. The median follow-up was 60 months for 35 Gy, 48 months for 40 Gy, and 33 months for 45 Gy. No acute DLT events were observed. Late grade ≥2 and ≥3 gastrointestinal toxicity occurred in 11% and 0%, respectively, and late grade ≥2 and ≥3 GU toxicity occurred in 38% and 15%, respectively. No difference was observed in late GU toxicity between 40 Gy and 45 Gy. Sexual function scores were significantly lower in the patients receiving androgen deprivation therapy (P < .01). In all patients, the crude rate of PSA control (<0.2 ng/mL) was 11 out of 26 (42%). CONCLUSIONS: Dose escalation to 45 Gy did not result in acute DLT events, had similar rates of late grade 3 toxicity, and did not demonstrate higher rates of PSA control, compared with 40 Gy. While allowing for higher plan heterogeneity, the recommended dose for phase 2 study will be 40 Gy in 5 fractions.",Int J Radiat Oncol Biol Phys,2020,1,,doi: 10.1016/j.ijrobp.2019.11.005. Epub 2019 Nov 13,https://www.ncbi.nlm.nih.gov/pubmed/31733323,,negative,0,2020.0
31843220,The impact of time from biopsy to radical prostatectomy on Gleason score undergrading and other related factors,Virseda Rodríguez AJ,"INTRODUCTION: Gleason score biopsy undergrading (GSBU) can have an impact on the management and prognosis of patients with prostate cancer. We analyze the possible impact of time and other clinical and analytical factors in the appearance of GSBU in our series. PATIENTS AND METHOD: Ambispective, multicenter study of 1955 patients with localized prostate cancer undergoing radical prostatectomy between 2005 and 2018. Descriptive statistics and hypothesis testing are reported by univariate and multivariate analyses. RESULTS: Mean age 63.69 (44-80) years, median PSA 8.70 ng / ml (1.23-99). GSBU was observed in 34.7% of the entire cohort. In 72.8% of the cases, the GSBU occurred in one consecutive Gleason score, with the progression from 3 + 3 to 3 + 4 being the most frequent (289 patients, 47.6%). Performing radical prostatectomy 90-180 days before or after the biopsy does not have an impact on its undergrading in any of the groups. In the univariate and multivariate analysis, the presence of tumor or pathological rectal examination in both lobes, the tumor load ≥50% of cylinders and a DPSA ≥0.20, showed independent discriminative capacity to select patients who presented GSBU. CONCLUSIONS: The time from biopsy to radical prostatectomy did not show impact on GSBU. The number of affected cylinders, bilateral tumor and DPSA are easily accessible parameters that can help us select patients with greater probability of presenting GSBU.",Actas Urol Esp (Engl Ed),2020,44,187-195,doi: 10.1016/j.acuro.2019.08.004. Epub 2019 Dec 13,https://www.ncbi.nlm.nih.gov/pubmed/31843220,,negative,0,2020.0
23083655,The impact of anatomical radical retropubic prostatectomy on cancer control: the 30-year anniversary.,Mullins JK,"PURPOSE: Radical prostatectomy has decreased prostate cancer specific mortality in men with clinically localized prostate cancer. We report oncological outcomes of the longest running series of nerve sparing radical retropubic prostatectomy on the 30th anniversary of the inaugural operation. MATERIALS AND METHODS: A total of 4,478 men underwent anatomical radical retropubic prostatectomy, as performed by a single surgeon (PCW), at the Johns Hopkins Medical Institutions from 1982 to 2011, without neoadjuvant or adjuvant therapy. During a median followup of 10 years (range 1 to 29), we examined progression-free, metastasis-free and cancer specific survival. RESULTS: The overall 25-year progression-free, metastasis-free and cancer specific survival rates were 68%, 84% and 86%, respectively, although there were significant differences in treatment outcomes between men treated in the pre-PSA and PSA eras. In each era, there were significant differences in progression-free, metastasis-free and cancer specific survival by D'Amico risk groups. In multivariable models considering prostatectomy features, pathological stage and grade were significantly associated with the risk of metastatic progression and disease specific mortality. CONCLUSIONS: Excellent prostate cancer specific survival was demonstrated up to 30 years after surgery. Clinical risk categories and pathological tumor features were significant predictors of long-term disease specific outcomes, supporting their ongoing use in risk stratification and management decisions. Anatomical radical retropubic prostatectomy continues to represent the gold standard in the surgical management of clinically localized prostate cancer to which alternate treatment options should be compared.",J Urol,2012,188,2219-24,10.1016/j.juro.2012.08.028,https://www.ncbi.nlm.nih.gov/pubmed/23083655,LOW RISK,positive,1,
20605366,Risk of all-cause and prostate cancer-specific mortality after brachytherapy in men with small prostate size,Nguyen PL,"BACKGROUND: Brachytherapy for prostate cancer can be technically challenging in men with small prostates (≤20 cc), but it is unknown whether their outcomes are different than those of men with larger prostates. METHODS AND MATERIALS: We studied 6,416 men treated with brachytherapy in one of 21 community-based practices. Cox regression and Fine and Gray's regression were used to determine whether volume ≤20 cc was associated with a higher risk of all-cause mortality (ACM) or prostate cancer-specific mortality (PCSM), respectively, after adjustment for other known prognostic factors. RESULTS: 443 patients (6.9%) had a prostate volume ≤20 cc. After a median follow-up of 2.91 years (interquartile range, 1.06-4.79), volume ≤20 cc was associated with a significantly higher risk of ACM (adjusted hazard ratio = 1.33 [95% CI 1.08-1.65], p = 0.0085) with 3-year estimates of ACM for ≤20 cc vs. >20 cc of 13.0% vs. 6.9% (p = 0.028). Only 23 men (0.36%) have died of prostate cancer, and no difference was seen in PCSM by volume (p = 0.4). CONCLUSION: Men with small prostates at the time of implant had a 33% higher risk of ACM, and the underlying cause of this remains uncertain. No increase in PCSM was observed in men with volume ≤20cc, suggesting that a small prostate should not in itself be a contraindication for brachytherapy, but inasmuch as absolute rates of PCSM were small, further follow-up will be needed to confirm this finding.",Int J Radiat Oncol Biol Phys,2011,1,,doi: 10.1016/j.ijrobp.2010.01.023. Epub 2010 Jun 3,https://www.ncbi.nlm.nih.gov/pubmed/20605366,,negative,0,2010.0
18279937,"Is it possible to compare PSA recurrence-free survival after surgery and radiotherapy using revised ASTRO criterion--""nadir + 2""?",Nielsen ME,"OBJECTIVES: The new American Society for Therapeutic Radiology and Oncology/Radiation Therapy Oncology Group consensus definition of biochemical failure after radiotherapy for prostate cancer is defined as a prostate-specific antigen level at or greater than the absolute nadir PSA level plus 2 ng/mL. Because this definition inevitably will be used to compare cancer control rates after radiotherapy to those after surgery, this study examined the effect of this comparison. METHODS: We reviewed the data from 2570 men who had undergone radical prostatectomy from 1985 to 2004. Biochemical failure was defined as any measurable PSA level of 0.2 ng/mL or greater. We evaluated how the nadir+2 definition affected the failure rate when applied to this series. RESULTS: The actuarial 5, 10, and 15-year biochemical recurrence-free survival probability with failure defined as a PSA level of 0.2 ng/mL or more and a PSA level of 2 ng/mL or more was 88.6%, 81.2%, and 78.1% and 94.6%, 89.4%, and 84.3%, respectively (P <0.0001). The median time to biochemical progression was 2.8 years for the greater than 0.2 ng/mL definition and 7.9 years for the 2 ng/mL or more definition. The nadir+2 definition systematically overestimated the biochemical recurrence-free survival, even after stratifying patients into standard prognostic risk groups, especially in men who developed local recurrence. CONCLUSIONS: When applied to a mature series of surgically treated patients with localized prostate cancer, the American Society for Therapeutic Radiology and Oncology ""nadir+2"" definition resulted in a systematic delay in the determination of biochemical failure. Because patients in this series who experienced a detectable PSA level took more than 5 years to progress to a PSA level of 2 ng/mL or greater, the 5-year biochemical control rates with the definition of 0.2 ng/mL or more should be compared with the 10-year biochemical control rates using the nadir+2 definition.",Urology,2008,72,389-93; discussion 394-5,10.1016/j.urology.2007.10.053,https://www.ncbi.nlm.nih.gov/pubmed/18279937,,positive,1,
26597660,A prospective clinical trial of HIFU hemiablation for clinically localized prostate cancer,van Velthoven R,"BACKGROUND: Focal therapy is an emerging mini-invasive treatment modality for localized prostate cancer aimed to reduce the morbidity associated with radical therapy while maintaining optimal cancer control. We report the mid-term oncological and functional results of primary hemiablation high-intensity focused ultrasound (HIFU) in a prospective cohort of patients. METHODS: Over 8 years, hemiablation HIFU was primarily performed in 50 selected patients with biopsy-proven clinically localized unilateral, low-intermediate risk prostate cancer in complete concordance with the prostate cancer lesions identified by magnetic resonance imaging with precise loci matching on multimodal approach. Post-treatment follow-up included regular serial PSA measurements. Biochemical recurrence was reported using Stuttgart and Phoenix criteria. The latter was used as a threshold to offer whole-gland biopsies. RESULTS: Complete follow-up was available for all patients and the median follow-up was 39.5 months (range: 6-94). Mean nadir PSA value was 1.6 ng ml(-1), which represents 72% reduction compared with initial PSA pre-treatment value (P<0.001). Median time to achieve PSA nadir was 3 months. Biochemical recurrence, according to Phoenix and Stuttgart definition, occurred in 28 and 36% of patients, respectively. The 5-year actuarial metastases-free survival, cancer-specific survival and overall survival rates were 93, 100 and 87%, respectively. Out of the eight patients undergoing biopsy, six patients had a positive biopsy for cancer occurring in the untreated contralateral (n=3) or treated ipsilateral lobe (n=1) or bilaterally (n=2). A Clavien-Dindo grade 3b complication occurred in two patients. Complete continence (no pads) and erection sufficient for intercourse were documented in 94 or 80% of patients, respectively. CONCLUSION: Hemiablation HIFU therapy, delivered with intention to treat, for carefully selected patients affords mid-term promising functional and oncological outcomes. The effectiveness of this technique should be now compared with whole-gland radical therapy.",Prostate Cancer Prostatic Dis,2016,19,79-83,doi: 10.1038/pcan.2015.55. Epub 2015 Nov 24,https://www.ncbi.nlm.nih.gov/pubmed/26597660,,negative,0,2015.0
32377602,Long-term oncologic outcomes after radical prostatectomy in clinically localized prostate cancer: 10-year follow-up in Korea,Suh J,"PURPOSE: The clinical behavior of prostate cancer differs by race and ethnicity; however, data on the Korean population are scarce. We assessed the long-term oncologic outcomes of clinically localized prostate cancer after radical prostatectomy in Korean men. MATERIALS AND METHODS: We analyzed 786 clinically localized prostate cancer patients who underwent radical prostatectomy, from June 1993 to June 2008. Kaplan-Meier survival curve analysis and log-rank test were used to assess the oncologic outcomes. RESULTS: The mean age of the patients was 64.9±6.6 years. Pelvic lymph node dissection was performed in 373 patients. Pathologic T and N stage cancer with local advancement and invasion were detected by radical prostatectomy in 307 and 22 patients, respectively. In total, 38 patients who underwent adjuvant therapy were excluded from the analysis of progression after biochemical recurrence (BCR), which occurred in 261 men. In total, 219 patients underwent salvage treatment. Local recurrence and distant metastasis occurred in 109 and 42 patients, respectively; 36 patients experienced metastasis with local recurrence. Castration-resistant prostate cancer developed in 22 patients, and overall and disease-specific mortality was noted in 148 and 23 patients, respectively. The median duration from operation to BCR, BCR to metastasis, and metastasis to disease-specific death was 25, 40, and 22 months, respectively. CONCLUSIONS: We demonstrated the long-term prognosis of localized prostate cancer after radical prostatectomy among Koreans. Our results differ from those reported in the Western literature, with a lower prevalence of distant metastasis and shorter time to metastasis after BCR.",Investig Clin Urol,2020,61,269-276,doi: 10.4111/icu.2020.61.3.269. Epub 2020 Apr 21,https://www.ncbi.nlm.nih.gov/pubmed/32377602,,negative,0,2020.0
25339310,Radical prostatectomy versus external beam radiotherapy for localized prostate cancer: Comparison of treatment outcomes,Kim YJ,"PURPOSE: We retrospectively compared the treatment outcomes of localized prostate cancer between radical prostatectomy (RP) and external beam radiotherapy (EBRT). MATERIALS AND METHODS: We retrospectively analyzed 738 patients with localized prostate cancer who underwent either RP (n = 549) or EBRT (n = 189) with curative intent at our institution between March 2001 and December 2011. Biochemical failure was defined as a prostate-specific antigen (PSA)  level of ≥ 0.2 ng/ml in the RP group and the nadir of + ≥ 2 ng/ml in the EBRT group. RESULTS: The median (range) follow-up duration was 48.8 months (0.7-133.2 months) and 48.7 months (1.0-134.8 months) and the median age was 66 years (45-89 years) and 71 years (51-84 years; p < 0.001) in the RP and EBRT groups, respectively. Overall, 21, 42, and 36 % of patients in the RP group, and 15, 27, and 58 % of patients in the EBRT group were classified as low, intermediate, and high risk, respectively (p < 0.001). Androgen-deprivation therapy was more common in the EBRT group (59 vs. 27 %, respectively; p < 0.001). The 8-year biochemical failure-free survival rates were 44 and 72 % (p < 0.001) and the disease-specific survival rates were 98 % and 97 % (p = 0.543) in the RP and EBRT groups, respectively. CONCLUSIONS: Although the EBRT group included more high-risk patients than did the RP group, the outcomes of EBRT were not inferior to those of RP. Our data suggest that EBRT is a viable alternative to RP for treating localized prostate cancer.",Strahlenther Onkol,2015,191,321-9,doi: 10.1007/s00066-014-0765-3. Epub 2014 Oct 23,https://www.ncbi.nlm.nih.gov/pubmed/25339310,,negative,0,2015.0
20189847,Prospective comparison of PSA kinetics following two different prostate cancer brachytherapy planning methods: preoperative and real-time intraoperative dosimetry planning,Matzkin H,"OBJECTIVES: Preoperative planning (PP) and intraoperative planning (IoP) are established (125)I-brachytherapy techniques for the treatment of localized prostate cancer. We prospectively compared the effects of each method on reducing PSA levels. MATERIALS AND METHODS: One hundred eighty patients treated with brachytherapy as monotherapy without neoadjuvant androgen deprivation therapy or external beam radiation using PP (75) or IoP (105) methodologies and with ≥ 5 years of follow-up were included in the study. CT-based dosimetry was calculated 1 month postoperatively. PSA was obtained every 3 months for the first year and semiannually thereafter. Available PSA and dosimetric data from both groups were analyzed and compared. RESULTS: At 5 years after brachytherapy, the probability of having a nadir PSA value < 0.5 ng/ml was 90% in the IoP group compared with 60% in the PP group (P < 0.0001). The rate of PSA decline was 3-fold faster in the IoP group than in the PP group. Dosimetry results highly favored the IoP method: mean V(100) (%) and D(90) (Gy) were 95 and 180 vs. 60 and 81 (P < 0.001), respectively. CONCLUSIONS: Our initial finding of highly superior postimplant CT dosimetry calculations of the IoP method are now substantiated by the biochemical favorable results (PSA kinetics) of this method.",Urol Oncol,2012,,-,doi: 10.1016/j.urolonc.2009.12.001. Epub 2010 Mar 2,https://www.ncbi.nlm.nih.gov/pubmed/20189847,,negative,0,2010.0
11743287,Radical prostatectomy for pathological Gleason 8 or greater prostate cancer: influence of concomitant pathological variables.,Lau WK,"PURPOSE: We evaluated the long-term outcome of radical prostatectomy for pathological Gleason score 8 or greater prostate cancer and characterized the prognostic significance of other pathological variables. MATERIALS AND METHODS: A total of 6,419 patients underwent radical prostatectomy between 1987 and 1996. There were 407 patients classified as having pathological Gleason 8 or greater, including 8 in 48%, 9 in 49% and 10 in 3%. Adjuvant treatment was used in 45% of patients and adjuvant hormonal therapy was administered to 155 (38%). Progression-free, including local or systemic, and/or prostate specific antigen (PSA) 0.4 ng./ml. or greater, and cancer specific survival were determined by the Kaplan-Meier method. The effect of pathological grade and stage, preoperative PSA, DNA ploidy, margin status, tumor dimension, seminal vesicle invasion, and adjuvant treatment was assessed with the univariate and multivariate analyses. RESULTS: Pathological stage distribution was pT2 in 26% of patients, pT3 48% and pTxN+ 27%. Overall and progression-free survival at 10 years was 67% and 36%, respectively, compared to cancer specific survival 85%. Adjuvant treatment, pathological stage, preoperative PSA and pathological grade were significant (less than 0.05) univariate predictors of progression-free survival. Pathological stage, margin status and ploidy were univariately associated with cancer specific survival. Progression-free survival at 10 years of those patients who did and did not receive adjuvant treatment was 52% and 23%, respectively. In the multivariate analysis pathological grade (p=0.02), preoperative PSA (p <0.0001), adjuvant therapy (p <0.0001) and pathological stage (p=0.036) were significant independent predictors of progression-free survival. CONCLUSIONS: High grade prostate cancer can be controlled with radical prostatectomy in some patients with disease confined pathologically, and 10-year cause specific survival is 96%. Predictors of outcome in patients with Gleason 8 disease or greater are similar to established predictors derived by using all grades. Although adjuvant hormonal therapy appears to improve disease progression rates after radical prostatectomy on the basis of this nonrandomized study, it may not affect prostate cancer death rates within 10 years in patients with high grade cancer.",J Urol,2002,167,117-22,,https://www.ncbi.nlm.nih.gov/pubmed/11743287,HIGH RISK,positive,1,
25944676,Histological outcomes after focal high-intensity focused ultrasound and cryotherapy,Shah TT,"INTRODUCTION: Focal therapy has increasingly become an accepted treatment option for patients with localised prostate cancer. Most follow-up protocols use a mixture of protocol biopsies or ""for cause"" biopsies triggered by a rising PSA. In this paper, we discuss the histological outcomes from these biopsies and their use in guiding subsequent management and trial development. METHODS: We conducted a literature search and reviewed the post-treatment biopsy results from studies on focal HIFU and focal cryotherapy. We subsequently reviewed the results of three recently published consensus statements released discussing many of the issues concerning focal therapy. RESULTS: Research suggests that 1 in 5 of all post-treatment biopsies after focal therapy are positive. However, the majority of these seemed to be from the untreated portion of the gland or met criteria for clinically insignificant disease. The histological outcomes from focal therapy are promising and confirm its effectiveness in the short to medium term. Furthermore re-treatment is possible whilst maintaining a low-side-effect profile. CONCLUSION: Debate is ongoing about the clinical significance of various levels of residual disease after focal therapy and the exact threshold at which to call failure within a patient who has had focal therapy.",World J Urol,2015,33,955-64,doi: 10.1007/s00345-015-1561-0. Epub 2015 May 6,https://www.ncbi.nlm.nih.gov/pubmed/25944676,,negative,0,2015.0
19464818,Salvage radiotherapy for rising prostate-specific antigen levels after radical prostatectomy for prostate cancer: dose-response analysis,Bernard JR Jr,"PURPOSE: To investigate the association between external beam radiotherapy (EBRT) dose and biochemical failure (BcF) of prostate cancer in patients who received salvage prostate bed EBRT for a rising prostate-specific antigen (PSA) level after radical prostatectomy. METHODS AND MATERIALS: We evaluated patients with a rising PSA level after prostatectomy who received salvage EBRT between July 1987 and October 2007. Patients receiving pre-EBRT androgen suppression were excluded. Cox proportional hazards models were used to investigate the association between EBRT dose and BcF. Dose was considered as a numeric variable and as a categoric variable (low, <64.8 Gy; moderate, 64.8-66.6 Gy; high, >66.6 Gy). RESULTS: A total of 364 men met study selection criteria and were followed up for a median of 6.0 years (range, 0.1-19.3 years). Median pre-EBRT PSA level was 0.6 ng/mL. The estimated cumulative rate of BcF at 5 years after EBRT was 50% overall and 57%, 46%, and 39% for the low-, moderate-, and high-dose groups, respectively. In multivariable analysis adjusting for potentially confounding variables, there was evidence of a linear trend between dose and BcF, with risk of BcF decreasing as dose increased (relative risk [RR], 0.77 [5.0-Gy increase]; p = 0.05). Compared with the low-dose group, there was evidence of a decreased risk of BcF for the high-dose group (RR, 0.60; p = 0.04), but no difference for the moderate-dose group (RR, 0.85; p = 0.41). CONCLUSIONS: Our results suggest a dose response for salvage EBRT. Doses higher than 66.6 Gy result in decreased risk of BcF.",Int J Radiat Oncol Biol Phys,2010,1,,doi: 10.1016/j.ijrobp.2009.02.049. Epub 2009 May 21,https://www.ncbi.nlm.nih.gov/pubmed/19464818,,negative,0,2010.0
25711672,Salvage radical prostatectomy for recurrent prostate cancer: verification of European Association of Urology guideline criteria,Mandel P,"OBJECTIVE: To analyse oncological and functional outcomes of salvage radical prostatectomy (SRP) in patients with recurrent prostate cancer and to compare outcomes of patients within and outside the European Association of Urology (EAU) guideline criteria (organ-confined prostate cancer ≤T2b, Gleason score ≤7 and preoperative PSA level <10 ng/mL) for SRP. PATIENTS AND METHODS: In all, 55 patients who underwent SRP from January 2007 to December 2012 were retrospectively analysed. Kaplan-Meier curves assessed time to biochemical recurrence (BCR), metastasis-free survival (MFS) and cancer-specific survival. Cox regressions addressed factors influencing BCR and MFS. BCR was defined as a PSA level of >0.2 ng/mL and rising, continence as the use of 0-1 safety pad/day, and potency as a five-item version of the International Index of Erectile Function score of ≥18. RESULTS: The median follow-up was 36 months. After SRP, 42.0% of the patients experienced BCR, 15.9% developed metastasis, and 5.5% died from prostate cancer. Patients fulfilling the EAU guideline criteria were less likely to have positive lymph nodes (LNs) and had significantly better BCR-free survival (5-year BCR-free survival 73.9% vs 11.6%; P = 0.001). In multivariate analysis, low-dose-rate brachytherapy as primary treatment (P = 0.03) and presence of positive LNs at SRP (P = 0.02) were significantly associated with worse BCR-free survival. The presence of positive LNs or Gleason score >7 at SRP were independently associated with metastasis. The urinary continence rate at 1 year after SRP was 74%. Seven patients (12.7%) had complications ≥III (Clavien grade). CONCLUSION: SRP is a safe procedure providing good cancer control and reasonable urinary continence. Oncological outcomes are significantly better in patients who met the EAU guideline recommendations.",BJU Int,2016,117,55-61,doi: 10.1111/bju.13103. Epub 2015 May 11,https://www.ncbi.nlm.nih.gov/pubmed/25711672,,negative,0,2015.0
27910728,Predictive factors associated with biochemical recurrence following radical prostatectomy for pathological T2 prostate cancer with negative surgical margins.,Aoun F,"OBJECTIVE: The aim of this study was to determine factors associated with the development of biochemical recurrence (BCR) following radical prostatectomy in patients with pathological T2 prostate cancer and negative surgical margins. MATERIALS AND METHODS: This retrospective multicentre cohort study included 1252 consecutive patients with pT2 pN0/Nx and negative surgical margins on radical prostatectomy and without any adjuvant treatment, performed in three Belgian centres. BCR-free survival curves were estimated using the Kaplan-Meier method. Univariate and multivariate analyses using the Cox proportional hazards model were performed to determine clinical and pathological predictive factors of BCR in this group of patients. RESULTS: In total, 910 patients were included. BCR occurred in 107 patients (11.8%) at a median follow-up of 108 months. Overall 5 and 10 year BCR-free survival rates were 90% and 87%, respectively. On the multivariate analyses, serum prostate-specific antigen (PSA) level (p = .001) and surgical Gleason score of 7 or above (p = .001) were significantly associated with BCR in men with pathological T2 prostate cancer with negative surgical margins. Perineural invasion and capsular infiltration were not risk factors for recurrence. CONCLUSIONS: This study identified unfavourable risk factors in patients with pathological T2 and negative surgical margins following radical prostatectomy. The results suggest that patients with a surgical Gleason score of 7 or higher, unknown lymph-node status and high PSA values are at increased risk of recurrence.",Scand J Urol,2017,51,20-26,10.1080/21681805.2016.1263237,https://www.ncbi.nlm.nih.gov/pubmed/27910728,,positive,1,
15817332,High-dose-rate intensity-modulated brachytherapy with external beam radiotherapy for prostate cancer: California endocurietherapy's 10-year results,Demanes DJ,"PURPOSE: To present the long-term outcome and morbidity of high-dose-rate brachytherapy (HDR-BT) combined with external beam radiotherapy (EBRT) for localized prostate cancer. METHODS AND MATERIALS: Between September 1991 and December 1998, 209 consecutive patients with no prior androgen suppression were treated with HDR-BT plus EBRT. The median follow-up was 7.25 years (range, 5-12 years). The patients were stratified into three risk groups: low (Stage T2a or less, Gleason score </=6, and prostate-specific antigen [PSA] level </=10 ng/mL), intermediate (Stage T2b,c, Gleason score 7, and PSA level 10-20 ng/mL), and high (Stage T3, Gleason score 8-10, and PSA level >20). Four definitions of PSA progression were compared with the general clinical failure outcome: the American Society for Therapeutic Radiology and Oncology (ASTRO) definition, nadir plus 2.0 ng/mL, two consecutive rises >/=0.5 ng/mL, and PSA level >0.2 ng/mL. Morbidity was scored using Radiation Therapy Oncology Group criteria. RESULTS: The general clinical control rate was 90% (188 of 209), and the general clinical failure rate was 10% (21 of 209). The overall survival rate was 79%, and the cause-specific survival rate was 97%. The PSA progression-free survival (ASTRO definition) rate was 90%, 87%, and 69% for the low-, intermediate-, and high-risk groups, respectively. The nadir plus 2 ng/mL and two rises >/=0.5 definitions correlated better with the actual clinical outcome than did the ASTRO and PSA >0.2 ng/mL definitions. The rate of Grade 3 and 4 late urinary morbidity was 6.7% and 1%, respectively, mostly occurring in patients who had undergone post-RT transurethral prostate resection. No late Grade 3 or 4 rectal morbidity developed. The sexual potency preservation rate was 67%. CONCLUSION: Our 10-year results have demonstrated HDR-BT plus EBRT is a proven treatment for all stages of localized prostate cancer. The morbidity was low, but post-RT transurethral resection should be avoided.",Int J Radiat Oncol Biol Phys,2005,1,,doi: 10.1016/j.ijrobp.2004.08.014,https://www.ncbi.nlm.nih.gov/pubmed/15817332,,negative,0,2005.0
19409729,Equivalent biochemical control and improved prostate-specific antigen nadir after permanent prostate seed implant brachytherapy versus high-dose three-dimensional conformal radiotherapy and high-dose conformal proton beam radiotherapy boost.,Jabbari S,"PURPOSE: Permanent prostate implant brachytherapy (PPI), three-dimensional conformal radiotherapy (3D-CRT), and conformal proton beam radiotherapy (CPBRT) are used in the treatment of localized prostate cancer, although no head-to-head trials have compared these modalities. We studied the biochemical control (biochemical no evidence of disease [bNED]) and prostate-specific antigen (PSA) nadir achieved with contemporary PPI, and evaluated it against 3D-CRT and CPBRT. PATIENTS AND METHODS: A total of 249 patients were treated with PPI at the University of California, San Francisco, and the outcomes were compared with those from a 3D-CRT cohort and the published results of a high-dose CPBRT boost (CPBRTB) trial. For each comparison, subsets of the PPI cohort were selected with patient and disease criteria similar to those of the reference group. RESULTS: With a median follow-up of 5.3 years, the bNED rate at 5 and 7 years achieved with PPI was 92% and 86%, respectively, using the American Society for Therapeutic Radiology and Oncology (ASTRO) definition, and 93% using the PSA nadir plus 2 ng/mL definition. Using the ASTRO definition, a 5-year bNED rate of 78% was achieved for the 3D-CRT patients compared with 94% for a comparable PPI subset and 93% vs. 92%, respectively, using the PSA nadir plus 2 ng/mL definition. The median PSA nadir for patients treated with PPI and 3D-CRT was 0.10 and 0.40 ng/mL, respectively (p < .0001). For the CPBRT comparison, the 5-year bNED rate after a CPBRTB was 91% using the ASTRO definition vs. 93% for a similar group of PPI patients. A greater proportion of PPI patients achieved a lower PSA nadir compared with those achieved in the CPBRTB trial (PSA nadir < or =0.5 ng/mL, 91% vs. 59%, respectively). CONCLUSION: We have demonstrated excellent outcomes in low- to intermediate-risk patients treated with PPI, suggesting at least equivalent 5-year bNED rates and a greater proportion of men achieving lower PSA nadirs compared with 3D-CRT or CPBRTB.",Int J Radiat Oncol Biol Phys,2010,76,36-42,10.1016/j.ijrobp.2009.01.029,https://www.ncbi.nlm.nih.gov/pubmed/19409729,LOW RISK,positive,1,
31942652,Focal high-dose-rate brachytherapy for localized prostate cancer: toxicity and preliminary biochemical results,Prada PJ,"BACKGROUND: This study aimed to evaluate the outcomes and the toxicity of focal high-dose-rate (HDR) brachytherapy in selected localized prostate cancer patients. METHODS: Fifty patients were treated with focal high-dose-rate brachytherapy between March 2013 and November 2017, representing 5% of the cases treated by our group during this period. Only patients with very limited and localized tumors, according to strict criteria, were selected for the procedure. The prescribed dose for the focal volume was 24 Gy. RESULTS: The treated volume corresponded to a mean value of 32% of the total prostatic volume. The mean focal D<sub>90</sub> in our series was 23 Gy (range 16-26 Gy). The mean initial IPSS was 8.2 (range 0-26), at 6 months 7.5 (range 0-23), and at 24 months 6.7 (range 0-18). No acute or late urinary retention was seen. When the ICIQ-SF score was 0 at the end of treatment, it remained nil thereafter at 1 and 2 years for all patients. No intraoperative or perioperative complications occurred. No rectal toxicity was reported after treatment. Of the total patients identified as potent, only three patients had a very slight decrease of the mean IIEF5. The mean initial PSA was 6.9 ng/mL (range 1.9-13.4). At the last follow-up visit, the mean PSA was 3 ng/ml (range 0.48-8.11). CONCLUSION: HDR focal brachytherapy in selected patients with low intermediate-risk prostate cancer could achieve the same satisfactory results in terms of relapse-free survival as conventional whole prostate brachytherapy with less toxicity.",Strahlenther Onkol,2020,196,222-228,doi: 10.1007/s00066-019-01561-3. Epub 2020 Jan 15,https://www.ncbi.nlm.nih.gov/pubmed/31942652,,negative,0,2020.0
15758725,Contemporary survival results and the role of radiation therapy in patients with node negative seminal vesicle invasion following radical prostatectomy,Eggener SE,"PURPOSE: Seminal vesicle invasion (SVI) in a radical prostatectomy (RRP) specimen is associated with a guarded prognosis. We evaluated patients with SVI treated in the pre-prostate specific antigen (PSA) (1983 to 1991) and PSA (1992 to 2003) eras. MATERIALS AND METHODS: Of patients with prostate cancer treated with RRP from January 1983 through March 2002, 220 with SVI were evaluated, including 67 in the pre-PSA era and 153 in the PSA era. Postoperative PSA greater than 0.2 ng/ml was considered biochemical evidence of cancer progression. Survival rates were compared using Kaplan-Meier estimates to calculate progression-free, cancer specific and all cause survival. Multivariate Cox proportional hazard models were used to correlate variables with disease progression. RESULTS: The incidence of SVI in the PSA era was lower than in the pre-PSA era (6.0% vs 10.2%, p = 0.001). To date 124 patients (56%) have had evidence of cancer progression. The 4 and 7-year progression-free, cancer specific and all cause survival rates were significantly higher in men with SVI in the PSA era (p = 0.02). PSA at diagnosis, cancerous surgical margins and higher Gleason score were significantly associated with progression. Neither adjuvant nor salvage radiotherapy appeared to confer a significant progression-free survival benefit. CONCLUSIONS: The incidence of SVI has decreased in the PSA era. Progression-free, cancer specific and all cause survival rates following RRP in patients with SVI have improved in the PSA era. This may reflect earlier detection in this pathological tumor stage and more favorable prognostic factors associated with PSA screening. Adjuvant radiotherapy does not appear to confer any therapeutic benefit. Salvage radiotherapy can lead to durable PSA regressions in a small percent of men, although no long-term survival advantage can be proved.",J Urol,2005,173,1150-5,doi: 10.1097/01.ju.0000155158.79489.48,https://www.ncbi.nlm.nih.gov/pubmed/15758725,,negative,0,2005.0
15990188,3D conformal radiation therapy for prostate cancer in elderly patients,Geinitz H,"BACKGROUND AND PURPOSE: The aim of this study was to evaluate if conformal radiation therapy for localized prostate cancer with doses of 70 Gy is well tolerated in patients aged 75 years or older, and if the side effects and the biochemical recurrence free (bNED) survival are comparable to younger patients. PATIENTS AND METHODS: Eighty patients>or=75 years received definitive conformal radiotherapy for prostate cancer. Acute and late side effects as well as bNED survival (ASTRO criteria) were compared to 221 patients younger than 75 years who were treated during the same period of time. RESULTS: Median dose to the prostate was 70 Gy in both groups. There were no significant differences in acute or late side effects between age groups. The frequency of grade III late symptoms was low and ranged between 0 and 4% for the evaluated symptoms irrespective of age group. Older patients had a better bNED survival than younger patients (bNED survival at 4 years: 76 vs. 61%, P=0.042). CONCLUSIONS: High-dose conformal radiation therapy for prostate cancer is well tolerated in patients aged 75 years or older. In terms of bNED survival radiation treatment is at least as effective as it is for younger patients.",Radiother Oncol,2005,76,27-34,doi: 10.1016/j.radonc.2005.06.001,https://www.ncbi.nlm.nih.gov/pubmed/15990188,,negative,0,2005.0
32335059,"Metastasis, Mortality, and Quality of Life for Men With NCCN High and Very High Risk Localized Prostate Cancer After Surgical and/or Combined Modality Radiotherapy.",Tward JD,"PURPOSE: To compare metastasis-free survival, overall survival, and patient-reported quality of life (QOL) of men with National Comprehensive Cancer Network high or very high risk prostate cancer after definitive surgery and/or multimodal radiotherapy (RT). PATIENTS AND METHODS: We studied a retrospective cohort study of 586 patients treated between the years 2000 and 2017 receiving radical prostatectomy with or without postoperative RT, external-beam RT (EBRT) with androgen deprivation therapy (ADT), or EBRT plus brachytherapy (Brachy) boost + ADT. Patient-reported QOL for urinary, bowel, sexual, and overall physical and mental functioning was assessed using the American Urological Association symptom scale, the Sexual Health Inventory in Men, the Rectal-Function Assessment Scale, the Expanded Prostate Cancer Index Composite, and the Veterans RAND 12-Item Health Survey. RESULTS: Median follow-up for survival was 5 years. No significant differences between the treatments were observed for overall survival or metastasis-free survival at the P < .05 threshold. The propensity-adjusted 5-year metastasis-free survival estimates for EBRT + ADT, EBRT + Brachy + ADT, and surgery were 74.6%, 94.8%, and 83.1%, respectively. The EBRT + Brachy + ADT and surgery cohorts had significantly worse mean American Urological Association symptom scores at 6 months than the EBRT + ADT cohort, which resolved by 1 year. Surgical patients had better rectal function scores than EBRT + ADT patients at years 1 to 3, but similar function thereafter. Adjuvant or salvage RT resulted in significant declines in various Expanded Prostate Cancer Index Composite urinary, sexual, and bowel domains, and Veterans RAND 12-Item Health Survey physical but not mental domains. CONCLUSION: Men with very and/or high-risk localized prostate cancer are likely to require multimodal therapy. The overall differences in survival and long-term QOL are similar for men choosing surgical versus RT pathways.",Clin Genitourin Cancer,2020,18,274-283.e5,10.1016/j.clgc.2019.11.023,https://www.ncbi.nlm.nih.gov/pubmed/32335059,,positive,1,
32664981,Stereotactic body radiotherapy for localized prostate cancer - 5-year efficacy results.,Vuolukka K,"BACKGROUND: The use of stereotactic body radiotherapy (SBRT) as the primary treatment modality in clinically localized prostate cancer (PCa) is emerging. The aim of the study was to analyze the long-term results of PCa patients treated with SBRT. METHODS: This non-selected, real-life patient cohort included 213 patients with localized PCa treated with a robotic SBRT device during 2012-2015. RESULTS: The median follow-up was 64 months (range, 10-85 months), and all risk-groups were represented as 47 (22.1%), 56 (26.3%) and 110 (51.6%) patients were classified into D'Amico risk stratification of low, intermediate and high-risk groups, respectively. Androgen deprivation therapy (ADT) was administered to 64.3% of the patients. At cut-off, the biochemical relapse-free survival (bRFS) was 100, 87.5 and 80.0% for patients at low, intermediate and high-risk (p = 0.004), and 92.5, 84.2 and 66.7% for patients with Gleason score ≤ 6, 7 and ≥ 8, respectively (p = 0.001). The actuarial 5-year overall survival (OS) rates were 97.9, 96.4 and 88.6% in the low, intermediate and high-risk groups, respectively, and at the cut-off, the disease-specific survival (DSS) rate of the whole cohort was high (99.1%), as only two high-risk patients died due to PCa. CONCLUSION: Our present results of SBRT delivered with CyberKnife produced excellent long-term bRFS, OS and DSS outcomes among patients with localized PCa. We conclude that SBRT provides an efficient and convenient treatment option for patients with localized PCa, irrespective of the risk-group.",Radiat Oncol,2020,15,173,10.1186/s13014-020-01608-1,https://www.ncbi.nlm.nih.gov/pubmed/32664981,,positive,1,
16314345,Phase II feasibility study of high-dose radiotherapy for prostate cancer using proton boost therapy: first clinical trial of proton beam therapy for prostate cancer in Japan,Nihei K,"OBJECTIVE: To assess the feasibility of high-dose radiotherapy for prostate cancer using proton boost therapy following photon radiotherapy. METHODS: The primary endpoint was acute grade 3 or greater genitourinary (GU) and gastrointestinal (GI) toxicities. The study included patients with clinical stage T1-3N0M0 prostate cancer. Radiotherapy consisted of 50 Gy/25 fx photon irradiation to the prostate and the bilateral seminal vesicles followed by proton boost of 26 Gy(E)/13 fx to the prostate alone. Hormonal therapy was allowed before and during the radiation therapy. RESULTS: Between January 2001 and January 2003, 30 patients were enrolled in this study. Acute grade 1/2 GU and GI toxicities were observed in 20/4 and 17/0 patients, respectively. With the median follow-up period of 30 months (range 20-45), late grade 1/2 GU and GI toxicities occurred in 2/3 and 8/3 patients, respectively. No grade 3 or greater acute or late toxicities were observed. All patients were alive, but six patients relapsed biochemically after 7-24 months. CONCLUSIONS: Proton boost therapy following photon radiotherapy for prostate cancer is feasible. To evaluate the efficacy and safety of proton beam therapy, a multi-institutional phase II trial is in progress in Japan.",Jpn J Clin Oncol,2005,35,745-52,doi: 10.1093/jjco/hyi193. Epub 2005 Nov 28,https://www.ncbi.nlm.nih.gov/pubmed/16314345,,negative,0,2005.0
21070079,Stereotactic body radiotherapy as boost for organ-confined prostate cancer,Katz AJ,"Stereotactic body radiotherapy (SBRT) boost following external beam radiation therapy (EBRT) for advanced localized prostate cancer may reduce toxicity while escalating the dose. We present preliminary biochemical control and urinary, rectal and sexual toxicities for 73 patients treated with SBRT as a boost to EBRT. Forty-one intermediate- and 32 high-risk localized prostate cancer patients received 45 Gy EBRT with SBRT boost. Twenty-eight patients (38.3%) received a total SBRT boost dose of 18 Gy (3 fractions of 6 Gy), 28 patients (38.3%) received 19.5 Gy (3 fractions of 6.5 Gy), and 17 patients (23.2%) received 21 Gy (3 fractions of 7 Gy). Toxicity was assessed using the Radiation Therapy Oncology Group urinary and rectal toxicity scale. Biochemical failure was assessed using the Phoenix definition. The median follow-up was 33 months (range, 22 - 43 months). Less than 7% Grade II and no higher grade acute toxicities occurred. To date, one Grade III and no Grade IV late toxicities occurred. For the 97% of patients with 24 months minimum follow-up, 71.8% achieved a PSA nadir threshold of 0.5 ng/mL. Three intermediate-risk and seven high-risk biochemical failures occurred; one high-risk patient died of his cancer. Three-year actuarial biochemical control rates were 89.5% and 77.7% for intermediate- and high-risk patients, respectively. SBRT boost for prostate cancer treatment is safe and feasible with minimal acute toxicity. At 33 months late toxicity and biochemical control are promising. Long-term durability of these findings remains to be established.",Technol Cancer Res Treat,2010,9,575-82,doi: 10.1177/153303461000900605,https://www.ncbi.nlm.nih.gov/pubmed/21070079,,negative,0,2010.0
19922544,Salvage high-intensity focused ultrasound for biopsy-confirmed local recurrence of prostate cancer after radical prostatectomy,Murota-Kawano A,"OBJECTIVE: To present experience in high-intensity focused ultrasound (HIFU) used as a salvage therapy for biopsy-confirmed local recurrence at the vesico-urethral anastomosis after radical prostatectomy (RP). PATIENTS AND METHODS: From July 2006, four patients diagnosed with prostate cancer recurrence after RP were treated with HIFU, with or without salvage radiotherapy, using the Sonablate 500 (Focus Surgery, IN, USA). Biochemical failure was defined as in increase in prostate-specific antigen (PSA) level of >0.2 ng/mL. No patients received any adjuvant therapy after HIFU therapy before reporting failure. RESULTS: The mean age and initial PSA level before RP was 74 years and 10.0 ng/mL, respectively. After RP, one patient was stage T2aN0M0, two were stage T3N0M0 and the last had an unknown pathological stage. Three patients received external beam radiotherapy as salvage therapy after RP. The mean PSA level before HIFU, tumour volume at the vesico-urethral lesion and operative duration were 4.3 ng/mL, 4.6 mL and 27 min, respectively. Adenocarcinomas were confirmed by biopsy of the tumour at the vesico-urethral anastomotic lesion before HIFU. At 24 months of follow-up, patients 2 and 4 were classified a biochemically disease-free. Biopsies at the anastomotic site after HIFU in three patients showed no malignancy, with fibrosis. There were no complications. CONCLUSION: Salvage HIFU for patients with recurrence after RP is feasible, even though they received salvage radiotherapy before HIFU. More patients and a longer follow-up are needed to evaluate the safety and oncological adequacy of this new approach.",BJU Int,2010,105,1642-5,doi: 10.1111/j.1464-410X.2009.08990.x. Epub 2009 Nov 17,https://www.ncbi.nlm.nih.gov/pubmed/19922544,,negative,0,2010.0
26774347,Survival Outcomes in Men Undergoing Radical Prostatectomy After Primary Radiation Treatment for Adenocarcinoma of the Prostate,Pokala N,"PURPOSE: Salvage radical prostatectomy (SRP) is a treatment modality for patients with radio-recurrent prostate cancer but is currently underutilized. We analyzed the survival outcomes in patients receiving SRP for radio-recurrent prostate cancer. The secondary outcome was effect of lymph node dissection on survival following SRP. MATERIALS AND METHODS: The Surveillance, Epidemiology, and End Results (SEER) 18 registry was used to identify patients that underwent radical prostatectomy between 1988 and 2010. Search identified 2628 patients with prostate cancer that underwent surgery after radiation. Following exclusion, 364 patients remained. Endpoints included overall survival (OS) and cancer-specific survival (CSS). Effect of pelvic lymph node dissection (PLND) status and number of nodes retrieved were also studied. Kaplan-Meier analysis, log-rank tests, and Cox-proportional hazard models were used, and P < .05 was considered to be significant. RESULTS: OS was 77.5% at 10 years and 37.3% at 20 years; CSS was 88.6% at 10 years and 72.7% at 20 years. The hazard of mortality was higher in men who did not undergo PLND with a hazard ratio of 1.4 for OS (P = .2) and 2.7 for CSS (P = .01). No significant increase in OS or CC was seen with increasing number of lymph nodes retrieved. Some limitations are inherent to the SEER database and include the lack of hormone manipulation status and PSA data. CONCLUSIONS: Excellent long-term survival can be achieved with SRP. PLND improves CSS but increasing nodal yield does not significantly improve survival. Small sample sizes limit the overall power of this study.",Clin Genitourin Cancer,2016,14,218-25,doi: 10.1016/j.clgc.2015.12.010. Epub 2015 Dec 17,https://www.ncbi.nlm.nih.gov/pubmed/26774347,,negative,0,2015.0
23769266,Treatment outcomes and morbidity following definitive brachytherapy with or without external beam radiation for the treatment of localized prostate cancer: 20-year experience at Mount Sinai Medical Center.,Marshall RA,"OBJECTIVES: To present our treatment algorithm and 20-year experience in treating prostate cancer with brachytherapy since 1990, with focus on cancer-control outcomes and treatment-related morbidity. METHODS AND MATERIALS: We selected patients treated for localized prostate cancer with brachytherapy, combination therapy with external beam radiotherapy, and adjuvant androgen deprivation therapy as prescribed by our Mount Sinai risk stratification and treatment algorithm. Outcomes were analyzed with respect to biochemical failure, distant metastases, prostate cancer-specific survival, and overall survival. Morbidity was assessed with respect to urinary, sexual, and rectal outcomes. RESULTS: In total, 2,495 patients met inclusion criteria. The 12-year actuarial freedom from biochemical failure was 83% (low risk: 90%, intermediate risk: 84%, and high risk: 64%); freedom from distant metastasis was 95%; prostate cancer-specific survival was 95%; and overall survival was 70%. On multivariate analysis, significant associations were found between cancer control and risk group, total biologically effective dose, and androgen deprivation therapy. With regard to morbidity, potency was preserved in 61%, and urinary symptoms improved in 35%. The 12-year actuarial freedom from urinary retention events was 90% and from severe rectal bleed was 93%. CONCLUSIONS: Brachytherapy, as administered via the Mount Sinai algorithm, remains an efficacious and benign treatment option for patients with localized prostate cancer of all risk groups.",Urol Oncol,2014,32,38.e1-7,10.1016/j.urolonc.2013.03.004,https://www.ncbi.nlm.nih.gov/pubmed/23769266,LOW RISK,positive,1,
31437121,Focal Therapy for Localized Prostate Cancer with Either High Intensity Focused Ultrasound or Cryoablation: A Single Institution Experience,Tourinho-Barbosa RR,"PURPOSE: We report oncologic outcomes in patients treated with focal therapy for prostate cancer. MATERIALS AND METHODS: We retrospectively analyzed a single institution cohort of men with localized prostate cancer who received focal therapy using high intensity focused ultrasound or cryotherapy from 2009 to 2018. Focal therapy was offered for low or intermediate risk disease (prostate specific antigen less than 20 ng/ml, Gleason score 7 or less and clinical stage T2b or less). Patients with previous prostate cancer treatment or less than 6 months of followup were excluded from study. Failure was defined as local or systemic salvage treatment, a positive biopsy Gleason score of 7 or greater in-field or out-of-field in nontreated patients, prostate cancer metastasis or prostate cancer specific death. Cox regression analysis was done to identify independent predictors of failure after focal therapy. RESULTS: Of the 309 patients included in study 190 and 119 were treated with high intensity focused ultrasound and cryotherapy, respectively. Median followup was 45 months. At 1, 3 and 5 years the failure-free survival rate was 95%, 67% and 54%, and the radical treatment-free survival rate was 99%, 79% and 67%, respectively. The 5-year metastasis-free survival rate was 98% and no prostate cancer specific death was registered in this cohort. Before focal therapy a biopsy Gleason score of 7 (3 + 4) or greater (HR 2.4, p <0.001) and nadir prostate specific antigen (HR 2.2, p <0.001) were independently associated with failed focal therapy. In the salvage focal therapy setting in-field recurrence after primary focal therapy was associated with poorer failure-free survival (p=0.02). CONCLUSIONS: Almost half of the men were free of focal therapy failure 5 years after treatment. Still, a significant proportion experienced recurrence at the midterm followup. The preoperative biopsy Gleason score and nadir prostate specific antigen were significantly associated with treatment failure.",J Urol,2020,203,320-330,doi: 10.1097/JU.0000000000000506. Epub 2019 Aug 22,https://www.ncbi.nlm.nih.gov/pubmed/31437121,,negative,0,2020.0
15389809,Combined external beam radiotherapy and Pd-103 brachytherapy boost improves biochemical failure free survival in patients with clinically localized prostate cancer: results of a matched pair analysis,Singh AM,"BACKGROUND: Dose escalation has resulted in improved biochemical control in patients with clinically localized prostate cancer treated with conformal external beam radiation (EBRT). Conformal dose distributions may also be achieved with brachytherapy. Therefore, biochemical control was evaluated for patients treated with combined external radiation therapy and low dose rate brachytherapy (EBRT + LDR). METHODS: A matched pair analysis was performed to compare biochemical control of patients treated with EBRT + LDR to patients treated with EBRT alone. The study endpoints were biochemical control and late toxicities. RESULTS: The 5-year biochemical failure free survival (BFFS) was 86% for patients treated with EBRT + LDR and 72% for patients treated with EBRT (P = 0.03). Both treatments were associated with comparable incidences of late genitourinary (GU) side effects (18-19%). Late rectal toxicity was decreased by 15% in patients treated with EBRT + LDR (P = 0.0003). CONCLUSIONS: These results support EBRT followed by brachytherapy boost as a safe and effective method for dose escalation in the treatment of prostate cancer.",Prostate,2005,1,,doi: 10.1002/pros.20118,https://www.ncbi.nlm.nih.gov/pubmed/15389809,,negative,0,2005.0
16278473,Role of salvage radical prostatectomy for recurrent prostate cancer after radiation therapy,Stephenson AJ,"Patients with isolated local recurrence of prostate cancer after radiation therapy may potentially be cured of their disease by salvage radical prostatectomy (RP). The stage-specific 5-year cancer-control rates of salvage RP resemble those of standard RP. However, the ability to effectively administer salvage treatment to patients with radiorecurrent disease is compromised by the lack of diagnostic tests with sufficient sensitivity and specificity to detect local recurrence at an early stage while it is amenable to local salvage therapy. By the time biochemical recurrence is declared using the current American Society for Therapeutic Radiology and Oncology definition, the majority of patients have advanced local disease, precluding successful local salvage therapy. When salvage RP is performed at prostate-specific antigen levels of 10 ng/mL or less, an estimated 70% of patients are free of disease at 5 years. With better patient selection and technical modifications, the morbidity associated with salvage RP has improved substantially. Rates of urinary incontinence and anastomotic stricture are acceptable, although one third of patients will experience these complications. Salvage cryotherapy is a minimally invasive alternative to salvage RP, but cancer-control rates appear to be inferior and it does not provide a clear advantage over salvage RP in terms of reduced morbidity. Patients with local recurrence after radiation therapy are at increased risk of metastatic progression and cancer-specific mortality. Currently, salvage RP represents the only curative treatment option for these patients. Salvage RP may favorably alter the natural history of biochemical recurrence after radiation therapy, but it must be instituted early in the course of recurrent disease to be effective.",J Clin Oncol,2005,10,,doi: 10.1200/JCO.2005.03.1468,https://www.ncbi.nlm.nih.gov/pubmed/16278473,,negative,0,2005.0
24351458,"Analysis of prognostic factors in localized high-risk prostate cancer patients treated with HDR brachytherapy, hypofractionated 3D-CRT and neoadjuvant/adjuvant androgen deprivation therapy (trimodality therapy).",Aoki M,"Trimodality therapy consisting of high dose rate (HDR) brachytherapy combined with external beam radiation therapy (EBRT), neoadjuvant hormonal therapy (NHT) and adjuvant hormonal therapy (AHT) has been used to treat localized high-risk prostate cancer. In this study, an analysis of patients receiving the trimodality therapy was performed to identify prognostic factors of biochemical relapse-free survival (bRFS). Between May 2005 and November 2008, 123 high-risk prostate cancer patients (D'Amico classification) were treated with NHT prior to HDR brachytherapy combined with hypofractionated EBRT. Among these patients, 121 had completed AHT. The patients were assigned by time to be treated with a low-dose or high-dose arm of HDR brachytherapy with subsequent hypofractionated 3D conformal radiation therapy (3D-CRT). Multivariate analysis was used to determine prognostic factors for bRFS. With a median follow-up of 60 months, the 5-year bRFS for all patients was 84.3% (high-dose arm, 92.9%; low-dose arm, 72.4%, P = 0.047). bRFS in the pre-HDR PSA ≤ 0.1 ng/ml subgroup was significantly improved compared with that in the pre-HDR PSA > 0.1 ng/ml subgroup (88.3% vs 68.2%, P = 0.034). On multivariate analysis, dose of HDR (P = 0.045, HR = 0.25, 95% CI = 0.038-0.97) and pre-HDR PSA level (P = 0.02 HR = 3.2, 95% CI = 1.18-10.16) were significant prognostic factors predicting bRFS. In high-risk prostate cancer patients treated with the trimodality therapy, the dose of HDR and pre-HDR PSA were significant prognostic factors. The pre-HDR PSA ≤ 0.1 subgroup had significantly improved bRFS. Further studies are needed to confirm the relevance of pre-HDR PSA in trimodality therapy.",J Radiat Res,2014,55,527-32,10.1093/jrr/rrt134,https://www.ncbi.nlm.nih.gov/pubmed/24351458,,positive,1,
19875340,Factors impacting all-cause mortality in prostate cancer brachytherapy patients with or without androgen deprivation therapy.,Taira AV,"PURPOSE: Certain subsets of patients have an increased risk of all-cause mortality when androgen deprivation therapy (ADT) is used with definitive radiotherapy. We evaluated the relationship between pretreatment serum testosterone, age, and comorbidities on survival after prostate brachytherapy in men treated with and without ADT. METHODS AND MATERIALS: From October 2001 to September 2005, 803 patients underwent brachytherapy and 720 had a pretreatment serum testosterone. Comorbidities were prospectively recorded for each patient (body mass index>30, hypertension, diabetes, current smoker). Median followup was 5.0 years. 34.2% of the patients received ADT. Focus was on subset of men who might be expected to have more significant side effects associated with ADT. RESULTS: ADT did not significantly impact overall survival (OS) in men <65 years, >65 years, with one or no comorbidities, with more than one comorbidity, or with normal/high testosterone level. ADT use in men with low testosterone level was associated with decreased OS (83.6% vs. 93.1%, p=0.01). The adverse impact of ADT in men with low testosterone level was restricted to men with low testosterone level and more than one comorbidity (OS of 71.3% vs. 92.8%, p<0.01), with death from cardiovascular diseases accounting for almost all of the excess mortality. The subset of men with multiple comorbidities and normal/high testosterone level did not experience adverse OS with ADT. CONCLUSIONS: Low pretreatment testosterone level may be a marker for men at increased risk of premature death with ADT. The combination of low pretreatment serum testosterone level and multiple preexisting comorbidities is associated with decreased OS when ADT is incorporated into treatment.",Brachytherapy,2010,9,42-9,10.1016/j.brachy.2009.06.008,https://www.ncbi.nlm.nih.gov/pubmed/19875340,,positive,1,
24841351,A competing risk analysis of cancer-specific mortality of initial treatment with radical prostatectomy versus radiation therapy in clinically localized high-risk prostate cancer.,Lee JY,"BACKGROUND: There is no consensus on the optimal treatment for localized high-risk prostate cancer (PC), and much debate exists regarding the ideal treatment approach. For these reasons, we evaluated the competing risks of PC-specific mortality after initial therapy with radical prostatectomy (RP) versus radiotherapy (RT) in men with clinically localized high-risk PC. METHODS: We reviewed patients treated with RP and RT combined with androgen-deprivation therapy between 1990 and 2009. High-risk PC is defined as clinical stage ≥T3a, serum prostate-specific antigen (PSA) >20 ng/mL, or a biopsy Gleason sum of 8-10 according to National Comprehensive Cancer Network guidelines. Competing risk analysis was conducted to assess the association of RP (n = 251) or RT (n = 125) with cancer-specific mortality (CSM). Thereafter, secondary analysis with propensity score matching was conducted to further elucidate patient characteristics, with optimal matching of 0.25 times the standard deviation of propensity scores. RESULTS: With an overall median follow-up of 76 months, 35 (9.3 %) men with high-risk PC died due to PC (23 in the RT group and 12 in the RP group). The 5-year estimates of cancer-specific survival rate for men treated with RP and RT were 96.5 % (95 % confidence interval [CI] 94.2-98.9) and 88.3 % (95 % CI 82.8-94.3), respectively. Cumulative incidence estimates for CSM were statistically increased amongst men treated with RT (p = 0.002). Propensity score matching extracted 168 men with high-risk PC from the total patient cohort. Cumulative incidence estimates for CSM were statistically different amongst men treated with RT (p < 0.001). CONCLUSIONS: Initial treatment with RP versus RT was associated with a decreased risk of CSM in men with clinically localized high-risk PC.",Ann Surg Oncol,2014,21,4026-33,10.1245/s10434-014-3780-9,https://www.ncbi.nlm.nih.gov/pubmed/24841351,,positive,1,
23280183,Population-based 10-year oncologic outcomes after low-dose-rate brachytherapy for low-risk and intermediate-risk prostate cancer.,Morris WJ,"BACKGROUND: The objective of this study was to report the rates of disease-free survival (DFS), cause-specific survival (CSS), and overall survival after low-dose-rate (LDR) prostate brachytherapy (PB). METHODS: Data from 1006 consecutive patients with prostate cancer who received LDR-PB and underwent implantation on or before October 23, 2003 were extracted from a prospective database on November 11, 2011. The selected patients had low-risk (58%) or intermediate-risk (42%) disease according to National Comprehensive Cancer Network criteria. The Phoenix threshold was used to define biochemical relapse. Sixty-five percent of patients received 3 months of neoadjuvant androgen-deprivation therapy (ADT) and 3 months of concomitant ADT. Univariate and multivariate analyses are reported in relation to patient, tumor, and treatment variables. RESULTS: The median follow-up was 7.5 years. By using Fine and Gray competing risks analysis, the 5-year and 10-year actuarial DFS rates were 96.7% (95% confidence interval, 95.2%-97.7%) and 94.1% (95% confidence interval, 92%-95.6%), respectively. When applied to the whole cohort, none of the usual prognostic variables, including dose metrics, were correlated with DFS. However, in both univariate and multivariate models, increasing dose was the only covariate that correlated with improved DFS for the subset of men (N = 348) who did not receive ADT (P = .043). The actuarial 10-year CSS rate was 99.1% (95% confidence interval, 97.3%-99.7%). The overall survival rate was 93.8% at 5 years (95% confidence interval, 92%-95.1%) and 83.5% at 10 years (95% confidence interval, 79.8%-86.6%). Only age at implantation (P = .0001) was correlated with overall survival in multivariate analysis. CONCLUSIONS: In a consecutive cohort of 1006 men with National Comprehensive Cancer Network low-risk and intermediate-risk prostate cancer, the actuarial rate of recurrent disease after LDR-PB was approximately 3% at 5 years and 6% at 10 years.",Cancer,2013,119,1537-46,10.1002/cncr.27911,https://www.ncbi.nlm.nih.gov/pubmed/23280183,INTERMEDIATE RISK,positive,1,
23552872,Radical radiotherapy in high-risk prostate cancer patients with high or ultra-high initial PSA levels: a single institution analysis.,Guarneri A,"PURPOSE: Purpose of this study is to analyze outcomes and pre-treatment prognostic factors in high-risk prostate cancer patients with initial PSA ≥ 20 ng/mL, treated with high-dose external beam radiotherapy (EBRT) and androgen deprivation therapy (ADT) in a single institution. METHODS: Between March 2003 and December 2011, 155 consecutive high-risk prostate cancer patients (a) presenting with pre-treatment PSA level ≥ 20 ng/mL, (b) treated with definitive EBRT, and (c) with a minimum follow-up of 24 months were included in this retrospective analysis. Phoenix definition was used to define biochemical control. Primary endpoints were as follows: biochemical disease-free survival (bDFS), distant metastasis-free survival (DMFS), cancer-specific survival (CSS) and overall survival (OS). Multivariate analysis was performed to determine the independent prognostic impact of pre-treatment clinical factors [T stage, PSA, and Gleason score (GS)]. RESULTS: At a median follow-up time of 62 months, actuarial bDFS, DMFS, CSS, and OS at 5 years were 64.8, 85.2, 95.8, and 94.4 %, respectively. On multivariate analysis, only GS was significantly associated with three clinical endpoints (bDFS: HR 1.6; p = 0.022, CSS: HR 4.27, p = 0.044, OS: HR 2.6; p = 0.038). Pre-treatment zenith PSA was associated only with bDFS (HR 1.87; p = 0.027). CONCLUSIONS: Patients with ""high"" PSA levels (≥ 20 ng/mL) showed favorable clinical outcomes, supporting the role of local radiotherapy as primary therapy in combination with long-term ADT in patients with high PSA levels at diagnosis. A GS of 8-10 is the strongest predictor of outcome.",J Cancer Res Clin Oncol,2013,139,1141-7,10.1007/s00432-013-1426-0,https://www.ncbi.nlm.nih.gov/pubmed/23552872,HIGH RISK,positive,1,
21665379,Redefining high-risk prostate cancer based on distant metastases and mortality after high-dose radiotherapy with androgen deprivation therapy.,Tendulkar RD,"PURPOSE: Modern outcomes of high-dose external beam radiotherapy (EBRT) with androgen deprivation therapy (ADT) for high-risk (HR) prostate cancer are not well described. METHODS AND MATERIALS: We identified 585 patients who met HR criteria by 2010 National Comprehensive Cancer Network guidelines, who were treated with EBRT consisting of ≥74 Gy from 1996 to 2008 at Cleveland Clinic, of whom 95% received ADT. We analyzed biochemical relapse-free survival (bRFS), distant metastases-free survival (DMFS), and prostate cancer-specific mortality (PCSM). RESULTS: The median EBRT dose was 78 Gy, and median ADT duration was 6 months. At 10 years, the bRFS was 50.2%, the DMFS was 71.6%, and the PCSM was 14.4%. On multivariate analysis, significant predictors of bRFS were biopsy Gleason score (bGS) of 8 to 10, stage T3, and prostate-specific antigen (PSA) concentration; predictors of DMFS were bGS of 8 to 10 and stage T3; the only predictor of PCSM was bGS of 8 to 10. The duration of ADT was not predictive of any endpoint. We identified an unfavorable high-risk (UHR) group of stage T1-T2 tumors consisting of bGS of 8 with PSA of >10 ng/ml or bGS of 9 to 10 with any PSA level; the remaining clinically localized cancers comprised the favorable high-risk (FHR) group. Comparing FHR, UHR, and stage T3 groups, the DMFS rates were 81.4%, 57.8%, and 59.1% (p < 0.0001), and the PCSM rates were 7.5%, 28.4%, and 20.6% at 10 years, respectively (p = 0.006). CONCLUSION: A bGS of 8 to 10 is the strongest predictor of bRFS, DMFS, and PCSM after high-dose EBRT with ADT. The duration of ADT did not correlate with outcome. Future studies should account for the heterogeneity in HR prostate cancer.",Int J Radiat Oncol Biol Phys,2012,82,1397-404,10.1016/j.ijrobp.2011.04.042,https://www.ncbi.nlm.nih.gov/pubmed/21665379,HIGH RISK,positive,1,
22494584,Twelve-month prostate-specific antigen values and perineural invasion as strong independent prognostic variables of long-term biochemical outcome after prostate seed brachytherapy.,Ding W,"PURPOSE: To determine whether post-treatment prostate-specific antigen (ptPSA) values at 12 months and other clinical parameters predict long-term PSA relapse-free survival (PRFS) following prostate seed brachytherapy. METHODS AND MATERIALS: Records of 204 hormone-naïve patients with localized adenocarcinoma of the prostate treated at St. Mary's Regional Medical Center in Reno, NV, and at Carson Tahoe Regional Medical Center in Carson City, NV, between 1998 and 2003, using I-125 or Pd-103 seed brachytherapy, were retrospectively analyzed. Treatment planning was done using a preplanned, modified peripheral loading technique. A total of 185 of 204 patients had PSA records at 12 months after implant. Variables included were age, initial pretreatment PSA, Gleason score, T stage, National Comprehensive Cancer Network (NCCN) risk group (RG), perineural invasion (PNI), external beam boost, dose, and ptPSA levels at 12 months with cutpoints at ≤1, 1.01 to 2.00, 2.01 to 3.00, and >3.00 ng/ml. RESULTS: Median follow-up was 80 months, and median age was 69 years. The numbers of patients stratified by NCCN low, intermediate, and high RG were 110:65:10, respectively. Monotherapy and boost prescription doses were 145 Gy and 110 Gy for I-125, and 125 Gy and 100 Gy for Pd-103 seeds, respectively. The median dose (D90) was 95.4% of the prescribed dose. The 5-year PRFS at the 12-months ptPSA levels of ≤1, 1.01 to 2.00, 2.01 to 3.00, and >3.00 ng/ml were 98.5%, 85.7%, 61.5%, and 22.2%, respectively. The 10-year PRFS at the 12-months ptPSA levels of ≤1 and 1.01 to 2.00 ng/ml were 90.5% and 85.7%, respectively. In multivariate analysis, both ptPSA and PNI were significant independent predictors of PRFS. Hazard ratios (HR) for ptPSA levels at ≤1, 1.01 to 2.00, 2.01 to 3.00, and >3.00 ng/ml at 12 months were 1, 4.96, 27.57, and 65.10, respectively. PNI had an HR of 6.1 (p=0.009). CONCLUSIONS: Presence of PNI and ptPSA values at 12 months are strong prognostic variables for long-term PRFS after definitive prostate brachytherapy seed implantation.",Int J Radiat Oncol Biol Phys,2012,84,962-7,10.1016/j.ijrobp.2012.01.043,https://www.ncbi.nlm.nih.gov/pubmed/22494584,LOW RISK,positive,1,
17698095,Importance of tumor location in patients with high preoperative prostate specific antigen levels (greater than 20 ng/ml) treated with radical prostatectomy.,Magheli A,"PURPOSE: We investigated the effect of tumor location (anterior vs posterior) on pathological characteristics and biochemical-free survival in patients with a preoperative prostate specific antigen level of greater than 20 ng/ml undergoing radical prostatectomy since transition zone tumors are known to present with higher prostate specific antigen levels. MATERIALS AND METHODS: We retrospectively studied the records of 265 patients treated with radical prostatectomy between 1984 and 2005 who had preoperative prostate specific antigen levels greater than 20 ng/ml. Review of pathology reports was performed and tumor location (anterior vs posterior) was defined. Differences in clinicopathological characteristics and prostate specific antigen recurrence rates were examined. RESULTS: Of 265 patients with a preoperative prostate specific antigen level of greater than 20 ng/ml who underwent radical prostatectomy 50 (19%) had anterior tumors and 215 (81%) had posterior tumors. Patients with anterior tumors had lower clinical stage and less seminal vesicle involvement than patients with posterior tumors (p = 0.006 and <0.001, respectively). Although Kaplan-Meier analysis demonstrated significantly higher rates of 5-year biochemical recurrence-free survival for patients with anterior vs posterior tumors (63% vs 40%, p = 0.020), anterior tumor location was not an independent predictor of biochemical recurrence. CONCLUSIONS: Radical prostatectomy is a feasible treatment option in patients with a preoperative prostate specific antigen level of greater than 20 ng/ml. The 5-year biochemical-free survival rate was 47%. Although anterior tumor location was associated with favorable pathological features and improved biochemical-free survival, it was not an independent predictor of biochemical recurrence. Further studies are warranted to identify patients with high preoperative prostate specific antigen levels most likely to have recurrence.",J Urol,2007,178,1311-5,10.1016/j.juro.2007.05.143,https://www.ncbi.nlm.nih.gov/pubmed/17698095,HIGH RISK,positive,1,
15538238,10-year disease-free survival rates after simultaneous irradiation for prostate cancer with a focus on calculation methodology.,Critz FA,"PURPOSE: We documented the 10-year disease-free survival rate after simultaneous irradiation for prostate cancer and suggested standards for outcome calculation methodology. MATERIALS AND METHODS: From 1992 to 1998, 1,469 consecutive men with clinical stage T1T2NxM0 prostate cancer who did not receive neoadjuvant hormones were treated with simultaneous irradiation, an ultrasound guided transperineal prostate I seed implant followed by external irradiation. Median pretreatment prostate specific antigen (PSA) was 7.1 ng/ml (range 0.3 to 88). All men were treated 5 or more years ago. Median followup was 6 years (range 3 months to 11 years). Disease freedom was defined as the achievement and maintenance of PSA 0.2 ng/ml or less, and treatment failure was defined as a PSA nadir greater than 0.2 ng/ml or a subsequent PSA increase above this level. RESULTS: The overall 10-year disease-free survival rate was 83%. Median time to recurrence was 30 months (range 3 months to 8 years) and 24% of recurrences were after 5-year followup. The 10-year outcome according to low, intermediate and high risk group was 93%, 80% and 61%, respectively (p <0.0001). Multivariate analysis of factors related to disease freedom documents that pretreatment PSA, Gleason score and percent positive biopsies were significant but stage and age were not. CONCLUSIONS: By calculating outcome with PSA cut point 0.2 ng/ml and evaluation only of men treated 5 or more years ago, the 10-year disease-free survival rates from this study can be reasonably compared with the outcome of radical prostatectomy performed in the PSA era.",J Urol,2004,172,2232-8,10.1097/01.ju.0000144033.61661.31,https://www.ncbi.nlm.nih.gov/pubmed/15538238,LOW RISK,positive,1,
30992160,Prostate-only Versus Whole-pelvis Radiation with or Without a Brachytherapy Boost for Gleason Grade Group 5 Prostate Cancer: A Retrospective Analysis.,Sandler KA,"BACKGROUND: The role of elective whole-pelvis radiotherapy (WPRT) remains controversial. Few studies have investigated it in Gleason grade group (GG) 5 prostate cancer (PCa), known to have a high risk of nodal metastases. OBJECTIVE: To assess the impact of WPRT on patients with GG 5 PCa treated with external-beam radiotherapy (EBRT) or EBRT with a brachytherapy boost (EBRT+BT). DESIGN, SETTING, AND PARTICIPANTS: We identified 1170 patients with biopsy-proven GG 5 PCa from 11 centers in the United States and one in Norway treated between 2000 and 2013 (734 with EBRT and 436 with EBRT+BT). OUTCOME MEASUREMENTS AND STATISTICAL ANALYSIS: Biochemical recurrence-free survival (bRFS), distant metastasis-free survival (DMFS), and prostate cancer-specific survival (PCSS) were compared using Cox proportional hazards models with propensity score adjustment. RESULTS AND LIMITATIONS: A total of 299 EBRT patients (41%) and 320 EBRT+BT patients (73%) received WPRT. The adjusted 5-yr bRFS rates with WPRT in the EBRT and EBRT+BT groups were 66% and 88%, respectively. Without WPRT, these rates for the EBRT and EBRT+BT groups were 58% and 78%, respectively. The median follow-up was 5.6yr. WPRT was associated with improved bRFS among patients treated with EBRT+BT (hazard ratio [HR] 0.5, 95% confidence interval [CI] 0.2-0.9, p=0.02), but no evidence for improvement was found in those treated with EBRT (HR 0.8, 95% CI 0.6-1.2, p=0.4). WPRT was not significantly associated with improved DMFS or PCSS in the EBRT group (HR 1.1, 95% CI 0.7-1.7, p=0.8 for DMFS and HR 0.7, 95% CI 0.4-1.1, p=0.1 for PCSS), or in the EBRT+BT group (HR 0.6, 95% CI 0.3-1.4, p=0.2 for DMFS and HR 0.5 95% CI 0.2-1.2, p=0.1 for PCSS). CONCLUSIONS: WPRT was not associated with improved PCSS or DMFS in patients with GG 5 PCa who received either EBRT or EBRT+BT. However, WPRT was associated with a significant improvement in bRFS among patients receiving EBRT+BT. Strategies to optimize WPRT, potentially with the use of advanced imaging techniques to identify occult nodal disease, are warranted. PATIENT SUMMARY: When men with a high Gleason grade prostate cancer receive radiation with external radiation and brachytherapy, the addition of radiation to the pelvis results in a longer duration of prostate-specific antigen control. However, we did not find a difference in their survival from prostate cancer or in their survival without metastatic disease. We also did not find a benefit for radiation to the pelvis in men who received radiation without brachytherapy.",Eur Urol,2020,77,3-10,10.1016/j.eururo.2019.03.022,https://www.ncbi.nlm.nih.gov/pubmed/30992160,,positive,1,
19952715,High-dose-rate prostate brachytherapy: an excellent accelerated-hypofractionated treatment for favorable prostate cancer,Martinez AA,"PURPOSE: The radiobiology of prostate cancer appears to favor large fractions. Accelerated hypofractionation treatments may therefore be used to improve the therapeutic ratio, particularly when the doses to rectum and bladder are kept below the prostate dose. The 5-year experience at William Beaumont Hospital (WBH) and the California Endocurietherapy Center (CET) with accelerated-hypofractionated high-dose-rate (HDR) monotherapy in favorable prostate cancer is presented. MATERIALS AND METHODS: Between 1993 and 2004, 454 patients were treated with brachytherapy of which 248 treated with HDR and 206 patients treated with low-dose-rate Palladium (LDR-Pd¹⁰³). The WBH-HDR dose was 38 Gy, in 4 fractions, twice a day. The CET-HDR dose was 42 Gy in 6 fractions in 2 separate implants 1 week apart. The WBH-LDR dose was 120 Gy. RESULTS: Median follow-up was 4.8 years. The 5-year Phoenix biochemical control (BC) was 89%, 91%, and 88% for WBH-LDR, WBH- HDR, and CET-HDR, respectively. The majority of complications were grade 1. HDR was associated with less acute grade 1 to 3 dysuria 60% versus 39%, (P < 0.001), urinary frequency/urgency 90% to58% (P < 0.001), and rectal pain 17% to 6.5% (P < 0.001). Long-term urinary frequency/urgency 54% versus 43%, (P = 0.03) and dysuria 22% versus 15% were less with HDR. The 5-year actuarial impotence rate was 30% for LDR and 20% for HDR (P = 0.23). CONCLUSIONS: Although the same 5-year BC rates were achieved with HDR (248 patients) and LDR (206 patients) monotherapy, HDR brachytherapy was associated with less acute and chronic genitourinary and gastrointestinal toxicities. As another accepted standard of care, accelerated hypofractionated HDR monotherapy is target specific and efficient radiobiologically than EBRT which has many smaller doses per fraction. It could be considered today as the best option in accelerated hypofractionated prostate cancer treatment.",Am J Clin Oncol,2010,33,481-8,doi: 10.1097/COC.0b013e3181b9cd2f,https://www.ncbi.nlm.nih.gov/pubmed/19952715,,negative,0,2010.0
25614075,[Long term biochemical recurrence free survival after radical prostatectomy for cancer: comparative analysis according to surgical approach and clinicopathological stage].,Rizk J,"OBJECTIVE: To assess long term biochemical recurrence free survival after radical prostatectomy according to open, laparoscopic and robot-assisted surgical approach and clinicopathological stage. MATERIAL AND METHODS: A cohort study of 1313 consecutive patients treated by radical prostatectomy for localized or locally advanced prostate cancer between 2000 and 2013. Open surgery (63.7%), laparoscopy (10%) and robot-assisted laparoscopy (26.4%) were performed. Biochemical recurrence was defined by PSA>0,1ng/mL. The biochemical recurrence free survival was described by Kaplan Meier method and prognostic factors were analysed by multivariable Cox regression. RESULTS: Median follow-up was 57 months (IQR: 31-90). Ten years biochemical recurrence free survival was 88.5%, 71.6% and 53.5% respectively for low, intermediate and high-risk D'Amico groups. On multivariable analysis, the worse prognostic factor was Gleason score (P<0.001). Positive surgical margins rate was 53% in pT3 tumours and 24% in pT2 tumours (P<0.001). Biochemical recurrence free survival (P=0.06) and positive surgical margins rate (P=0.87) were not statistically different between the three surgical approaches. CONCLUSION: Biochemical recurrence free survival in our study does not differ according to surgical approach and is similar to published series. Ten years biochemical recurrence free survival for high-risk tumours without hormone therapy is 54% justifying the role of surgery in the therapeutic conversations in this group of tumours. LEVEL OF EVIDENCE: 3.",Prog Urol,2015,25,157-68,10.1016/j.purol.2014.12.004,https://www.ncbi.nlm.nih.gov/pubmed/25614075,,positive,1,
22808955,Radical prostatectomy versus observation for localized prostate cancer.,Wilt TJ,"BACKGROUND: The effectiveness of surgery versus observation for men with localized prostate cancer detected by means of prostate-specific antigen (PSA) testing is not known. METHODS: From November 1994 through January 2002, we randomly assigned 731 men with localized prostate cancer (mean age, 67 years; median PSA value, 7.8 ng per milliliter) to radical prostatectomy or observation and followed them through January 2010. The primary outcome was all-cause mortality; the secondary outcome was prostate-cancer mortality. RESULTS: During the median follow-up of 10.0 years, 171 of 364 men (47.0%) assigned to radical prostatectomy died, as compared with 183 of 367 (49.9%) assigned to observation (hazard ratio, 0.88; 95% confidence interval [CI], 0.71 to 1.08; P=0.22; absolute risk reduction, 2.9 percentage points). Among men assigned to radical prostatectomy, 21 (5.8%) died from prostate cancer or treatment, as compared with 31 men (8.4%) assigned to observation (hazard ratio, 0.63; 95% CI, 0.36 to 1.09; P=0.09; absolute risk reduction, 2.6 percentage points). The effect of treatment on all-cause and prostate-cancer mortality did not differ according to age, race, coexisting conditions, self-reported performance status, or histologic features of the tumor. Radical prostatectomy was associated with reduced all-cause mortality among men with a PSA value greater than 10 ng per milliliter (P=0.04 for interaction) and possibly among those with intermediate-risk or high-risk tumors (P=0.07 for interaction). Adverse events within 30 days after surgery occurred in 21.4% of men, including one death. CONCLUSIONS: Among men with localized prostate cancer detected during the early era of PSA testing, radical prostatectomy did not significantly reduce all-cause or prostate-cancer mortality, as compared with observation, through at least 12 years of follow-up. Absolute differences were less than 3 percentage points. (Funded by the Department of Veterans Affairs Cooperative Studies Program and others; PIVOT ClinicalTrials.gov number, NCT00007644.).",N Engl J Med,2012,367,203-13,10.1056/NEJMoa1113162,https://www.ncbi.nlm.nih.gov/pubmed/22808955,,positive,1,
19111801,"Outcomes for intermediate risk prostate cancer: are there advantages for surgery, external radiation, or brachytherapy?",Klein EA,"The treatment of localized prostate cancer remains controversial because of the lack of conclusive well-controlled or randomized studies comparing outcome of various forms of radiotherapy (RT) to radical prostatectomy (RP). We review recent results from an institutional database and prospective quality of life study comparing cancer-related and quality of live (QOL) outcomes among different treatment modalities for intermediate risk prostate cancer. The results suggest similar short-term survival but domain-specific effects on QOL after treatment with radical prostatectomy, brachytherapy, or external beam radiotherapy.",Urol Oncol,2009,27,67-71,10.1016/j.urolonc.2008.04.001,https://www.ncbi.nlm.nih.gov/pubmed/19111801,INTERMEDIATE RISK,positive,1,
26051802,Is supplemental external beam radiation therapy necessary for patients with higher risk prostate cancer treated with 103Pd? Results of two prospective randomized trials.,Merrick GS,"PURPOSE: To determine the necessity and/or dose of supplemental external beam radiotherapy (EBRT) in conjunction with palladium-103 ((103)Pd) brachytherapy for high-risk prostate cancer patients. METHODS AND MATERIALS: Trial 44/20 randomized patients to 44 Gy plus 90 Gy (103)Pd vs. 20 Gy with 115 Gy (103)Pd, and the subsequent trial randomized patients to the 20 Gy arm vs. 125 Gy (103)Pd without EBRT (20/0 trial). Eligibility criteria included clinically organ-confined disease with Gleason scores 7-9 and/or a pretreatment prostate-specific antigen (PSA) 10-20 ng/mL. The brachytherapy prescription dose was prescribed to the prostate gland with generous periprostatic margins. Biochemical failure (BF) was defined as a PSA >0.40 ng/mL after nadir. Median Day 0 minimum dose covering 90% of the prostate volume (D90) was >121.0% of the prescription dose. Multiple parameters were evaluated for effect on outcomes. RESULTS: In 44/20 trial, 13-year BF, prostate cancer-specific mortality (PCSM), and overall mortality (OM) were 8.2%, 4.0%, and 42.8% vs. 8.0%, 1.0%. and 40.3% for the 44 and 20 Gy arms. In 20/0 trial, 8-year BF, PCSM, and OM were 2.1%, 0%, and 14.4% vs. 3.6%, 0%, and 16.1% in the 20 vs. 0 Gy arms. When stratified by either pretreatment PSA or by Gleason score, supplemental EBRT dose did not impact BF, PCSM, or OM. In multivariate analysis, BF was most closely related to percent positive biopsies and prostate volume. In both trials, patients with biochemically controlled disease had a median PSA of <0.02 ng/mL. CONCLUSIONS: With high-quality brachytherapy dose distributions, supplemental EBRT did not influence BF or PCSM for patients with intermediate-risk disease. The number of patients with Gleason score 8-9 was too small to determine the role of supplemental EBRT in that cohort.",Brachytherapy,2015,14,677-85,10.1016/j.brachy.2015.05.001,https://www.ncbi.nlm.nih.gov/pubmed/26051802,,positive,1,
31897875,Castration-resistant prostate cancer without metastasis at presentation may achieve cancer-specific survival in patients who underwent prior radical prostatectomy,Kodama H,"PURPOSE: Radical prostatectomy (RP) is relatively better oncological outcomes in patients with prostate cancer (PCa). However, the incidence of castration-resistant PCa (CRPC) and PCa-specific mortality in patients with biochemical recurrence (BCR) after RP remains unclear. The aim of this study was to evaluate the cancer-specific survival (CSS) in patients with CRPC after RP, in particular those who had metastases or not. METHODS: We retrospectively reviewed the data of 1582 consecutive patients who underwent RP between July 1996 and January 2019. The enrolled patients had histologically confirmed stage T1a-T3b PCa without lymph node involvement or distant metastasis. The endpoints were oncological outcomes, including CSS and BCR, in patients with PCa with or without metastases at the time of diagnosis with CRPC. RESULTS: A total of 1474 patients were enrolled in this study. By the end of the follow-up period, 352 patients (24.6%) in the enrolled patients had BCR after RP. A total of 42 patients (2.9%) developed CRPC and 18 (1.3%) had died of PCa. With regard to metastasis in patients who diagnosed CRPC, the 5-year CSS rate was 100% for nonmetastatic CRPC (nmCRPC) patients and 53.8% for metastatic CRPC (mCRPC) patients after RP. The 5-year CSS rate was 100% for nmCRPC patients and 27.1% for mCRPC patients after the diagnosis with CRPC. CONCLUSIONS: CRPC is one of the lethal causes with PCa death. However, nmCRPC may achieve relatively good prognosis in patients with PCa after RP.",Int Urol Nephrol,2020,52,671-679,doi: 10.1007/s11255-019-02339-3. Epub 2020 Jan 3,https://www.ncbi.nlm.nih.gov/pubmed/31897875,,negative,0,2020.0
25885406,The role of androgen deprivation therapy on biochemical failure and distant metastasis in intermediate-risk prostate cancer: effects of radiation dose escalation.,Ludwig MS,"BACKGROUND: To determine whether the effect of androgen deprivation therapy (ADT) on the risk of biochemical failure varies at different doses of radiation in patients treated with definitive external beam radiation for intermediate risk prostate cancer (IRPC). METHODS: This study included 1218 IRPC patients treated with definitive external beam radiation therapy to the prostate and seminal vesicles from June 1987 to January 2009 at our institution. Patient, treatment, and tumor information was collected, including age, race, Gleason score, radiation dose, PSA, T-stage, and months on ADT. RESULTS: The median follow-up was 6 years. A total of 421(34.6%) patients received ADT, 211 (17.3%) patients experienced a biochemical failure, and 38 (3.1%) developed distant metastasis. On univariable analyses, higher PSA, earlier year of diagnosis, higher T-stage, lower doses of radiation, and the lack of ADT were associated with an increased risk of biochemical failure. No difference in biochemical failure was seen among different racial groups or with the use of greater than 6 months of ADT compared with less than 6 months. On multivariate analysis, the use of ADT was associated with a lower risk of biochemical failure than no ADT (HR, 0.599; 95% CI, 0.367-0.978; P<0.04) and lower risk of distant metastasis (HR, 0.114; 95% CI, 0.014-0.905; P=0.04). CONCLUSIONS: ADT reduced the risk of biochemical failure and distant metastasis in both low- and high dose radiation groups among men with intermediate-risk PCa. Increasing the duration of ADT beyond 6 months did not reduce the risk of biochemical failures. Better understanding the benefit of ADT in the era of dose escalation will require a randomized clinical trial.",BMC Cancer,2015,15,190,10.1186/s12885-015-1180-6,https://www.ncbi.nlm.nih.gov/pubmed/25885406,,positive,1,
22893254,The addition of low-dose-rate brachytherapy and androgen-deprivation therapy decreases biochemical failure and prostate cancer death compared with dose-escalated external-beam radiation therapy for high-risk prostate cancer.,Shilkrut M,"BACKGROUND: The objective of this study was to determine whether the addition of low-dose-rate brachytherapy or androgen-deprivation therapy (ADT) improves clinical outcome in patients with high-risk prostate cancer (HiRPCa) who received dose-escalated radiotherapy (RT). METHODS: Between 1995 and 2010, 958 patients with HiRPCa were treated at Schiffler Cancer Center (n = 484) or at the University of Michigan (n = 474) by receiving either dose-escalated external-beam RT (EBRT) (n = 510; minimum prescription dose, 75 grays [Gy]; median dose, 78 Gy) or combined-modality RT (CMRT) consisting of (103) Pd implants (n = 369) or (125) I implants (n = 79) both with pelvic irradiation (median prescription dose, 45 Gy). The cumulative incidences of biochemical failure (BF) and prostate cancer-specific mortality (PCSM) were estimated by using the Kaplan-Meier method and Fine and Gray regression analysis. RESULTS: The median follow-up was 63.2 months (interquartile range, 35.4-99.0 months), and 250 patients were followed for >8 years. Compared with CMRT, patients who received EBRT had higher prostate-specific antigen levels, higher tumor classification, lower Gleason sum, and more frequent receipt of ADT for a longer duration. The 8-year incidence BF and PCSM among patients who received EBRT was 40% (standard error, 38%-44%) and 13% (standard error, 11%-15%) compared with 14% (standard error, 12%-16%; P < .0001) and 7% (standard error 6%-9%; P = .003) among patients who received CMRT. On multivariate analysis, the hazard ratios (HRs) for BF and PCSM were 0.35 (95% confidence interval [CI], 0.23-0.52; P < .0001) and 0.41 (95% CI, 0.23-0.75; P < .003), favoring CMRT. Increasing duration of ADT predicted decreased BF (P = .04) and PCSM (P = .001), which was greatest with long-term ADT (BF: HR, 0.33; P < .0001; 95% CI, 0.21-0.52; PCSM: HR, 0.30; P = .001; 95% CI, 0.15-0.6) even in the subgroup that received CMRT. CONCLUSIONS: In this retrospective comparison, both low-dose-rate brachytherapy boost and ADT were associated with decreased risks of BF and PCSM compared with EBRT.",Cancer,2013,119,681-90,10.1002/cncr.27784,https://www.ncbi.nlm.nih.gov/pubmed/22893254,HIGH RISK,positive,1,
32068493,"The Comparative Outcomes of Radical Prostatectomy versus Radiotherapy for Nonmetastatic Prostate Cancer: A Longitudinal, Population-Based Analysis",Oake JD,"PURPOSE: The comparative effectiveness of radical prostatectomy (RP) versus radiation therapy (RT) for prostate cancer remains a largely debated topic. Utilizing a provincial population-based linked data set from an equal-access, universal health care system, we sought to compare outcomes among patients treated with either radiation or prostatectomy for nonmetastatic prostate cancer. MATERIALS AND METHODS: We performed a retrospective cohort study by linking several administrative data sets to identify patients who were diagnosed with prostate cancer between 2004 and 2016 in Manitoba, Canada and who were subsequently treated with either RP or RT. Cox proportional hazard models with inverse probability of treatment weighting were used to compare rates of all-cause mortality, as well as prostate cancer specific mortality (PCSM) between patients who underwent RP vs RT. RESULTS: During the study period, 2,540 patients underwent RP and 1,895 underwent RT for prostate cancer. Unadjusted overall survival was higher for RP vs RT (5-year overall survival 95.52% for RP compared with 84.55% for RT, p <0.0001). In inverse probability of treatment weighting-adjusted Cox regression analysis, compared to patients in the RP groups, patients in the RT group had an increased rate of all-cause mortality (HR 1.93, 95% CI 1.65-2.26, p <0.0001), and PCSM (HR 3.98, 95% CI 2.89-5.49; p <0.0001). CONCLUSIONS: RT was associated with higher all-cause mortality and PCSM rates compared with RP. These findings highlight the importance of comparative effectiveness research to identify treatment disparities and warrant further investigation.",J Urol,2022,208,846-854,doi: 10.1097/JU.0000000000000805. Epub 2020 Feb 18,https://www.ncbi.nlm.nih.gov/pubmed/32068493,,negative,0,2020.0
20646861,Long-term follow-up and risk of cancer death after radiation for post-prostatectomy rising prostate-specific antigen,Swanson GP,"PURPOSE: The results of salvage radiation therapy for rising prostate-specific antigen (PSA) levels after radical prostatectomy appear favorable, but the ultimate outcome is uncertain, given the relatively short follow-up in most studies. We report on a group of patients at a median follow-up of 13.9 years after salvage radiation therapy. METHODS AND MATERIALS: From 1990 to 1995, 92 patients were referred postoperatively for radiation for a rising PSA level. PSA level at the time of referral ranged from 0.1 to 30.5 ng/ml (median, 1.5 ng/ml). The median time from surgery to radiation was 2.1 years (range,, 0.3-7.4 years). Radiation was directed to the prostatic fossa only with a median dose of 6,500 cGy (range, 6,000-7,000 cGy). RESULTS: Eighty-five patients experienced a PSA drop after radiation, as predicted by Gleason score and PSA level at the start of radiation. Five- and 10-year biochemical failure free survival (BFFS) was 35% and 26%, respectively, and overall survival was 86% and 67%, respectively. Median survival was 12.0 years, and median BFF was 2.3 years. The presurgery PSA level was not predictive, but the PSA level at the start of radiation predicted a response. Patients with Gleason 8 to 9 cancers had a significantly higher progression rate than those with lower Gleason scores. There were no significant differences in outcomes based on pathology findings (none vs. positive margins vs. positive seminal vesicles). Overall, 22 (24%) patients died directly from prostate cancer, resulting in a 10-year cancer-specific survival rate of 82%. Multivariate analysis risk factors for dying of cancer were Gleason's score (8 to 9) and PSA at the start of radiation therapy (>1.0 ng/ml). CONCLUSIONS: Patients have a good response to salvage radiation therapy. A small but durable subgroup appears to have permanent control. In those for whom therapy fails, radiation delays the need for other salvage therapy, indicating at least a transient benefit to most patients.",Int J Radiat Oncol Biol Phys,2011,1,,doi: 10.1016/j.ijrobp.2010.01.043. Epub 2010 Jun 18,https://www.ncbi.nlm.nih.gov/pubmed/20646861,,negative,0,2010.0
20421534,Statin use and risk of prostate cancer recurrence in men treated with radiation therapy,Gutt R,"PURPOSE: There has been growing interest in the potential anticancer activity of statins based on preclinical evidence of their antiproliferative, proapoptotic, and radiosensitizing properties. The primary objective of this study was to determine whether statin use is associated with improved clinical outcomes in patients treated with radiotherapy (RT) for prostate cancer. PATIENTS AND METHODS: In total, 691 men with prostate adenocarcinoma treated with curative-intent RT between 1988 and 2006 were retrospectively analyzed. Of those, 189 patients (27%) were using statins, either during initial consultation or during follow-up. Lipid panels were collected (n = 298) a median of 5 months before RT start. Median follow-up was 50 months after RT. RESULTS: Statin use was associated with improved freedom from biochemical failure (FFBF; P < .001), freedom from salvage androgen deprivation therapy (FFADT; P = .0011), and relapse-free survival (RFS; P < .001). Improved FFBF for statin users was seen in low-, intermediate-, and high-risk groups (P = .0401, P = .0331, and P = .0034, respectively). The improvement in FFBF with statin use was independent of ADT use or radiation dose. On multivariable analysis, statin use was associated with improved FFBF (P < .001) along with pretreatment prostate-specific antigen < or = 8.4 (P < .001), stage less than T2b (P = .0111), and Gleason score < 7 (P = .0098). On univariate analysis, pretreatment total cholesterol < 187 (89% v 80%; P = .0494) and low-density lipoprotein (LDL) < 110 (96% v 85%; P = .0462) were associated with improved 4-year FFBF. CONCLUSION: Statin use was associated with a significant improvement in FFBF, FFADT, and RFS in this cohort of men treated with RT for prostate cancer. The favorable effect of statins may be mediated by direct effect or via the LDL-lowering effect of these medications.",J Clin Oncol,2010,1,,doi: 10.1200/JCO.2009.27.3003. Epub 2010 Apr 26,https://www.ncbi.nlm.nih.gov/pubmed/20421534,,negative,0,2010.0
23084481,Postoperative radiotherapy after radical prostatectomy for high-risk prostate cancer: long-term results of a randomised controlled trial (EORTC trial 22911).,Bolla M,"BACKGROUND: We report the long-term results of a trial of immediate postoperative irradiation versus a wait-and-see policy in patients with prostate cancer extending beyond the prostate, to confirm whether previously reported progression-free survival was sustained. METHODS: This randomised, phase 3, controlled trial recruited patients aged 75 years or younger with untreated cT0-3 prostate cancer (WHO performance status 0 or 1) from 37 institutions across Europe. Eligible patients were randomly assigned centrally (1:1) to postoperative irradiation (60 Gy of conventional irradiation to the surgical bed for 6 weeks) or to a wait-and-see policy until biochemical progression (increase in prostate-specific antigen >0·2 μg/L confirmed twice at least 2 weeks apart). We analysed the primary endpoint, biochemical progression-free survival, by intention to treat (two-sided test for difference at α=0.05, adjusted for one interim analysis) and did exploratory analyses of heterogeneity of effect. This trial is registered with ClinicalTrials.gov, number NCT00002511. FINDINGS: 1005 patients were randomly assigned to a wait-and-see policy (n=503) or postoperative irradiation (n=502) and were followed up for a median of 10·6 years (range 2 months to 16·6 years). Postoperative irradiation significantly improved biochemical progression-free survival compared with the wait-and-see policy (198 [39·4%] of 502 patients in postoperative irradiation group vs 311 [61·8%] of 503 patients in wait-and-see group had biochemical or clinical progression or died; HR 0·49 [95% CI 0·41-0·59]; p<0·0001). Late adverse effects (any type of any grade) were more frequent in the postoperative irradiation group than in the wait-and-see group (10 year cumulative incidence 70·8% [66·6-75·0] vs 59·7% [55·3-64·1]; p=0.001). INTERPRETATION: Results at median follow-up of 10·6 years show that conventional postoperative irradiation significantly improves biochemical progression-free survival and local control compared with a wait-and-see policy, supporting results at 5 year follow-up; however, improvements in clinical progression-free survival were not maintained. Exploratory analyses suggest that postoperative irradiation might improve clinical progression-free survival in patients younger than 70 years and in those with positive surgical margins, but could have a detrimental effect in patients aged 70 years or older. FUNDING: Ligue Nationale contre le Cancer (Comité de l'Isère, Grenoble, France) and the European Organisation for Research and Treatment of Cancer (EORTC) Charitable Trust.",Lancet,2012,380,2018-27,10.1016/S0140-6736(12)61253-7,https://www.ncbi.nlm.nih.gov/pubmed/23084481,HIGH RISK,positive,1,
26003267,Whole Pelvis Versus Prostate-Only Radiotherapy With or Without Short-Course Androgen Deprivation Therapy and Mortality Risk,Braunstein LZ,"BACKGROUND: The purpose of the study was to determine whether the extent of prostate radiotherapy (ie, whole-pelvic radiotherapy [WPRT] vs. prostate and seminal vesicle radiotherapy [PSVRT]) is associated with all-cause mortality (ACM) in men treated with or without androgen deprivation therapy (ADT). PATIENTS AND METHODS: A multiple-institution cohort of 3709 prostate cancer patients was prospectively assembled from 1991 to 2006. The median age was 72 years and all patients had T1c-T3N0M0 adenocarcinoma of the prostate. Patients were treated with WPRT or PSVRT followed by a brachytherapy boost, with or without neoadjuvant ADT (median duration, 4.2 months). Seventy percent of patients had unfavorable-risk disease (Gleason score ≥ 7; prostate-specific antigen ≥ 10 ng/mL; or stage ≥ T2b). Cox regression was applied to determine whether the radiation treatment volume affected the risk of ACM. The interaction between radiation volume and ADT use was assessed. RESULTS: After a median follow-up of 3.3 years, 561 deaths were observed. A decreased risk of ACM was noted with the use of WPRT versus PSVRT (adjusted hazard ratio [AHR], 0.58; 95% confidence interval [CI], 0.38-0.89; P = .01), or with ADT use (AHR, 0.71; 95% CI, 0.58-0.90; P = .004). However, a combination of WPRT and ADT did not further improve ACM compared with either WPRT alone or PSVRT with ADT. Moreover, there was a significant interaction between the radiotherapeutic treatment volume and ADT (AHR, 1.61; 95% CI, 1.004-2.58; P = .048). CONCLUSION: Treatment with WPRT or short-course ADT is associated with a decreased risk of ACM, although a combination of the two does not yield greater benefit. This observation suggests a shared mechanism for this risk reduction, which we hypothesize to be via the treatment of micrometastatic disease within the pelvic lymph nodes.",Clin Genitourin Cancer,2015,13,555-61,doi: 10.1016/j.clgc.2015.04.010. Epub 2015 May 1,https://www.ncbi.nlm.nih.gov/pubmed/26003267,,negative,0,2015.0
31935027,"Patient-Reported Outcomes Through 5 Years for Active Surveillance, Surgery, Brachytherapy, or External Beam Radiation With or Without Androgen Deprivation Therapy for Localized Prostate Cancer",Hoffman KE,"IMPORTANCE: Understanding adverse effects of contemporary treatment approaches for men with favorable-risk and unfavorable-risk localized prostate cancer could inform treatment selection. OBJECTIVE: To compare functional outcomes associated with prostate cancer treatments over 5 years after treatment. DESIGN, SETTING, AND PARTICIPANTS: Prospective, population-based cohort study of 1386 men with favorable-risk (clinical stage cT1 to cT2bN0M0, prostate-specific antigen [PSA] ≤20 ng/mL, and Grade Group 1-2) prostate cancer and 619 men with unfavorable-risk (clinical stage cT2cN0M0, PSA of 20-50 ng/mL, or Grade Group 3-5) prostate cancer diagnosed in 2011 through 2012, accrued from 5 Surveillance, Epidemiology and End Results Program sites and a US prostate cancer registry, with surveys through September 2017. EXPOSURES: Treatment with active surveillance (n = 363), nerve-sparing prostatectomy (n = 675), external beam radiation therapy (EBRT; n = 261), or low-dose-rate brachytherapy (n = 87) for men with favorable-risk disease and treatment with prostatectomy (n = 402) or EBRT with androgen deprivation therapy (n = 217) for men with unfavorable-risk disease. MAIN OUTCOMES AND MEASURES: Patient-reported function, based on the 26-item Expanded Prostate Index Composite (range, 0-100), 5 years after treatment. Regression models were adjusted for baseline function and patient and tumor characteristics. Minimum clinically important difference was 10 to 12 for sexual function, 6 to 9 for urinary incontinence, 5 to 7 for urinary irritative symptoms, and 4 to 6 for bowel and hormonal function. RESULTS: A total of 2005 men met inclusion criteria and completed the baseline and at least 1 postbaseline survey (median [interquartile range] age, 64 [59-70] years; 1529 of 1993 participants [77%] were non-Hispanic white). For men with favorable-risk prostate cancer, nerve-sparing prostatectomy was associated with worse urinary incontinence at 5 years (adjusted mean difference, -10.9 [95% CI, -14.2 to -7.6]) and sexual function at 3 years (adjusted mean difference, -15.2 [95% CI, -18.8 to -11.5]) compared with active surveillance. Low-dose-rate brachytherapy was associated with worse urinary irritative (adjusted mean difference, -7.0 [95% CI, -10.1 to -3.9]), sexual (adjusted mean difference, -10.1 [95% CI, -14.6 to -5.7]), and bowel (adjusted mean difference, -5.0 [95% CI, -7.6 to -2.4]) function at 1 year compared with active surveillance. EBRT was associated with urinary, sexual, and bowel function changes not clinically different from active surveillance at any time point through 5 years. For men with unfavorable-risk disease, EBRT with ADT was associated with lower hormonal function at 6 months (adjusted mean difference, -5.3 [95% CI, -8.2 to -2.4]) and bowel function at 1 year (adjusted mean difference, -4.1 [95% CI, -6.3 to -1.9]), but better sexual function at 5 years (adjusted mean difference, 12.5 [95% CI, 6.2-18.7]) and incontinence at each time point through 5 years (adjusted mean difference, 23.2 [95% CI, 17.7-28.7]), than prostatectomy. CONCLUSIONS AND RELEVANCE: In this cohort of men with localized prostate cancer, most functional differences associated with contemporary management options attenuated by 5 years. However, men undergoing prostatectomy reported clinically meaningful worse incontinence through 5 years compared with all other options, and men undergoing prostatectomy for unfavorable-risk disease reported worse sexual function at 5 years compared with men who underwent EBRT with ADT.",JAMA,2020,14,,doi: 10.1001/jama.2019.20675,https://www.ncbi.nlm.nih.gov/pubmed/31935027,,negative,0,2020.0
21056265,"Editorial comment. Evaluation of combined oncological and functional outcomes after radical prostatectomy: trifecta rate of achieving continence, potency and cancer control--a literature review",Litwin MS,,Urology,2010,76,1198,doi: 10.1016/j.urology.2010.05.057,https://www.ncbi.nlm.nih.gov/pubmed/21056265,,negative,0,2010.0
24996687,Oncologic outcomes at 10 years following robotic radical prostatectomy.,Diaz M,"BACKGROUND: Reports on long-term oncologic outcomes for patients who undergo robot-assisted radical prostatectomy (RARP) are scant, as for radical prostatectomy covering only the contemporary prostate-specific antigen (PSA) era. OBJECTIVE: To evaluate cancer control in men who underwent RARP at least 10 yr ago. DESIGN, SETTING, AND PARTICIPANTS: From 2001 to 2003, we followed 483 consecutive men with localized prostate cancer who underwent RARP at a high-volume tertiary center. INTERVENTION: RARP as first-line therapy. OUTCOME MEASUREMENTS AND STATISTICAL ANALYSIS: We calculated biochemical recurrence -free survival (BCRFS), metastasis-free survival (MFS), and cancer-specific survival (CSS). Actuarial rates were estimated via Kaplan-Meier. Cox proportional hazards models were used to identify variables predictive of biochemical recurrence (BCR), receipt of salvage therapy, and metastases. RESULTS AND LIMITATIONS: There were 108 patients with BCR at a median follow-up of 121 mo (interquartile range: 97-132). Actuarial BCRFS, MFS, and CSS rates at 10 yr were 73.1%, 97.5%, and 98.8%, respectively. On multivariable analysis, D'Amico risk groups or pathologic Gleason grade, stage, and margins were the strongest predictors of BCR depending on whether preoperative or postoperative variables were considered. The value of the detectable PSAs together with disease severity were independent predictors of receipt of salvage therapy, together with a persistent PSA for metastases. CONCLUSIONS: In contemporary patients with localized prostate cancer, RARP confers effective 10-yr cancer control. Disease severity and PSA measurements can be used to guide more personalized and cost-effective postoperative surveillance regimens. PATIENT SUMMARY: Robot-assisted radical prostatectomy confers effective 10-yr cancer control for men with localized disease, similar to the open approach. Recurrence is best predicted by postoperative disease severity. Persistent disease signals the risk of progression likely requiring early salvage treatment; lower postoperative risk warrants protracted surveillance beyond 5 yr from surgery, and those with higher risk may require follow-up beyond 10 yr.",Eur Urol,2015,67,1168-1176,10.1016/j.eururo.2014.06.025,https://www.ncbi.nlm.nih.gov/pubmed/24996687,,positive,1,
26825856,Survival outcomes of combined external beam radiotherapy and brachytherapy vs. brachytherapy alone for intermediate-risk prostate cancer patients using the National Cancer Data Base.,Amini A,"PURPOSE: The purpose was to evaluate survival outcomes between external beam radiotherapy (EBRT) plus brachytherapy and brachytherapy alone for intermediate-risk prostate cancer, using the National Cancer Data Base. METHODS AND MATERIALS: The National Cancer Data Base was queried for cN0M0 intermediate-risk patients treated from 2004 to 2006, with available data for Gleason score (GS), prostate-specific antigen (PSA), tumor stage, and receipt of radiation therapy (RT) and androgen deprivation therapy. RT comparison groups were the following: EBRT (40-50.4 Gy) plus brachytherapy and brachytherapy alone. RESULTS: A total of 10,571 patients were included: 3,148 received EBRT plus brachytherapy and 7,423 received brachytherapy alone. Median followup was 84 months (2-122 months); median age was 68 years (40-90 years). Unadjusted 5- and 7-year overall survival (OS) rates between EBRT plus brachytherapy vs. brachytherapy alone were 91.4% vs. 90.2% and 85.7% vs. 82.9%, respectively (p < 0.001). EBRT plus brachytherapy was associated with longer OS compared with brachytherapy alone under multivariate (hazard ratio [HR], 0.84; 95% confidence interval [CI], 0.75-0.93; p = 0.001) and propensity score-matched analyses (HR, 0.85; 95% CI, 0.75-0.97; p = 0.006). Further subset analysis performed based on the Radiation Therapy Oncology Group 0232 inclusion criteria (GS 7 if PSA < 10 or GS < 7 if PSA 10-20) also demonstrated longer OS with EBRT plus brachytherapy (HR, 0.87; 95% CI, 0.77-0.98; p = 0.026). CONCLUSIONS: EBRT plus brachytherapy is associated with a modest OS improvement compared with brachytherapy alone in this population-based analysis. Although this benefit appears statistically significant, the relatively small difference in OS raises the question of overall clinical benefit with combined modality RT for intermediate-risk prostate cancer, given the potential increased risk for toxicities. Future results from Radiation Therapy Oncology Group 0232 should provide further insight on this topic.",Brachytherapy,2016,15,136-46,10.1016/j.brachy.2015.11.006,https://www.ncbi.nlm.nih.gov/pubmed/26825856,,positive,1,
20338476,Permanent prostate brachytherapy in prostate glands <20 cm(3),Mayadev J,"PURPOSE: To investigate the dosimetry, treatment-related morbidity, and biochemical outcomes for brachytherapy in patients with prostate glands <20 cm(3). METHODS AND MATERIALS: From November 1996 to October 2006, 104 patients with prostate glands <20 cm(3) underwent brachytherapy. Multiple prostate, urethral, and rectal dosimetric parameters were evaluated. Treatment-related urinary and rectal morbidity were assessed from patient questionnaires. Cause-specific survival, biochemical progression-free survival, and overall survival were recorded. RESULTS: The median patient age, follow up, and pre-treatment ultrasound volume was 64 years, 5.0 years and 17.6cm(3), respectively. Median day 0 dosimetry was significant for the following: V100 98.5%, D90 126.1% and R100 <0.5% of prescription dose. The mean urethral and maximum urethral doses were 119.6% and 133.8% of prescription. The median time to International Prostate Symptom Score resolution was 4 months. There were no RTOG grade III or IV rectal complications. The cause-specific survival, biochemical progression-free survival, and overall survival rates were 100%, 92.5%, and 77.8% at 9 years. For biochemically disease-free patients, the median most recent postbrachytherapy PSA value was 0.02 ng/mL. CONCLUSION: Our results demonstrate that brachytherapy for small prostate glands is highly effective, with an acceptable morbidity profile, excellent postimplant dosimetry, acceptable treatment-related morbidity, and favorable biochemical outcomes.",Int J Radiat Oncol Biol Phys,2010,76,1450-5,doi: 10.1016/j.ijrobp.2009.04.014,https://www.ncbi.nlm.nih.gov/pubmed/20338476,,negative,0,2010.0
32093688,The efficacy and safety of radical prostatectomy and radiotherapy in high-risk prostate cancer: a systematic review and meta-analysis,Wang Z,"BACKGROUND: The optimal treatment for patients with high-risk prostate cancer (PCa) remains a debate and selection of patients to receive proper therapy is still an unsettled question. This systematic review was conducted to compare the effectiveness of prostatectomy (RP) and radiotherapy (RT) in patients with high-risk PCa and to select candidates for optimal treatment. METHODS: PubMed, EMBASE, and Cochrane Central Register of Controlled Trials were searched for eligible studies. We extracted hazard ratios (HRs) and 95% confidence interval (CI) of all included studies. The primary outcomes were overall survival (OS) and cancer-specific survival (CSS); the secondary outcomes were biochemical recurrence-free survival (BRFS), metastasis-free survival (MFS) and clinical recurrence-free survival (CRFS). The meta-analysis was performed using Review Manager 5.3. Subgroup analyses were conducted according to Gleason score (GS), T stage and RT types. Quality of life (QoL) was compared with these two treatments. RESULTS: A total of 25 studies were included in this meta-analysis. Overall, RP showed more survival benefits than RT on CSS (P = 0.003) and OS (P = 0.002); while RT was associated with better BRFS (P = 0.002) and MFS (P = 0.004). Subgroup analyses showed RT was associated with similar or even better survival outcomes compared to RP in patients with high GS, high T stage or received external beam radiotherapy plus brachytherapy (EBRT + BT). As for QoL, RP was associated with poorer urinary and sexual function but better performance in the bowel domain. CONCLUSION: RP could prolong the survival time of patients with high-risk PCa; however, RT could delay the disease progression, and combined RT (EBRT + BT) even brought preferable CSS and similar OS compared to RP. RT might be the prior choice for patients with high T stage or high GS. RP could lead to poorer urinary and sexual function, while bringing better performance in the bowel domain.",World J Surg Oncol,2020,24,,doi: 10.1186/s12957-020-01824-9,https://www.ncbi.nlm.nih.gov/pubmed/32093688,,negative,0,2020.0
16286122,Prognostic significance of perineural invasion on biochemical progression-free survival after prostate brachytherapy.,Merrick GS,"OBJECTIVES: To evaluate the influence of perineural invasion (PNI) in the biopsy specimen on biochemical progression-free survival in hormone-naive patients with prostate cancer undergoing brachytherapy. METHODS: A total of 512 consecutive hormone-naive patients (173 low risk, 212 intermediate risk, and 127 high risk) underwent brachytherapy for clinical Stage T1b-T2cNxM0 (2002 American Joint Committee on Cancer staging system) prostate cancer. No patient underwent seminal vesicle or pathologic lymph node staging. All patients had undergone brachytherapy at least 3 years before analysis. The median follow-up was 5.3 years. Biochemical progression-free survival was defined by a prostate-specific antigen (PSA) cutpoint of 0.4 ng/mL or less after nadir and by the American Society for Therapeutic Radiology and Oncology consensus definition. PNI was defined as carcinoma tracking along, or around, a nerve within the perineural space. RESULTS: PNI was documented in 133 patients (26.0%). For both biochemical progression-free definitions, 94.0% and 94.9% of patients with and without PNI, respectively, remained free of biochemical progression. The median time to failure in patients with and without PNI was 17.2 and 17.9 months, respectively. For the biochemically disease-free cohort, the median posttreatment PSA level was less than 0.1 ng/mL. On univariate Cox regression analysis, the pretreatment PSA level, percentage of positive biopsies, prostate volume, and Gleason score predicted for biochemical outcome. PNI did not approach statistical significance (P = 0.671). On multivariate analysis, only pretreatment PSA (P < 0.001) and the percentage of positive biopsies (P < 0.001) maintained statistical significance. CONCLUSIONS: In hormone-naive brachytherapy patients implanted with generous periprostatic treatment margins, the presence of PNI in the biopsy specimen did not adversely affect 8-year biochemical progression-free survival.",Urology,2005,66,1048-53,10.1016/j.urology.2005.05.024,https://www.ncbi.nlm.nih.gov/pubmed/16286122,LOW RISK,positive,1,
